신규분류요약,판매,판매명,생산,생산명,분리,분리명,사출,사출명
FRP_Sph,T1300,(UV)CS30_스크류_8.60,,,,,,
FRP_Color_Sph,T4061,Bella-Natural_14.5_소사각,P4061,P4061,Q1003,S43-Dry-14.5,R1003,S43-Dry-14.5
1-Day_Sph,T0012,1-Day_Clalen_iris_Coastal,P0012,1-Day_iris_Coastal(구형-사용중지),Q0011,1-Day_iris_JazzBlack,R0011,1-Day_iris_JazzBlack
FRP_Sph,T1139,CS30_3구,P1139,CS30_RPK 블리스터,Q1300,(UV_NEW)CS30_8.60,R1300,(UV_NEW)CS30_8.60
FRP_M/F,S028,I Plus,P1160,I-Plus-1.5_스크류,Q1160,I-Plus_스크류,R1160,I-Plus_스크류
FRP_M/F,T1160,I-Plus_스크류,P1160,I-Plus-1.5_스크류,Q1160,I-Plus_스크류,R1160,I-Plus_스크류
1-Day_Color_Sph,S917,Iris Suzy Brown_DP용 샘플(RPK)_낱개,P3074,IRIS_Suzy Brown_RPK 블리스터,Q3075,1-Day_iris_Suzy Brown,R3075,1-Day_iris_Suzy Brown
1-Day_Color_Sph,S912,Iris Suzy Gray_DP용 샘플(RPK)_낱개,P3082,IRIS_Suzy Gray_RPK 블리스터,Q0019,1-Day_iris_Suzy Gray,R0019,1-Day_iris_Suzy Gray
FRP_Color_Sph,T4040,Bella-Elegance_38_원형,P4040,Bella-Elegance_38_원형,Q1002,S43-Dry,R1002,S43-Dry
FRP_Color_Sph,T4041,Bella-Elegance_38_바이알,P4041,Bella-Elegance_38_바이알,Q1002,S43-Dry,R1002,S43-Dry
FRP_Color_Sph,T4069,Bella-Oneday_원형,P4069,Bella-Oneday_원형,Q1003,S43-Dry-14.5,R1003,S43-Dry-14.5
FRP_Color_Sph,S033,Festival CK,P4130,Festival-CK_금캡,Q1001,S38_투명-Dry,R1001,S38_투명-Dry
FRP_Color_Sph,T4130,Festival-CK_금캡,P4130,Festival-CK_금캡,Q1001,S38_투명-Dry,R1001,S38_투명-Dry
FRP_Color_Sph,T4225,NewFusion-II_은캡,P4225,NewFusion-II_은캡,Q1002,S43-Dry,R1002,S43-Dry
1-Day_Color_Sph,T0042,PIA_1-Day_Natural black,P4857,(N)PIA_Natural black_H-TOP,Q4857,(N)PIA_Natural black_H-TOP,R4857,(N)PIA_Natural black_H-TOP
FRP_Color_Sph,S139,Iris2-Orange brown(6팩),P4866,Orange Brown(3PCS)_H-TOP,Q4865,(UV)_Almond Brown_H-TOP,R4865,(UV)_Almond Brown_H-TOP
FRP_Color_Sph,S143,Iris2-Orange brown_낱개,P4866,Orange Brown(3PCS)_H-TOP,Q4865,(UV)_Almond Brown_H-TOP,R4865,(UV)_Almond Brown_H-TOP
Si_1-Day_M/F,T5409,O2O2 D_Multifocal_White_K2-DM,P5409,O2O2 D_Multifocal_White_K2-DM,Q5409,O2O2_Multifocal_45%_K2-DM,R5409,O2O2_Multifocal_45%_K2-DM
1-Day_Sph,S003,Clalen 1Day_20팩,P0001,1-Day_58,Q0001,1-Day_58,R0001,1-Day_58
1-Day_Sph,S111,Clalen 1Day_30팩(포장실적용),P0001,1-Day_58,Q0001,1-Day_58,R0001,1-Day_58
1-Day_Sph,T0002,1-Day_Metha_55,P0002,1-Day_Metha_55(구형리드지),Q0002,1-Day_Metha,R0002,1-Day_Metha
1-Day_Color_Sph,T0004,from 1day 38,P0004,from 1day 38,Q0004,from 38,R0004,from 38
1-Day_Sph,T0005,1-Day_58_M,P0005,1-Day_58_M,Q3081,1-day_58_Kontaktni-HA,R3081,1-day_58_Kontaktni-HA
1-Day_Sph,T0006,1-Day_Metha_Coastal,P0006,Metha_Coastal(신형리드지),Q0002,1-Day_Metha,R0002,1-Day_Metha
1-Day_Color_Sph,S119,Clalen D_Iris_Rhapsody_샘플(4P),P0007,1-Day_iris_Rhapsody,Q0007,1-Day_iris_Rhapsody,R0007,1-Day_iris_Rhapsody
1-Day_Color_Sph,S120,Iris Rhapsody_40팩,P0007,1-Day_iris_Rhapsody,Q0007,1-Day_iris_Rhapsody,R0007,1-Day_iris_Rhapsody
1-Day_Color_Sph,S121,Iris Rhapsody_낱개,P0007,1-Day_iris_Rhapsody,Q0007,1-Day_iris_Rhapsody,R0007,1-Day_iris_Rhapsody
1-Day_Color_Sph,S125,10팩_Iris Rhapsody,P0007,1-Day_iris_Rhapsody,Q0007,1-Day_iris_Rhapsody,R0007,1-Day_iris_Rhapsody
1-Day_Color_Sph,S133,Iris Rhapsody_30팩(포장실적용),P0007,1-Day_iris_Rhapsody,Q0007,1-Day_iris_Rhapsody,R0007,1-Day_iris_Rhapsody
1-Day_Color_Sph,S157,Iris Rhapsody_90팩,P0007,1-Day_iris_Rhapsody,Q0007,1-Day_iris_Rhapsody,R0007,1-Day_iris_Rhapsody
1-Day_Color_Sph,T0007,1-Day_iris_Rhapsody,P0007,1-Day_iris_Rhapsody,Q0007,1-Day_iris_Rhapsody,R0007,1-Day_iris_Rhapsody
1-Day_Color_Sph,S081,Clalen D_Iris_Latin_샘플(4P),P0008,1-Day_iris_Latin,Q0008,1-Day_iris_Latin,R0008,1-Day_iris_Latin
1-Day_Color_Sph,S126,Iris Latin_낱개,P0008,1-Day_iris_Latin,Q0008,1-Day_iris_Latin,R0008,1-Day_iris_Latin
1-Day_Color_Sph,S127,10팩_Iris Latin,P0008,1-Day_iris_Latin,Q0008,1-Day_iris_Latin,R0008,1-Day_iris_Latin
1-Day_Color_Sph,S128,Iris Latin_40팩,P0008,1-Day_iris_Latin,Q0008,1-Day_iris_Latin,R0008,1-Day_iris_Latin
1-Day_Color_Sph,S132,Iris Latin_30팩,P0008,1-Day_iris_Latin,Q0008,1-Day_iris_Latin,R0008,1-Day_iris_Latin
1-Day_Color_Sph,T0008,1-Day_iris_Latin,P0008,1-Day_iris_Latin,Q0008,1-Day_iris_Latin,R0008,1-Day_iris_Latin
1-Day_Sph,T0009,Metha_Daily,P0009,Metha_Daily,Q0002,1-Day_Metha,R0002,1-Day_Metha
1-Day_Color_Sph,S001,Iris Soul Brown_낱개,P0010,1-Day_iris_SoulBrown,Q0010,1-Day_iris_SoulBrown,R0010,1-Day_iris_SoulBrown
1-Day_Color_Sph,S006,Iris Soul Brown_30팩(포장실적용),p0010,1-Day_iris_SoulBrown,Q0010,1-Day_iris_SoulBrown,R0010,1-Day_iris_SoulBrown
1-Day_Color_Sph,S123,10팩_Iris Soul Brown,P0010,1-Day_iris_SoulBrown,Q0010,1-Day_iris_SoulBrown,R0010,1-Day_iris_SoulBrown
1-Day_Color_Sph,S129,Iris SoulBrown_40팩,p0010,1-Day_iris_SoulBrown,Q0010,1-Day_iris_SoulBrown,R0010,1-Day_iris_SoulBrown
1-Day_Color_Sph,S135,Clalen D_Iris_Soul Brown_샘플(4P),P0010,1-Day_iris_SoulBrown,Q0010,1-Day_iris_SoulBrown,R0010,1-Day_iris_SoulBrown
1-Day_Color_Sph,S156,Iris SoulBrown_90팩,p0010,1-Day_iris_SoulBrown,Q0010,1-Day_iris_SoulBrown,R0010,1-Day_iris_SoulBrown
1-Day_Color_Sph,T0010,1-Day_iris_SoulBrown,P0010,1-Day_iris_SoulBrown,Q0010,1-Day_iris_SoulBrown,R0010,1-Day_iris_SoulBrown
1-Day_Color_Sph,S002,Iris Jazz Black_낱개,P0011,1-Day_iris_JazzBlack,Q0011,1-Day_iris_JazzBlack,R0011,1-Day_iris_JazzBlack
1-Day_Color_Sph,S007,Iris Jazz Black_30팩(포장실적용),P0011,1-Day_iris_JazzBlack,Q0011,1-Day_iris_JazzBlack,R0011,1-Day_iris_JazzBlack
1-Day_Color_Sph,S079,Clalen D_Iris_Jazz Black_샘플(4P),P0011,1-Day_iris_JazzBlack,Q0011,1-Day_iris_JazzBlack,R0011,1-Day_iris_JazzBlack
1-Day_Color_Sph,S124,10팩_Iris Jazz Black,P0011,1-Day_iris_JazzBlack,Q0011,1-Day_iris_JazzBlack,R0011,1-Day_iris_JazzBlack
1-Day_Color_Sph,S130,Iris JazzBlack_40팩,P0011,1-Day_iris_JazzBlack,Q0011,1-Day_iris_JazzBlack,R0011,1-Day_iris_JazzBlack
1-Day_Color_Sph,T0011,1-Day_iris_JazzBlack,P0011,1-Day_iris_JazzBlack,Q0011,1-Day_iris_JazzBlack,R0011,1-Day_iris_JazzBlack
1-Day_Sph,T0013,1-Day_Contakt(5년),P0013,1-Day_Contakt(5년),Q3081,1-day_58_Kontaktni-HA,R3081,1-day_58_Kontaktni-HA
1-Day_Color_Sph,T0014,NewFusion_1-DAY,P0014,NewFusion_1-DAY,Q1002,S43-Dry,R1002,S43-Dry
1-Day_Sph,T0018,1-Day_Contakt(유효기간_8년),P0018,1-Day_Contakt(유효기간_8년),Q3081,1-day_58_Kontaktni-HA,R3081,1-day_58_Kontaktni-HA
1-Day_Color_Sph,S145,Iris SuzyGray_30팩,P0019,1-Day_iris_Suzy Gray,Q0019,1-Day_iris_Suzy Gray,R0019,1-Day_iris_Suzy Gray
1-Day_Color_Sph,S146,Iris Suzy Gray_낱개,P0019,1-Day_iris_Suzy Gray,Q0019,1-Day_iris_Suzy Gray,R0019,1-Day_iris_Suzy Gray
1-Day_Color_Sph,S155,Iris SuzyGray_90팩,P0019,1-Day_iris_Suzy Gray,Q0019,1-Day_iris_Suzy Gray,R0019,1-Day_iris_Suzy Gray
1-Day_Color_Sph,S160,Clalen D_Iris_Suzy Gray_샘플(4P),P0019,1-Day_iris_Suzy Gray,Q0019,1-Day_iris_Suzy Gray,R0019,1-Day_iris_Suzy Gray
1-Day_Color_Sph,T0019,1-Day_iris_Suzy Gray,P0019,1-Day_iris_Suzy Gray,Q0019,1-Day_iris_Suzy Gray,R0019,1-Day_iris_Suzy Gray
1-Day_Color_Sph,T9906,Iris SuzyGray_30팩,P0019,1-Day_iris_Suzy Gray,Q0019,1-Day_iris_Suzy Gray,R0019,1-Day_iris_Suzy Gray
1-Day_Color_Sph,T0021,Bella-Contour_1-Day,P0021,Bella-Contour_1-Day,Q1002,S43-Dry,R1002,S43-Dry
1-Day_Color_Sph,T0022,Bella-Contour_14.5_1-Day,P0022,Bella-Contour_14.5_1-Day,Q1003,S43-Dry-14.5,R1003,S43-Dry-14.5
1-Day_Color_Sph,T0024,Bella-Highlight_1-Day,P0024,Bella-Highlight_1-Day,Q1002,S43-Dry,R1002,S43-Dry
1-Day_Color_Sph,T0025,Bella-Natural_1-Day,P0025,Bella-Natural_1-Day,Q1002,S43-Dry,R1002,S43-Dry
1-Day_Color_Sph,T0026,Bella-Natural_14.5_1-Day,P0026,Bella-Natural_14.5_1-Day,Q1003,S43-Dry-14.5,R1003,S43-Dry-14.5
1-Day_Color_Sph,T0027,Bella-Oneday_1-Day,P0027,Bella-Oneday_1-Day,Q1003,S43-Dry-14.5,R1003,S43-Dry-14.5
1-Day_Color_Sph,T0028,Bella-SnowWhite_14.5_1-Day,P0028,Bella-SnowWhite_14.5_1-Day,Q1003,S43-Dry-14.5,R1003,S43-Dry-14.5
1-Day_Color_Sph,T0030,Bella-Diamond_14.5_1-Day,P0030,Bella-Diamond_14.5_1-Day,Q1003,S43-Dry-14.5,R1003,S43-Dry-14.5
1-Day_Color_Sph,T0034,1-Day_Coastal_JazzBlack(신형리드지),P0034,Coastal_JazzBlack(신형),Q0011,1-Day_iris_JazzBlack,R0011,1-Day_iris_JazzBlack
1-Day_Color_Sph,T0035,1-Day_Coastal_SoulBrown(신형리드지),p0035,Coastal_SoulBrown(신형),Q0010,1-Day_iris_SoulBrown,R0010,1-Day_iris_SoulBrown
1-Day_Sph,T0036,1-Day_58(NEW),P0036,1-Day_58(NEW),Q3081,1-day_58_Kontaktni-HA,R3081,1-day_58_Kontaktni-HA
1-Day_Color_Sph,T0037,IRIS_Jazz black(NEW),P0037,IRIS_Jazz black(NEW),Q0011,1-Day_iris_JazzBlack,R0011,1-Day_iris_JazzBlack
1-Day_Color_Sph,T0038,IRIS_Soul Brown(NEW),P0038,IRIS_Soul Brown(NEW),Q0010,1-Day_iris_SoulBrown,R0010,1-Day_iris_SoulBrown
1-Day_Color_Sph,T0039,IRIS_Rhapsody(NEW),P0039,IRIS_Rhapsody(NEW),Q0007,1-Day_iris_Rhapsody,R0007,1-Day_iris_Rhapsody
1-Day_Color_Sph,T0047,PIA_water water_14.2_1-day,P0047,PIA_water water_14.2_1-day,Q0047,PIA_water water_14.2_1-day,R0047,PIA_water water_14.2_1-day
1-Day_Color_Sph,T0050,PIA_Cream Beige_14.4,P0050,PIA_Cream Beige_14.4,Q0050,PIA_Cream Beige_14.4,R0050,PIA_Cream Beige_14.4
1-Day_Color_Sph,T0051,PIA_Cream Grege_14.4,P0051,PIA_Cream Grege_14.4,Q0051,PIA_Cream Grege_14.4,R0051,PIA_Cream Grege_14.4
1-Day_Color_Sph,T0052,PIA_1-Day_Chocolate_14.4,P0052,PIA_1-Day_Chocolate_14.4,Q0052,PIA_Chocolate_14.4,R0052,PIA_Chocolate_14.4
1-Day_Color_Sph,T0053,PIA_Skin Beige_14.2,P0053,PIA_Skin Beige_14.2,Q0053,PIA_Skin Beige_14.2,R0053,PIA_Skin Beige_14.2
1-Day_Color_Sph,T0054,PIA_Skin Grege_14.2,P0054,PIA_Skin Grege_14.2,Q0054,PIA_Skin Grege_14.2,R0054,PIA_Skin Grege_14.2
FRP_Color_Sph,T0058,Skin Beige_중사각 14.5,P0058,Skin Beige_중사각 14.5,Q0058,Skin Beige_중사각 14.5,R0058,Skin Beige_중사각 14.5
FRP_Color_Sph,T0059,Skin Grege_중사각 14.5,P0059,Skin Grege_중사각 14.5,Q0059,Skin Grege_중사각 14.5,R0059,Skin Grege_중사각 14.5
1-Day_Color_Sph,T0067,(UV)_Natural black,P0067,(UV)_Natural black,Q0067,(UV)_Natural black,R0067,(UV)_Natural black
1-Day_Color_Sph,T0070,(N)ASIA_Iris Brown,P0070,(N)ASIA_Iris Brown,Q0070,(N)ASIA_Iris Brown,R0070,(N)ASIA_Iris Brown
1-Day_Color_Sph,T0071,(N)ASIA_Rose Brown,P0071,(N)ASIA_Rose Brown,Q0071,(N)ASIA_Rose Brown,R0071,(N)ASIA_Rose Brown
1-Day_Color_Sph,T0072,(N)ASIA_Poppy Brown,P0072,(N)ASIA_Poppy Brown,Q0072,(N)ASIA_Poppy Brown,R0072,(N)ASIA_Poppy Brown
1-Day_Color_Sph,T0073,(N)ASIA_Mimosa Brown,P0073,(N)ASIA_Mimosa Brown,Q0073,(N)ASIA_Mimosa Brown,R0073,(N)ASIA_Mimosa Brown
1-Day_Color_Sph,T0074,(N)ASIA_Anemone Brown,P0074,(N)ASIA_Anemone Brown,Q0074,(N)ASIA_Anemone Brown,R0074,(N)ASIA_Anemone Brown
1-Day_Color_Sph,T0075,(N)ASIA_Amaryllis Black,P0075,(N)ASIA_Amaryllis Black,Q0075,(N)ASIA_Amaryllis Black,R0075,(N)ASIA_Amaryllis Black
1-Day_Color_Sph,T0082,(N)ASIA_30입_carina brown,P0082,(N)ASIA_30입_carina brown,Q0082,(N)ASIA_carina brown,R0082,(N)ASIA_carina brown
1-Day_Color_Sph,T0083,(N)ASIA_30입_fresca gray,P0083,(N)ASIA_30입_fresca gray,Q0083,(N)ASIA_fresca gray,R0083,(N)ASIA_fresca gray
1-Day_Color_Sph,T0084,(N)ASIA_30입_venere brown,P0084,(N)ASIA_30입_venere brown,Q0084,(N)ASIA_venere brown,R0084,(N)ASIA_venere brown
1-Day_Color_Sph,T0085,(N)ASIA_10입_carina brown,P0085,(N)ASIA_10입_carina brown,Q0082,(N)ASIA_carina brown,R0082,(N)ASIA_carina brown
1-Day_Color_Sph,T0086,(N)ASIA_10입_fresca gray,P0086,(N)ASIA_10입_fresca gray,Q0083,(N)ASIA_fresca gray,R0083,(N)ASIA_fresca gray
1-Day_Color_Sph,T0087,(N)ASIA_10입_venere brown,P0087,(N)ASIA_10입_venere brown,Q0084,(N)ASIA_venere brown,R0084,(N)ASIA_venere brown
1-Day_Sph,T0088,1-Day_58(수출용_파랑),P0088,1-Day_58(수출용_파랑),Q3081,1-day_58_Kontaktni-HA,R3081,1-day_58_Kontaktni-HA
1-Day_Sph,T0095,1-Day_58(Marshal),P0095,1-Day_58(Marshal),Q3081,1-day_58_Kontaktni-HA,R3081,1-day_58_Kontaktni-HA
1-Day_Sph,T0096,1-DAY_Metha(무지리드지),P0096,1-DAY_Metha(무지리드지),Q1200,Metha_55,R1200,Metha_55
1-Day_Sph,T0098,Visiomax_1-day58,P0098,Visiomax_1-day58,Q3081,1-day_58_Kontaktni-HA,R3081,1-day_58_Kontaktni-HA
1-Day_Sph,T0100,Sincere 1Day  UV,P0100,Sincere 1Day  UV,Q0100,Sincere 1Day  UV,R0100,Sincere 1Day  UV
1-Day_Sph,T0101,sincere Natural 1day,P0101,sincere Natural 1day,Q0100,Sincere 1Day  UV,R0100,Sincere 1Day  UV
1-Day_Sph,T0102,sincere NATURALI clear 1day,P0102,sincere NATURALI clear 1day,Q0100,Sincere 1Day  UV,R0100,Sincere 1Day  UV
1-Day_Sph,T0103,Sincere D_Namida Clear_38%,P0103,Sincere D_Namida Clear_38%,Q0100,Sincere 1Day  UV,R0100,Sincere 1Day  UV
1-Day_Color_Sph,S104,Clalen D_Iris_Pure Choco_10p,P0104,Clalen D_Iris_Pure Choco,Q0104,Clalen D_Iris_Pure Choco,R0104,Clalen D_Iris_Pure Choco
1-Day_Color_Sph,S263,Clalen D_Iris_Pure Choco_샘플(4P),P0104,Clalen D_Iris_Pure Choco,Q0104,Clalen D_Iris_Pure Choco,R0104,Clalen D_Iris_Pure Choco
1-Day_Color_Sph,T2134,Clalen D_Iris_Pure Choco,P0104,Clalen D_Iris_Pure Choco,Q0104,Clalen D_Iris_Pure Choco,R0104,Clalen D_Iris_Pure Choco
1-Day_Color_Sph,T0105,PIA_LILY BLACK,P0105,PIA_LILY BLACK,Q0011,1-Day_iris_JazzBlack,R0011,1-Day_iris_JazzBlack
1-Day_Color_Sph,T0106,PIA_BROWN MANEGE,P0106,PIA_BROWN MANEGE,Q0007,1-Day_iris_Rhapsody,R0007,1-Day_iris_Rhapsody
1-Day_Color_Sph,T0107,PIA_SARANG BROWN,P0107,PIA_SARANG BROWN,Q0008,1-Day_iris_Latin,R0008,1-Day_iris_Latin
1-Day_Color_Sph,T0108,PIA_KEOPI BROWN,P0108,PIA_KEOPI BROWN,Q0010,1-Day_iris_SoulBrown,R0010,1-Day_iris_SoulBrown
1-Day_Color_Sph,S109,Clalen D_Iris_Rosy Brown_10p,P0109,Clalen D_Iris_Rosy Brown,Q0109,Clalen D_Iris_Rosy Brown,R0109,Clalen D_Iris_Rosy Brown
1-Day_Color_Sph,S264,Clalen D_Iris_Rosy Brown_샘플(4P),P0109,Clalen D_Iris_Rosy Brown,Q0109,Clalen D_Iris_Rosy Brown,R0109,Clalen D_Iris_Rosy Brown
1-Day_Color_Sph,T2135,Clalen D_Iris_Rosy Brown,P0109,Clalen D_Iris_Rosy Brown,Q0109,Clalen D_Iris_Rosy Brown,R0109,Clalen D_Iris_Rosy Brown
1-Day_Color_Sph,S110,Clalen D_Iris_Shiny Brown_10p,P0110,Clalen D_Iris_Shiny Brown,Q0110,Clalen D_Iris_Shiny Brown,R0110,Clalen D_Iris_Shiny Brown
1-Day_Color_Sph,S265,Clalen D_Iris_Shiny Brown_샘플(4P),P0110,Clalen D_Iris_Shiny Brown,Q0110,Clalen D_Iris_Shiny Brown,R0110,Clalen D_Iris_Shiny Brown
1-Day_Color_Sph,T2136,Clalen D_Iris_Shiny Brown,P0110,Clalen D_Iris_Shiny Brown,Q0110,Clalen D_Iris_Shiny Brown,R0110,Clalen D_Iris_Shiny Brown
1-Day_Color_Sph,S112,Clalen D_Iris_Mocha Black_10p,P0112,Clalen D_Iris_Mocha Black,Q0112,Clalen D_Iris_Mocha Black,R0112,Clalen D_Iris_Mocha Black
1-Day_Color_Sph,S266,Clalen D_Iris_Mocha Black_샘플(4P),P0112,Clalen D_Iris_Mocha Black,Q0112,Clalen D_Iris_Mocha Black,R0112,Clalen D_Iris_Mocha Black
1-Day_Color_Sph,T2137,Clalen D_Iris_Mocha Black,P0112,Clalen D_Iris_Mocha Black,Q0112,Clalen D_Iris_Mocha Black,R0112,Clalen D_Iris_Mocha Black
1-Day_Color_Sph,S113,Hapakristin D_Quiet Kristin Glow Brown_10P,P0113,Hapakristin D_Quiet Kristin Glow Brown,Q0113,Hapakristin D_Quiet Kristin Glow Brown,R0113,Hapakristin D_Quiet Kristin Glow Brown
1-Day_Color_Sph,S177,Hapakristin D_Quiet Kristin Glow Brown_2P,P0113,Hapakristin D_Quiet Kristin Glow Brown,Q0113,Hapakristin D_Quiet Kristin Glow Brown,R0113,Hapakristin D_Quiet Kristin Glow Brown
1-Day_Color_Sph,S114,Hapakristin D_Quiet Kristin Glow Black_10P,P0114,Hapakristin D_Quiet Kristin Glow Black,Q0114,Hapakristin D_Quiet Kristin Glow Black,R0114,Hapakristin D_Quiet Kristin Glow Black
1-Day_Color_Sph,S178,Hapakristin D_Quiet Kristin Glow Black_2P,P0114,Hapakristin D_Quiet Kristin Glow Black,Q0114,Hapakristin D_Quiet Kristin Glow Black,R0114,Hapakristin D_Quiet Kristin Glow Black
1-Day_Color_Sph,S116,Hapa D_See Through Kristin Ash Brown_10P,P0116,Hapa D_See Through Kristin Ash Brown,Q0116,Hapa D_See Through Kristin Ash Brown,R0116,Hapa D_See Through Kristin Ash Brown
1-Day_Color_Sph,S117,Hapa D_See Through Kristin Choco_10P,P0117,Hapa D_See Through Kristin Choco,Q0117,Hapa D_See Through Kristin Choco,R0117,Hapa D_See Through Kristin Choco
1-Day_Color_Sph,S118,Hapa D_See Through Kristin Plus Choco_10P,P0118,Hapa D_See Through Kristin Plus Choco,Q0118,Hapa D_See Through Kristin Plus Choco,R0118,Hapa D_See Through Kristin Plus Choco
Si_1-Day_Color_Sph,S174,Clalen O2O2 D_Micelia_Deep Black_30P,P0174,Clalen O2O2 D_Deep Black_45%,Q0174,Clalen O2O2 D_Deep Black_45%,R0174,Clalen O2O2 D_Deep Black_45%
Si_1-Day_Color_Sph,S260,Clalen O2O2 D_Deep Black_샘플(4P),P0174,Clalen O2O2 D_Deep Black_45%,Q0174,Clalen O2O2 D_Deep Black_45%,R0174,Clalen O2O2 D_Deep Black_45%
Si_1-Day_Color_Sph,S175,Clalen O2O2 D_Micelia_Lake Gray_30P,P0175,Clalen O2O2 D_Lake Gray_45%,Q0175,Clalen O2O2 D_Lake Gray_45%,R0175,Clalen O2O2 D_Lake Gray_45%
Si_1-Day_Color_Sph,S261,Clalen O2O2 D_Lake Gray_샘플(4P),P0175,Clalen O2O2 D_Lake Gray_45%,Q0175,Clalen O2O2 D_Lake Gray_45%,R0175,Clalen O2O2 D_Lake Gray_45%
Si_1-Day_Color_Sph,S176,Clalen O2O2 D_Micelia_Mute Brown_30P,P0176,Clalen O2O2 D_Mute Brown_45%,Q0176,Clalen O2O2 D_Mute Brown_45%,R0176,Clalen O2O2 D_Mute Brown_45%
Si_1-Day_Color_Sph,S262,Clalen O2O2 D_Mute Brown_샘플(4P),P0176,Clalen O2O2 D_Mute Brown_45%,Q0176,Clalen O2O2 D_Mute Brown_45%,R0176,Clalen O2O2 D_Mute Brown_45%
1-Day_Color_Sph,T0190,sincere_Hazelnut_1-Day 38%,P0190,sincere_Hazelnut_1-Day 38%,Q0190,sincere_Hazelnut_1-Day 38%,R0190,sincere_Hazelnut_1-Day 38%
1-Day_Color_Sph,T0191,sincere_Platinum Gray_1-Day 38%,P0191,sincere_Platinum Gray_1-Day 38%,Q0191,sincere_Platinum Gray_1-Day 38%,R0191,sincere_Platinum Gray_1-Day 38%
1-Day_Color_Sph,T0192,sincere_Highlighter_1-Day 38%,P0192,sincere_Highlighter_1-Day 38%,Q0192,sincere_Highlighter_1-Day 38%,R0192,sincere_Highlighter_1-Day 38%
1-Day_Color_Sph,T0193,sincere_Sirius Misty_1-Day 38%,P0193,sincere_Sirius Misty_1-Day 38%,Q0193,sincere_Sirius Misty_1-Day 38%,R0193,sincere_Sirius Misty_1-Day 38%
1-Day_Color_Sph,T0194,sincere_Hologram Shell_1-Day 38%,P0194,sincere_Hologram Shell_1-Day 38%,Q0194,sincere_Hologram Shell_1-Day 38%,R0194,sincere_Hologram Shell_1-Day 38%
1-Day_Color_Sph,T0195,sincere_Silky Ginger_1-Day 38%,P0195,sincere_Silky Ginger_1-Day 38%,Q0195,sincere_Silky Ginger_1-Day 38%,R0195,sincere_Silky Ginger_1-Day 38%
1-Day_Color_Sph,T0196,sincere_Sugar Mint_1-Day 38%,P0196,sincere_Sugar Mint_1-Day 38%,Q0196,sincere_Sugar Mint_1-Day 38%,R0196,sincere_Sugar Mint_1-Day 38%
1-Day_Color_Sph,T0197,sincere_Lavender Nude_1-Day 38%,P0197,sincere_Lavender Nude_1-Day 38%,Q0197,sincere_Lavender Nude_1-Day 38%,R0197,sincere_Lavender Nude_1-Day 38%
1-Day_Color_Sph,T0198,Sincere D_Luna Mauve_FAP 3T 38% 14.5,P0198,Sincere D_Luna Mauve_FAP 3T 38% 14.5,Q0198,Sincere D_Luna Mauve_FAP 3T 38% 14.5,R0198,Sincere D_Luna Mauve_FAP 3T 38% 14.5
1-Day_Color_Sph,S801,Secriss 1Day_Brown_30팩,P0200,Secriss Nelly Brown_스타비젼,Q0200,Secriss Nelly Brown_스타비젼,R0200,Secriss Nelly Brown_스타비젼
1-Day_Color_Sph,S802,Secriss 1Day_Brown_낱개,P0200,Secriss Nelly Brown_스타비젼,Q0200,Secriss Nelly Brown_스타비젼,R0200,Secriss Nelly Brown_스타비젼
1-Day_Color_Sph,S803,Secriss 1Day_Gray_30팩,P0202,ICE GRAY_스타비젼,Q0202,ICE GRAY_스타비젼,R0202,ICE GRAY_스타비젼
1-Day_Color_Sph,S804,Secriss 1Day_Gray_낱개,P0202,ICE GRAY_스타비젼,Q0202,ICE GRAY_스타비젼,R0202,ICE GRAY_스타비젼
1-Day_Color_Sph,T0203,PIA D_Mocha Ring_38% UV,P0203,PIA D_Mocha Ring_38% UV,Q0203,PIA D_Mocha Ring_38% UV,R0203,PIA D_Mocha Ring_38% UV
1-Day_Color_Sph,T0204,PIA D_Coco Topaz_38% UV,P0204,PIA D_Coco Topaz_38% UV,Q0204,PIA D_Coco Topaz_38% UV,R0204,PIA D_Coco Topaz_38% UV
1-Day_Color_Sph,T0205,PIA D_Latte Pearl_38% UV,P0205,PIA D_Latte Pearl_38% UV,Q0205,PIA D_Latte Pearl_38% UV,R0205,PIA D_Latte Pearl_38% UV
1-Day_Color_Toric,s147,Iris Toric Alicia Brown_30팩,P0210,Toric_CP-0.75_ALICIA BROWN,Q0210,Toric_CP-0.75_ALICIA BROWN,R0210,Toric_CP-0.75_ALICIA BROWN
1-Day_Color_Toric,S148,Iris Toric Alicia Brown_낱개,P0210,Toric_CP-0.75_ALICIA BROWN,Q0210,Toric_CP-0.75_ALICIA BROWN,R0210,Toric_CP-0.75_ALICIA BROWN
1-Day_Color_Toric,T0210,CP-0.75_ALICIA BROWN Toric,P0210,Toric_CP-0.75_ALICIA BROWN,Q0210,Toric_CP-0.75_ALICIA BROWN,R0210,Toric_CP-0.75_ALICIA BROWN
1-Day_Color_Toric,T9904,Iris Toric Alicia Brown_30팩,P0210,Toric_CP-0.75_ALICIA BROWN,Q0210,Toric_CP-0.75_ALICIA BROWN,R0210,Toric_CP-0.75_ALICIA BROWN
1-Day_Color_Toric,T0211,CP-1.25_ALICIA BROWN Toric,P0211,Toric_CP-1.25_ALICIA BROWN,Q0211,Toric_CP-1.25_ALICIA BROWN,R0211,Toric_CP-1.25_ALICIA BROWN
1-Day_Color_Toric,T0212,CP-1.75_ALICIA BROWN Toric,P0212,Toric_CP-1.75_ALICIA BROWN,Q0212,Toric_CP-1.75_ALICIA BROWN,R0212,Toric_CP-1.75_ALICIA BROWN
1-Day_Color_Sph,S149,Iris Alicia Brown_30팩,P0213,ALICIA BROWN(근시),Q0213,ALICIA BROWN(근시),R0213,ALICIA BROWN(근시)
1-Day_Color_Sph,S150,Iris Alicia Brown_낱개,P0213,ALICIA BROWN(근시),Q0213,ALICIA BROWN(근시),R0213,ALICIA BROWN(근시)
1-Day_Color_Sph,T0213,1-Day_Iris_Alicia Brown,P0213,ALICIA BROWN(근시),Q0213,ALICIA BROWN(근시),R0213,ALICIA BROWN(근시)
1-Day_Color_Sph,T9908,Iris AliciaBrown_30팩,P0213,ALICIA BROWN(근시),Q0213,ALICIA BROWN(근시),R0213,ALICIA BROWN(근시)
1-Day_Color_Sph,T0214,IRIS_LATIN(NEW),P0214,IRIS_LATIN(NEW),Q0008,1-Day_iris_Latin,R0008,1-Day_iris_Latin
1-Day_Sph,T0215,1-DAY_58(Black),P0215,1-DAY_58(Black),Q0001,1-Day_58,R0001,1-Day_58
1-Day_Color_Sph,S223,Chuulens D_Mellow Hazel_After Glow_10p,P0223,Chuulens D_Mellow Hazel_After Glow,Q0223,Chuulens D_Mellow Hazel_After Glow,R0223,Chuulens D_Mellow Hazel_After Glow
1-Day_Color_Sph,S224,Chuulens D_Mellow Greige_After Glow_10p,P0224,Chuulens D_Mellow Greige_After Glow,Q0224,Chuulens D_Mellow Greige_After Glow,R0224,Chuulens D_Mellow Greige_After Glow
1-Day_Sph,T0225,1-DAY_58(PDI),P0225,1-DAY_58(PDI),Q3081,1-day_58_Kontaktni-HA,R3081,1-day_58_Kontaktni-HA
1-Day_Color_Sph,T0226,Sincere D_Water Brown_38% 3T 14.5,P0226,Sincere D_Water Brown_38% 3T 14.5,Q0226,Sincere D_Water Brown_38% 3T 14.5,R0226,Sincere D_Water Brown_38% 3T 14.5
1-Day_Color_Sph,T0227,Sincere D_Russian Gray_38% 3T 14.5,P0227,Sincere D_Russian Gray_38% 3T 14.5,Q0227,Sincere D_Russian Gray_38% 3T 14.5,R0227,Sincere D_Russian Gray_38% 3T 14.5
1-Day_Color_Sph,T0228,Sincere D_Ash Brown_38% 3T 14.2,P0228,Sincere D_Ash Brown_38% 3T 14.2,Q0228,Sincere D_Ash Brown_38% 3T 14.2,R0228,Sincere D_Ash Brown_38% 3T 14.2
1-Day_Color_Sph,T0229,Sincere D_Grege Gray_38% 3T 14.2,P0229,Sincere D_Grege Gray_38% 3T 14.2,Q0229,Sincere D_Grege Gray_38% 3T 14.2,R0229,Sincere D_Grege Gray_38% 3T 14.2
1-Day_Color_Sph,T0230,(NEW)1-Day_iris_Suzy Gray,P0230,(NEW)1-Day_iris_Suzy Gray,Q0019,1-Day_iris_Suzy Gray,R0019,1-Day_iris_Suzy Gray
1-Day_Color_Sph,T0231,Sincere D_Hazel_38% 3T 14.5,P0231,Sincere D_Hazel_38% 3T 14.5,Q0231,Sincere D_Hazel_38% 3T 14.5,R0231,Sincere D_Hazel_38% 3T 14.5
1-Day_Color_Sph,T0232,Sincere D_Brown Beige_38% 3T 14.5,P0232,Sincere D_Brown Beige_38% 3T 14.5,Q0232,Sincere D_Brown Beige_38% 3T 14.5,R0232,Sincere D_Brown Beige_38% 3T 14.5
1-Day_Color_Sph,T0233,Sincere D_Sky Gray_38% 3T 14.5,P0233,Sincere D_Sky Gray_38% 3T 14.5,Q0233,Sincere D_Sky Gray_38% 3T 14.5,R0233,Sincere D_Sky Gray_38% 3T 14.5
1-Day_Color_Sph,T0235,(NEW)ALICIA BROWN(근시),P0235,(NEW)ALICIA BROWN(근시),Q0213,ALICIA BROWN(근시),R0213,ALICIA BROWN(근시)
1-Day_Sph,T0236,1-Day_Contakt-HA,P0236,1-Day_Contakt-HA,Q3081,1-day_58_Kontaktni-HA,R3081,1-day_58_Kontaktni-HA
1-Day_Sph,T0076,Kontaktni -US_1-DAY,P0238,Kontaktni -US_1-DAY-HA,Q3081,1-day_58_Kontaktni-HA,R3081,1-day_58_Kontaktni-HA
1-Day_Sph,T0097,1-DAY_58_4Care,P0239,1-DAY_58_4Care-HA,Q3081,1-day_58_Kontaktni-HA,R3081,1-day_58_Kontaktni-HA
1-Day_Sph,T0240,1-Day_SOLEKO(5년),P0240,1-Day_SOLEKO(5년),Q3081,1-day_58_Kontaktni-HA,R3081,1-day_58_Kontaktni-HA
1-Day_Color_Sph,T0241,Rose_D_Jade_55%,P0241,Rose_D_Jade_55%,Q0241,Rose_D_Jade_55%,R0241,Rose_D_Jade_55%
1-Day_Color_Sph,T0242,Rose_D_Ash_55%,P0242,Rose_D_Ash_55%,Q0242,Rose_D_Ash_55%,R0242,Rose_D_Ash_55%
1-Day_Color_Sph,T0243,Rose_D_Indigo_55%,P0243,Rose_D_Indigo_55%,Q0243,Rose_D_Indigo_55%,R0243,Rose_D_Indigo_55%
1-Day_Color_Sph,T0244,Rose_D_Ruby_55%,P0244,Rose_D_Ruby_55%,Q0244,Rose_D_Ruby_55%,R0244,Rose_D_Ruby_55%
1-Day_Color_Sph,T0245,Rose_D_Mint_55%,P0245,Rose_D_Mint_55%,Q0245,Rose_D_Mint_55%,R0245,Rose_D_Mint_55%
1-Day_Color_Sph,T0246,Rose_D_Pecan_55%,P0246,Rose_D_Pecan_55%,Q0246,Rose_D_Pecan_55%,R0246,Rose_D_Pecan_55%
1-Day_Sph,T0247,1-DAY_58_공용_MD로고,P0247,1-DAY_58_공용_MD로고,Q3081,1-day_58_Kontaktni-HA,R3081,1-day_58_Kontaktni-HA
1-Day_Sph,T0248,1-DAY_58_공용_Hioxi_MD로고,P0248,1-DAY_58_공용_Hioxi_MD로고,Q3081,1-day_58_Kontaktni-HA,R3081,1-day_58_Kontaktni-HA
1-Day_Color_Sph,T0249,PIA D_Pure Nude_55% UV,P0249,PIA D_Pure Nude_55% UV,Q0249,PIA D_Pure Nude_55% UV,R0249,PIA D_Pure Nude_55% UV
1-Day_Color_Sph,T0250,PIA D_Brown Chou_55% UV,P0250,PIA D_Brown Chou_55% UV,Q0250,PIA D_Brown Chou_55% UV,R0250,PIA D_Brown Chou_55% UV
1-Day_Color_Sph,T0251,PIA D_Silky Pearl_55% UV,P0251,PIA D_Silky Pearl_55% UV,Q0251,PIA D_Silky Pearl_55% UV,R0251,PIA D_Silky Pearl_55% UV
1-Day_Color_Sph,T0252,PIA D_Cotton Ring_55% UV,P0252,PIA D_Cotton Ring_55% UV,Q0252,PIA D_Cotton Ring_55% UV,R0252,PIA D_Cotton Ring_55% UV
FRP_Color_Sph,S253,Chuulens M_Mellow Hazel_After Glow_2P,P0253,Chuulens M_Mellow Hazel_After Glow_(중),Q4714,(NEW)S43-HD-Dry-14.2,R4714,(NEW)S43-HD-Dry-14.2
FRP_Color_Sph,S254,Chuulens M_Mellow Greige_After Glow_2P,P0254,Chuulens M_Mellow Greige_After Glow_(중),Q4714,(NEW)S43-HD-Dry-14.2,R4714,(NEW)S43-HD-Dry-14.2
1-Day_Sph,S256,Lighly D_AQUA_30p,P0256,1-Day_58_Lighly AQUA,Q3081,1-day_58_Kontaktni-HA,R3081,1-day_58_Kontaktni-HA
1-Day_Sph,S258,Lighly D_AQUA_10p,P0256,1-Day_58_Lighly AQUA,Q3081,1-day_58_Kontaktni-HA,R3081,1-day_58_Kontaktni-HA
Si_1-Day_Sph,S257,Lighly D_AQUA Plus_30p,P0257,O2O2 D_Spherical_Lighly AQUA Plus,Q5420,O2O2 Spherical(DK70)_K2-SMD,R5420,O2O2 Spherical(DK70)_K2-SMD
Si_1-Day_Sph,S259,Lighly D_AQUA Plus_10p,P0257,O2O2 D_Spherical_Lighly AQUA Plus,Q5420,O2O2 Spherical(DK70)_K2-SMD,R5420,O2O2 Spherical(DK70)_K2-SMD
1-Day_Color_Sph,S271,Lighly Creamy D_Choco_30P,P0271,Lighly Creamy D_Choco,Q0271,Lighly Creamy D_Choco,R0271,Lighly Creamy D_Choco
1-Day_Color_Sph,S272,Lighly Creamy D_Brown_30P,P0272,Lighly Creamy D_Brown,Q0272,Lighly Creamy D_Brown,R0272,Lighly Creamy D_Brown
1-Day_Color_Sph,S273,Lighly Creamy D_Gray_30P,P0273,Lighly Creamy D_Gray,Q0273,Lighly Creamy D_Gray,R0273,Lighly Creamy D_Gray
1-Day_Color_Sph,S274,Lighly Creamy D_Rose_30P,P0274,Lighly Creamy D_Rose,Q0274,Lighly Creamy D_Rose,R0274,Lighly Creamy D_Rose
1-Day_Color_Sph,S275,Lighly Creamy D_Black_30P,P0275,Lighly Creamy D_Black,Q0275,Lighly Creamy D_Black,R0275,Lighly Creamy D_Black
FRP_Color_Sph,T0500,Moody 6M_G-zhima_Nanodat_38%_(중),P0500,Moody 6M_G-zhima_Nanodat_38%_(중),Q1009,S38-Dry-14.2,R1009,S38-Dry-14.2
FRP_Color_Sph,T0501,Moody 6M_U-buding_Nanodat_38%_(중),P0501,Moody 6M_U-buding_Nanodat_38%_(중),Q1009,S38-Dry-14.2,R1009,S38-Dry-14.2
FRP_Color_Sph,T0502,Moody 6M_L-bale_Nanodat_38%_(중),P0502,Moody 6M_L-bale_Nanodat_38%_(중),Q1009,S38-Dry-14.2,R1009,S38-Dry-14.2
FRP_Color_Sph,T0503,Moody 6M_G-weihua_Nanodat_38%_(중),P0503,Moody 6M_G-weihua_Nanodat_38%_(중),Q1009,S38-Dry-14.2,R1009,S38-Dry-14.2
FRP_Color_Sph,T0504,Moody 6M_U-ganlan_Nanodat_38%_(중),P0504,Moody 6M_U-ganlan_Nanodat_38%_(중),Q1009,S38-Dry-14.2,R1009,S38-Dry-14.2
FRP_Color_Sph,T0505,Zhuangtong 6M_Misty Blue_Muse_38%_(원),P0505,Zhuangtong 6M_Misty Blue_Muse_38%_(원),Q1009,S38-Dry-14.2,R1009,S38-Dry-14.2
FRP_Color_Sph,T0506,Zhuangtong 6M_Star Black_Muse_38%_(원),P0506,Zhuangtong 6M_Star Black_Muse_38%_(원),Q1009,S38-Dry-14.2,R1009,S38-Dry-14.2
FRP_Color_Sph,T0507,Zhuangtong 6M_Dawn Brown_Muse_38%_(원),P0507,Zhuangtong 6M_Dawn Brown_Muse_38%_(원),Q1009,S38-Dry-14.2,R1009,S38-Dry-14.2
FRP_Color_Sph,T0508,Zhuangtong 6M_Soft Pink_Muse_38%_(원),P0508,Zhuangtong 6M_Soft Pink_Muse_38%_(원),Q1009,S38-Dry-14.2,R1009,S38-Dry-14.2
1-Day_Color_Sph,T0509,PIA D_Koala Gray_55% UV,P0509,PIA D_Koala Gray_55% UV,Q0509,PIA D_Koala Gray_55% UV,R0509,PIA D_Koala Gray_55% UV
Si_1-Day_Sph,T0510,O2O2 D_UV_Spherical_FGC,P0510,O2O2 D_UV_Spherical_FGC,Q5420,O2O2 Spherical(DK70)_K2-SMD,R5420,O2O2 Spherical(DK70)_K2-SMD
1-Day_Color_Sph,T0511,PIA D_Melady Brown_38% UV,P0511,PIA D_Melady Brown_38% UV,Q0511,PIA D_Melady Brown_38% UV,R0511,PIA D_Melady Brown_38% UV
1-Day_Color_Sph,T0512,PIA D_Umi_55% UV,P0512,PIA D_Umi_55% UV,Q0512,PIA D_Umi_55% UV,R0512,PIA D_Umi_55% UV
1-Day_Color_Sph,T0513,PIA D_Sakana_55% UV,P0513,PIA D_Sakana_55% UV,Q0513,PIA D_Sakana_55% UV,R0513,PIA D_Sakana_55% UV
1-Day_Color_Sph,T0514,PIA D_Blueberry Jam_55% UV,P0514,PIA D_Blueberry Jam_55% UV,Q0514,PIA D_Blueberry Jam_55% UV,R0514,PIA D_Blueberry Jam_55% UV
1-Day_Color_Sph,T0515,PIA D_Secret Tutu Brown_55% UV,P0515,PIA D_Secret Tutu Brown_55% UV,Q0515,PIA D_Secret Tutu Brown_55% UV,R0515,PIA D_Secret Tutu Brown_55% UV
1-Day_Color_Sph,T0516,PIA D_Whip Brown_55% UV,P0516,PIA D_Whip Brown_55% UV,Q0516,PIA D_Whip Brown_55% UV,R0516,PIA D_Whip Brown_55% UV
1-Day_Color_Sph,T0517,PIA D_Smore Ring Brown_55% UV,P0517,PIA D_Smore Ring Brown_55% UV,Q0517,PIA D_Smore Ring Brown_55% UV,R0517,PIA D_Smore Ring Brown_55% UV
1-Day_Color_Sph,T0518,PIA D_Brulee Brown_55% UV,P0518,PIA D_Brulee Brown_55% UV,Q0518,PIA D_Brulee Brown_55% UV,R0518,PIA D_Brulee Brown_55% UV
1-Day_Color_Sph,T0519,PIA D_Oolong Tea_55% UV,P0519,PIA D_Oolong Tea_55% UV,Q0519,PIA D_Oolong Tea_55% UV,R0519,PIA D_Oolong Tea_55% UV
1-Day_Color_Sph,T0520,PIA D_Tarte Tatin_55% UV,P0520,PIA D_Tarte Tatin_55% UV,Q0520,PIA D_Tarte Tatin_55% UV,R0520,PIA D_Tarte Tatin_55% UV
1-Day_Color_Sph,T0521,PIA D_Coco Truffle_38% UV,P0521,PIA D_Coco Truffle_38% UV,Q0521,PIA D_Coco Truffle_38% UV,R0521,PIA D_Coco Truffle_38% UV
1-Day_Color_Sph,T0522,PIA D_Salty Donut_38% UV,P0522,PIA D_Salty Donut_38% UV,Q0522,PIA D_Salty Donut_38% UV,R0522,PIA D_Salty Donut_38% UV
1-Day_Color_Sph,T0523,Zhuangtong D_Black_Migu_55%,P0523,Zhuangtong D_Black_Migu_55%,Q0523,Zhuangtong D_Black_Migu_55%,R0523,Zhuangtong D_Black_Migu_55%
1-Day_Color_Sph,T0524,Zhuangtong D_Brown_Migu_55%,P0524,Zhuangtong D_Brown_Migu_55%,Q0524,Zhuangtong D_Brown_Migu_55%,R0524,Zhuangtong D_Brown_Migu_55%
FRP_Color_Sph,T0525,ANW M_Bam Brown_Kristin_(중),P0525,ANW M_Bam Brown_Kristin_(중),Q0525,ANW M_Bam Brown_Kristin,R0525,ANW M_Bam Brown_Kristin
1-Day_Color_Sph,T0526,PIA D_Baby Espresso_38% UV,P0526,PIA D_Baby Espresso_38% UV,Q0526,PIA D_Baby Espresso_38% UV,R0526,PIA D_Baby Espresso_38% UV
FRP_Color_Sph,T0527,Baby Espresso_PIA_M_(중),P0527,Baby Espresso_PIA_M_(중),Q0527,Baby Espresso_PIA_M,R0527,Baby Espresso_PIA_M
1-Day_Color_Sph,T0528,PIA D_Gem Chocolat_38% UV,P0528,PIA D_Gem Chocolat_38% UV,Q0528,PIA D_Gem Chocolat_38% UV,R0528,PIA D_Gem Chocolat_38% UV
1-Day_Color_Sph,S170,LEMONADE D_California Vibe_55%,P0529,Lemonade D_California Vibe_55%,Q0529,Lemonade D_California Vibe_55%,R0529,Lemonade D_California Vibe_55%
1-Day_Color_Sph,T0529,Lemonade D_California Vibe_55%,P0529,Lemonade D_California Vibe_55%,Q0529,Lemonade D_California Vibe_55%,R0529,Lemonade D_California Vibe_55%
1-Day_Color_Sph,T0530,From D_Ori Ash Gray_O&ME_38%_14.5,P0530,From D_Ori Ash Gray_O&ME_38%_14.5,Q0530,From D_Ori Ash Gray_O&ME_38%_14.5,R0530,From D_Ori Ash Gray_O&ME_38%_14.5
1-Day_Color_Sph,T0531,From D_Ori Melting Brown_O&ME_38%_14.5,P0531,From D_Ori Melting Brown_O&ME_38%_14.5,Q0531,From D_Ori Melting Brown_O&ME_38%_14.5,R0531,From D_Ori Melting Brown_O&ME_38%_14.5
1-Day_Color_Sph,T0532,From D_Ori Cool Gray_O&ME_38%_14.5,P0532,From D_Ori Cool Gray_O&ME_38%_14.5,Q0532,From D_Ori Cool Gray_O&ME_38%_14.5,R0532,From D_Ori Cool Gray_O&ME_38%_14.5
1-Day_Color_Sph,T0533,From D_Ori Cream Vanilla_O&ME_38%_14.5,P0533,From D_Ori Cream Vanilla_O&ME_38%_14.5,Q0533,From D_Ori Cream Vanilla_O&ME_38%_14.5,R0533,From D_Ori Cream Vanilla_O&ME_38%_14.5
1-Day_Color_Sph,T0534,From D_Ori Ice Muffin_O&ME_38%_14.2,P0534,From D_Ori Ice Muffin_O&ME_38%_14.2,Q0534,From D_Ori Ice Muffin_O&ME_38%_14.2,R0534,From D_Ori Ice Muffin_O&ME_38%_14.2
1-Day_Color_Sph,S167,LEMONADE D_Jeju Breeze_55%,P0535,Lemonade D_Jeju Breeze_55%,Q0535,Lemonade D_Jeju Breeze_55%,R0535,Lemonade D_Jeju Breeze_55%
1-Day_Color_Sph,T0535,Lemonade D_Jeju Breeze_55%,P0535,Lemonade D_Jeju Breeze_55%,Q0535,Lemonade D_Jeju Breeze_55%,R0535,Lemonade D_Jeju Breeze_55%
1-Day_Color_Sph,S168,LEMONADE D_Louvre clouds_55%,P0536,Lemonade D_Louvre clouds_55%,Q0536,Lemonade D_Louvre clouds_55%,R0536,Lemonade D_Louvre clouds_55%
1-Day_Color_Sph,T0536,Lemonade D_Louvre clouds_55%,P0536,Lemonade D_Louvre clouds_55%,Q0536,Lemonade D_Louvre clouds_55%,R0536,Lemonade D_Louvre clouds_55%
1-Day_Color_Sph,S169,LEMONADE D_Snowy kangwon_55%,P0537,Lemonade D_Snowy kangwon_55%,Q0537,Lemonade D_Snowy kangwon_55%,R0537,Lemonade D_Snowy kangwon_55%
1-Day_Color_Sph,T0537,Lemonade D_Snowy kangwon_55%,P0537,Lemonade D_Snowy kangwon_55%,Q0537,Lemonade D_Snowy kangwon_55%,R0537,Lemonade D_Snowy kangwon_55%
Si_1-Day_Color_Sph,S163,LEMONADE D_Blackberry_Si-Hy_45%,P0538,Lemonade D_Blackberry_45%,Q0538,Lemonade D_Blackberry_45%,R0538,Lemonade D_Blackberry_45%
Si_1-Day_Color_Sph,T0538,Lemonade D_Blackberry_45%,P0538,Lemonade D_Blackberry_45%,Q0538,Lemonade D_Blackberry_45%,R0538,Lemonade D_Blackberry_45%
Si_1-Day_Color_Sph,S164,LEMONADE D_Americano_Si-Hy_45%,P0539,Lemonade D_Americano_45%,Q0539,Lemonade D_Americano_45%,R0539,Lemonade D_Americano_45%
Si_1-Day_Color_Sph,T0539,Lemonade D_Americano_45%,P0539,Lemonade D_Americano_45%,Q0539,Lemonade D_Americano_45%,R0539,Lemonade D_Americano_45%
Si_1-Day_Color_Sph,S165,LEMONADE D_Ganache_Si-Hy_45%,P0540,Lemonade D_Ganache_45%,Q0540,Lemonade D_Ganache_45%,R0540,Lemonade D_Ganache_45%
Si_1-Day_Color_Sph,T0540,Lemonade D_Ganache_45%,P0540,Lemonade D_Ganache_45%,Q0540,Lemonade D_Ganache_45%,R0540,Lemonade D_Ganache_45%
1-Day_Color_Sph,T0541,SkyOptical D_Upload Green_55%,P0541,SkyOptical D_Upload Green_55%,Q0541,SkyOptical D_Upload Green_55%,R0541,SkyOptical D_Upload Green_55%
1-Day_Color_Sph,T0542,SkyOptical D_Vector Green_55%,P0542,SkyOptical D_Vector Green_55%,Q0542,SkyOptical D_Vector Green_55%,R0542,SkyOptical D_Vector Green_55%
1-Day_Color_Sph,T0543,SkyOptical D_Refine Hazel_55%,P0543,SkyOptical D_Refine Hazel_55%,Q0543,SkyOptical D_Refine Hazel_55%,R0543,SkyOptical D_Refine Hazel_55%
1-Day_Color_Sph,T0544,SkyOptical D_Reset Brown_55%,P0544,SkyOptical D_Reset Brown_55%,Q0544,SkyOptical D_Reset Brown_55%,R0544,SkyOptical D_Reset Brown_55%
1-Day_Color_Sph,T0545,SkyOptical D_Axis Gray_55%,P0545,SkyOptical D_Axis Gray_55%,Q0545,SkyOptical D_Axis Gray_55%,R0545,SkyOptical D_Axis Gray_55%
1-Day_Color_Sph,T0546,SkyOptical D_Edit Blue_55%,P0546,SkyOptical D_Edit Blue_55%,Q0546,SkyOptical D_Edit Blue_55%,R0546,SkyOptical D_Edit Blue_55%
1-Day_Color_Sph,T0547,PIA D_Dream Gray_55% UV,P0547,PIA D_Dream Gray_55% UV,Q0547,PIA D_Dream Gray_55% UV,R0547,PIA D_Dream Gray_55% UV
1-Day_Color_Sph,T0548,PIA D_Uniform Black_55% UV,P0548,PIA D_Uniform Black_55% UV,Q0548,PIA D_Uniform Black_55% UV,R0548,PIA D_Uniform Black_55% UV
FRP_Color_Sph,T0549,Dream Gray_PIA_M_(중),P0549,Dream Gray_PIA_M_(중),Q0549,Dream Gray_PIA_M,R0549,Dream Gray_PIA_M
FRP_Color_Sph,T0550,Uniform Black_PIA_M_(중),P0550,Uniform Black_PIA_M_(중),Q0550,Uniform Black_PIA_M,R0550,Uniform Black_PIA_M
1-Day_Color_Sph,T0551,Sincere D_Chai Hoop_FAP_38% UV,P0551,Sincere D_Chai Hoop_FAP_38% UV,Q0551,Sincere D_Chai Hoop_FAP_38% UV,R0551,Sincere D_Chai Hoop_FAP_38% UV
1-Day_Color_Sph,T0552,Sincere D_Little Brown_ITFA_38% UV,P0552,Sincere D_Little Brown_ITFA_38% UV,Q0552,Sincere D_Little Brown_ITFA_38% UV,R0552,Sincere D_Little Brown_ITFA_38% UV
1-Day_Color_Sph,T0553,Sincere D_Air Beige_ITFA_38% UV,P0553,Sincere D_Air Beige_ITFA_38% UV,Q0553,Sincere D_Air Beige_ITFA_38% UV,R0553,Sincere D_Air Beige_ITFA_38% UV
1-Day_Color_Sph,T0554,PIA D_Spicy Queen_55% UV,P0554,PIA D_Spicy Queen_55% UV,Q0554,PIA D_Spicy Queen_55% UV,R0554,PIA D_Spicy Queen_55% UV
1-Day_Color_Sph,T0555,PIA D_Bad Girl_55% UV,P0555,PIA D_Bad Girl_55% UV,Q0555,PIA D_Bad Girl_55% UV,R0555,PIA D_Bad Girl_55% UV
1-Day_Color_Sph,T0556,PIA D_Heaven Sky_55% UV,P0556,PIA D_Heaven Sky_55% UV,Q0556,PIA D_Heaven Sky_55% UV,R0556,PIA D_Heaven Sky_55% UV
1-Day_Color_Sph,T0557,PIA D_Night Spark_55% UV,P0557,PIA D_Night Spark_55% UV,Q0557,PIA D_Night Spark_55% UV,R0557,PIA D_Night Spark_55% UV
1-Day_Color_Sph,T0558,Moody D_U-bolan_Hello Kitty_55%_6P,P0558,Moody D_U-bolan_Hello Kitty_55%_6P,Q0558,Moody D_U-bolan_Hello Kitty_55%,R0558,Moody D_U-bolan_Hello Kitty_55%
1-Day_Color_Sph,T0559,Moody D_U-canlan_Hello Kitty_55%_6P,P0559,Moody D_U-canlan_Hello Kitty_55%_6P,Q0559,Moody D_U-canlan_Hello Kitty_55%,R0559,Moody D_U-canlan_Hello Kitty_55%
1-Day_Color_Sph,T0560,Moody D_B-mizong_Hello Kitty_55%_6P,P0560,Moody D_B-mizong_Hello Kitty_55%_6P,Q0560,Moody D_B-mizong_Hello Kitty_55%,R0560,Moody D_B-mizong_Hello Kitty_55%
1-Day_Color_Sph,T0561,Moody D_G-lenghui_Hello Kitty_55%_6P,P0561,Moody D_G-lenghui_Hello Kitty_55%_6P,Q0561,Moody D_G-lenghui_Hello Kitty_55%,R0561,Moody D_G-lenghui_Hello Kitty_55%
1-Day_Color_Toric,T0562,PIA D Toric_Dollish Brown_55% UV,P0562,PIA D Toric_Dollish Brown_55% UV,Q0562,PIA D Toric_Dollish Brown_55% UV,R0562,PIA D Toric_Dollish Brown_55% UV
1-Day_Color_Toric,T0563,PIA D Toric_Dazzle Gray_55% UV,P0563,PIA D Toric_Dazzle Gray_55% UV,Q0563,PIA D Toric_Dazzle Gray_55% UV,R0563,PIA D Toric_Dazzle Gray_55% UV
FRP_Color_Sph,T0564,Tiramisu Ring_PIA_M_(중),P0564,Tiramisu Ring_PIA_M_(중),Q0564,Tiramisu Ring_PIA_M,R0564,Tiramisu Ring_PIA_M
FRP_Color_Sph,T0565,Oolong Tea_PIA_M_(중),P0565,Oolong Tea_PIA_M_(중),Q0565,Oolong Tea_PIA_M,R0565,Oolong Tea_PIA_M
FRP_Color_Sph,T0566,Tarte Tatin_PIA_M_(중),P0566,Tarte Tatin_PIA_M_(중),Q0566,Tarte Tatin_PIA_M,R0566,Tarte Tatin_PIA_M
1-Day_Color_Sph,T0567,PIA D_Honey Soda_38% UV,P0567,PIA D_Honey Soda_38% UV,Q0567,PIA D_Honey Soda_38% UV,R0567,PIA D_Honey Soda_38% UV
FRP_Color_Sph,T0568,MG M_Bluelight 43%_HYA_(중),P0568,MG M_Bluelight 43%_HYA_(중),Q0568,MG M_Bluelight 43%_HYA,R0568,MG M_Bluelight 43%_HYA
Si_1-Day_Color_Sph,S166,LEMONADE D_Americano Pro_45%,P0569,Lemonade D_Americano Pro_45%,Q0569,Lemonade D_Americano Pro_45%,R0569,Lemonade D_Americano Pro_45%
Si_1-Day_Color_Sph,T0569,Lemonade D_Americano Pro_45%,P0569,Lemonade D_Americano Pro_45%,Q0569,Lemonade D_Americano Pro_45%,R0569,Lemonade D_Americano Pro_45%
1-Day_Color_Sph,S570,Hapa D_Champagne_Cosmo Kristin_10P,P0570,Hapa D_Champagne_Cosmo Kristin,Q0570,Hapa D_Champagne_Cosmo Kristin,R0570,Hapa D_Champagne_Cosmo Kristin
1-Day_Color_Sph,S571,Hapa D_Champagne_Cosmo Kristin_2P,P0570,Hapa D_Champagne_Cosmo Kristin,Q0570,Hapa D_Champagne_Cosmo Kristin,R0570,Hapa D_Champagne_Cosmo Kristin
1-Day_Color_Sph,T0571,(영문)PIA D_MELON PAN_55% UV,P0571,(영문)PIA D_MELON PAN_55% UV,Q5281,PIA D_MELON PAN_55% UV,R5281,PIA D_MELON PAN_55% UV
1-Day_Color_Sph,S572,Hapa D_Brown_Cosmo Kristin_10P,P0572,Hapa D_Brown_Cosmo Kristin,Q0572,Hapa D_Brown_Cosmo Kristin,R0572,Hapa D_Brown_Cosmo Kristin
1-Day_Color_Sph,S573,Hapa D_Brown_Cosmo Kristin_2P,P0572,Hapa D_Brown_Cosmo Kristin,Q0572,Hapa D_Brown_Cosmo Kristin,R0572,Hapa D_Brown_Cosmo Kristin
1-Day_Color_Sph,T0573,(영문)PIA D_ZUNDA MOCHI_55% UV,P0573,(영문)PIA D_ZUNDA MOCHI_55% UV,Q5282,PIA D_ZUNDA MOCHI_55% UV,R5282,PIA D_ZUNDA MOCHI_55% UV
1-Day_Color_Sph,S574,Hapa D_Gray_Cosmo Kristin_10P,P0574,Hapa D_Gray_Cosmo Kristin,Q0574,Hapa D_Gray_Cosmo Kristin,R0574,Hapa D_Gray_Cosmo Kristin
1-Day_Color_Sph,S575,Hapa D_Gray_Cosmo Kristin_2P,P0574,Hapa D_Gray_Cosmo Kristin,Q0574,Hapa D_Gray_Cosmo Kristin,R0574,Hapa D_Gray_Cosmo Kristin
Si_FRP_Toric,T0575,O2O2 M_UV_Toric_SMD_(소),P0575,O2O2 M_UV_Toric_SMD_(소),Q5405,O2O2 D_UV_Toric_SMD,R5405,O2O2 D_UV_Toric_SMD
1-Day_Color_Sph,S576,Hapa D_Olive_Cosmo Kristin_10P,P0576,Hapa D_Olive_Cosmo Kristin,Q0576,Hapa D_Olive_Cosmo Kristin,R0576,Hapa D_Olive_Cosmo Kristin
1-Day_Color_Sph,S577,Hapa D_Olive_Cosmo Kristin_2P,P0576,Hapa D_Olive_Cosmo Kristin,Q0576,Hapa D_Olive_Cosmo Kristin,R0576,Hapa D_Olive_Cosmo Kristin
1-Day_Color_Sph,T0577,FGC D_Soul Brown_comfi 55%,P0577,FGC D_Soul Brown_comfi 55%,Q0010,1-Day_iris_SoulBrown,R0010,1-Day_iris_SoulBrown
1-Day_Color_Sph,T0578,FGC D_Jazz Black_comfi 55%,P0578,FGC D_Jazz Black_comfi 55%,Q0011,1-Day_iris_JazzBlack,R0011,1-Day_iris_JazzBlack
1-Day_Color_Sph,T0579,FGC D_Rhapsody_comfi 55%,P0579,FGC D_Rhapsody_comfi 55%,Q0007,1-Day_iris_Rhapsody,R0007,1-Day_iris_Rhapsody
1-Day_Color_Sph,T0580,FGC D_Latin_comfi 55%,P0580,FGC D_Latin_comfi 55%,Q0008,1-Day_iris_Latin,R0008,1-Day_iris_Latin
1-Day_Color_Sph,T0581,BELLA D_MARS 55%,P0581,BELLA D_MARS 55%,Q0581,BELLA D_MARS 55%,R0581,BELLA D_MARS 55%
1-Day_Color_Sph,T0582,BELLA D_EARTH 55%,P0582,BELLA D_EARTH 55%,Q0582,BELLA D_EARTH 55%,R0582,BELLA D_EARTH 55%
1-Day_Color_Sph,T0583,BELLA D_VENUS 55%,P0583,BELLA D_VENUS 55%,Q0583,BELLA D_VENUS 55%,R0583,BELLA D_VENUS 55%
FRP_Color_Sph,T0584,BELLA M_Moon_14.5_(중),P0584,BELLA M_Moon_14.5_(중),Q1003,S43-Dry-14.5,R1003,S43-Dry-14.5
FRP_Color_Sph,T0585,BELLA M_SATURN_14.5_(중),P0585,BELLA M_SATURN_14.5_(중),Q1003,S43-Dry-14.5,R1003,S43-Dry-14.5
1-Day_Color_Sph,T0586,PIA D_Brulee Pearl_55%_14.2 UV,P0586,PIA D_Brulee Pearl_55%_14.2 UV,Q0586,PIA D_Brulee Pearl_55%_14.2 UV,R0586,PIA D_Brulee Pearl_55%_14.2 UV
1-Day_Color_Sph,T0587,PIA D_Almond Poodle_55%_14.5 UV,P0587,PIA D_Almond Poodle_55%_14.5 UV,Q0587,PIA D_Almond Poodle_55%_14.5 UV,R0587,PIA D_Almond Poodle_55%_14.5 UV
1-Day_Sph,T0588,Sincere D_Clear_L-con_A-type_38%,P0588,Sincere D_Clear_L-con_A-type_38%,Q0588,Sincere D_Clear_38%,R0588,Sincere D_Clear_38%
1-Day_Color_Sph,T0589,PIA D_Twinkle Brown_55%_14.5 UV,P0589,PIA D_Twinkle Brown_55%_14.5 UV,Q0589,PIA D_Twinkle Brown_55%_14.5 UV,R0589,PIA D_Twinkle Brown_55%_14.5 UV
1-Day_Color_Sph,T0590,PIA D_Pink Bomb_55%_14.5 UV,P0590,PIA D_Pink Bomb_55%_14.5 UV,Q0590,PIA D_Pink Bomb_55%_14.5 UV,R0590,PIA D_Pink Bomb_55%_14.5 UV
FRP_Color_Sph,T0591,Brulee Pearl_PIA_M_(중),P0591,Brulee Pearl_PIA_M_(중),Q0591,Brulee Pearl_PIA_M,R0591,Brulee Pearl_PIA_M
FRP_Color_Sph,T0592,Almond Poodle_PIA_M_(중),P0592,Almond Poodle_PIA_M_(중),Q0592,Almond Poodle_PIA_M,R0592,Almond Poodle_PIA_M
1-Day_Color_Sph,T0593,PIA D_Cat Pearl_55%_14.5 UV,P0593,PIA D_Cat Pearl_55%_14.5 UV,Q0593,PIA D_Cat Pearl_55%_14.5 UV,R0593,PIA D_Cat Pearl_55%_14.5 UV
1-Day_Color_Sph,T0594,PIA D_Moon Melt Brown_55%_14.5 UV,P0594,PIA D_Moon Melt Brown_55%_14.5 UV,Q0594,PIA D_Moon Melt Brown_55%_14.5 UV,R0594,PIA D_Moon Melt Brown_55%_14.5 UV
1-Day_Color_Sph,T0595,PIA D_Princess Chocolat_55%_14.5 UV,P0595,PIA D_Princess Chocolat_55%_14.5 UV,Q0595,PIA D_Princess Chocolat_55%_14.5 UV,R0595,PIA D_Princess Chocolat_55%_14.5 UV
1-Day_Color_Sph,T0596,PIA D_Star Glow_55%_14.5 UV,P0596,PIA D_Star Glow_55%_14.5 UV,Q0596,PIA D_Star Glow_55%_14.5 UV,R0596,PIA D_Star Glow_55%_14.5 UV
1-Day_Color_Sph,T0597,PIA D_Maria Ring_55%_14.5 UV,P0597,PIA D_Maria Ring_55%_14.5 UV,Q0597,PIA D_Maria Ring_55%_14.5 UV,R0597,PIA D_Maria Ring_55%_14.5 UV
1-Day_Color_Sph,T0598,PIA D_Mermaid Ring_55%_14.5 UV,P0598,PIA D_Mermaid Ring_55%_14.5 UV,Q0598,PIA D_Mermaid Ring_55%_14.5 UV,R0598,PIA D_Mermaid Ring_55%_14.5 UV
1-Day_Color_Sph,T0599,PIA D_Sunny Bear_55%_14.5 UV,P0599,PIA D_Sunny Bear_55%_14.5 UV,Q0599,PIA D_Sunny Bear_55%_14.5 UV,R0599,PIA D_Sunny Bear_55%_14.5 UV
FRP_Color_Sph,T0600,Pink Bomb_PIA_M_(중),P0600,Pink Bomb_PIA_M_(중),Q0600,Pink Bomb_PIA_M,R0600,Pink Bomb_PIA_M
FRP_Color_Sph,T0601,Twinkle Brown_PIA_M_(중),P0601,Twinkle Brown_PIA_M_(중),Q0601,Twinkle Brown_PIA_M,R0601,Twinkle Brown_PIA_M
FRP_Color_Sph,T0602,Rose M_SILK_3T_43%_14.5_(원),P0602,Rose M_SILK_3T_43%_14.5_(원),Q1003,S43-Dry-14.5,R1003,S43-Dry-14.5
1-Day_Color_Sph,T0603,T-Garden D_Coco Mood_55% UV,P0603,T-Garden D_Coco Mood_55% UV,Q0603,T-Garden D_Coco Mood_55% UV,R0603,T-Garden D_Coco Mood_55% UV
1-Day_Color_Sph,T0604,T-Garden D_Smore Mist_55% UV,P0604,T-Garden D_Smore Mist_55% UV,Q0604,T-Garden D_Smore Mist_55% UV,R0604,T-Garden D_Smore Mist_55% UV
FRP_Color_Sph,T0605,Clalen 6M_YOUYU_38%_(중),P0605,Clalen 6M_YOUYU_38%_(중),Q4711,(NEW)S38-Dry-14.2,R4711,(NEW)S38-Dry-14.2
FRP_Color_Sph,T1078,Clalen 1M_YOUYU(BLUE)38%(TW),P0605,Clalen 6M_YOUYU_38%_(중),Q4711,(NEW)S38-Dry-14.2,R4711,(NEW)S38-Dry-14.2
FRP_Color_Sph,T0606,Clalen 6M_WEIGUANG_38%_(중),P0606,Clalen 6M_WEIGUANG_38%_(중),Q4711,(NEW)S38-Dry-14.2,R4711,(NEW)S38-Dry-14.2
FRP_Color_Sph,T1079,Clalen 1M_WEIGUANG(GRAY)38%(TW),P0606,Clalen 6M_WEIGUANG_38%_(중),Q4711,(NEW)S38-Dry-14.2,R4711,(NEW)S38-Dry-14.2
FRP_Color_Sph,T0607,Clalen 6M_ANYE_38%_(중),P0607,Clalen 6M_ANYE_38%_(중),Q4711,(NEW)S38-Dry-14.2,R4711,(NEW)S38-Dry-14.2
FRP_Color_Sph,T1080,Clalen 1M_ANYE(BLACK)38%(TW),P0607,Clalen 6M_ANYE_38%_(중),Q4711,(NEW)S38-Dry-14.2,R4711,(NEW)S38-Dry-14.2
FRP_Color_Sph,T0608,Clalen 6M_KUTAO_38%_(중),P0608,Clalen 6M_KUTAO_38%_(중),Q4711,(NEW)S38-Dry-14.2,R4711,(NEW)S38-Dry-14.2
FRP_Color_Sph,T1081,Clalen 1M_KUTAO(BROWN)38%(TW),P0608,Clalen 6M_KUTAO_38%_(중),Q4711,(NEW)S38-Dry-14.2,R4711,(NEW)S38-Dry-14.2
Si_FRP_Sph,T0609,O2O2 M_Spherical_FGC,P0609,O2O2 M_Spherical_FGC,Q5420,O2O2 Spherical(DK70)_K2-SMD,R5420,O2O2 Spherical(DK70)_K2-SMD
FRP_Color_Sph,T0610,MG M_Nature Brown_GLAM_(중),P0610,MG M_Nature Brown_GLAM_(중),Q1002,S43-Dry,R1002,S43-Dry
FRP_Color_Sph,T0611,MG M_Nature Gray_GLAM_(중),P0611,MG M_Nature Gray_GLAM_(중),Q1002,S43-Dry,R1002,S43-Dry
FRP_Color_Sph,T0612,MG M_Asian Brown_GLAM_(중),P0612,MG M_Asian Brown_GLAM_(중),Q1002,S43-Dry,R1002,S43-Dry
FRP_Color_Sph,T0613,MG M_Asian Gray_GLAM_(중),P0613,MG M_Asian Gray_GLAM_(중),Q1002,S43-Dry,R1002,S43-Dry
FRP_Color_Sph,T0614,MG M_Perfect Brown_GLAM_(중),P0614,MG M_Perfect Brown_GLAM_(중),Q4714,(NEW)S43-HD-Dry-14.2,R4714,(NEW)S43-HD-Dry-14.2
FRP_Color_Sph,T0615,MG M_Glow Hazel_GLAM_(중),P0615,MG M_Glow Hazel_GLAM_(중),Q4714,(NEW)S43-HD-Dry-14.2,R4714,(NEW)S43-HD-Dry-14.2
FRP_Color_Sph,T0616,MG M_No.1 Hazel_GLAM_(중),P0616,MG M_No.1 Hazel_GLAM_(중),Q4714,(NEW)S43-HD-Dry-14.2,R4714,(NEW)S43-HD-Dry-14.2
1-Day_Color_Sph,T0617,BELLA D_Saudi_Ocean Blue_55%,P0617,BELLA D_Saudi_Ocean Blue_55%,Q2010,BELLA_Ocean Blue,R2010,BELLA_Ocean Blue
1-Day_Color_Sph,T0618,BELLA D_Saudi_Radiant Hazelnut_55%,P0618,BELLA D_Saudi_Radiant Hazelnut_55%,Q2011,BELLA_RADIANT HAZELNUT,R2011,BELLA_RADIANT HAZELNUT
1-Day_Color_Sph,T0619,BELLA D_Saudi_Hazel Beige_55%,P0619,BELLA D_Saudi_Hazel Beige_55%,Q2012,BELLA_HAZEL BEIGE,R2012,BELLA_HAZEL BEIGE
1-Day_Color_Sph,T0620,BELLA D_Saudi_Citrine Crystal_55%,P0620,BELLA D_Saudi_Citrine Crystal_55%,Q2013,BELLA_CITRINE CRYSTAL,R2013,BELLA_CITRINE CRYSTAL
1-Day_Color_Sph,T0621,BELLA D_Saudi_Bluish Gray_55%,P0621,BELLA D_Saudi_Bluish Gray_55%,Q2014,BELLA_Bluish Gray,R2014,BELLA_Bluish Gray
1-Day_Color_Sph,T0622,BELLA D_Saudi_Hazel Honey_55%,P0622,BELLA D_Saudi_Hazel Honey_55%,Q2026,BELLA_1-Day_Hazel Honey,R2026,BELLA_1-Day_Hazel Honey
1-Day_Color_Sph,T0623,BELLA D_Saudi_Almond Brown_55%,P0623,BELLA D_Saudi_Almond Brown_55%,Q2027,BELLA_1-Day_Almond Brown,R2027,BELLA_1-Day_Almond Brown
1-Day_Color_Sph,T0624,BELLA D_Saudi_Platinum Grey_55%,P0624,BELLA D_Saudi_Platinum Grey_55%,Q2028,BELLA_1-Day_Platinum Grey,R2028,BELLA_1-Day_Platinum Grey
1-Day_Color_Sph,T0625,BELLA D_Saudi_Rosewood_55%,P0625,BELLA D_Saudi_Rosewood_55%,Q2035,BELLA D_Rosewood,R2035,BELLA D_Rosewood
1-Day_Color_Sph,T0626,BELLA D_Saudi_Ash Brown_55%,P0626,BELLA D_Saudi_Ash Brown_55%,Q2036,BELLA D_Ash Brown,R2036,BELLA D_Ash Brown
1-Day_Color_Sph,T0627,BELLA D_Saudi_Pine_55%,P0627,BELLA D_Saudi_Pine_55%,Q5316,BELLA D_Pine,R5316,BELLA D_Pine
1-Day_Color_Sph,T0628,BELLA D_Saudi_Cedar_55%,P0628,BELLA D_Saudi_Cedar_55%,Q5317,BELLA D_Cedar,R5317,BELLA D_Cedar
1-Day_Color_Sph,T0629,BELLA D_Saudi_Garnet_55%,P0629,BELLA D_Saudi_Garnet_55%,Q5386,BELLA D_Garnet,R5386,BELLA D_Garnet
1-Day_Color_Sph,T0630,BELLA D_Saudi_Star_55%,P0630,BELLA D_Saudi_Star_55%,Q5387,BELLA D_Star,R5387,BELLA D_Star
1-Day_Color_Sph,T0631,BELLA D_Saudi_Cove_55%,P0631,BELLA D_Saudi_Cove_55%,Q5388,BELLA D_Cove,R5388,BELLA D_Cove
1-Day_Color_Sph,T0632,BELLA D_Saudi_MARS_55%,P0632,BELLA D_Saudi_MARS_55%,Q0581,BELLA D_MARS 55%,R0581,BELLA D_MARS 55%
1-Day_Color_Sph,T0633,BELLA D_Saudi_EARTH_55%,P0633,BELLA D_Saudi_EARTH_55%,Q0582,BELLA D_EARTH 55%,R0582,BELLA D_EARTH 55%
1-Day_Color_Sph,T0634,BELLA D_Saudi_VENUS_55%,P0634,BELLA D_Saudi_VENUS_55%,Q0583,BELLA D_VENUS 55%,R0583,BELLA D_VENUS 55%
Si_FRP_Sph,T1000,O2O2 M_UV_Spherical(DK70)_SMH_OPTIC CENTER,P1000,O2O2 M_UV_Spherical(DK70)_SMH_OPTIC CENTER,Q1026,O2O2 Spherical_K2-SMDH,R1026,O2O2 Spherical_K2-SMDH
1-Day_Sph,T1010,Lensmart_Clalen_55% Metha 1Day_30P,P1010,Lensmart_Clalen_55% Metha 1Day,Q0002,1-Day_Metha,R0002,1-Day_Metha
1-Day_Color_Sph,T1012,SkyOptical D_Burnish Hazel_55%,P1012,SkyOptical D_Burnish Hazel_55%,Q1012,SkyOptical D_Burnish Hazel_55%,R1012,SkyOptical D_Burnish Hazel_55%
1-Day_Color_Sph,T1013,SkyOptical D_Highlight Gray_55%,P1013,SkyOptical D_Highlight Gray_55%,Q1013,SkyOptical D_Highlight Gray_55%,R1013,SkyOptical D_Highlight Gray_55%
1-Day_Color_Sph,T1014,Clalen D_XUYU_55%,P1014,Clalen D_XUYU_55%,Q1014,Clalen D_XUYU_55%,R1014,Clalen D_XUYU_55%
1-Day_Color_Sph,T1015,Clalen D_FUGUANG_55%,P1015,Clalen D_FUGUANG_55%,Q1015,Clalen D_FUGUANG_55%,R1015,Clalen D_FUGUANG_55%
1-Day_Color_Sph,T1016,Clalen D_MIZONG_55%,P1016,Clalen D_MIZONG_55%,Q1016,Clalen D_MIZONG_55%,R1016,Clalen D_MIZONG_55%
1-Day_Color_Sph,T1017,Clalen D_LANDIAO_55%,P1017,Clalen D_LANDIAO_55%,Q1017,Clalen D_LANDIAO_55%,R1017,Clalen D_LANDIAO_55%
FRP_Color_Sph,T1018,Sugar Pearl_PIA_M_(중),P1018,Sugar Pearl_PIA_M_(중),Q1018,Sugar Pearl_PIA_M,R1018,Sugar Pearl_PIA_M
FRP_Color_Sph,T1019,Melty Butter_PIA_M_(중),P1019,Melty Butter_PIA_M_(중),Q1019,Melty Butter_PIA_M,R1019,Melty Butter_PIA_M
1-Day_Color_Sph,T1021,HAPA(PIA) D_Sugar High Kristin Ash Choco 14.2_55% ,P1021,HAPA(PIA) D_Sugar High Kristin Ash Choco 14.2_55% ,Q1021,HAPA(PIA) D_Sugar High Kristin Ash Choco 14.2_55% ,R1021,HAPA(PIA) D_Sugar High Kristin Ash Choco 14.2_55% 
1-Day_Color_Sph,T1022,HAPA(PIA) D_Sugar High Kristin Beige 14.2_55% UV,P1022,HAPA(PIA) D_Sugar High Kristin Beige 14.2_55% UV,Q1022,HAPA(PIA) D_Sugar High Kristin Beige 14.2_55% UV,R1022,HAPA(PIA) D_Sugar High Kristin Beige 14.2_55% UV
1-Day_Color_Sph,T1023,HAPA(PIA) D_Sugar High Kristin Plus Gray 14.2_55% ,P1023,HAPA(PIA) D_Sugar High Kristin Plus Gray 14.2_55% ,Q1023,HAPA(PIA) D_Sugar High Kristin Plus Gray 14.2_55% ,R1023,HAPA(PIA) D_Sugar High Kristin Plus Gray 14.2_55% 
1-Day_Color_Sph,T1024,HAPA(PIA) D_First Love Kristin Brown 14.2_38% UV,P1024,HAPA(PIA) D_First Love Kristin Brown 14.2_38% UV,Q1024,HAPA(PIA) D_First Love Kristin Brown 14.2_38% UV,R1024,HAPA(PIA) D_First Love Kristin Brown 14.2_38% UV
Si_1-Day_M/F,T1025,O2O2_D_Multifocal_K2_SMDH_WHITE,P1025,O2O2_D_Multifocal_K2_SMDH_WHITE,Q1025,O2O2_Multifocal_K2_SMDH,R1025,O2O2_Multifocal_K2_SMDH
Si_1-Day_Sph,T1026,O2O2 D_Spherical_K2-SMDH_WHITE,P1026,O2O2 D_Spherical_K2-SMDH_WHITE,Q1026,O2O2 Spherical_K2-SMDH,R1026,O2O2 Spherical_K2-SMDH
Si_FRP_M/F,T1027,O2O2 M_Multifocal_K2_SMDH_(소),P1027,O2O2 M_Multifocal_K2_SMDH_(소),Q1025,O2O2_Multifocal_K2_SMDH,R1025,O2O2_Multifocal_K2_SMDH
Si_FRP_Sph,T1028,O2O2 M_Spherical_K2-SMDH_(소),P1028,O2O2 M_Spherical_K2-SMDH_(소),Q1026,O2O2 Spherical_K2-SMDH,R1026,O2O2 Spherical_K2-SMDH
1-Day_Color_Sph,T1029,BELLA D_Pine(5Y),P1029,BELLA D_Pine(5Y),Q5316,BELLA D_Pine,R5316,BELLA D_Pine
1-Day_Color_Sph,T1030,BELLA D_Cedar(5Y),P1030,BELLA D_Cedar(5Y),Q5317,BELLA D_Cedar,R5317,BELLA D_Cedar
1-Day_Color_Sph,T1031,BELLA D_Garnet(5Y),P1031,BELLA D_Garnet(5Y),Q5386,BELLA D_Garnet,R5386,BELLA D_Garnet
1-Day_Color_Sph,T1032,BELLA D_Star(5Y),P1032,BELLA D_Star(5Y),Q5387,BELLA D_Star,R5387,BELLA D_Star
1-Day_Color_Sph,T1033,BELLA D_Cove(5Y),P1033,BELLA D_Cove(5Y),Q5388,BELLA D_Cove,R5388,BELLA D_Cove
1-Day_Color_Sph,T1034,PIA D_Starflare Beige_55% UV 14.2,P1034,PIA D_Starflare Beige_55% UV 14.2,Q1034,PIA D_Starflare Beige_55% UV 14.2,R1034,PIA D_Starflare Beige_55% UV 14.2
1-Day_Color_Sph,T1035,PIA D_Starflare Gray_55% UV 14.2,P1035,PIA D_Starflare Gray_55% UV 14.2,Q1035,PIA D_Starflare Gray_55% UV 14.2,R1035,PIA D_Starflare Gray_55% UV 14.2
1-Day_Color_Sph,T1036,PIA D_Iconic Brown_55% UV 14.2,P1036,PIA D_Iconic Brown_55% UV 14.2,Q1036,PIA D_Iconic Brown_55% UV 14.2,R1036,PIA D_Iconic Brown_55% UV 14.2
1-Day_Color_Sph,T1037,PIA D_Iconic Gray_55% UV 14.2,P1037,PIA D_Iconic Gray_55% UV 14.2,Q1037,PIA D_Iconic Gray_55% UV 14.2,R1037,PIA D_Iconic Gray_55% UV 14.2
1-Day_Color_Sph,T1038,PIA D_Dayglow Brown_55% UV 14.2,P1038,PIA D_Dayglow Brown_55% UV 14.2,Q1038,PIA D_Dayglow Brown_55% UV 14.2,R1038,PIA D_Dayglow Brown_55% UV 14.2
1-Day_Color_Sph,T1039,PIA D_Dayglow Gray_55% UV 14.2,P1039,PIA D_Dayglow Gray_55% UV 14.2,Q1039,PIA D_Dayglow Gray_55% UV 14.2,R1039,PIA D_Dayglow Gray_55% UV 14.2
FRP_Color_Sph,T1040,Choco Ribbon_PIA_M_(중),P1040,Choco Ribbon_PIA_M_(중),Q1040,Choco Ribbon_PIA_M_(중),R1040,Choco Ribbon_PIA_M_(중)
FRP_Color_Sph,T1041,Sugar Ribbon_PIA_M_(중),P1041,Sugar Ribbon_PIA_M_(중),Q1041,Sugar Ribbon_PIA_M_(중),R1041,Sugar Ribbon_PIA_M_(중)
1-Day_Color_Sph,T1042,PIA D_Choco Ribbon_55% UV 14.2,P1042,PIA D_Choco Ribbon_55% UV 14.2,Q1042,PIA D_Choco Ribbon_55% UV 14.2,R1042,PIA D_Choco Ribbon_55% UV 14.2
1-Day_Color_Sph,T1043,PIA D_Sugar Ribbon_55% UV 14.2,P1043,PIA D_Sugar Ribbon_55% UV 14.2,Q1043,PIA D_Sugar Ribbon_55% UV 14.2,R1043,PIA D_Sugar Ribbon_55% UV 14.2
1-Day_Color_Sph,T1044,PIA D_Jelly Quartz_55% UV 14.2,P1044,PIA D_Jelly Quartz_55% UV 14.2,Q1044,PIA D_Jelly Quartz_55% UV 14.2,R1044,PIA D_Jelly Quartz_55% UV 14.2
FRP_Color_Sph,T1045,Jelly Quartz_PIA_M_(중),P1045,Jelly Quartz_PIA_M_(중),Q1045,Jelly Quartz_PIA_M_(중),R1045,Jelly Quartz_PIA_M_(중)
FRP_Color_Sph,T1046,Lady Black_PIA_M_(중)_14.5,P1046,Lady Black_PIA_M_(중)_14.5,Q1046,Lady Black_PIA_M_(중)_14.5,R1046,Lady Black_PIA_M_(중)_14.5
FRP_Color_Sph,T1047,Idol Ring_PIA_M_(중)_14.5,P1047,Idol Ring_PIA_M_(중)_14.5,Q1047,Idol Ring_PIA_M_(중)_14.5,R1047,Idol Ring_PIA_M_(중)_14.5
FRP_Color_Sph,T1048,Princess Chocolat_PIA_M_(중)_14.5,P1048,Princess Chocolat_PIA_M_(중)_14.5,Q1048,Princess Chocolat_PIA_M_(중)_14.5,R1048,Princess Chocolat_PIA_M_(중)_14.5
FRP_Color_Sph,T1049,FLAAK (New Color) Sky Blue_M_(중),P1049,FLAAK (New Color) Sky Blue_M_(중),Q1049,FLAAK (New Color) Sky Blue_M,R1049,FLAAK (New Color) Sky Blue_M
FRP_Color_Sph,T1050,FLAAK (New Color) Tropical_M_(중),P1050,FLAAK (New Color) Tropical_M_(중),Q1050,FLAAK (New Color) Tropical_M,R1050,FLAAK (New Color) Tropical_M
FRP_Color_Sph,T1051,FLAAK (New Color) Sahara_M_(중),P1051,FLAAK (New Color) Sahara_M_(중),Q1051,FLAAK (New Color) Sahara_M,R1051,FLAAK (New Color) Sahara_M
Si_FRP_Toric,S422,Clalen O2O2 M Toric_6P,P1052,O2O2 D_Toric_SMDH_WHITE,Q1052,O2O2 D_Toric_SMDH,R1052,O2O2 D_Toric_SMDH
Si_FRP_Toric,S423,Clalen O2O2 M Toric_샘플(2P),P1052,O2O2 D_Toric_SMDH_WHITE,Q1052,O2O2 D_Toric_SMDH,R1052,O2O2 D_Toric_SMDH
Si_1-Day_Toric,T1052,O2O2 D_Toric_SMDH_WHITE,P1052,O2O2 D_Toric_SMDH_WHITE,Q1052,O2O2 D_Toric_SMDH,R1052,O2O2 D_Toric_SMDH
1-Day_Color_Sph,T1053,HAPA(PIA) D_One&Only Kristin Plus Gray 14.2_38%,P1053,HAPA(PIA) D_One&Only Kristin Plus Gray 14.2_38%,Q1053,HAPA(PIA) D_One&Only Kristin Plus Gray 14.2_38%,R1053,HAPA(PIA) D_One&Only Kristin Plus Gray 14.2_38%
1-Day_Color_Sph,T1054,HAPA(PIA) D_One&Only Kristin Plus Brown 14.2_38%,P1054,HAPA(PIA) D_One&Only Kristin Plus Brown 14.2_38%,Q1054,HAPA(PIA) D_One&Only Kristin Plus Brown 14.2_38%,R1054,HAPA(PIA) D_One&Only Kristin Plus Brown 14.2_38%
1-Day_Color_Sph,T1055,HAPA(PIA) D_One&Only Kristin Big Plus Gray 14.5_38,P1055,HAPA(PIA) D_One&Only Kristin Big Plus Gray 14.5_38,Q1055,HAPA(PIA) D_One&Only Kristin Big Plus Gray 14.5_38,R1055,HAPA(PIA) D_One&Only Kristin Big Plus Gray 14.5_38
1-Day_Color_Sph,T1056,HAPA(PIA) D_One&Only Kristin Big Plus Brown 14.5_3,P1056,HAPA(PIA) D_One&Only Kristin Big Plus Brown 14.5_3,Q1056,HAPA(PIA) D_One&Only Kristin Big Plus Brown 14.5_3,R1056,HAPA(PIA) D_One&Only Kristin Big Plus Brown 14.5_3
Si_1-Day_Sph,T1057,O2O2 D_UV_Spherical(DK70)_SMH_Esoform,P1057,O2O2 D_UV_Spherical(DK70)_SMH_Esoform,Q1026,O2O2 Spherical_K2-SMDH,R1026,O2O2 Spherical_K2-SMDH
Si_1-Day_Sph,T1058,O2O2 D_UV_Spherical(DK70)_SMH_OKVision,P1058,O2O2 D_UV_Spherical(DK70)_SMH_OKVision,Q1026,O2O2 Spherical_K2-SMDH,R1026,O2O2 Spherical_K2-SMDH
1-Day_Color_Toric,T1059,PIA D Toric_TOPARDS Baby Espresso_55%_UV,P1059,PIA D Toric_TOPARDS Baby Espresso_55%_UV,Q1059,PIA D Toric_TOPARDS Baby Espresso_55%_UV,R1059,PIA D Toric_TOPARDS Baby Espresso_55%_UV
1-Day_Color_Sph,T1060,PIA D_Gray Bunny_55% UV 14.2,P1060,PIA D_Gray Bunny_55% UV 14.2,Q1060,PIA D_Gray Bunny_55% UV 14.2,R1060,PIA D_Gray Bunny_55% UV 14.2
1-Day_Color_Sph,T1061,PIA D_Cherish Brown_55% UV 14.2,P1061,PIA D_Cherish Brown_55% UV 14.2,Q1061,PIA D_Cherish Brown_55% UV 14.2,R1061,PIA D_Cherish Brown_55% UV 14.2
FRP_Color_Sph,T1062,Gray Bunny_PIA_M_(중)_14.2,P1062,Gray Bunny_PIA_M_(중)_14.2,Q1062,Gray Bunny_PIA_M_(중)_14.2,R1062,Gray Bunny_PIA_M_(중)_14.2
FRP_Color_Sph,T1063,Cherish Brown_PIA_M_(중)_14.2,P1063,Cherish Brown_PIA_M_(중)_14.2,Q1063,Cherish Brown_PIA_M_(중)_14.2,R1063,Cherish Brown_PIA_M_(중)_14.2
1-Day_Color_Toric,T1064,PIA D Toric_Brown Bunny_55% UV,P1064,PIA D Toric_Brown Bunny_55% UV,Q1064,PIA D Toric_Brown Bunny_55% UV,R1064,PIA D Toric_Brown Bunny_55% UV
1-Day_Color_Toric,T1065,PIA D Toric_Dollish Gray_55% UV,P1065,PIA D Toric_Dollish Gray_55% UV,Q1065,PIA D Toric_Dollish Gray_55% UV,R1065,PIA D Toric_Dollish Gray_55% UV
1-Day_Color_Toric,T1066,PIA D Toric_Coffee Jelly_55% UV,P1066,PIA D Toric_Coffee Jelly_55% UV,Q1066,PIA D Toric_Coffee Jelly_55% UV,R1066,PIA D Toric_Coffee Jelly_55% UV
1-Day_Sph,T1067,1-DAY(OPTIC CENTER ADRIA X),P1067,1-DAY(OPTIC CENTER ADRIA X),Q3081,1-day_58_Kontaktni-HA,R3081,1-day_58_Kontaktni-HA
1-Day_Color_Sph,T1068,BELLA D_Siren Bronze 55%,P1068,BELLA D_Siren Bronze 55%,Q1068,BELLA D_Siren Bronze 55%,R1068,BELLA D_Siren Bronze 55%
1-Day_Color_Sph,T1069,BELLA D_Nerelle 55%,P1069,BELLA D_Nerelle 55%,Q1069,BELLA D_Nerelle 55%,R1069,BELLA D_Nerelle 55%
1-Day_Color_Sph,T1070,BELLA D_Silent Gray 55%,P1070,BELLA D_Silent Gray 55%,Q1070,BELLA D_Silent Gray 55%,R1070,BELLA D_Silent Gray 55%
1-Day_Color_Sph,T1071,BELLA D_Saudi_Siren Bronze 55%,P1071,BELLA D_Saudi_Siren Bronze 55%,Q1068,BELLA D_Siren Bronze 55%,R1068,BELLA D_Siren Bronze 55%
1-Day_Color_Sph,T1072,BELLA D_Saudi_Nerelle 55%,P1072,BELLA D_Saudi_Nerelle 55%,Q1069,BELLA D_Nerelle 55%,R1069,BELLA D_Nerelle 55%
1-Day_Color_Sph,T1073,BELLA D_Saudi_Silent Gray 55%,P1073,BELLA D_Saudi_Silent Gray 55%,Q1070,BELLA D_Silent Gray 55%,R1070,BELLA D_Silent Gray 55%
1-Day_Color_Sph,T1074,Clalen D_MIZONG(BLACK)55%(TW),P1074,Clalen D_MIZONG(BLACK)55%(TW),Q1016,Clalen D_MIZONG_55%,R1016,Clalen D_MIZONG_55%
1-Day_Color_Sph,T1075,Clalen D_LANDIAO(BLUE)55%(TW),P1075,Clalen D_LANDIAO(BLUE)55%(TW),Q1017,Clalen D_LANDIAO_55%,R1017,Clalen D_LANDIAO_55%
1-Day_Color_Sph,T1076,Clalen D_XUYU(PINK)55%(TW),P1076,Clalen D_XUYU(PINK)55%(TW),Q1014,Clalen D_XUYU_55%,R1014,Clalen D_XUYU_55%
1-Day_Color_Sph,T1077,Clalen D_FUGUANG(GRAY)55%(TW),P1077,Clalen D_FUGUANG(GRAY)55%(TW),Q1015,Clalen D_FUGUANG_55%,R1015,Clalen D_FUGUANG_55%
1-Day_Color_Sph,T1082,PIA D_Chai Cafe_55% UV 14.2,P1082,PIA D_Chai Cafe_55% UV 14.2,Q1082,PIA D_Chai Cafe_55% UV 14.2,R1082,PIA D_Chai Cafe_55% UV 14.2
1-Day_Color_Sph,T1083,PIA D_Choco Mist_55% UV 14.2,P1083,PIA D_Choco Mist_55% UV 14.2,Q1083,PIA D_Choco Mist_55% UV 14.2,R1083,PIA D_Choco Mist_55% UV 14.2
1-Day_Color_Sph,T1084,PIA D_Mini Coffee Jelly_55% UV 14.2,P1084,PIA D_Mini Coffee Jelly_55% UV 14.2,Q1084,PIA D_Mini Coffee Jelly_55% UV 14.2,R1084,PIA D_Mini Coffee Jelly_55% UV 14.2
FRP_Color_Sph,T1085,(NEW)MG M_No.1 Hazel_GLAM_(중),P1085,(NEW)MG M_No.1 Hazel_GLAM_(중),Q7521,Coral Brown_2T_(PBT)PIA_M(Y),R7521,Coral Brown_2T_(PBT)PIA_M(Y)
1-Day_Color_Sph,T1086,T-Garden D_Pule Shabon_55% UV 14.2,P1086,T-Garden D_Pule Shabon_55% UV 14.2,Q1086,T-Garden D_Pule Shabon_55% UV 14.2,R1086,T-Garden D_Pule Shabon_55% UV 14.2
1-Day_Color_Sph,T1087,T-Garden D_Melty Time_55% UV 14.2,P1087,T-Garden D_Melty Time_55% UV 14.2,Q1087,T-Garden D_Melty Time_55% UV 14.2,R1087,T-Garden D_Melty Time_55% UV 14.2
FRP_Sph,S036,Bandage팩,P1100,Bandage_소사각,Q1100,Bandage_소사각,R1100,Bandage_소사각
FRP_Sph,T1100,Bandage_소사각,P1100,Bandage_소사각,Q1100,Bandage_소사각,R1100,Bandage_소사각
FRP_Sph,S009,S38 (8.50)_은캡,P1104,S38_은캡(BLUE TINT),Q1110,S38-2_Blue,R1110,S38-2_Blue
FRP_Sph,T1104,S38_은캡(BLUE TINT),P1104,S38_은캡(BLUE TINT),Q1110,S38-2_Blue,R1110,S38-2_Blue
FRP_Sph,T1105,S38_바이알(G),P1105,S38_바이알(G),Q1105,S38_바이알,R1105,S38_바이알
FRP_Sph,T1106,S38 원형(Green),P1106,S38 원형(Green),Q1105,S38_바이알,R1105,S38_바이알
FRP_Sph,S022,LTOR Gold,P1110,S38-2_스크류(B),Q1110,S38-2_Blue,R1110,S38-2_Blue
FRP_Sph,S023,LTOR Silver,P1110,S38-2_스크류(B),Q1110,S38-2_Blue,R1110,S38-2_Blue
FRP_Sph,S024,PolyVue HD_스크류,P1110,S38-2_스크류(B),Q1110,S38-2_Blue,R1110,S38-2_Blue
FRP_Sph,T1110,S38-2_스크류(B),P1110,S38-2_스크류(B),Q1110,S38-2_Blue,R1110,S38-2_Blue
FRP_Sph,T1112,S38-2_원형(Blue),P1112,S38-2_원형(Blue),Q1110,S38-2_Blue,R1110,S38-2_Blue
FRP_Sph,S012,S45_금캡,P1115,S45_금캡,Q1115,S45,R1115,S45
FRP_Sph,S014,Davich V,P1115,S45_금캡,Q1115,S45,R1115,S45
FRP_Sph,S020,LTOR,P1115,S45_금캡,Q1115,S45,R1115,S45
FRP_Sph,T1117,S45_중사각,P1117,S45_중사각,Q1115,S45,R1115,S45
FRP_Sph,S013,PLUS30,P1120,PLUS30_초록,Q1120,PLUS30_초록,R1120,PLUS30_초록
FRP_Sph,S015,Davich A,P1120,PLUS30_초록,Q1120,PLUS30_초록,R1120,PLUS30_초록
FRP_Sph,S021,LTOR PLUS,P1120,PLUS30_초록,Q1120,PLUS30_초록,R1120,PLUS30_초록
FRP_Sph,T1120,PLUS30_초록,P1120,PLUS30_초록,Q1120,PLUS30_초록,R1120,PLUS30_초록
FRP_Toric,T1125,T38_금캡,P1125,T38_금캡,Q1125,T38,R1125,T38
FRP_Toric,S019,T38-2,P1126,T38_스크류,Q1125,T38,R1125,T38
FRP_Toric,S025,PolyVue HDT_스크류,P1126,T38_스크류,Q1125,T38,R1125,T38
FRP_Toric,T1126,T38_스크류,P1126,T38_스크류,Q1125,T38,R1125,T38
FRP_Toric,T1127,T38_원형,P1127,T38_원형,Q1125,T38,R1125,T38
FRP_Toric,T1128,T38_소사각,P1128,T38_소사각,,,,
FRP_Sph,S008,US38_팩,P1130,US38_금캡,Q1130,US38,R1130,US38
FRP_Sph,T1135,CS30_원형_8.60,P1135,CS30_원형_8.60,Q1005,(N)CS30-Dry_8.60,R1005,(N)CS30-Dry_8.60
FRP_Sph,S010,S38_은캡 (8.70),P1136,CS30_은캡_8.60,Q1005,(N)CS30-Dry_8.60,R1005,(N)CS30-Dry_8.60
FRP_Sph,T1136,CS30_은캡_8.60,P1136,CS30_은캡_8.60,Q1005,(N)CS30-Dry_8.60,R1005,(N)CS30-Dry_8.60
FRP_Sph,T1137,CS30_원형_8.90,P1137,CS30_원형_8.90,Q1006,(N)CS30_8.90,R1006,(N)CS30_8.90
FRP_Sph,S011,S38 (8.90)은캡,P1138,CS30_은캡_8.90,Q1006,(N)CS30_8.90,R1006,(N)CS30_8.90
FRP_Sph,T1138,CS30_은캡_8.90,P1138,CS30_은캡_8.90,Q1006,(N)CS30_8.90,R1006,(N)CS30_8.90
FRP_M/F,S026,HDX_38,P1140,HD-X38_스크류,Q1140,HDX38_스크류,R1140,HDX38_스크류
FRP_M/F,T1140,HD-X38_스크류,P1140,HD-X38_스크류,Q1140,HDX38_스크류,R1140,HDX38_스크류
FRP_M/F,T1141,HD-X38_은캡,P1141,HD-X38_은캡,Q1140,HDX38_스크류,R1140,HDX38_스크류
FRP_M/F,T1145,HDX-43%_원형,P1145,HDX-43%_원형,Q1145,HDX-43%,R1145,HDX-43%
FRP_M/F,S077,Clalen Multi Vue_6팩,P1150,HD-X55_소사각,Q1150,HD-X55_소사각,R1150,HD-X55_소사각
FRP_M/F,S078,Clalen Multi Vue_낱개,P1150,HD-X55_소사각,Q1150,HD-X55_소사각,R1150,HD-X55_소사각
FRP_M/F,T1150,HD-X55_소사각,P1150,HD-X55_소사각,Q1150,HD-X55_소사각,R1150,HD-X55_소사각
FRP_M/F_Toric,T1155,HDX-T_43%_원형,P1155,HDX-T_43%_원형,Q1155,HDX-T43%,R1155,HDX-T43%
FRP_M/F_Toric,S027,HDX T,P1156,HDX-T_38%_스크류,Q1156,HDX-T38%,R1156,HDX-T38%
FRP_M/F_Toric,T1156,HDX-T_38%_스크류,P1156,HDX-T_38%_스크류,Q1156,HDX-T38%,R1156,HDX-T38%
FRP_M/F_Toric,T1157,HDX-T_38%_은캡,P1157,HDX-T_38%_은캡,Q1156,HDX-T38%,R1156,HDX-T38%
FRP_M/F_Toric,T1165,I-Plus-T_스크류,P1165,I-Plus-T_스크류,Q1165,I-Plus-T_스크류,R1165,I-Plus-T_스크류
FRP_Sph,T1200,Metha_55_금캡,P1200,Metha_55_금캡,Q1200,Metha_55,R1200,Metha_55
FRP_Sph,T1201,Metha_55_소사각,P1201,Metha_55_소사각,Q1200,Metha_55,R1200,Metha_55
FRP_Sph,T1202,Metha_55_중사각,P1202,Metha_55_중사각,Q1200,Metha_55,R1200,Metha_55
FRP_Sph,T1203,Metha_55_원형,P1203,Metha_55_원형,Q1200,Metha_55,R1200,Metha_55
FRP_Sph,T1205,S55_금캡,P1205,S55_금캡,Q1205,S55,R1205,S55
FRP_Sph,S035,S55_6팩,P1206,S55_소사각,Q1205,S55,R1205,S55
FRP_Sph,S037,Clalen 55S_4개입,P1206,S55_소사각,Q1205,S55,R1205,S55
FRP_Sph,S080,T Lens팩,P1206,S55_소사각,Q1205,S55,R1205,S55
FRP_Sph,T1206,S55_소사각,P1206,S55_소사각,Q1205,S55,R1205,S55
FRP_Sph,T1207,S55_중사각,P1207,S55_중사각,Q1205,S55,R1205,S55
FRP_Sph,T1208,S55_원형,P1208,S55_원형,Q1205,S55,R1205,S55
FRP_Sph,T1209,Metha_55_스크류,P1209,Metha_55_스크류,Q1200,Metha_55,R1200,Metha_55
Si_FRP_Sph,S901,Silicon Hydrogel_소사각,P1210,Silicon Hydrogel_소사각,Q1210,Silicon Hydrogel,R1210,Silicon Hydrogel(사출중지)
Si_FRP_Sph,T1210,Silicon Hydrogel_소사각,P1210,Silicon Hydrogel_소사각,Q1210,Silicon Hydrogel,R1210,Silicon Hydrogel(사출중지)
Si_FRP_Sph,T1211,Silicon Hydrogel_중사각,P1211,Silicon Hydrogel_중사각,Q1210,Silicon Hydrogel,R1210,Silicon Hydrogel(사출중지)
Si_FRP_Sph,T1212,Silicon Hydrogel_원형,P1212,Silicon Hydrogel_원형,Q1210,Silicon Hydrogel,R1210,Silicon Hydrogel(사출중지)
FRP_Color_Sph,S601,Clalen Airsoo 낱개,P1213,Silicon Hydrogel(싱가폴),Q1213,Silicon Hydrogel(싱가폴),R1213,Silicon Hydrogel(싱가폴)
Si_FRP_Sph,S602,Clalen Airsoo (2개입),P1213,Silicon Hydrogel(싱가폴),Q1213,Silicon Hydrogel(싱가폴),R1213,Silicon Hydrogel(싱가폴)
Si_FRP_Sph,S603,Clalen Airsoo (6개입),P1213,Silicon Hydrogel(싱가폴),Q1213,Silicon Hydrogel(싱가폴),R1213,Silicon Hydrogel(싱가폴)
Si_FRP_Sph,T1213,(싱가폴)Silicon Hydrogel,P1213,Silicon Hydrogel(싱가폴),Q1213,Silicon Hydrogel(싱가폴),R1213,Silicon Hydrogel(싱가폴)
Si_FRP_Sph,T9905,Clalen Airsoo (6개입),P1213,Silicon Hydrogel(싱가폴),Q1213,Silicon Hydrogel(싱가폴),R1213,Silicon Hydrogel(싱가폴)
Si_FRP_Sph,T9909,Clalen Airsoo (2개입),P1213,Silicon Hydrogel(싱가폴),Q1213,Silicon Hydrogel(싱가폴),R1213,Silicon Hydrogel(싱가폴)
Si_FRP_Sph,T1214,(싱가폴)Silicon Hydrogel_중사각,P1214,Silicon Hydrogel(싱가폴)_중사각,Q1213,Silicon Hydrogel(싱가폴),R1213,Silicon Hydrogel(싱가폴)
Si_FRP_Toric,T1215,Silicon Hydrogel-T_소사각,P1215,Silicon Hydrogel-T_소사각,Q1215,Silicon Hydrogel-T,R1215,Silicon Hydrogel-T
Si_FRP_M/F,T1216,Silicone relax_소사각,P1216,Silicone relax_소사각,Q1216,Silicone relax,R1216,Silicone relax
Si_FRP_Sph,T1217,Silicon Ophtalmic Sweet SPH_소사각,P1217,Silicon Ophtalmic Sweet SPH_소사각,Q1217,Silicon Ophtalmic Sweet,R1217,Silicon Ophtalmic Sweet
Si_FRP_M/F,T1218,Silicon Sweet Multifocal_소사각,P1218,Silicon Sweet Multifocal_소사각,Q1218,Silicon Sweet Multifocal,R1218,Silicon Sweet Multifocal
Si_FRP_M/F,T1219,Silicon Sweet EP_소사각,P1219,Silicon Sweet EP_소사각,Q1219,Silicon Sweet EP,R1219,Silicon Sweet EP
Si_FRP_Sph,T1221,Silicon Ophtalmic Sweet_중사각,P1221,Silicon Ophtalmic Sweet_중사각,Q1217,Silicon Ophtalmic Sweet,R1217,Silicon Ophtalmic Sweet
FRP_Sph,T1225,SP_HD55_소사각,P1225,SP_HD55_소사각,Q1225,SP_HD55_소사각,R1225,SP_HD55_소사각
FRP_Sph,S038,Clalen 55T_4개입,P1230,T55_소사각,Q1230,T55_소사각,R1230,T55_소사각
FRP_Toric,T1230,T55_소사각,P1230,T55_소사각,Q1230,T55_소사각,R1230,T55_소사각
FRP_Sph,T1245,US55-2(M)_소사각,P1245,US55-2(M)_소사각,Q1245,US55-2(M),R1245,US55-2(M)
FRP_Sph,T1246,US55-2(M)_중사각,P1246,US55-2(M)_중사각,Q1245,US55-2(M),R1245,US55-2(M)
FRP_Sph,T1247,US55-2(M)_원형,P1247,US55-2(M)_원형,Q1245,US55-2(M),R1245,US55-2(M)
FRP_Color_Sph,T1255,From38_소사각,P1255,From38_소사각,Q0004,from 38,R0004,from 38
FRP_Sph,T1256,Sincere_2week UV_Clear,P1256,Sincere_2week UV_Clear,Q1255,Sincere_2week UV_Clear,R1255,Sincere_2week UV_Clear
FRP_Sph,T1257,Sincere 2week_Namida Clear_38%,P1257,Sincere 2week_Namida Clear_38%,Q1255,Sincere_2week UV_Clear,R1255,Sincere_2week UV_Clear
FRP_Sph,T1258,Sincere 2week_Premium UV_38%,P1258,Sincere 2week_Premium UV_38%,Q1255,Sincere_2week UV_Clear,R1255,Sincere_2week UV_Clear
Si_FRP_M/F,T1260,Silicon Multifocal(옵탈믹),P1260,Silicon Multifocal(옵탈믹),Q1260,Silicon Multifocal(옵탈믹),R1260,Silicon Multifocal(옵탈믹)
Si_FRP_M/F,T1265,Silicon Multifocal_소사각,P1265,Silicon Multifocal_소사각,Q1265,Silicon Multifocal,R1265,Silicon Multifocal
FRP_Sph,S140,Clalen 55S_6팩,P1270,55S_3PCS,Q1205,S55,R1205,S55
FRP_Sph,S144,Clalen 55S_낱개,P1270,55S_3PCS,Q1205,S55,R1205,S55
FRP_Sph,T1270,55S_3PCS,P1270,55S_3PCS,Q1205,S55,R1205,S55
Si_FRP_Toric,T1280,Silicon Sweet-T_소사각,P1280,Silicon Sweet-T_소사각,Q1280,Silicon Sweet-T,R1280,Silicon Sweet-T
FRP_Sph,T1301,(UV)CS30_원형_8.60,P1301,(UV_NEW)CS30_원형_8.60,Q1300,(UV_NEW)CS30_8.60,R1300,(UV_NEW)CS30_8.60
FRP_Sph,T1302,(UV)CS30_은캡_8.60,P1302,(UV_NEW)CS30_은캡_8.60,Q1300,(UV_NEW)CS30_8.60,R1300,(UV_NEW)CS30_8.60
FRP_Sph,T1303,(UV)CS30_원형_8.90,P1303,(UV_NEW)CS30_원형_8.90,Q1303,(UV_NEW)CS30_8.90,R1303,(UV_NEW)CS30_8.90
FRP_Sph,T1304,(UV)CS30_은캡_8.90,P1304,(UV_NEW)CS30_은캡_8.90,Q1303,(UV_NEW)CS30_8.90,R1303,(UV_NEW)CS30_8.90
1-Day_Color_Sph,T1306,Sincere D_Venus Belt_UV_FAP 3T 38% 14.5,P1306,Sincere D_Venus Belt_UV_FAP 3T 38% 14.5,Q1306,Sincere D_Venus Belt_UV_FAP 3T 38% 14.5,R1306,Sincere D_Venus Belt_UV_FAP 3T 38% 14.5
1-Day_Color_Sph,T1307,Sincere D_Jelly Coral UV_FAP 3T 38% 14.2,P1307,Sincere D_Jelly Coral UV_FAP 3T 38% 14.2,Q1307,Sincere D_Jelly Coral UV_FAP 3T 38% 14.2,R1307,Sincere D_Jelly Coral UV_FAP 3T 38% 14.2
FRP_M/F,T1310,Bi-focal_8.40_소사각,P1310,Bi-focal_8.40_소사각,Q1310,Bi-focal_8.40,R1310,Bi-focal_8.40
1-Day_M/F,T1311,Bi-focal D_8.40_55%,P1311,Bi-focal D_8.40,Q1310,Bi-focal_8.40,R1310,Bi-focal_8.40
FRP_Toric,S017,T38 정축,P1400,T38_금캡(UV포함),Q1400,T38_(UV포함),R1400,T38_(UV포함)
FRP_Toric,S018,T38 사/축,P1400,T38_금캡(UV포함),Q1400,T38_(UV포함),R1400,T38_(UV포함)
FRP_Toric,T1400,T38_금캡(UV포함),P1400,T38_금캡(UV포함),Q1400,T38_(UV포함),R1400,T38_(UV포함)
1-Day_Color_Sph,T1410,ANW D_Bitter Brown_Dopewink 38%,P1410,ANW D_Bitter Brown_Dopewink 38%,Q1410,ANW D_Bitter Brown_Dopewink 38%,R1410,ANW D_Bitter Brown_Dopewink 38%
1-Day_Color_Sph,T1411,ANW D_Hazel Beige_Dopewink 38%,P1411,ANW D_Hazel Beige_Dopewink 38%,Q1411,ANW D_Hazel Beige_Dopewink 38%,R1411,ANW D_Hazel Beige_Dopewink 38%
1-Day_Color_Sph,T1412,ANW D_Style Gray_Dopewink 38%,P1412,ANW D_Style Gray_Dopewink 38%,Q1412,ANW D_Style Gray_Dopewink 38%,R1412,ANW D_Style Gray_Dopewink 38%
1-Day_Color_Sph,T1413,ANW D_Amber Brown_Dopewink 38%,P1413,ANW D_Amber Brown_Dopewink 38%,Q1413,ANW D_Amber Brown_Dopewink 38%,R1413,ANW D_Amber Brown_Dopewink 38%
1-Day_Color_Sph,T1414,ANW D_Spicy Gray_Dopewink 38%,P1414,ANW D_Spicy Gray_Dopewink 38%,Q1414,ANW D_Spicy Gray_Dopewink 38%,R1414,ANW D_Spicy Gray_Dopewink 38%
1-Day_Color_Sph,T1415,ANW D_Dear Brown_Dopewink 38%,P1415,ANW D_Dear Brown_Dopewink 38%,Q1415,ANW D_Dear Brown_Dopewink 38%,R1415,ANW D_Dear Brown_Dopewink 38%
1-Day_Color_Sph,T1416,ANW D_Sunny Hazel_Dopewink 38%,P1416,ANW D_Sunny Hazel_Dopewink 38%,Q1416,ANW D_Sunny Hazel_Dopewink 38%,R1416,ANW D_Sunny Hazel_Dopewink 38%
1-Day_Color_Sph,T1417,ANW D_Acid Hazel_Dopewink 38%,P1417,ANW D_Acid Hazel_Dopewink 38%,Q1417,ANW D_Acid Hazel_Dopewink 38%,R1417,ANW D_Acid Hazel_Dopewink 38%
1-Day_Color_Sph,T1418,ANW D_Art Gray_Dopewink 38%,P1418,ANW D_Art Gray_Dopewink 38%,Q1418,ANW D_Art Gray_Dopewink 38%,R1418,ANW D_Art Gray_Dopewink 38%
1-Day_Color_Sph,T1419,ANW D_Pink Opal_Dopewink 38%,P1419,ANW D_Pink Opal_Dopewink 38%,Q1419,ANW D_Pink Opal_Dopewink 38%,R1419,ANW D_Pink Opal_Dopewink 38%
1-Day_Color_Sph,T1420,ANW D_Indigo Ash_Dopewink 38%,P1420,ANW D_Indigo Ash_Dopewink 38%,Q1420,ANW D_Indigo Ash_Dopewink 38%,R1420,ANW D_Indigo Ash_Dopewink 38%
1-Day_Color_Sph,T1421,ANW D_Dusk Beige_Dopewink 38%,P1421,ANW D_Dusk Beige_Dopewink 38%,Q1421,ANW D_Dusk Beige_Dopewink 38%,R1421,ANW D_Dusk Beige_Dopewink 38%
1-Day_Color_Sph,T1422,ANW D_Vesta Beige_Dopewink 38%,P1422,ANW D_Vesta Beige_Dopewink 38%,Q1422,ANW D_Vesta Beige_Dopewink 38%,R1422,ANW D_Vesta Beige_Dopewink 38%
1-Day_Color_Sph,T1423,ANW D_Through Beige_Dopewink 38%,P1423,ANW D_Through Beige_Dopewink 38%,Q1423,ANW D_Through Beige_Dopewink 38%,R1423,ANW D_Through Beige_Dopewink 38%
1-Day_Color_Sph,T1424,ANW D_Kristin RED BROWN_38%,P1424,ANW D_Kristin RED BROWN_38%,Q1424,ANW D_Kristin RED BROWN_38%,R1424,ANW D_Kristin RED BROWN_38%
1-Day_Color_Sph,T1425,ANW D_Kristin PINK BROWN_38%,P1425,ANW D_Kristin PINK BROWN_38%,Q1425,ANW D_Kristin PINK BROWN_38%,R1425,ANW D_Kristin PINK BROWN_38%
1-Day_Color_Sph,T1426,ANW D_Pearl_OvE L1_38%,P1426,ANW D_Pearl_OvE L1_38%,Q1426,ANW D_Pearl_OvE L1_38%,R1426,ANW D_Pearl_OvE L1_38%
1-Day_Color_Sph,T1427,ANW D_Pearl_OvE L2_38%,P1427,ANW D_Pearl_OvE L2_38%,Q1427,ANW D_Pearl_OvE L2_38%,R1427,ANW D_Pearl_OvE L2_38%
1-Day_Color_Sph,T1428,ANW D_Pearl_OvE L3_38%,P1428,ANW D_Pearl_OvE L3_38%,Q1428,ANW D_Pearl_OvE L3_38%,R1428,ANW D_Pearl_OvE L3_38%
1-Day_Color_Sph,T2010,BELLA_Ocean Blue(8년),P2010,BELLA_Ocean Blue(8년),Q2010,BELLA_Ocean Blue,R2010,BELLA_Ocean Blue
1-Day_Color_Sph,T2011,BELLA_RADIANT HAZELNUT(8년),P2011,BELLA_RADIANT HAZELNUT(8년),Q2011,BELLA_RADIANT HAZELNUT,R2011,BELLA_RADIANT HAZELNUT
1-Day_Color_Sph,T2012,BELLA_HAZEL BEIGE(8년),P2012,BELLA_HAZEL BEIGE(8년),Q2012,BELLA_HAZEL BEIGE,R2012,BELLA_HAZEL BEIGE
1-Day_Color_Sph,T2013,BELLA_CITRINE CRYSTAL(8년),P2013,BELLA_CITRINE CRYSTAL(8년),Q2013,BELLA_CITRINE CRYSTAL,R2013,BELLA_CITRINE CRYSTAL
1-Day_Color_Sph,T2014,BELLA_Bluish Gray(8년),P2014,BELLA_Bluish Gray(8년),Q2014,BELLA_Bluish Gray,R2014,BELLA_Bluish Gray
1-Day_Color_Sph,T2015,(5년)BELLA_Ocean Blue,P2015,(5년)BELLA_Ocean Blue,Q2010,BELLA_Ocean Blue,R2010,BELLA_Ocean Blue
1-Day_Color_Sph,T2016,(5년)BELLA_RADIANT HAZELNUT,P2016,(5년)BELLA_RADIANT HAZELNUT,Q2011,BELLA_RADIANT HAZELNUT,R2011,BELLA_RADIANT HAZELNUT
1-Day_Color_Sph,T2017,(5년)BELLA_HAZEL BEIGE,P2017,(5년)BELLA_HAZEL BEIGE,Q2012,BELLA_HAZEL BEIGE,R2012,BELLA_HAZEL BEIGE
1-Day_Color_Sph,T2018,(5년)BELLA_CITRINE CRYSTAL,P2018,(5년)BELLA_CITRINE CRYSTAL,Q2013,BELLA_CITRINE CRYSTAL,R2013,BELLA_CITRINE CRYSTAL
1-Day_Color_Sph,T2019,(5년)BELLA_Bluish Gray,P2019,(5년)BELLA_Bluish Gray,Q2014,BELLA_Bluish Gray,R2014,BELLA_Bluish Gray
1-Day_Color_Sph,T2020,MOCHA BROWN-MOTECON,P2020,MOCHA BROWN-MOTECON,Q2020,MOCHA BROWN-MOTECON,R2020,MOCHA BROWN-MOTECON
1-Day_Color_Sph,T2021,MILKTEA ASH-MOTECON,P2021,MILKTEA ASH-MOTECON,Q2021,MILKTEA ASH-MOTECON,R2021,MILKTEA ASH-MOTECON
1-Day_Color_Sph,T2022,LADY DOLL-ANECON,P2022,LADY DOLL-ANECON,Q2022,LADY DOLL-ANECON,R2022,LADY DOLL-ANECON
1-Day_Color_Sph,T2023,LADY PEARL-ANECON,P2023,LADY PEARL-ANECON,Q2023,LADY PEARL-ANECON,R2023,LADY PEARL-ANECON
1-Day_Color_Sph,T2026,BELLA_1-Day_Hazel Honey(8년),P2026,BELLA_1-Day_Hazel Honey(8년),Q2026,BELLA_1-Day_Hazel Honey,R2026,BELLA_1-Day_Hazel Honey
1-Day_Color_Sph,T2027,BELLA_1-Day_Almond Brown(8년),P2027,BELLA_1-Day_Almond Brown(8년),Q2027,BELLA_1-Day_Almond Brown,R2027,BELLA_1-Day_Almond Brown
1-Day_Color_Sph,T2028,BELLA_1-Day_Platinum Grey(8년),P2028,BELLA_1-Day_Platinum Grey(8년),Q2028,BELLA_1-Day_Platinum Grey,R2028,BELLA_1-Day_Platinum Grey
1-Day_Color_Sph,T2030,PIA_Skin Nude Chocolate_14.2,P2030,PIA_Skin Nude Chocolate_14.2,Q2030,PIA_Skin Nude Chocolate_14.2,R2030,PIA_Skin Nude Chocolate_14.2
FRP_Color_Sph,T2031,Skin Nude Chocolate_중사각 14.5,P2031,Skin Nude Chocolate_중사각 14.5,Q2031,Skin Nude Chocolate_중사각 14.5,R2031,Skin Nude Chocolate_중사각 14.5
1-Day_Color_Sph,T2032,(5년)BELLA_Hazel Honey_1-Day,P2032,(5년)BELLA_Hazel Honey_1-Day,Q2026,BELLA_1-Day_Hazel Honey,R2026,BELLA_1-Day_Hazel Honey
1-Day_Color_Sph,T2033,(5년)BELLA_Almond Brown_1-Day,P2033,(5년)BELLA_Almond Brown_1-Day,Q2027,BELLA_1-Day_Almond Brown,R2027,BELLA_1-Day_Almond Brown
1-Day_Color_Sph,T2034,(5년)BELLA_Platinum Grey_1-Day,P2034,(5년)BELLA_Platinum Grey_1-Day,Q2028,BELLA_1-Day_Platinum Grey,R2028,BELLA_1-Day_Platinum Grey
1-Day_Color_Sph,T2035,BELLA D_Rosewood(8년),P2035,BELLA D_Rosewood(8년),Q2035,BELLA D_Rosewood,R2035,BELLA D_Rosewood
1-Day_Color_Sph,T2036,BELLA D_Ash Brown(8년),P2036,BELLA D_Ash Brown(8년),Q2036,BELLA D_Ash Brown,R2036,BELLA D_Ash Brown
1-Day_Color_Sph,T2037,(5년)BELLA D_Rosewood,P2037,(5년)BELLA D_Rosewood,Q2035,BELLA D_Rosewood,R2035,BELLA D_Rosewood
1-Day_Color_Sph,T2038,(5년)BELLA D_Ash Brown,P2038,(5년)BELLA D_Ash Brown,Q2036,BELLA D_Ash Brown,R2036,BELLA D_Ash Brown
FRP_Color_Sph,T2041,Cream beige_(신규)PIA_M,P2041,Cream beige_(신규)PIA_M,Q0050,PIA_Cream Beige_14.4,R0050,PIA_Cream Beige_14.4
FRP_Color_Sph,T2042,Cream grege_(신규)PIA_M,P2042,Cream grege_(신규)PIA_M,Q0051,PIA_Cream Grege_14.4,R0051,PIA_Cream Grege_14.4
FRP_Color_Sph,T2043,Chocolate_(신규)PIA_M,P2043,Chocolate_(신규)PIA_M,Q2043,Chocolate_(신규)PIA_M,R2043,Chocolate_(신규)PIA_M
FRP_Color_Sph,T2044,water water_(신규)PIA_M,P2044,water water_(신규)PIA_M,Q2044,water water_(신규)PIA_M,R2044,water water_(신규)PIA_M
FRP_Color_Sph,T2045,Cream nuts_(신규)PIA_M,P2045,Cream nuts_(신규)PIA_M,Q2045,Cream nuts_(신규)PIA_M,R2045,Cream nuts_(신규)PIA_M
FRP_Color_Sph,T2046,Milky Gray_(신규)PIA_M,P2046,Milky Gray_(신규)PIA_M,Q2046,Milky Gray_(신규)PIA_M,R2046,Milky Gray_(신규)PIA_M
FRP_Color_Sph,T2047,Baby Baby_(신규)PIA_M,P2047,Baby Baby_(신규)PIA_M,Q2047,Baby Baby_(신규)PIA_M,R2047,Baby Baby_(신규)PIA_M
FRP_Color_Sph,T2048,Old fashion_(신규)PIA_M,P2048,Old fashion_(신규)PIA_M,Q2048,Old fashion_(신규)PIA_M,R2048,Old fashion_(신규)PIA_M
FRP_Color_Sph,T2049,Skin Beige_(신규)PIA_M_14.5,P2049,Skin Beige_(신규)PIA_M_14.5,Q2049,Skin Beige_(신규)PIA_M_14.5,R2049,Skin Beige_(신규)PIA_M_14.5
FRP_Color_Sph,T2050,Skin Grege_(신규)PIA_M_14.5,P2050,Skin Grege_(신규)PIA_M_14.5,Q2050,Skin Grege_(신규)PIA_M_14.5,R2050,Skin Grege_(신규)PIA_M_14.5
FRP_Color_Sph,T2051,Skin Nude Chocolate_(신규)PIA_M_14.5,P2051,Skin Nude Chocolate_(신규)PIA_M_14.5,Q2051,Skin Nude Chocolate_(신규)PIA_M_14.5,R2051,Skin Nude Chocolate_(신규)PIA_M_14.5
1-Day_Color_Sph,T2055,Clear Beige_Eyecloset_1Day_14.5,P2055,Clear Beige_Eyecloset_1Day_14.5,Q2055,Clear Beige_Eyecloset_1Day_14.5,R2055,Clear Beige_Eyecloset_1Day_14.5
1-Day_Color_Sph,T2056,Gauss Chocolat_Eyecloset_1Day_14.5,P2056,Gauss Chocolat_Eyecloset_1Day_14.5,Q2056,Gauss Chocolat_Eyecloset_1Day_14.5,R2056,Gauss Chocolat_Eyecloset_1Day_14.5
1-Day_Color_Sph,T2057,Silhouette Camel_Eyecloset_1Day_14.5,P2057,Silhouette Camel_Eyecloset_1Day_14.5,Q2057,Silhouette Camel_Eyecloset_1Day_14.5,R2057,Silhouette Camel_Eyecloset_1Day_14.5
1-Day_Color_Sph,T2058,Sweet Brown_Eyecloset_1Day_14.2,P2058,Sweet Brown_Eyecloset_1Day_14.2,Q2058,Sweet Brown_Eyecloset_1Day_14.2,R2058,Sweet Brown_Eyecloset_1Day_14.2
1-Day_Color_Sph,T2059,Airy Olive_Eyecloset_1Day_14.2,P2059,Airy Olive_Eyecloset_1Day_14.2,Q2059,Airy Olive_Eyecloset_1Day_14.2,R2059,Airy Olive_Eyecloset_1Day_14.2
1-Day_Color_Sph,T2060,Brown Grege_Eyecloset_1Day_14.2,P2060,Brown Grege_Eyecloset_1Day_14.2,Q2060,Brown Grege_Eyecloset_1Day_14.2,R2060,Brown Grege_Eyecloset_1Day_14.2
1-Day_Color_Sph,T2061,Chiffon Navy_Eyecloset_1Day_14.2,P2061,Chiffon Navy_Eyecloset_1Day_14.2,Q2061,Chiffon Navy_Eyecloset_1Day_14.2,R2061,Chiffon Navy_Eyecloset_1Day_14.2
1-Day_Color_Sph,T2062,CLEAR GRAY_Eyecloset_1Day_14.2,P2062,CLEAR GRAY_Eyecloset_1Day_14.2,Q2062,CLEAR GRAY_Eyecloset_1Day_14.2,R2062,CLEAR GRAY_Eyecloset_1Day_14.2
1-Day_Color_Sph,T2063,CARAMEL BROWN_Eyecloset_1Day_14.2,P2063,CARAMEL BROWN_Eyecloset_1Day_14.2,Q2063,CARAMEL BROWN_Eyecloset_1Day_14.2,R2063,CARAMEL BROWN_Eyecloset_1Day_14.2
1-Day_Color_Sph,T2070,CACAO BROWN_Eyecloset_1Day_14.2,P2070,CACAO BROWN_Eyecloset_1Day_14.2,Q2070,CACAO BROWN_Eyecloset_1Day_14.2,R2070,CACAO BROWN_Eyecloset_1Day_14.2
1-Day_Color_Sph,T2071,DARK MINT_Eyecloset_1Day_14.2,P2071,DARK MINT_Eyecloset_1Day_14.2,Q2071,DARK MINT_Eyecloset_1Day_14.2,R2071,DARK MINT_Eyecloset_1Day_14.2
FRP_Color_Sph,T2080,(중국향)Dazzle Beige_2T_(PBT)_M_중사각,P2080,(중국향)Dazzle Beige_2T_(PBT)_M_중사각,Q2080,(중국향)Dazzle Beige_2T_(PBT)_M,R2080,(중국향)Dazzle Beige_2T_(PBT)_M
FRP_Color_Sph,T2081,Dazzle Gray_2T_(PBT)PIA_M_중사각,P2081,Dazzle Gray_2T_(PBT)PIA_M_중사각,Q2081,Dazzle Gray_2T_(PBT)PIA_M,R2081,Dazzle Gray_2T_(PBT)PIA_M
FRP_Color_Sph,T2082,Coral Brown_2T_(PBT)PIA_M_중사각,P2082,Coral Brown_2T_(PBT)PIA_M_중사각,Q2082,Coral Brown_2T_(PBT)PIA_M,R2082,Coral Brown_2T_(PBT)PIA_M
FRP_Color_Sph,T2083,Mirror Gray_3T_(PBT)PIA_M_중사각,P2083,Mirror Gray_3T_(PBT)PIA_M_중사각,Q2083,Mirror Gray_3T_(PBT)PIA_M,R2083,Mirror Gray_3T_(PBT)PIA_M
FRP_Color_Sph,T2084,Tint Brown_1T_(PBT)PIA_M_중사각,P2084,Tint Brown_1T_(PBT)PIA_M_중사각,Q2084,Tint Brown_1T_(PBT)PIA_M,R2084,Tint Brown_1T_(PBT)PIA_M
FRP_Color_Sph,T2085,Sakura Petal_2T_(PBT)PIA_M_중사각,P2085,Sakura Petal_2T_(PBT)PIA_M_중사각,Q2085,Sakura Petal_2T_(PBT)PIA_M,R2085,Sakura Petal_2T_(PBT)PIA_M
FRP_Color_Sph,T2086,Tangerine Tea_3T_(PBT)PIA_M_중사각,P2086,Tangerine Tea_3T_(PBT)PIA_M_중사각,Q2086,Tangerine Tea_3T_(PBT)PIA_M,R2086,Tangerine Tea_3T_(PBT)PIA_M
FRP_Color_Sph,T2087,Peach Crush_3T_(PBT)PIA_M_중사각,P2087,Peach Crush_3T_(PBT)PIA_M_중사각,Q2087,Peach Crush_3T_(PBT)PIA_M,R2087,Peach Crush_3T_(PBT)PIA_M
FRP_Color_Sph,T2088,FLAMINGO_PIA_M_중사각,P2088,FLAMINGO_PIA_M_중사각,Q2088,FLAMINGO_PIA_M,R2088,FLAMINGO_PIA_M
FRP_Color_Sph,T2089,MARIGOLD_PIA_M_중사각,P2089,MARIGOLD_PIA_M_중사각,Q2089,MARIGOLD_PIA_M,R2089,MARIGOLD_PIA_M
FRP_Color_Sph,T2090,OCEAN_PIA_M_중사각,P2090,OCEAN_PIA_M_중사각,Q2090,OCEAN_PIA_M,R2090,OCEAN_PIA_M
FRP_Color_Sph,T2091,RUSTY BEIGE_PIA_M_중사각,P2091,RUSTY BEIGE_PIA_M_중사각,Q2091,RUSTY BEIGE_PIA_M,R2091,RUSTY BEIGE_PIA_M
FRP_Color_Sph,T2092,RUSTY GRAY_PIA_M_중사각,P2092,RUSTY GRAY_PIA_M_중사각,Q2092,RUSTY GRAY_PIA_M,R2092,RUSTY GRAY_PIA_M
FRP_Color_Sph,T2093,RUSTY BROWN_PIA_M_중사각,P2093,RUSTY BROWN_PIA_M_중사각,Q2093,RUSTY BROWN_PIA_M,R2093,RUSTY BROWN_PIA_M
1-Day_Color_Sph,T2100,Caramel Grege_Eyecloset_14.2,P2100,Caramel Grege_Eyecloset_14.2,Q2100,Caramel Grege_Eyecloset_14.2,R2100,Caramel Grege_Eyecloset_14.2
1-Day_Color_Sph,T2105,Cream Spoon_Eyecloset_14.5,P2105,Cream Spoon_Eyecloset_14.5,Q2105,Cream Spoon_Eyecloset_14.5,R2105,Cream Spoon_Eyecloset_14.5
1-Day_Color_Sph,T2106,Cream Spoon_Eyecloset_14.2,P2106,Cream Spoon_Eyecloset_14.2,Q2106,Cream Spoon_Eyecloset_14.2,R2106,Cream Spoon_Eyecloset_14.2
1-Day_Color_Sph,T2115,Layala_Jazz Black,P2115,Layala_Jazz Black,Q0011,1-Day_iris_JazzBlack,R0011,1-Day_iris_JazzBlack
1-Day_Color_Sph,T2116,Layala_Alicia Brown,P2116,Layala_Alicia Brown,Q0213,ALICIA BROWN(근시),R0213,ALICIA BROWN(근시)
1-Day_Color_Sph,T2120,From D_(NEW)Clear Beige Coral Mini_UV 38% 14.2,P2120,From D_(NEW)Clear Beige Coral Mini_UV 38% 14.2,Q2120,From D_(NEW)Clear Beige Coral Mini_UV 38% 14.2,R2120,From D_(NEW)Clear Beige Coral Mini_UV 38% 14.2
1-Day_Color_Sph,T2121,From D_(UV)Clear Beige Coral_38%,P2121,From D_(UV)Clear Beige Coral_38%,Q2121,From D_(UV)Clear Beige Coral_38%,R2121,From D_(UV)Clear Beige Coral_38%
1-Day_Color_Sph,T2122,From D_(UV)(NEW)Gauss Chocolat_38%,P2122,From D_(UV)(NEW)Gauss Chocolat_38%,Q2122,From D_(UV)(NEW)Gauss Chocolat_38%,R2122,From D_(UV)(NEW)Gauss Chocolat_38%
1-Day_Color_Sph,T2123,From D_(UV)Clear Beige_38%,P2123,From D_(UV)Clear Beige_38%,Q2123,From D_(UV)Clear Beige_38%,R2123,From D_(UV)Clear Beige_38%
1-Day_Color_Sph,T2124,From D_(UV)Gauss Chocolat_38%,P2124,From D_(UV)Gauss Chocolat_38%,Q2124,From D_(UV)Gauss Chocolat_38%,R2124,From D_(UV)Gauss Chocolat_38%
1-Day_Color_Sph,T2125,From D_(UV)Silhouette Camel_38%,P2125,From D_(UV)Silhouette Camel_38%,Q2125,From D_(UV)Silhouette Camel_38%,R2125,From D_(UV)Silhouette Camel_38%
1-Day_Color_Sph,T2126,From D_(UV)Sweet Brown_38%,P2126,From D_(UV)Sweet Brown_38%,Q2126,From D_(UV)Sweet Brown_38%,R2126,From D_(UV)Sweet Brown_38%
1-Day_Color_Sph,T2127,From D_(UV)Airy Olive_38%,P2127,From D_(UV)Airy Olive_38%,Q2127,From D_(UV)Airy Olive_38%,R2127,From D_(UV)Airy Olive_38%
1-Day_Color_Sph,T2128,From D_(UV)Brown Grege_38%,P2128,From D_(UV)Brown Grege_38%,Q2128,From D_(UV)Brown Grege_38%,R2128,From D_(UV)Brown Grege_38%
1-Day_Color_Sph,T2129,From D_(UV)Chiffon Navy_38%,P2129,From D_(UV)Chiffon Navy_38%,Q2129,From D_(UV)Chiffon Navy_38%,R2129,From D_(UV)Chiffon Navy_38%
1-Day_Color_Sph,T2130,From D_(UV)CLEAR GRAY_38%,P2130,From D_(UV)CLEAR GRAY_38%,Q2130,From D_(UV)CLEAR GRAY_38%,R2130,From D_(UV)CLEAR GRAY_38%
1-Day_Color_Sph,T2131,From D_(UV)CARAMEL BROWN_38%,P2131,From D_(UV)CARAMEL BROWN_38%,Q2131,From D_(UV)CARAMEL BROWN_38%,R2131,From D_(UV)CARAMEL BROWN_38%
1-Day_Color_Sph,T2132,From D_(UV)DARK MINT_38%,P2132,From D_(UV)DARK MINT_38%,Q2132,From D_(UV)DARK MINT_38%,R2132,From D_(UV)DARK MINT_38%
1-Day_Color_Sph,T2133,From D_(UV)CACAO BROWN_38%,P2133,From D_(UV)CACAO BROWN_38%,Q2133,From D_(UV)CACAO BROWN_38%,R2133,From D_(UV)CACAO BROWN_38%
1-Day_Color_Sph,S234,Hapakristin D_CREME BROWN_10P,P2134,Hapakristin D_CREME BROWN_Secretive Kristin,Q2134,Hapakristin D_CREME BROWN_Secretive Kristin,R2134,Hapakristin D_CREME BROWN_Secretive Kristin
1-Day_Color_Sph,S236,Hapakristin D_CREME BROWN_낱개,P2134,Hapakristin D_CREME BROWN_Secretive Kristin,Q2134,Hapakristin D_CREME BROWN_Secretive Kristin,R2134,Hapakristin D_CREME BROWN_Secretive Kristin
1-Day_Color_Sph,S255,Hapakristin D_CREME BROWN_2P,P2134,Hapakristin D_CREME BROWN_Secretive Kristin,Q2134,Hapakristin D_CREME BROWN_Secretive Kristin,R2134,Hapakristin D_CREME BROWN_Secretive Kristin
1-Day_Color_Sph,S235,Hapakristin D_DUSK BROWN_10P,P2135,Hapakristin D_DUSK BROWN_Secretive Kristin,Q2135,Hapakristin D_DUSK BROWN_Secretive Kristin,R2135,Hapakristin D_DUSK BROWN_Secretive Kristin
1-Day_Color_Sph,S237,Hapakristin D_DUSK BROWN_낱개,P2135,Hapakristin D_DUSK BROWN_Secretive Kristin,Q2135,Hapakristin D_DUSK BROWN_Secretive Kristin,R2135,Hapakristin D_DUSK BROWN_Secretive Kristin
1-Day_Color_Sph,S238,Hapa D_Antique Brown_10P,P2136,Hapa D_Antique Brown_Secretive,Q2136,Hapa D_Antique Brown_Secretive,R2136,Hapa D_Antique Brown_Secretive
1-Day_Color_Sph,S239,Hapa D_Crush Brown_10P,P2137,Hapa D_Crush Brown_Secretive,Q2137,Hapa D_Crush Brown_Secretive,R2137,Hapa D_Crush Brown_Secretive
1-Day_Color_Sph,S240,Adria D_Autumn Hazelnut_30P,P2140,Adria D_Autumn Hazelnut,Q3050,PIA_LayerAlmond_Minette55%_1-DAY,R3050,PIA_LayerAlmond_Minette55%_1-DAY
1-Day_Color_Sph,S241,Adria D_Autumn Blue_30P,P2141,Adria D_Autumn Blue,Q3051,PIA_LayerMist_Minette55%_1-DAY,R3051,PIA_LayerMist_Minette55%_1-DAY
1-Day_Color_Sph,S242,Adria D_Autumn Brown_30P,P2142,Adria D_Autumn Brown,Q3052,PIA_LayerMarron_Minette55%_1-DAY,R3052,PIA_LayerMarron_Minette55%_1-DAY
1-Day_Color_Sph,S243,Adria D_Popping Choco_30P,P2143,Adria D_Popping Choco,Q3053,PIA_VirginCocoa_Minette55%_1-DAY,R3053,PIA_VirginCocoa_Minette55%_1-DAY
1-Day_Color_Sph,S244,Adria D_Popping Blue_30P,P2144,Adria D_Popping Blue,Q3054,PIA_NakedRain_Minette55%_1-DAY,R3054,PIA_NakedRain_Minette55%_1-DAY
1-Day_Color_Sph,S245,Adria D_Splash Brown_30P,P2145,Adria D_Splash Brown,Q0041,(N)PIA_Ash Brown,R0041,(N)PIA_Ash Brown
1-Day_Color_Sph,S246,Adria D_Bare Brown_30P,P2146,Adria D_Bare Brown,Q0045,(N)PIA_Veil brown,R0045,(N)PIA_Veil brown
1-Day_Color_Sph,S247,Adria D_Amber Brown_30P,P2147,Adria D_Amber Brown,Q0046,(N)PIA_Almond Brown,R0046,(N)PIA_Almond Brown
1-Day_Color_Sph,S248,Adria D_Pure Choco_30P,P2148,Adria D_Pure Choco,Q2020,MOCHA BROWN-MOTECON,R2020,MOCHA BROWN-MOTECON
FRP_Color_Sph,T2182,No.1 M_Hazel(Coral brown)_(원),P2182,No.1 M_Hazel(Coral brown)_(원),Q2082,Coral Brown_2T_(PBT)PIA_M,R2082,Coral Brown_2T_(PBT)PIA_M
1-Day_Color_Sph,T2188,MG D_Mini Jeje Bronze_SISSE,P2188,MG D_Mini Jeje Bronze_SISSE,Q2188,MG D_Mini Jeje Bronze_SISSE,R2188,MG D_Mini Jeje Bronze_SISSE
Si_1-Day_Sph,T3000,Silicon_1-day,P3000,Silicon_1-day,Q3000,Silicon_1-day,R3000,Silicon_1-day
1-Day_Color_Sph,T3001,Soleko_Blue,P3001,Soleko_Blue,Q3001,Soleko_Blue,R3001,Soleko_Blue
1-Day_Color_Sph,T3002,Soleko_Pearl,P3002,Soleko_Pearl,Q3002,Soleko_Pearl,R3002,Soleko_Pearl
1-Day_Color_Sph,T3003,Soleko_Green,P3003,Soleko_Green,Q3003,Soleko_Green,R3003,Soleko_Green
1-Day_Color_Sph,T3004,Soleko_Choco,P3004,Soleko_Choco,Q3004,Soleko_Choco,R3004,Soleko_Choco
FRP_Color_Sph,T3005,Soleko_Blue_바이알,P3005,Soleko_Blue_바이알,Q3001,Soleko_Blue,R3001,Soleko_Blue
FRP_Color_Sph,T3006,Soleko_Pearl_바이알,P3006,Soleko_Pearl_바이알,Q3002,Soleko_Pearl,R3002,Soleko_Pearl
FRP_Color_Sph,T3007,Soleko_Green_바이알,P3007,Soleko_Green_바이알,Q3003,Soleko_Green,R3003,Soleko_Green
FRP_Color_Sph,T3008,Soleko_Choco_바이알,P3008,Soleko_Choco_바이알,Q3004,Soleko_Choco,R3004,Soleko_Choco
Si_1-Day_Sph,T3009,OWNDAYS SILICON_1-day,P3009,OWNDAYS SILICON_1-day,Q3000,Silicon_1-day,R3000,Silicon_1-day
1-Day_Sph,T3010,From eyes 55% clear 1day 14.2,P3010,From eyes 55% clear 1day 14.2,Q3010,From eyes 55% clear 1day 14.2,R3010,From eyes 55% clear 1day 14.2
Si_1-Day_Sph,T3011,Silicon_1-day_Maxvue,P3011,Silicon_1-day_Maxvue,Q3000,Silicon_1-day,R3000,Silicon_1-day
1-Day_Sph,T3012,(NEW)From eyes 55% clear,P3012,(NEW)From eyes 55% clear,Q3012,(NEW)From eyes 55% clear,R3012,(NEW)From eyes 55% clear
1-Day_Sph,T3013,From D_UV_Clear_38% Refrear,P3013,From D_UV_Clear_38% Refrear,Q3013,From D_UV_Clear_38% Refrear,R3013,From D_UV_Clear_38% Refrear
1-Day_Sph,T3014,Lesieur_1Day58_PRIMAL,P3014,Lesieur_1Day58_PRIMAL,Q3081,1-day_58_Kontaktni-HA,R3081,1-day_58_Kontaktni-HA
1-Day_Sph,S005,Clalen 1Day_낱개,P3015,1-DAY58_Micure,Q3081,1-day_58_Kontaktni-HA,R3081,1-day_58_Kontaktni-HA
1-Day_Sph,S030,Clalen 1Day_30팩,P3015,1-DAY58_Micure,Q3081,1-day_58_Kontaktni-HA,R3081,1-day_58_Kontaktni-HA
1-Day_Sph,S031,Clalen 1Day_낱개,P3015,1-DAY58_Micure,Q3081,1-day_58_Kontaktni-HA,R3081,1-day_58_Kontaktni-HA
1-Day_Sph,S032,Clalen 1Day MAY LUV_30팩,P3015,1-DAY58_Micure,Q3081,1-day_58_Kontaktni-HA,R3081,1-day_58_Kontaktni-HA
1-Day_Sph,S134,10팩_Clalen 1Day,P3015,1-DAY58_Micure,Q3081,1-day_58_Kontaktni-HA,R3081,1-day_58_Kontaktni-HA
1-Day_Sph,S179,Clalen D_Clear_샘플(4P),P3015,1-DAY58_Micure,Q3081,1-day_58_Kontaktni-HA,R3081,1-day_58_Kontaktni-HA
1-Day_Sph,S180,Clalen 1Day_80팩,P3015,1-DAY58_Micure,Q3081,1-day_58_Kontaktni-HA,R3081,1-day_58_Kontaktni-HA
1-Day_Sph,T3015,1-DAY58_Micure,P3015,1-DAY58_Micure,Q3081,1-day_58_Kontaktni-HA,R3081,1-day_58_Kontaktni-HA
1-Day_Sph,T3016,1-DAY(OPTIC CENTER),P3016,1-DAY(OPTIC CENTER),Q3081,1-day_58_Kontaktni-HA,R3081,1-day_58_Kontaktni-HA
1-Day_Sph,T3017,From D_UV_Clear_38% Refrear(E-Type),P3017,From D_UV_Clear_38% Refrear(E-Type),Q3017,From D_TTD_38%,R3017,From D_TTD_38%
1-Day_Sph,T3019,1-Day_58(무지리드지),P3019,1-Day_58(무지리드지),Q3081,1-day_58_Kontaktni-HA,R3081,1-day_58_Kontaktni-HA
1-Day_Color_Sph,T3020,(영문)Cream Beige,P3020,(영문)Cream Beige,Q0050,PIA_Cream Beige_14.4,R0050,PIA_Cream Beige_14.4
1-Day_Color_Sph,T3021,(영문)Cream Grege,P3021,(영문)Cream Grege,Q0051,PIA_Cream Grege_14.4,R0051,PIA_Cream Grege_14.4
1-Day_Color_Sph,T3022,(영문)chocolate,P3022,(영문)chocolate,Q0052,PIA_Chocolate_14.4,R0052,PIA_Chocolate_14.4
1-Day_Color_Sph,T3023,(영문)Skin Beige,P3023,(영문)Skin Beige,Q0053,PIA_Skin Beige_14.2,R0053,PIA_Skin Beige_14.2
1-Day_Color_Sph,T3024,(영문)Skin Grege,P3024,(영문)Skin Grege,Q0054,PIA_Skin Grege_14.2,R0054,PIA_Skin Grege_14.2
1-Day_Color_Sph,T3025,(영문)Nude chocolate,P3025,(영문)Nude chocolate,Q2030,PIA_Skin Nude Chocolate_14.2,R2030,PIA_Skin Nude Chocolate_14.2
1-Day_Color_Sph,T3026,(영문)water water,P3026,(영문)water water,Q0047,PIA_water water_14.2_1-day,R0047,PIA_water water_14.2_1-day
1-Day_Color_Sph,T3030,HOYA_Noble Ash,P3030,HOYA_Noble Ash,Q3030,HOYA_Noble Ash,R3030,HOYA_Noble Ash
1-Day_Color_Sph,T3031,HOYA_Olive ash,P3031,HOYA_Olive ash(Noble Ash),Q3030,HOYA_Noble Ash,R3030,HOYA_Noble Ash
1-Day_Color_Sph,T3035,HOYA_Maquia Brown,P3035,HOYA_Maquia Brown,Q3035,HOYA_Maquia Brown,R3035,HOYA_Maquia Brown
1-Day_Color_Sph,T3036,HOYA_Ruby brown,P3036,HOYA_Ruby brown(Maquia Brown),Q3035,HOYA_Maquia Brown,R3035,HOYA_Maquia Brown
1-Day_Color_Sph,T3040,HOYA_Casual Ash,P3040,HOYA_Casual Ash,Q3040,HOYA_Casual Ash,R3040,HOYA_Casual Ash
1-Day_Color_Sph,T3041,HOYA_Amber ash,P3041,HOYA_Amber ash(Casual Ash),Q3040,HOYA_Casual Ash,R3040,HOYA_Casual Ash
1-Day_Color_Sph,T3045,HOYA_Aurora Gray,P3045,HOYA_Aurora Gray,Q3045,HOYA_Aurora Gray,R3045,HOYA_Aurora Gray
1-Day_Color_Sph,T3046,HOYA_pearl black,P3046,HOYA_pearl black(Aurora Gray),Q3045,HOYA_Aurora Gray,R3045,HOYA_Aurora Gray
1-Day_Color_Sph,T3050,PIA_LayerAlmond_Minette55%_1-DAY,P3050,PIA_LayerAlmond_Minette55%_1-DAY,Q3050,PIA_LayerAlmond_Minette55%_1-DAY,R3050,PIA_LayerAlmond_Minette55%_1-DAY
1-Day_Color_Sph,T3051,PIA_LayerMist_Minette55%_1-DAY,P3051,PIA_LayerMist_Minette55%_1-DAY,Q3051,PIA_LayerMist_Minette55%_1-DAY,R3051,PIA_LayerMist_Minette55%_1-DAY
1-Day_Color_Sph,T3052,PIA_LayerMarron_Minette55%_1-DAY,P3052,PIA_LayerMarron_Minette55%_1-DAY,Q3052,PIA_LayerMarron_Minette55%_1-DAY,R3052,PIA_LayerMarron_Minette55%_1-DAY
1-Day_Color_Sph,T3053,PIA_VirginCocoa_Minette55%_1-DAY,P3053,PIA_VirginCocoa_Minette55%_1-DAY,Q3053,PIA_VirginCocoa_Minette55%_1-DAY,R3053,PIA_VirginCocoa_Minette55%_1-DAY
1-Day_Color_Sph,T3054,PIA_NakedRain_Minette55%_1-DAY,P3054,PIA_NakedRain_Minette55%_1-DAY,Q3054,PIA_NakedRain_Minette55%_1-DAY,R3054,PIA_NakedRain_Minette55%_1-DAY
1-Day_Color_Sph,T3055,PIA_Coconut_55%_1-DAY,P3055,PIA_Coconut_55%_1-DAY,Q3055,PIA_Coconut_55%_1-DAY,R3055,PIA_Coconut_55%_1-DAY
1-Day_Color_Sph,T3056,PIA_Hot Chocolate_55%_1-DAY,P3056,PIA_Hot Chocolate_55%_1-DAY,Q3056,PIA_Hot Chocolate_55%_1-DAY,R3056,PIA_Hot Chocolate_55%_1-DAY
1-Day_Color_Sph,T3057,PIA_Matcha Latte_55%_1-DAY,P3057,PIA_Matcha Latte_55%_1-DAY,Q3057,PIA_Matcha Latte_55%_1-DAY,R3057,PIA_Matcha Latte_55%_1-DAY
1-Day_Color_Sph,T3058,PIA_Lemonade_55%_1-DAY,P3058,PIA_Lemonade_55%_1-DAY,Q3058,PIA_Lemonade_55%_1-DAY,R3058,PIA_Lemonade_55%_1-DAY
1-Day_Color_Sph,T3059,PIA_Sheer Black_55%_1-DAY,P3059,PIA_Sheer Black_55%_1-DAY,Q3059,PIA_Sheer Black_55%_1-DAY,R3059,PIA_Sheer Black_55%_1-DAY
1-Day_Color_Sph,T3060,PIA_Sheer Brown_55%_1-DAY,P3060,PIA_Sheer Brown_55%_1-DAY,Q3060,PIA_Sheer Brown_55%_1-DAY,R3060,PIA_Sheer Brown_55%_1-DAY
1-Day_Color_Sph,T3061,PIA_Olive Brown_55%_1-DAY,P3061,PIA_Olive Brown_55%_1-DAY,Q3061,PIA_Olive Brown_55%_1-DAY,R3061,PIA_Olive Brown_55%_1-DAY
1-Day_Color_Sph,T3062,PIA_Cappuccino_55%_1-DAY,P3062,PIA_Cappuccino_55%_1-DAY,Q3062,PIA_Cappuccino_55%_1-DAY,R3062,PIA_Cappuccino_55%_1-DAY
1-Day_Color_Sph,T3063,PIA_Espresso_55%_14.5_1-DAY,P3063,PIA_Espresso_55%_14.5_1-DAY,Q3063,PIA_Espresso_55%_14.5_1-DAY,R3063,PIA_Espresso_55%_14.5_1-DAY
1-Day_Color_Sph,T3064,PIA_Shiny Brown_55%_14.5_1-DAY,P3064,PIA_Shiny Brown_55%_14.5_1-DAY,Q3064,PIA_Shiny Brown_55%_14.5_1-DAY,R3064,PIA_Shiny Brown_55%_14.5_1-DAY
1-Day_Color_Sph,S851,Lighly Fantasy 1Day_Brown_20P,P3065,Lighly Brown(렌즈타운-Fantasy),Q3065,Lighly Brown(렌즈타운-Fantasy),R3065,Lighly Brown(렌즈타운-Fantasy)
1-Day_Color_Sph,S852,Lighly Fantasy 1Day_Brown_낱개,P3065,Lighly Brown(렌즈타운-Fantasy),Q3065,Lighly Brown(렌즈타운-Fantasy),R3065,Lighly Brown(렌즈타운-Fantasy)
1-Day_Color_Sph,S853,Lighly Fantasy 1Day_Gray_20P,P3066,Lighly Gray(렌즈타운-Fantasy),Q3066,Lighly Gray(렌즈타운-Fantasy),R3066,Lighly Gray(렌즈타운-Fantasy)
1-Day_Color_Sph,S854,Lighly Fantasy 1Day_Gray_낱개,P3066,Lighly Gray(렌즈타운-Fantasy),Q3066,Lighly Gray(렌즈타운-Fantasy),R3066,Lighly Gray(렌즈타운-Fantasy)
1-Day_Color_Sph,S861,Lighly pure 1Day_Brown_20P,P3067,Lighly pure Brown(렌즈타운),Q3067,Lighly pure Brown(렌즈타운),R3067,Lighly pure Brown(렌즈타운)
1-Day_Color_Sph,S862,Lighly pure 1Day_Brown_낱개,P3067,Lighly pure Brown(렌즈타운),Q3067,Lighly pure Brown(렌즈타운),R3067,Lighly pure Brown(렌즈타운)
1-Day_Color_Sph,S863,Lighly pure 1Day_Gray_20P,P3068,Lighly pure Gray(렌즈타운),Q3068,Lighly pure Gray(렌즈타운),R3068,Lighly pure Gray(렌즈타운)
1-Day_Color_Sph,S864,Lighly pure 1Day_Gray_낱개,P3068,Lighly pure Gray(렌즈타운),Q3068,Lighly pure Gray(렌즈타운),R3068,Lighly pure Gray(렌즈타운)
1-Day_Color_Sph,T3070,PIA_Cider_1-DAY 55%,P3070,PIA_Cider_1-DAY 55%,Q3070,PIA_Cider_1-DAY 55%,R3070,PIA_Cider_1-DAY 55%
1-Day_Color_Sph,T3071,PIA_Lassie_1-DAY 55%,P3071,PIA_Lassie_1-DAY 55%,Q3071,PIA_Lassie_1-DAY 55%,R3071,PIA_Lassie_1-DAY 55%
1-Day_Color_Sph,T3072,PIA_Fruit Punch_1-DAY 55%,P3072,PIA_Fruit Punch_1-DAY 55%,Q3072,PIA_Fruit Punch_1-DAY 55%,R3072,PIA_Fruit Punch_1-DAY 55%
1-Day_Color_Sph,S911,iris Blue Moon_DP용 샘플(RPK)_낱개,P3073,IRIS_Blue Moon_RPK 블리스터,Q3076,1-Day_iris_Blue Moon,R3076,1-Day_iris_Blue Moon
1-Day_Color_Sph,S136,Clalen D_Iris_Suzy Brown_샘플(4P),P3075,1-Day_iris_Suzy Brown,Q3075,1-Day_iris_Suzy Brown,R3075,1-Day_iris_Suzy Brown
1-Day_Color_Sph,S171,Iris Suzy Brown_낱개,P3075,1-Day_iris_Suzy Brown,Q3075,1-Day_iris_Suzy Brown,R3075,1-Day_iris_Suzy Brown
1-Day_Color_Sph,S172,Iris Suzy Brown_30팩,P3075,1-Day_iris_Suzy Brown,Q3075,1-Day_iris_Suzy Brown,R3075,1-Day_iris_Suzy Brown
1-Day_Color_Sph,S173,Iris Suzy Brown_90팩,P3075,1-Day_iris_Suzy Brown,Q3075,1-Day_iris_Suzy Brown,R3075,1-Day_iris_Suzy Brown
1-Day_Color_Sph,S501,Iris SuzyBrown_30팩,P3075,1-Day_iris_Suzy Brown,Q3075,1-Day_iris_Suzy Brown,R3075,1-Day_iris_Suzy Brown
1-Day_Color_Sph,T3075,1-Day_iris_Suzy Brown,P3075,1-Day_iris_Suzy Brown,Q3075,1-Day_iris_Suzy Brown,R3075,1-Day_iris_Suzy Brown
1-Day_Color_Sph,T9907,Iris SuzyBrown_30팩,P3075,1-Day_iris_Suzy Brown,Q3075,1-Day_iris_Suzy Brown,R3075,1-Day_iris_Suzy Brown
1-Day_Color_Sph,S161,Iris BlueMoon_낱개,P3076,1-Day_iris_Blue Moon,Q3076,1-Day_iris_Blue Moon,R3076,1-Day_iris_Blue Moon
1-Day_Color_Sph,S162,Iris BlueMoon_40팩,P3076,1-Day_iris_Blue Moon,Q3076,1-Day_iris_Blue Moon,R3076,1-Day_iris_Blue Moon
1-Day_Color_Sph,T3076,1-Day_iris_Blue Moon,P3076,1-Day_iris_Blue Moon,Q3076,1-Day_iris_Blue Moon,R3076,1-Day_iris_Blue Moon
1-Day_Color_Sph,T9927,Iris BlueMoon_40팩,P3076,1-Day_iris_Blue Moon,Q3076,1-Day_iris_Blue Moon,R3076,1-Day_iris_Blue Moon
1-Day_Color_Sph,S831,렌즈미 Realsome_Brown(10개입),P3077,REAL SOME BROWN(NOBLE MYSTIC),Q3077,REAL SOME BROWN(NOBLE MYSTIC),R3077,REAL SOME BROWN(NOBLE MYSTIC)
1-Day_Color_Sph,S833,렌즈미 Realsome_Brown(30개입),P3077,REAL SOME BROWN(NOBLE MYSTIC),Q3077,REAL SOME BROWN(NOBLE MYSTIC),R3077,REAL SOME BROWN(NOBLE MYSTIC)
1-Day_Color_Sph,S835,렌즈미 Realsome_Brown(낱개),P3077,REAL SOME BROWN(NOBLE MYSTIC),Q3077,REAL SOME BROWN(NOBLE MYSTIC),R3077,REAL SOME BROWN(NOBLE MYSTIC)
1-Day_Color_Sph,S832,렌즈미 Realsome_Choco(10개입),P3078,REAL SOME CHOCO(NOBLE MYSTIC),Q3078,REAL SOME CHOCO(NOBLE MYSTIC),R3078,REAL SOME CHOCO(NOBLE MYSTIC)
1-Day_Color_Sph,S834,렌즈미 Realsome_Choco(30개입),P3078,REAL SOME CHOCO(NOBLE MYSTIC),Q3078,REAL SOME CHOCO(NOBLE MYSTIC),R3078,REAL SOME CHOCO(NOBLE MYSTIC)
1-Day_Color_Sph,S836,렌즈미 Realsome_Choco(낱개),P3078,REAL SOME CHOCO(NOBLE MYSTIC),Q3078,REAL SOME CHOCO(NOBLE MYSTIC),R3078,REAL SOME CHOCO(NOBLE MYSTIC)
1-Day_Sph,S307,Hapakristin D_1-day_58_10P,P3079,Hapakristin D_1-day_58,Q3081,1-day_58_Kontaktni-HA,R3081,1-day_58_Kontaktni-HA
1-Day_Sph,T3080,1D_55 clear feliamo,P3080,1D_55 clear feliamo,Q3080,1D_55 clear feliamo,R3080,1D_55 clear feliamo
1-Day_Sph,T3081,1-day_58_Kontaktni-HA,P3081,1-day_58_Kontaktni-HA,Q3081,1-day_58_Kontaktni-HA,R3081,1-day_58_Kontaktni-HA
1-Day_Color_Sph,S913,Iris Latin_DP용 샘플(RPK)_낱개,P3083,IRIS_Latin_RPK 블리스터,Q0008,1-Day_iris_Latin,R0008,1-Day_iris_Latin
1-Day_Color_Sph,S914,Iris Rhapsody_DP용 샘플(RPK)_낱개,P3084,IRIS_Rhapsody_RPK 블리스터,Q0007,1-Day_iris_Rhapsody,R0007,1-Day_iris_Rhapsody
1-Day_Color_Sph,S915,Iris Soulbrown_DP용 샘플(RPK)_낱개,P3085,IRIS_SoulBrown_RPK 블리스터,Q0010,1-Day_iris_SoulBrown,R0010,1-Day_iris_SoulBrown
1-Day_Color_Sph,S916,Iris Jazz Black_DP용 샘플(RPK)_낱개,P3086,IRIS_Jazz Black_RPK 블리스터,Q0011,1-Day_iris_JazzBlack,R0011,1-Day_iris_JazzBlack
1-Day_Color_Sph,T3087,TAMO_Alicia Brown,P3087,TAMO_Alicia Brown,Q0213,ALICIA BROWN(근시),R0213,ALICIA BROWN(근시)
1-Day_Color_Sph,T3088,TAMO_Blue Moon,P3088,TAMO_Blue Moon,Q3076,1-Day_iris_Blue Moon,R3076,1-Day_iris_Blue Moon
1-Day_Color_Sph,T3089,TAMO_Soleko_Pearl,P3089,TAMO_Soleko_Pearl,Q3002,Soleko_Pearl,R3002,Soleko_Pearl
1-Day_Color_Sph,T3090,TAMO_Soleko_Green,P3090,TAMO_Soleko_Green,Q3003,Soleko_Green,R3003,Soleko_Green
1-Day_Color_Sph,T3091,TAMO_Soleko_Choco,P3091,TAMO_Soleko_Choco,Q3004,Soleko_Choco,R3004,Soleko_Choco
1-Day_Color_Sph,T3092,TAMO_SuzyBrown,P3092,TAMO_SuzyBrown,Q3075,1-Day_iris_Suzy Brown,R3075,1-Day_iris_Suzy Brown
1-Day_Color_Sph,T3093,(NEW)1-Day_iris_Suzy Brown,P3093,(NEW)1-Day_iris_Suzy Brown,Q3075,1-Day_iris_Suzy Brown,R3075,1-Day_iris_Suzy Brown
1-Day_Color_Sph,T3094,(NEW)1-Day_iris_Blue Moon,P3094,(NEW)1-Day_iris_Blue Moon,Q3076,1-Day_iris_Blue Moon,R3076,1-Day_iris_Blue Moon
1-Day_Color_Sph,T3095,Clear Beige Coral_1-DAY,P3095,Clear Beige Coral_1-DAY,Q3095,Clear Beige Coral_1-DAY,R3095,Clear Beige Coral_1-DAY
1-Day_Color_Sph,T3096,(NEW)Gauss Chocolat_1-DAY,P3096,(NEW)Gauss Chocolat_1-DAY,Q3096,(NEW)Gauss Chocolat_1-DAY,R3096,(NEW)Gauss Chocolat_1-DAY
1-Day_Color_Sph,T3098,PIA_1-DAY_Peridot,P3098,PIA_1-DAY_Peridot,Q3098,PIA_1-DAY_Peridot,R3098,PIA_1-DAY_Peridot
1-Day_Sph,T3099,1-DAY_58(LEXXOO_파랑),P3099,1-DAY_58(LEXXOO_파랑),Q3081,1-day_58_Kontaktni-HA,R3081,1-day_58_Kontaktni-HA
1-Day_Color_Sph,T3100,PIA_Honey Amber,P3100,PIA_Honey Amber,Q3100,PIA_Honey Amber,R3100,PIA_Honey Amber
1-Day_Color_Sph,T3101,PIA_Lapis Lazuli,P3101,PIA_Lapis Lazuli,Q3101,PIA_Lapis Lazuli,R3101,PIA_Lapis Lazuli
1-Day_Color_Sph,T3102,PIA_Strawberry Quartz,P3102,PIA_Strawberry Quartz,Q3102,PIA_Strawberry Quartz,R3102,PIA_Strawberry Quartz
1-Day_Color_Sph,T3103,PIA_Date topaz,P3103,PIA_Date topaz,Q3103,PIA_Date topaz,R3103,PIA_Date topaz
1-Day_Color_Sph,T3104,PIA_Opal,P3104,PIA_Opal,Q3104,PIA_Opal,R3104,PIA_Opal
1-Day_Color_Sph,T3105,(영문)PIA_1D 55% Sheer Black 14.2,P3105,(영문)PIA_1D 55% Sheer Black 14.2,Q3059,PIA_Sheer Black_55%_1-DAY,R3059,PIA_Sheer Black_55%_1-DAY
1-Day_Color_Sph,T3106,(영문)PIA_1D 55% Sheer Brown 14.2,P3106,(영문)PIA_1D 55% Sheer Brown 14.2,Q3060,PIA_Sheer Brown_55%_1-DAY,R3060,PIA_Sheer Brown_55%_1-DAY
1-Day_Color_Sph,T3107,(영문)PIA_1D 55% Olive Brown 14.2,P3107,(영문)PIA_1D 55% Olive Brown 14.2,Q3061,PIA_Olive Brown_55%_1-DAY,R3061,PIA_Olive Brown_55%_1-DAY
1-Day_Color_Sph,T3108,(영문)PIA_1D 55% Cappuccino 14.2,P3108,(영문)PIA_1D 55% Cappuccino 14.2,Q3062,PIA_Cappuccino_55%_1-DAY,R3062,PIA_Cappuccino_55%_1-DAY
1-Day_Color_Sph,T3109,(영문)PIA_1D 55% Espresso 14.5,P3109,(영문)PIA_1D 55% Espresso 14.5,Q3063,PIA_Espresso_55%_14.5_1-DAY,R3063,PIA_Espresso_55%_14.5_1-DAY
1-Day_Color_Sph,T3110,(영문)PIA_1D 55% Shiny Brown 14.5,P3110,(영문)PIA_1D 55% Shiny Brown 14.5,Q3064,PIA_Shiny Brown_55%_14.5_1-DAY,R3064,PIA_Shiny Brown_55%_14.5_1-DAY
1-Day_Color_Sph,T3111,(영문)PIA_1D 55% Coconuts,P3111,(영문)PIA_1D 55% Coconuts,Q3055,PIA_Coconut_55%_1-DAY,R3055,PIA_Coconut_55%_1-DAY
1-Day_Color_Sph,T3112,(영문)PIA_1D 55% Hot Chocolate,P3112,(영문)PIA_1D 55% Hot Chocolate,Q3056,PIA_Hot Chocolate_55%_1-DAY,R3056,PIA_Hot Chocolate_55%_1-DAY
1-Day_Color_Sph,T3113,(영문)PIA_1D 55% Matcha Latte,P3113,(영문)PIA_1D 55% Matcha Latte,Q3057,PIA_Matcha Latte_55%_1-DAY,R3057,PIA_Matcha Latte_55%_1-DAY
1-Day_Color_Sph,T3114,(영문)PIA_1D 55% Lemonade,P3114,(영문)PIA_1D 55% Lemonade,Q3058,PIA_Lemonade_55%_1-DAY,R3058,PIA_Lemonade_55%_1-DAY
1-Day_Color_Sph,T3115,(영문)PIA_1D 55% Lassie,P3115,(영문)PIA_1D 55% Lassie,Q3071,PIA_Lassie_1-DAY 55%,R3071,PIA_Lassie_1-DAY 55%
1-Day_Color_Sph,T3116,(영문)PIA_1D 55% Fruit Punch,P3116,(영문)PIA_1D 55% Fruit Punch,Q3072,PIA_Fruit Punch_1-DAY 55%,R3072,PIA_Fruit Punch_1-DAY 55%
1-Day_Color_Sph,T3117,(영문)PIA_1D 55% Cider,P3117,(영문)PIA_1D 55% Cider,Q3070,PIA_Cider_1-DAY 55%,R3070,PIA_Cider_1-DAY 55%
1-Day_Color_Sph,T3120,PIA_MS1 Dazzle Beige_2T,P3120,PIA_MS1 Dazzle Beige_2T,Q3120,PIA_MS1 Dazzle Beige_2T,R3120,PIA_MS1 Dazzle Beige_2T
1-Day_Color_Sph,T3121,PIA_MS2 Dazzle Gray_2T,P3121,PIA_MS2 Dazzle Gray_2T,Q3121,PIA_MS2 Dazzle Gray_2T,R3121,PIA_MS2 Dazzle Gray_2T
1-Day_Color_Sph,T3122,PIA_MS3 Coral Brown_2T,P3122,PIA_MS3 Coral Brown_2T,Q3122,PIA_MS3 Coral Brown_2T,R3122,PIA_MS3 Coral Brown_2T
1-Day_Color_Sph,T3123,PIA_MS4 Mirror Gray_3T,P3123,PIA_MS4 Mirror Gray_3T,Q3123,PIA_MS4 Mirror Gray_3T,R3123,PIA_MS4 Mirror Gray_3T
1-Day_Color_Sph,T3124,PIA_MS5 Tint Brown_1T,P3124,PIA_MS5 Tint Brown_1T,Q3124,PIA_MS5 Tint Brown_1T,R3124,PIA_MS5 Tint Brown_1T
1-Day_Color_Sph,T3125,PIA_MS6 Sakura Petal_2T,P3125,PIA_MS6 Sakura Petal_2T,Q3125,PIA_MS6 Sakura Petal_2T,R3125,PIA_MS6 Sakura Petal_2T
1-Day_Color_Sph,T3127,PIA_1D 55% YakisobaPan_1T,P3127,PIA_1D 55% YakisobaPan_1T,Q3127,PIA_1D 55% YakisobaPan_1T,R3127,PIA_1D 55% YakisobaPan_1T
1-Day_Color_Sph,T3128,PIA_1D 55% SabaTeishoku_2T,P3128,PIA_1D 55% SabaTeishoku_2T,Q3128,PIA_1D 55% SabaTeishoku_2T,R3128,PIA_1D 55% SabaTeishoku_2T
FRP_Color_Sph,T3130,Dazzle Beige_2T_(PBT)PIA_M,P3130,Dazzle Beige_2T_(PBT)PIA_M,Q3130,Dazzle Beige_2T_(PBT)PIA_M,R3130,Dazzle Beige_2T_(PBT)PIA_M
1-Day_Color_Sph,T3131,(영문)PIA_1D 55% YakisobaPan_1T,P3131,(영문)PIA_1D 55% YakisobaPan_1T,Q3127,PIA_1D 55% YakisobaPan_1T,R3127,PIA_1D 55% YakisobaPan_1T
1-Day_Color_Sph,T3132,(영문)PIA_1D_55% SabaTeishoku_2T,P3132,(영문)PIA_1D_55% SabaTeishoku_2T,Q3128,PIA_1D 55% SabaTeishoku_2T,R3128,PIA_1D 55% SabaTeishoku_2T
FRP_Color_Sph,T3133,Aquarella M_Tupis Brown_원형,P3133,Aquarella M_Tupis Brown_원형,Q4711,(NEW)S38-Dry-14.2,R4711,(NEW)S38-Dry-14.2
FRP_Color_Sph,T3134,Aquarella_Cambuci Green_원형,P3134,Aquarella_Cambuci Green_원형,Q3134,Aquarella_Cambuci Green,R3134,Aquarella_Cambuci Green
FRP_Color_Sph,T3135,Aquarella_Arara Blue_원형,P3135,Aquarella_Arara Blue_원형,Q3135,Aquarella_Arara Blue,R3135,Aquarella_Arara Blue
FRP_Color_Sph,T3136,Aquarella_Amazonia Green_원형,P3136,Aquarella_Amazonia Green_원형,Q3136,Aquarella_Amazonia Green,R3136,Aquarella_Amazonia Green
FRP_Color_Sph,T3137,Aquarella_Beleza Gray_원형,P3137,Aquarella_Beleza Gray_원형,Q3137,Aquarella_Beleza Gray,R3137,Aquarella_Beleza Gray
FRP_Color_Sph,T3138,Aquarella_Bossa Nova Gray_원형,P3138,Aquarella_Bossa Nova Gray_원형,Q3138,Aquarella_Bossa Nova Gray,R3138,Aquarella_Bossa Nova Gray
FRP_Color_Sph,T3139,Aquarella_Dandara Hazel_원형,P3139,Aquarella_Dandara Hazel_원형,Q3139,Aquarella_Dandara Hazel,R3139,Aquarella_Dandara Hazel
1-Day_Color_Sph,T3140,PIA_Tulle Brown_1D_55%_14.2,P3140,PIA_Tulle Brown_1D_55%_14.2,Q3140,PIA_Tulle Brown_1D_55%_14.2,R3140,PIA_Tulle Brown_1D_55%_14.2
1-Day_Color_Sph,T3141,PIA_Cafe Mocha_1D_55%_14.5,P3141,PIA_Cafe Mocha_1D_55%_14.5,Q3141,PIA_Cafe Mocha_1D_55%_14.5,R3141,PIA_Cafe Mocha_1D_55%_14.5
1-Day_Color_Sph,T3142,PIA_Airy Beige_1D_55%_14.2,P3142,PIA_Airy Beige_1D_55%_14.2,Q3142,PIA_Airy Beige_1D_55%_14.2,R3142,PIA_Airy Beige_1D_55%_14.2
1-Day_Color_Sph,T3143,PIA_Chestnut_1D_55%_14.5,P3143,PIA_Chestnut_1D_55%_14.5,Q3143,PIA_Chestnut_1D_55%_14.5,R3143,PIA_Chestnut_1D_55%_14.5
1-Day_Color_Sph,T3145,4inlook_Little New Light_Gray,P3145,4inlook_Little New Light_Gray,Q3145,4inlook_Little New Light_Gray,R3145,4inlook_Little New Light_Gray
1-Day_Color_Sph,T3146,4inlook_Little New Light_Brown,P3146,4inlook_Little New Light_Brown,Q3146,4inlook_Little New Light_Brown,R3146,4inlook_Little New Light_Brown
1-Day_Color_Sph,T3147,EYEQUE_ICE Gray_GIRL POWER,P3147,EYEQUE_ICE Gray_GIRL POWER,Q3147,EYEQUE_ICE Gray_GIRL POWER,R3147,EYEQUE_ICE Gray_GIRL POWER
1-Day_Color_Sph,T3148,EYEQUE_AK Brown_GIRL POWER,P3148,EYEQUE_AK Brown_GIRL POWER,Q3148,EYEQUE_AK Brown_GIRL POWER,R3148,EYEQUE_AK Brown_GIRL POWER
1-Day_Color_Sph,T3149,EYEQUE_BABY RING_GIRL POWER,P3149,EYEQUE_BABY RING_GIRL POWER,Q3149,EYEQUE_BABY RING_GIRL POWER,R3149,EYEQUE_BABY RING_GIRL POWER
1-Day_Color_Sph,T3150,EYEQUE_MILK CHOC_GIRL POWER,P3150,EYEQUE_MILK CHOC_GIRL POWER,Q3150,EYEQUE_MILK CHOC_GIRL POWER,R3150,EYEQUE_MILK CHOC_GIRL POWER
1-Day_Color_Sph,T3151,4inlook_LADY Q_Brown,P3151,4inlook_LADY Q_Brown,Q3151,4inlook_LADY Q_Brown,R3151,4inlook_LADY Q_Brown
1-Day_Color_Sph,T3152,4inlook_LADY Q_Gray,P3152,4inlook_LADY Q_Gray,Q3152,4inlook_LADY Q_Gray,R3152,4inlook_LADY Q_Gray
1-Day_Color_Sph,T3153,4inlook_LOVE_Brown,P3153,4inlook_LOVE_Brown,Q3153,4inlook_LOVE_Brown,R3153,4inlook_LOVE_Brown
1-Day_Color_Sph,T3154,4inlook_LOVE_Gray,P3154,4inlook_LOVE_Gray,Q3154,4inlook_LOVE_Gray,R3154,4inlook_LOVE_Gray
1-Day_Color_Sph,T3155,EYEQUE D_Sweet Choco_GIRL POWER,P3155,EYEQUE D_Sweet Choco_GIRL POWER,Q3155,EYEQUE D_Sweet Choco_GIRL POWER,R3155,EYEQUE D_Sweet Choco_GIRL POWER
1-Day_Color_Sph,T3156,EYEQUE D_LET ME GO_204_LOVE,P3156,EYEQUE D_LET ME GO_204_LOVE,Q3156,EYEQUE D_LET ME GO_204_LOVE,R3156,EYEQUE D_LET ME GO_204_LOVE
1-Day_Color_Sph,T3157,EYEQUE D_LOVE IS YOU_201_LOVE,P3157,EYEQUE D_LOVE IS YOU_201_LOVE,Q3157,EYEQUE D_LOVE IS YOU_201_LOVE,R3157,EYEQUE D_LOVE IS YOU_201_LOVE
1-Day_Color_Sph,T3158,EYEQUE D_LOVE ME TENDER_202_LOVE,P3158,EYEQUE D_LOVE ME TENDER_202_LOVE,Q3158,EYEQUE D_LOVE ME TENDER_202_LOVE,R3158,EYEQUE D_LOVE ME TENDER_202_LOVE
1-Day_Color_Sph,T3159,EYEQUE D_LOVE ME TRUE_203_LOVE,P3159,EYEQUE D_LOVE ME TRUE_203_LOVE,Q3159,EYEQUE D_LOVE ME TRUE_203_LOVE,R3159,EYEQUE D_LOVE ME TRUE_203_LOVE
1-Day_Color_Sph,T3160,(영문)PIA D_SMOKEY BEIGE_55%,P3160,(영문)PIA D_SMOKEY BEIGE_55%,Q4882,PIA_SMOKEY BEIGE_1D_55%,R4882,PIA_SMOKEY BEIGE_1D_55%
1-Day_Color_Sph,T3161,(영문)PIA D_SMOKEY GRAY_55%,P3161,(영문)PIA D_SMOKEY GRAY_55%,Q4883,PIA_SMOKEY GRAY_1D_55%,R4883,PIA_SMOKEY GRAY_1D_55%
1-Day_Color_Sph,T3162,(영문)PIA D_RUSTY BEIGE_55%,P3162,(영문)PIA D_RUSTY BEIGE_55%,Q4884,PIA_RUSTY BEIGE_1D_55%,R4884,PIA_RUSTY BEIGE_1D_55%
1-Day_Color_Sph,T3163,(영문)PIA D_RUSTY GRAY_55%,P3163,(영문)PIA D_RUSTY GRAY_55%,Q4885,PIA_RUSTY GRAY_1D_55%,R4885,PIA_RUSTY GRAY_1D_55%
1-Day_Color_Sph,T3164,(영문)PIA D_TAMA KONNYAKU_55%,P3164,(영문)PIA D_TAMA KONNYAKU_55%,Q4853,PIA_TAMA KONNYAKU_55%,R4853,PIA_TAMA KONNYAKU_55%
1-Day_Color_Sph,T3165,(영문)PIA D_HOJICHA LATTE_55%,P3165,(영문)PIA D_HOJICHA LATTE_55%,Q4854,PIA_HOJICHA LATTE_55%,R4854,PIA_HOJICHA LATTE_55%
1-Day_Color_Sph,T3166,EYEQUE D_Gloss moon_301_S3,P3166,EYEQUE D_Gloss moon_301_S3,Q3166,EYEQUE D_Gloss moon_301_S3,R3166,EYEQUE D_Gloss moon_301_S3
1-Day_Color_Sph,T3167,EYEQUE D_Snow wink_302_S3,P3167,EYEQUE D_Snow wink_302_S3,Q3167,EYEQUE D_Snow wink_302_S3,R3167,EYEQUE D_Snow wink_302_S3
1-Day_Color_Sph,T3168,EYEQUE D_Foxy amber_303_S3,P3168,EYEQUE D_Foxy amber_303_S3,Q3168,EYEQUE D_Foxy amber_303_S3,R3168,EYEQUE D_Foxy amber_303_S3
1-Day_Color_Sph,T3169,EYEQUE D_Crystal olive_304_S3,P3169,EYEQUE D_Crystal olive_304_S3,Q3169,EYEQUE D_Crystal olive_304_S3,R3169,EYEQUE D_Crystal olive_304_S3
1-Day_Color_Sph,T3170,PIA D_Kiss me Brown_38% UV,P3170,PIA D_Kiss me Brown_38% UV,Q3170,PIA D_Kiss me Brown_38% UV,R3170,PIA D_Kiss me Brown_38% UV
1-Day_Color_Sph,T3171,PIA D_Secret Shine_38% UV,P3171,PIA D_Secret Shine_38% UV,Q3171,PIA D_Secret Shine_38% UV,R3171,PIA D_Secret Shine_38% UV
1-Day_Color_Sph,T3172,PIA D_Happiness Chocolat_38% UV,P3172,PIA D_Happiness Chocolat_38% UV,Q3172,PIA D_Happiness Chocolat_38% UV,R3172,PIA D_Happiness Chocolat_38% UV
1-Day_Color_Sph,T3173,PIA D_Prism Gray_38% UV,P3173,PIA D_Prism Gray_38% UV,Q3173,PIA D_Prism Gray_38% UV,R3173,PIA D_Prism Gray_38% UV
1-Day_Color_Sph,T3174,PIA D_Caramel Souffle_38% UV,P3174,PIA D_Caramel Souffle_38% UV,Q3174,PIA D_Caramel Souffle_38% UV,R3174,PIA D_Caramel Souffle_38% UV
1-Day_Color_Sph,T3175,PIA D_Brown Fondue_38% UV,P3175,PIA D_Brown Fondue_38% UV,Q3175,PIA D_Brown Fondue_38% UV,R3175,PIA D_Brown Fondue_38% UV
1-Day_Color_Sph,T3176,PIA D_Jelly Gray_38% UV,P3176,PIA D_Jelly Gray_38% UV,Q3176,PIA D_Jelly Gray_38% UV,R3176,PIA D_Jelly Gray_38% UV
1-Day_Color_Sph,T3177,PIA D_Sugar Donut_38% UV,P3177,PIA D_Sugar Donut_38% UV,Q3177,PIA D_Sugar Donut_38% UV,R3177,PIA D_Sugar Donut_38% UV
1-Day_Color_Sph,T3178,PIA D_Nudie Beige_55% UV,P3178,PIA D_Nudie Beige_55% UV,Q3178,PIA D_Nudie Beige_55% UV,R3178,PIA D_Nudie Beige_55% UV
1-Day_Color_Sph,T3179,PIA D_Teddy Brown_55% UV,P3179,PIA D_Teddy Brown_55% UV,Q3179,PIA D_Teddy Brown_55% UV,R3179,PIA D_Teddy Brown_55% UV
1-Day_Color_Sph,T3180,PIA D_Air Gray_55% UV,P3180,PIA D_Air Gray_55% UV,Q3180,PIA D_Air Gray_55% UV,R3180,PIA D_Air Gray_55% UV
1-Day_Color_Sph,T3181,PIA D_Palm Green_55% UV,P3181,PIA D_Palm Green_55% UV,Q3181,PIA D_Palm Green_55% UV,R3181,PIA D_Palm Green_55% UV
1-Day_Color_Sph,T3182,PIA D_Garnet_38% UV,P3182,PIA D_Garnet_38% UV,Q3182,PIA D_Garnet_38% UV,R3182,PIA D_Garnet_38% UV
1-Day_Color_Sph,T3183,PIA D_Smoky Quartz_38% UV,P3183,PIA D_Smoky Quartz_38% UV,Q3183,PIA D_Smoky Quartz_38% UV,R3183,PIA D_Smoky Quartz_38% UV
1-Day_Color_Sph,T3184,PIA D_Twin Topaz_38% UV,P3184,PIA D_Twin Topaz_38% UV,Q3184,PIA D_Twin Topaz_38% UV,R3184,PIA D_Twin Topaz_38% UV
1-Day_Color_Sph,T3185,EYEQUE D_PINK CHOC_106_LOVE,P3185,EYEQUE D_PINK CHOC_106_LOVE,Q3185,EYEQUE D_PINK CHOC_106_LOVE,R3185,EYEQUE D_PINK CHOC_106_LOVE
1-Day_Sph,T3200,1-Day_58(El Fady),P3200,1-Day_58(El Fady),Q3081,1-day_58_Kontaktni-HA,R3081,1-day_58_Kontaktni-HA
1-Day_Color_Sph,S867,Lighly Rose 1Day Gray_30p,P3201,Lighly Rose Gray(렌즈타운),Q3201,Lighly Rose Gray(렌즈타운),R3201,Lighly Rose Gray(렌즈타운)
1-Day_Color_Sph,S868,Lighly Rose 1Day Gray_낱개,P3201,Lighly Rose Gray(렌즈타운),Q3201,Lighly Rose Gray(렌즈타운),R3201,Lighly Rose Gray(렌즈타운)
1-Day_Color_Sph,S865,Lighly Rose 1Day Beige_30p,P3202,Lighly Rose Beige(렌즈타운),Q3202,Lighly Rose Beige(렌즈타운),R3202,Lighly Rose Beige(렌즈타운)
1-Day_Color_Sph,S866,Lighly Rose 1Day Beige_낱개,P3202,Lighly Rose Beige(렌즈타운),Q3202,Lighly Rose Beige(렌즈타운),R3202,Lighly Rose Beige(렌즈타운)
1-Day_Color_Sph,S869,Lighly Rose 1Day Rose_30p,P3203,Lighly Rose Rose(렌즈타운),Q3203,Lighly Rose Rose(렌즈타운),R3203,Lighly Rose Rose(렌즈타운)
1-Day_Color_Sph,S870,Lighly Rose 1Day Rose_낱개,P3203,Lighly Rose Rose(렌즈타운),Q3203,Lighly Rose Rose(렌즈타운),R3203,Lighly Rose Rose(렌즈타운)
1-Day_Color_Sph,S837,렌즈미 Realfit 3Color_Brown(낱개),P3205,AKMA REAL FIT 3 Brown,Q3205,AKMA REAL FIT 3 Brown,R3205,AKMA REAL FIT 3 Brown
1-Day_Color_Sph,S838,렌즈미 Realfit 3Color_Brown(30개입),P3205,AKMA REAL FIT 3 Brown,Q3205,AKMA REAL FIT 3 Brown,R3205,AKMA REAL FIT 3 Brown
1-Day_Color_Sph,S839,렌즈미 Realfit 3Color_Gray(낱개),P3206,AKMA REAL FIT 3 Gray,Q3206,AKMA REAL FIT 3 Gray,R3206,AKMA REAL FIT 3 Gray
1-Day_Color_Sph,S840,렌즈미 Realfit 3Color_Gray(30개입),P3206,AKMA REAL FIT 3 Gray,Q3206,AKMA REAL FIT 3 Gray,R3206,AKMA REAL FIT 3 Gray
1-Day_Color_Sph,S871,Lighly Rose 1Day Khaki_30p,P3207,Lighly Rose Khaki(렌즈타운),Q3207,Lighly Rose Khaki(렌즈타운),R3207,Lighly Rose Khaki(렌즈타운)
1-Day_Color_Sph,S874,Lighly Rose 1Day Khaki_낱개,P3207,Lighly Rose Khaki(렌즈타운),Q3207,Lighly Rose Khaki(렌즈타운),R3207,Lighly Rose Khaki(렌즈타운)
1-Day_Color_Sph,S872,Lighly Rose 1Day Berry_30p,P3208,Lighly Rose Berry(렌즈타운),Q3208,Lighly Rose Berry(렌즈타운),R3208,Lighly Rose Berry(렌즈타운)
1-Day_Color_Sph,S875,Lighly Rose 1Day Berry_낱개,P3208,Lighly Rose Berry(렌즈타운),Q3208,Lighly Rose Berry(렌즈타운),R3208,Lighly Rose Berry(렌즈타운)
1-Day_Color_Sph,S873,Lighly Rose 1Day Cacao_30p,P3209,Lighly Rose Cacao(렌즈타운),Q3209,Lighly Rose Cacao(렌즈타운),R3209,Lighly Rose Cacao(렌즈타운)
1-Day_Color_Sph,S876,Lighly Rose 1Day Cacao_낱개,P3209,Lighly Rose Cacao(렌즈타운),Q3209,Lighly Rose Cacao(렌즈타운),R3209,Lighly Rose Cacao(렌즈타운)
1-Day_Color_Sph,T3211,Alcon_Chocolate Gold_55%_1-DAY,P3211,Alcon_Chocolate Gold_55%_1-DAY,Q3211,Alcon D_Jewel Gold_W3,R3211,Alcon D_Jewel Gold_W3
1-Day_Color_Sph,T3212,Alcon_Chocolate Black_55%_1-DAY,P3212,Alcon_Chocolate Black_55%_1-DAY,Q3212,Alcon D_Jewel Black_W3,R3212,Alcon D_Jewel Black_W3
1-Day_Color_Sph,T3213,Alcon_Dreamy Blue_55%_1-DAY,P3213,Alcon_Dreamy Blue_55%_1-DAY,Q3213,Alcon D_Allure Blue_W3C,R3213,Alcon D_Allure Blue_W3C
1-Day_Color_Sph,T3214,Alcon_Dreamy Grey_55%_1-DAY,P3214,Alcon_Dreamy Grey_55%_1-DAY,Q3214,Alcon D_Allure Grey_W3C,R3214,Alcon D_Allure Grey_W3C
1-Day_Color_Sph,T3215,Alcon_Dreamy Hazel_55%_1-DAY,P3215,Alcon_Dreamy Hazel_55%_1-DAY,Q3215,Alcon D_Allure Hazel_W3C,R3215,Alcon D_Allure Hazel_W3C
1-Day_Color_Sph,T3216,Alcon D_Jewel Gold_W3(APAC),P3216,Alcon D_Jewel Gold_W3(APAC),Q3211,Alcon D_Jewel Gold_W3,R3211,Alcon D_Jewel Gold_W3
1-Day_Color_Sph,T3217,Alcon D_Jewel Black_W3(APAC),P3217,Alcon D_Jewel Black_W3(APAC),Q3212,Alcon D_Jewel Black_W3,R3212,Alcon D_Jewel Black_W3
1-Day_Color_Sph,T3218,Alcon D_Allure Blue_W3C(APAC),P3218,Alcon D_Allure Blue_W3C(APAC),Q3213,Alcon D_Allure Blue_W3C,R3213,Alcon D_Allure Blue_W3C
1-Day_Color_Sph,T3219,Alcon D_Allure Grey_W3C(APAC),P3219,Alcon D_Allure Grey_W3C(APAC),Q3214,Alcon D_Allure Grey_W3C,R3214,Alcon D_Allure Grey_W3C
1-Day_Color_Sph,T3220,Alcon D_Allure Hazel_W3C(APAC),P3220,Alcon D_Allure Hazel_W3C(APAC),Q3215,Alcon D_Allure Hazel_W3C,R3215,Alcon D_Allure Hazel_W3C
1-Day_Color_Sph,T3221,Alcon D_Chic Caramel_W4(APAC),P3221,Alcon D_Chic Caramel_W4(APAC),Q3221,Alcon D_Chic Caramel_W4,R3221,Alcon D_Chic Caramel_W4
1-Day_Color_Sph,T3222,Alcon D_Chic Smoke_W4(APAC),P3222,Alcon D_Chic Smoke_W4(APAC),Q3222,Alcon D_Chic Smoke_W4,R3222,Alcon D_Chic Smoke_W4
1-Day_Color_Sph,T3223,Alcon D_Satin Maple_W4C(APAC),P3223,Alcon D_Satin Maple_W4C(APAC),Q3223,Alcon D_Satin Maple_W4C,R3223,Alcon D_Satin Maple_W4C
1-Day_Color_Sph,S330,Alcon D_Jewel Gold_W3(KR)_5팩,P3224,Alcon D_Jewel Gold_W3(KR),Q3211,Alcon D_Jewel Gold_W3,R3211,Alcon D_Jewel Gold_W3
1-Day_Color_Sph,S332,Alcon D_Jewel Gold_W3(KR)_30팩,P3224,Alcon D_Jewel Gold_W3(KR),Q3211,Alcon D_Jewel Gold_W3,R3211,Alcon D_Jewel Gold_W3
1-Day_Color_Sph,S333,Alcon D_Jewel Gold_W3(KR)_낱개,P3224,Alcon D_Jewel Gold_W3(KR),Q3211,Alcon D_Jewel Gold_W3,R3211,Alcon D_Jewel Gold_W3
1-Day_Color_Sph,S334,Alcon D_Jewel Black_W3(KR)_5팩,P3225,Alcon D_Jewel Black_W3(KR),Q3212,Alcon D_Jewel Black_W3,R3212,Alcon D_Jewel Black_W3
1-Day_Color_Sph,S336,Alcon D_Jewel Black_W3(KR)_30팩,P3225,Alcon D_Jewel Black_W3(KR),Q3212,Alcon D_Jewel Black_W3,R3212,Alcon D_Jewel Black_W3
1-Day_Color_Sph,S337,Alcon D_Jewel Black_W3(KR)_낱개,P3225,Alcon D_Jewel Black_W3(KR),Q3212,Alcon D_Jewel Black_W3,R3212,Alcon D_Jewel Black_W3
1-Day_Color_Sph,S338,Alcon D_Allure Blue_W3C(KR)_5팩,P3226,Alcon D_Allure Blue_W3C(KR),Q3213,Alcon D_Allure Blue_W3C,R3213,Alcon D_Allure Blue_W3C
1-Day_Color_Sph,S340,Alcon D_Allure Blue_W3C(KR)_30팩,P3226,Alcon D_Allure Blue_W3C(KR),Q3213,Alcon D_Allure Blue_W3C,R3213,Alcon D_Allure Blue_W3C
1-Day_Color_Sph,S341,Alcon D_Allure Blue_W3C(KR)_낱개,P3226,Alcon D_Allure Blue_W3C(KR),Q3213,Alcon D_Allure Blue_W3C,R3213,Alcon D_Allure Blue_W3C
1-Day_Color_Sph,S342,Alcon D_Allure Grey_W3C(KR)_5팩,P3227,Alcon D_Allure Grey_W3C(KR),Q3214,Alcon D_Allure Grey_W3C,R3214,Alcon D_Allure Grey_W3C
1-Day_Color_Sph,S344,Alcon D_Allure Grey_W3C(KR)_30팩,P3227,Alcon D_Allure Grey_W3C(KR),Q3214,Alcon D_Allure Grey_W3C,R3214,Alcon D_Allure Grey_W3C
1-Day_Color_Sph,S345,Alcon D_Allure Grey_W3C(KR)_낱개,P3227,Alcon D_Allure Grey_W3C(KR),Q3214,Alcon D_Allure Grey_W3C,R3214,Alcon D_Allure Grey_W3C
1-Day_Color_Sph,S346,Alcon D_Allure Hazel_W3C(KR)_5팩,P3228,Alcon D_Allure Hazel_W3C(KR),Q3215,Alcon D_Allure Hazel_W3C,R3215,Alcon D_Allure Hazel_W3C
1-Day_Color_Sph,S348,Alcon D_Allure Hazel_W3C(KR)_30팩,P3228,Alcon D_Allure Hazel_W3C(KR),Q3215,Alcon D_Allure Hazel_W3C,R3215,Alcon D_Allure Hazel_W3C
1-Day_Color_Sph,S349,Alcon D_Allure Hazel_W3C(KR)_낱개,P3228,Alcon D_Allure Hazel_W3C(KR),Q3215,Alcon D_Allure Hazel_W3C,R3215,Alcon D_Allure Hazel_W3C
1-Day_Color_Sph,S350,Alcon D_Chic Caramel_W4(KR)_5팩,P3229,Alcon D_Chic Caramel_W4(KR),Q3221,Alcon D_Chic Caramel_W4,R3221,Alcon D_Chic Caramel_W4
1-Day_Color_Sph,S352,Alcon D_Chic Caramel_W4(KR)_30팩,P3229,Alcon D_Chic Caramel_W4(KR),Q3221,Alcon D_Chic Caramel_W4,R3221,Alcon D_Chic Caramel_W4
1-Day_Color_Sph,S353,Alcon D_Chic Caramel_W4(KR)_낱개,P3229,Alcon D_Chic Caramel_W4(KR),Q3221,Alcon D_Chic Caramel_W4,R3221,Alcon D_Chic Caramel_W4
1-Day_Color_Sph,S354,Alcon D_Chic Smoke_W4(KR)_5팩,P3230,Alcon D_Chic Smoke_W4(KR),Q3222,Alcon D_Chic Smoke_W4,R3222,Alcon D_Chic Smoke_W4
1-Day_Color_Sph,S356,Alcon D_Chic Smoke_W4(KR)_30팩,P3230,Alcon D_Chic Smoke_W4(KR),Q3222,Alcon D_Chic Smoke_W4,R3222,Alcon D_Chic Smoke_W4
1-Day_Color_Sph,S357,Alcon D_Chic Smoke_W4(KR)_낱개,P3230,Alcon D_Chic Smoke_W4(KR),Q3222,Alcon D_Chic Smoke_W4,R3222,Alcon D_Chic Smoke_W4
1-Day_Color_Sph,S358,Alcon D_Satin Maple_W4C(KR)_5팩,P3231,Alcon D_Satin Maple_W4C(KR),Q3223,Alcon D_Satin Maple_W4C,R3223,Alcon D_Satin Maple_W4C
1-Day_Color_Sph,S360,Alcon D_Satin Maple_W4C(KR)_30팩,P3231,Alcon D_Satin Maple_W4C(KR),Q3223,Alcon D_Satin Maple_W4C,R3223,Alcon D_Satin Maple_W4C
1-Day_Color_Sph,S361,Alcon D_Satin Maple_W4C(KR)_낱개,P3231,Alcon D_Satin Maple_W4C(KR),Q3223,Alcon D_Satin Maple_W4C,R3223,Alcon D_Satin Maple_W4C
Si_1-Day_Sph,T3300,Silicon_1-day(A-Type),P3300,Silicon_1-day(A-Type),Q3300,Silicon_1-day(A-Type),R3300,Silicon_1-day(A-Type)
Si_1-Day_Sph,S638,Clalen O2O2 1Day_낱개,P3303,O2O2 D_UV Spherical_white,Q3302,O2O2 D_Spherical_45%(DK70),R3302,O2O2 D_Spherical_45%(DK70)
Si_1-Day_Sph,S640,Clalen O2O2 1Day_낱개(2P),P3303,O2O2 D_UV Spherical_white,Q3302,O2O2 D_Spherical_45%(DK70),R3302,O2O2 D_Spherical_45%(DK70)
Si_1-Day_Sph,T3303,O2O2 D_UV Spherical_무지리드지,P3303,O2O2 D_UV Spherical_white,Q3302,O2O2 D_Spherical_45%(DK70),R3302,O2O2 D_Spherical_45%(DK70)
Si_1-Day_M/F,T3316,O2O2 D_UV_Multifocal_MPG&E 리드지,P3305,O2O2 D_UV_Multifocal_White,Q3305,O2O2 D_Multifocal_45%,R3305,O2O2 D_Multifocal_45%
Si_1-Day_M/F,T3323,O2O2 D_UV_Multifocal_해외공용리드지,P3305,O2O2 D_UV_Multifocal_White,Q3305,O2O2 D_Multifocal_45%,R3305,O2O2 D_Multifocal_45%
Si_1-Day_M/F,T3309,O2O2 D_Multifocal_White_K2-Type,P3309,O2O2 D_Multifocal_White_K2-Type,Q3309,O2O2_Multifocal_45%_K2-Type,R3309,O2O2_Multifocal_45%_K2-Type
Si_1-Day_M/F,T3315,O2O2 D_UV_Multifocal_Ophtalmic 리드지_5개입 ,P3309,O2O2 D_Multifocal_White_K2-Type,Q3309,O2O2_Multifocal_45%_K2-Type,R3309,O2O2_Multifocal_45%_K2-Type
Si_FRP_M/F,T3310,O2O2 M_Multifocal_K2-Type_소사각,P3310,O2O2 M_Multifocal_K2-Type_소사각,Q3309,O2O2_Multifocal_45%_K2-Type,R3309,O2O2_Multifocal_45%_K2-Type
Si_FRP_Color_Sph,S604,Clalen O2O2 M_Natural Brown EX_낱개,P3400,O2O2 M_Natural Brown EX_(중),Q3400,O2O2 M_Natural Brown EX,R3400,O2O2 M_Natural Brown EX
Si_FRP_Color_Sph,S609,Clalen O2O2 M_Natural Brown EX_2P,P3400,O2O2 M_Natural Brown EX_(중),Q3400,O2O2 M_Natural Brown EX,R3400,O2O2 M_Natural Brown EX
Si_FRP_Color_Sph,T3400,(NEW)O2O2 M_Natural Brown EX_(중),P3400,O2O2 M_Natural Brown EX_(중),Q3400,O2O2 M_Natural Brown EX,R3400,O2O2 M_Natural Brown EX
Si_FRP_Color_Sph,T9928,Clalen O2O2 M_Natural Brown EX_2P,P3400,O2O2 M_Natural Brown EX_(중),Q3400,O2O2 M_Natural Brown EX,R3400,O2O2 M_Natural Brown EX
Si_FRP_Color_Sph,S605,Clalen O2O2 M_Natural Gray EX_낱개,P3401,O2O2 M_Natural Gray EX_(중),Q3401,O2O2 M_Natural Gray EX,R3401,O2O2 M_Natural Gray EX
Si_FRP_Color_Sph,S610,Clalen O2O2 M_Natural Gray EX_2P,P3401,O2O2 M_Natural Gray EX_(중),Q3401,O2O2 M_Natural Gray EX,R3401,O2O2 M_Natural Gray EX
Si_FRP_Color_Sph,T3401,(NEW)O2O2 M_Natural Gray EX_(중),P3401,O2O2 M_Natural Gray EX_(중),Q3401,O2O2 M_Natural Gray EX,R3401,O2O2 M_Natural Gray EX
Si_FRP_Color_Sph,T9929,Clalen O2O2 M_Natural Gray EX_2P,P3401,O2O2 M_Natural Gray EX_(중),Q3401,O2O2 M_Natural Gray EX,R3401,O2O2 M_Natural Gray EX
Si_FRP_Color_Sph,S606,Clalen O2O2 M_Natural Chocolat EX_낱개,P3402,O2O2 M_Natural Chocolat EX_(중),Q3402,O2O2 M_Natural Chocolat EX,R3402,O2O2 M_Natural Chocolat EX
Si_FRP_Color_Sph,S611,Clalen O2O2 M_Natural Chocolat EX_2P,P3402,O2O2 M_Natural Chocolat EX_(중),Q3402,O2O2 M_Natural Chocolat EX,R3402,O2O2 M_Natural Chocolat EX
Si_FRP_Color_Sph,T3402,(NEW)O2O2 M_Natural Chocolat EX_(중),P3402,O2O2 M_Natural Chocolat EX_(중),Q3402,O2O2 M_Natural Chocolat EX,R3402,O2O2 M_Natural Chocolat EX
Si_FRP_Color_Sph,T9930,Clalen O2O2 M_Natural Chocolat EX_2P,P3402,O2O2 M_Natural Chocolat EX_(중),Q3402,O2O2 M_Natural Chocolat EX,R3402,O2O2 M_Natural Chocolat EX
Si_FRP_Color_Sph,S607,Clalen O2O2 M_Mysti Gray EX_낱개,P3403,O2O2 M_Mysti Gray EX_(중),Q3403,O2O2 M_Mysti Gray EX,R3403,O2O2 M_Mysti Gray EX
Si_FRP_Color_Sph,S612,Clalen O2O2 M_Mysti Gray EX_2P,P3403,O2O2 M_Mysti Gray EX_(중),Q3403,O2O2 M_Mysti Gray EX,R3403,O2O2 M_Mysti Gray EX
Si_FRP_Color_Sph,T3403,(NEW)O2O2 M_Mysti Gray EX_(중),P3403,O2O2 M_Mysti Gray EX_(중),Q3403,O2O2 M_Mysti Gray EX,R3403,O2O2 M_Mysti Gray EX
Si_FRP_Color_Sph,T9931,Clalen O2O2 M_Mysti Gray EX_2P,P3403,O2O2 M_Mysti Gray EX_(중),Q3403,O2O2 M_Mysti Gray EX,R3403,O2O2 M_Mysti Gray EX
Si_FRP_Color_Sph,S608,Clalen O2O2 M_Mysti Khaki EX_낱개,P3404,O2O2 M_Mysti Khaki EX_(중),Q3404,O2O2 M_Mysti Khaki EX,R3404,O2O2 M_Mysti Khaki EX
Si_FRP_Color_Sph,S613,Clalen O2O2 M_Mysti Khaki EX_2P,P3404,O2O2 M_Mysti Khaki EX_(중),Q3404,O2O2 M_Mysti Khaki EX,R3404,O2O2 M_Mysti Khaki EX
Si_FRP_Color_Sph,T3404,(NEW)O2O2 M_Mysti Khaki EX_(중),P3404,O2O2 M_Mysti Khaki EX_(중),Q3404,O2O2 M_Mysti Khaki EX,R3404,O2O2 M_Mysti Khaki EX
Si_FRP_Color_Sph,T9932,Clalen O2O2 M_Mysti Khaki EX_2P,P3404,O2O2 M_Mysti Khaki EX_(중),Q3404,O2O2 M_Mysti Khaki EX,R3404,O2O2 M_Mysti Khaki EX
Si_1-Day_Color_Sph,S181,Clalen O2O2 D_Sepia Choco EX_90P,P3405,O2O2 D_Sepia Choco EX,Q3405,O2O2 D_Sepia Choco EX,R3405,O2O2 D_Sepia Choco EX
Si_1-Day_Color_Sph,S614,Clalen O2O2 D_Sepia Choco EX_낱개,P3405,O2O2 D_Sepia Choco EX,Q3405,O2O2 D_Sepia Choco EX,R3405,O2O2 D_Sepia Choco EX
Si_1-Day_Color_Sph,S615,Clalen O2O2 D_Sepia Choco EX_30P,P3405,O2O2 D_Sepia Choco EX,Q3405,O2O2 D_Sepia Choco EX,R3405,O2O2 D_Sepia Choco EX
Si_1-Day_Color_Sph,S641,Clalen O2O2 D_Sepia Choco EX_낱개(2P),P3405,O2O2 D_Sepia Choco EX,Q3405,O2O2 D_Sepia Choco EX,R3405,O2O2 D_Sepia Choco EX
Si_1-Day_Color_Sph,S651,Clalen O2O2 D_Sepia Choco EX_10P,P3405,O2O2 D_Sepia Choco EX,Q3405,O2O2 D_Sepia Choco EX,R3405,O2O2 D_Sepia Choco EX
Si_1-Day_Color_Sph,S663,Clalen O2O2 D_Sepia Choco EX_낱개(4P),P3405,O2O2 D_Sepia Choco EX,Q3405,O2O2 D_Sepia Choco EX,R3405,O2O2 D_Sepia Choco EX
Si_1-Day_Color_Sph,T3405,(NEW)O2O2 D_Sepia Choco EX,P3405,O2O2 D_Sepia Choco EX,Q3405,O2O2 D_Sepia Choco EX,R3405,O2O2 D_Sepia Choco EX
Si_1-Day_Color_Sph,T9944,Clalen O2O2 D_Sepia Choco EX_30P,P3405,O2O2 D_Sepia Choco EX,Q3405,O2O2 D_Sepia Choco EX,R3405,O2O2 D_Sepia Choco EX
Si_1-Day_Color_Sph,S182,Clalen O2O2 D_Ash Brown EX_90P,P3406,O2O2 D_Ash Brown EX,Q3406,O2O2 D_Ash Brown EX,R3406,O2O2 D_Ash Brown EX
Si_1-Day_Color_Sph,S616,Clalen O2O2 D_Ash Brown EX_낱개,P3406,O2O2 D_Ash Brown EX,Q3406,O2O2 D_Ash Brown EX,R3406,O2O2 D_Ash Brown EX
Si_1-Day_Color_Sph,S617,Clalen O2O2 D_Ash Brown EX_30P,P3406,O2O2 D_Ash Brown EX,Q3406,O2O2 D_Ash Brown EX,R3406,O2O2 D_Ash Brown EX
Si_1-Day_Color_Sph,S642,Clalen O2O2 D_Ash Brown EX_낱개(2P),P3406,O2O2 D_Ash Brown EX,Q3406,O2O2 D_Ash Brown EX,R3406,O2O2 D_Ash Brown EX
Si_1-Day_Color_Sph,S652,Clalen O2O2 D_Ash Brown EX_10P,P3406,O2O2 D_Ash Brown EX,Q3406,O2O2 D_Ash Brown EX,R3406,O2O2 D_Ash Brown EX
Si_1-Day_Color_Sph,S664,Clalen O2O2 D_Ash Brown EX_낱개(4P),P3406,O2O2 D_Ash Brown EX,Q3406,O2O2 D_Ash Brown EX,R3406,O2O2 D_Ash Brown EX
Si_1-Day_Color_Sph,T3406,(NEW)O2O2 D_Ash Brown EX,P3406,O2O2 D_Ash Brown EX,Q3406,O2O2 D_Ash Brown EX,R3406,O2O2 D_Ash Brown EX
Si_1-Day_Color_Sph,T9943,Clalen O2O2 D_Ash Brown EX_30P,P3406,O2O2 D_Ash Brown EX,Q3406,O2O2 D_Ash Brown EX,R3406,O2O2 D_Ash Brown EX
Si_1-Day_Color_Sph,S183,Clalen O2O2 D_Ash Gray EX_90P,P3407,O2O2 D_Ash Gray EX,Q3407,O2O2 D_Ash Gray EX,R3407,O2O2 D_Ash Gray EX
Si_1-Day_Color_Sph,S618,Clalen O2O2 D_Ash Gray EX_낱개,P3407,O2O2 D_Ash Gray EX,Q3407,O2O2 D_Ash Gray EX,R3407,O2O2 D_Ash Gray EX
Si_1-Day_Color_Sph,S619,Clalen O2O2 D_Ash Gray EX_30P,P3407,O2O2 D_Ash Gray EX,Q3407,O2O2 D_Ash Gray EX,R3407,O2O2 D_Ash Gray EX
Si_1-Day_Color_Sph,S643,Clalen O2O2 D_Ash Gray EX_낱개(2P),P3407,O2O2 D_Ash Gray EX,Q3407,O2O2 D_Ash Gray EX,R3407,O2O2 D_Ash Gray EX
Si_1-Day_Color_Sph,S665,Clalen O2O2 D_Ash Gray EX_낱개(4P),P3407,O2O2 D_Ash Gray EX,Q3407,O2O2 D_Ash Gray EX,R3407,O2O2 D_Ash Gray EX
Si_1-Day_Color_Sph,T3407,(NEW)O2O2 D_Ash Gray EX,P3407,O2O2 D_Ash Gray EX,Q3407,O2O2 D_Ash Gray EX,R3407,O2O2 D_Ash Gray EX
Si_1-Day_Color_Sph,T9945,Clalen O2O2 D_Ash Gray EX_30P,P3407,O2O2 D_Ash Gray EX,Q3407,O2O2 D_Ash Gray EX,R3407,O2O2 D_Ash Gray EX
Si_1-Day_Color_Sph,S624,Clalen O2O2 D_Blending Hazel EX_낱개,P3408,O2O2 D_Blending Hazel EX,Q3408,O2O2 D_Blending Hazel EX,R3408,O2O2 D_Blending Hazel EX
Si_1-Day_Color_Sph,S625,Clalen O2O2 D_Blending Hazel EX_30P,P3408,O2O2 D_Blending Hazel EX,Q3408,O2O2 D_Blending Hazel EX,R3408,O2O2 D_Blending Hazel EX
Si_1-Day_Color_Sph,S644,Clalen O2O2 D_Blending Hazel EX_낱개(2P),P3408,O2O2 D_Blending Hazel EX,Q3408,O2O2 D_Blending Hazel EX,R3408,O2O2 D_Blending Hazel EX
Si_1-Day_Color_Sph,S666,Clalen O2O2 D_Blending Hazel EX_낱개(4P),P3408,O2O2 D_Blending Hazel EX,Q3408,O2O2 D_Blending Hazel EX,R3408,O2O2 D_Blending Hazel EX
Si_1-Day_Color_Sph,T3408,(NEW)O2O2 D_Blending Hazel EX,P3408,O2O2 D_Blending Hazel EX,Q3408,O2O2 D_Blending Hazel EX,R3408,O2O2 D_Blending Hazel EX
Si_1-Day_Color_Sph,S626,Clalen O2O2 D_Blending Rose EX_낱개,P3409,O2O2 D_Blending Rose EX,Q3409,O2O2 D_Blending Rose EX,R3409,O2O2 D_Blending Rose EX
Si_1-Day_Color_Sph,S627,Clalen O2O2 D_Blending Rose EX_30P,P3409,O2O2 D_Blending Rose EX,Q3409,O2O2 D_Blending Rose EX,R3409,O2O2 D_Blending Rose EX
Si_1-Day_Color_Sph,S645,Clalen O2O2 D_Blending Rose EX_낱개(2P),P3409,O2O2 D_Blending Rose EX,Q3409,O2O2 D_Blending Rose EX,R3409,O2O2 D_Blending Rose EX
Si_1-Day_Color_Sph,S667,Clalen O2O2 D_Blending Rose EX_낱개(4P),P3409,O2O2 D_Blending Rose EX,Q3409,O2O2 D_Blending Rose EX,R3409,O2O2 D_Blending Rose EX
Si_1-Day_Color_Sph,T3409,(NEW)O2O2 D_Blending Rose EX,P3409,O2O2 D_Blending Rose EX,Q3409,O2O2 D_Blending Rose EX,R3409,O2O2 D_Blending Rose EX
Si_1-Day_Color_Sph,S620,Clalen O2O2 D_Soul Brown EX_10P,P3410,O2O2 D_Soul Brown EX,Q3410,O2O2 D_Soul Brown EX,R3410,O2O2 D_Soul Brown EX
Si_FRP_Sph,T3500,O2O2 M_UV_Spherical_(소),P3500,O2O2 M_UV_Spherical_(소),Q3500,O2O2 M_UV_Spherical,R3500,O2O2 M_UV_Spherical
Si_FRP_M/F,T3501,O2O2 M_UV_Multifocal_(소),P3501,O2O2 M_UV_Multifocal_(소),Q3501,O2O2 M_UV_Multifocal,R3501,O2O2 M_UV_Multifocal
Si_FRP_Toric,S546,O2O2 M_UV_Toric_(소),P3502,O2O2 M_UV_Toric_(소),Q3502,O2O2 M_UV_Toric,R3502,O2O2 M_UV_Toric
Si_FRP_Toric,T3502,O2O2 M_UV_Toric_(소),P3502,O2O2 M_UV_Toric_(소),Q3502,O2O2 M_UV_Toric,R3502,O2O2 M_UV_Toric
Si_FRP_Sph,S503,Keraband M_2weeks_(소)_6P,P3503,Keraband M_2weeks_(소),Q3503,Keraband M_2weeks,R3503,Keraband M_2weeks
Si_FRP_Sph,T5311,Keraband M_2weeks_(소),P3503,Keraband M_2weeks_(소),Q3503,Keraband M_2weeks,R3503,Keraband M_2weeks
Si_FRP_Sph,T3504,O2O2 M_UV_Spherical_(중),P3504,O2O2 M_UV_Spherical_(중),Q3500,O2O2 M_UV_Spherical,R3500,O2O2 M_UV_Spherical
Si_1-Day_M/F,S505,ZOOM D_ADD+1.00_30P,P3505,ZOOM D_ADD+1.00,Q1025,O2O2_Multifocal_K2_SMDH,R1025,O2O2_Multifocal_K2_SMDH
Si_1-Day_M/F,S509,ZOOM D_ADD+1.00_10P,P3505,ZOOM D_ADD+1.00,Q1025,O2O2_Multifocal_K2_SMDH,R1025,O2O2_Multifocal_K2_SMDH
Si_1-Day_M/F,S513,ZOOM D_ADD+1.00_낱개(2P),P3505,ZOOM D_ADD+1.00,Q1025,O2O2_Multifocal_K2_SMDH,R1025,O2O2_Multifocal_K2_SMDH
Si_1-Day_M/F,S506,ZOOM D_ADD+1.50_30P,P3506,ZOOM D_ADD+1.50,Q1025,O2O2_Multifocal_K2_SMDH,R1025,O2O2_Multifocal_K2_SMDH
Si_1-Day_M/F,S510,ZOOM D_ADD+1.50_10P,P3506,ZOOM D_ADD+1.50,Q1025,O2O2_Multifocal_K2_SMDH,R1025,O2O2_Multifocal_K2_SMDH
Si_1-Day_M/F,S514,ZOOM D_ADD+1.50_낱개(2P),P3506,ZOOM D_ADD+1.50,Q1025,O2O2_Multifocal_K2_SMDH,R1025,O2O2_Multifocal_K2_SMDH
Si_1-Day_M/F,S507,ZOOM D_ADD+2.00_30P,P3507,ZOOM D_ADD+2.00,Q1025,O2O2_Multifocal_K2_SMDH,R1025,O2O2_Multifocal_K2_SMDH
Si_1-Day_M/F,S511,ZOOM D_ADD+2.00_10P,P3507,ZOOM D_ADD+2.00,Q1025,O2O2_Multifocal_K2_SMDH,R1025,O2O2_Multifocal_K2_SMDH
Si_1-Day_M/F,S515,ZOOM D_ADD+2.00_낱개(2P),P3507,ZOOM D_ADD+2.00,Q1025,O2O2_Multifocal_K2_SMDH,R1025,O2O2_Multifocal_K2_SMDH
Si_1-Day_M/F,S508,ZOOM D_ADD+2.50_30P,P3508,ZOOM D_ADD+2.50,Q1025,O2O2_Multifocal_K2_SMDH,R1025,O2O2_Multifocal_K2_SMDH
Si_1-Day_M/F,S512,ZOOM D_ADD+2.50_10P,P3508,ZOOM D_ADD+2.50,Q1025,O2O2_Multifocal_K2_SMDH,R1025,O2O2_Multifocal_K2_SMDH
Si_1-Day_M/F,S516,ZOOM D_ADD+2.50_낱개(2P),P3508,ZOOM D_ADD+2.50,Q1025,O2O2_Multifocal_K2_SMDH,R1025,O2O2_Multifocal_K2_SMDH
Si_FRP_Sph,S504,Keraband M_8.40_2weeks(소)_6P,P3509,Keraband M_8.40_2weeks(소),Q3509,Keraband M_8.40_2weeks,R3509,Keraband M_8.40_2weeks
Si_FRP_Sph,T3510,O2O2 M_UV_Spherical_(원형),P3510,O2O2 M_UV_Spherical_(원형),Q3500,O2O2 M_UV_Spherical,R3500,O2O2 M_UV_Spherical
1-Day_Color_Sph,T3600,From_D_Pearl Jewel Berry_55%,P3600,From_D_Pearl Jewel Berry_55%,Q3600,From_D_Pearl Jewel Berry_55%,R3600,From_D_Pearl Jewel Berry_55%
1-Day_Color_Sph,T3601,From_D_Pearl Jewel Tree_55%,P3601,From_D_Pearl Jewel Tree_55%,Q3601,From_D_Pearl Jewel Tree_55%,R3601,From_D_Pearl Jewel Tree_55%
1-Day_Color_Sph,T3602,From_D_Pearl Merry Tiara_55%,P3602,From_D_Pearl Merry Tiara_55%,Q3602,From_D_Pearl Merry Tiara_55%,R3602,From_D_Pearl Merry Tiara_55%
1-Day_Color_Sph,T3603,From_D_Pearl Pink Rabbit_55%,P3603,From_D_Pearl Pink Rabbit_55%,Q3603,From_D_Pearl Pink Rabbit_55%,R3603,From_D_Pearl Pink Rabbit_55%
FRP_Color_Sph,T4000,Advance_EO_중사각,P4000,Advance_EO_중사각,Q1002,S43-Dry,R1002,S43-Dry
FRP_Color_Sph,T4001,Advance_EO_소사각,P4001,Advance_EO_소사각,Q1002,S43-Dry,R1002,S43-Dry
FRP_Color_Sph,T4002,Advance_EO_원형,P4002,Advance_EO_원형,Q1002,S43-Dry,R1002,S43-Dry
FRP_Color_Sph,T4003,Advance_EO_은캡,P4003,Advance_EO_은캡,Q1002,S43-Dry,R1002,S43-Dry
FRP_Color_Sph,T4004,Advance_EO_Tray,P4004,Advance_EO_Tray,Q1002,S43-Dry,R1002,S43-Dry
FRP_Color_Sph,T4005,Advance_CP_원형,P4005,Advance_CP_원형,Q1002,S43-Dry,R1002,S43-Dry
FRP_Color_Sph,T4010,Advance_CB_원형,P4010,Advance_CB_원형,Q1002,S43-Dry,R1002,S43-Dry
FRP_Color_Sph,T4015,APIA-(Look at me)_원형,P4015,APIA-(Look at me)_원형,Q1002,S43-Dry,R1002,S43-Dry
FRP_Color_Sph,T4020,Bella-Contour_중사각,P4020,Bella-Contour_중사각,Q1002,S43-Dry,R1002,S43-Dry
FRP_Color_Sph,T4021,Bella-Contour_소사각,P4021,Bella-Contour_소사각,Q1002,S43-Dry,R1002,S43-Dry
FRP_Color_Sph,T4022,Bella-Contour_바이알,P4022,Bella-Contour_바이알,Q1002,S43-Dry,R1002,S43-Dry
FRP_Color_Sph,T4023,Bella-Contour_원형,P4023,Bella-Contour_원형,Q1002,S43-Dry,R1002,S43-Dry
FRP_Color_Sph,T4025,Bella-Contour_14.5_중사각,P4025,Bella-Contour_14.5_중사각,Q1003,S43-Dry-14.5,R1003,S43-Dry-14.5
FRP_Color_Sph,T4026,Bella-Contour_14.5_소사각,P4026,Bella-Contour_14.5_소사각,Q1003,S43-Dry-14.5,R1003,S43-Dry-14.5
FRP_Color_Sph,T4027,Bella-Contour_14.5_바이알,P4027,Bella-Contour_14.5_바이알,Q1003,S43-Dry-14.5,R1003,S43-Dry-14.5
FRP_Color_Sph,T4028,Bella-Contour_14.5_원형,P4028,Bella-Contour_14.5_원형,Q1003,S43-Dry-14.5,R1003,S43-Dry-14.5
FRP_Color_Sph,T4030,Bella-Elegance_중사각,P4030,Bella-Elegance_중사각,Q1002,S43-Dry,R1002,S43-Dry
FRP_Color_Sph,T4031,Bella-Elegance_소사각,P4031,Bella-Elegance_소사각,Q1002,S43-Dry,R1002,S43-Dry
FRP_Color_Sph,T4032,Bella-Elegance_바이알,P4032,Bella-Elegance_바이알,Q1002,S43-Dry,R1002,S43-Dry
FRP_Color_Sph,T4033,Bella-Elegance_원형,P4033,Bella-Elegance_원형,Q1002,S43-Dry,R1002,S43-Dry
FRP_Color_Sph,T4035,Bella Glow_중사각,P4035,Bella Glow_중사각,Q1003,S43-Dry-14.5,R1003,S43-Dry-14.5
1-Day_Color_Sph,T4036,Bella Glow_1-DAY,P4036,Bella Glow_1-DAY,Q1003,S43-Dry-14.5,R1003,S43-Dry-14.5
FRP_Color_Sph,T4037,Bella Glow_바이알,P4037,Bella Glow_바이알,Q1003,S43-Dry-14.5,R1003,S43-Dry-14.5
FRP_Color_Sph,T4038,Bella Glow_원형,P4038,Bella Glow_원형,Q1003,S43-Dry-14.5,R1003,S43-Dry-14.5
FRP_Color_Sph,T4050,Bella-Highlight_중사각,P4050,Bella-Highlight_중사각,Q1002,S43-Dry,R1002,S43-Dry
FRP_Color_Sph,T4051,Bella-Highlight_소사각,P4051,Bella-Highlight_소사각,Q1002,S43-Dry,R1002,S43-Dry
FRP_Color_Sph,T4052,Bella-Highlight_바이알,P4052,Bella-Highlight_바이알,Q1002,S43-Dry,R1002,S43-Dry
FRP_Color_Sph,T4054,Bella-Highlight_원형,P4054,Bella-Highlight_원형,Q1002,S43-Dry,R1002,S43-Dry
FRP_Color_Sph,T4055,Bella-Natural_중사각,P4055,Bella-Natural_중사각,Q1002,S43-Dry,R1002,S43-Dry
FRP_Color_Sph,T4056,Bella-Natural_소사각,P4056,Bella-Natural_소사각,Q1002,S43-Dry,R1002,S43-Dry
FRP_Color_Sph,T4057,Bella-Natural_바이알,P4057,Bella-Natural_바이알,Q1002,S43-Dry,R1002,S43-Dry
FRP_Color_Sph,T4058,Bella-Natural_원형,P4058,Bella-Natural_원형,Q1002,S43-Dry,R1002,S43-Dry
FRP_Color_Sph,T4060,Bella-Natural_14.5_중사각,P4060,Bella-Natural_14.5_중사각,Q1003,S43-Dry-14.5,R1003,S43-Dry-14.5
FRP_Color_Sph,T4062,Bella-Natural_14.5_바이알,P4062,Bella-Natural_14.5_바이알,Q1003,S43-Dry-14.5,R1003,S43-Dry-14.5
FRP_Color_Sph,T4063,Bella-Natural_14.5_원형,P4063,Bella-Natural_14.5_원형,Q1003,S43-Dry-14.5,R1003,S43-Dry-14.5
FRP_Color_Sph,T4065,Bella-Oneday_중사각,P4065,Bella-Oneday_중사각,Q1003,S43-Dry-14.5,R1003,S43-Dry-14.5
FRP_Color_Sph,T4066,Bella-Oneday_소사각,P4066,Bella-Oneday_소사각,Q1003,S43-Dry-14.5,R1003,S43-Dry-14.5
FRP_Color_Sph,T4067,Bella-Oneday_바이알,P4067,Bella-Oneday_바이알,Q1003,S43-Dry-14.5,R1003,S43-Dry-14.5
FRP_Color_Sph,T4068,Bella-Oneday_원형,P4068,Bella-Oneday_원형,Q1003,S43-Dry-14.5,R1003,S43-Dry-14.5
FRP_Color_Sph,T4070,Bella-SnowWhite_중사각,P4070,Bella-SnowWhite_14.5_중사각,Q1003,S43-Dry-14.5,R1003,S43-Dry-14.5
FRP_Color_Sph,T4071,Bella-SnowWhite_소사각,P4071,Bella-SnowWhite_소사각,Q1003,S43-Dry-14.5,R1003,S43-Dry-14.5
FRP_Color_Sph,T4072,Bella-SnowWhite_바이알,P4072,Bella-SnowWhite_14.5_바이알,Q1003,S43-Dry-14.5,R1003,S43-Dry-14.5
FRP_Color_Sph,T4074,Bella-SnowWhite_14.5_원형,P4074,Bella-SnowWhite_14.5_원형,Q1003,S43-Dry-14.5,R1003,S43-Dry-14.5
FRP_Color_Sph,T4075,Bella-SnowWhite_38_원형,P4075,Bella-SnowWhite_38_원형,Q1001,S38_투명-Dry,R1001,S38_투명-Dry
FRP_Color_Sph,T4080,Big Fashionable_EO_소사각,P4080,Big Fashionable_EO_소사각,Q1003,S43-Dry-14.5,R1003,S43-Dry-14.5
FRP_Color_Sph,T4085,BS Color_원형,P4085,BS Color_원형,,,,
FRP_Color_Sph,T4086,BS Color_은캡,P4086,BS Color_은캡,,,,
FRP_Color_Sph,T4090,China-KYH_은캡,P4090,China-KYH_은캡,,,,
FRP_Color_Sph,S074,Vuticle-CircleBrown_2팩,P4095,Clalen Vuticle_원형,Q1002,S43-Dry,R1002,S43-Dry
FRP_Color_Sph,S075,Vuticle-Circle_2팩,P4095,Clalen Vuticle_원형,Q1002,S43-Dry,R1002,S43-Dry
FRP_Color_Sph,S076,Vuticle-Brown_2팩,P4095,Clalen Vuticle_원형,Q1002,S43-Dry,R1002,S43-Dry
FRP_Color_Sph,S084,Vuticle Circle Brown_낱개,P4095,Clalen Vuticle_원형,Q1002,S43-Dry,R1002,S43-Dry
FRP_Color_Sph,S085,Vuticle clircle_낱개,P4095,Clalen Vuticle_원형,Q1002,S43-Dry,R1002,S43-Dry
FRP_Color_Sph,S086,Vuticle Brown_낱개,P4095,Clalen Vuticle_원형,Q1002,S43-Dry,R1002,S43-Dry
FRP_Color_Sph,T4095,Clalen Vuticle_원형,P4095,Clalen Vuticle_원형,Q1002,S43-Dry,R1002,S43-Dry
FRP_Color_Sph,T4100,Crazy_원형,P4100,Crazy_원형,Q1001,S38_투명-Dry,R1001,S38_투명-Dry
FRP_Color_Sph,T4101,Crazy_중사각,P4101,Crazy_중사각,Q1001,S38_투명-Dry,R1001,S38_투명-Dry
FRP_Color_Sph,T4102,Crazy_은캡,P4102,Crazy_은캡,Q1001,S38_투명-Dry,R1001,S38_투명-Dry
FRP_Color_Sph,T4105,Crazy_14.5_중사각,P4105,Crazy_14.5_중사각,Q1003,S43-Dry-14.5,R1003,S43-Dry-14.5
FRP_Color_Sph,T4106,Crazy_14.5_원형,P4106,Crazy_14.5_원형,Q1003,S43-Dry-14.5,R1003,S43-Dry-14.5
FRP_Color_Sph,T4107,Crazy_14.5_은캡,P4107,Crazy_14.5_은캡,Q1003,S43-Dry-14.5,R1003,S43-Dry-14.5
FRP_Color_Sph,T4110,Crazy_APIA_원형,P4110,Crazy_APIA_원형,Q1001,S38_투명-Dry,R1001,S38_투명-Dry
FRP_Color_Sph,T4115,Crazy_BS_중사각,P4115,Crazy_BS_중사각,,,,
FRP_Color_Sph,T4116,Crazy_BS_원형,P4116,Crazy_BS_원형,,,,
FRP_Color_Sph,T4117,Crazy_BS_은캡,P4117,Crazy_BS_은캡,,,,
FRP_Color_Sph,T4120,Crazy_PDI_원형,P4120,Crazy_PDI_원형,Q1001,S38_투명-Dry,R1001,S38_투명-Dry
FRP_Color_Sph,T4125,D-Plus_원형,P4125,D-Plus_원형,Q1002,S43-Dry,R1002,S43-Dry
FRP_Color_Sph,T4135,Festival-Color_5.2mm_은캡,P4135,Festival-Color_5.2mm_은캡,Q1001,S38_투명-Dry,R1001,S38_투명-Dry
FRP_Color_Sph,S034,Festival II Circle,P4146,Festival-II-Color_금캡,Q1001,S38_투명-Dry,R1001,S38_투명-Dry
FRP_Color_Sph,T4146,Festival-II-Color_금캡,P4146,Festival-II-Color_금캡,Q1001,S38_투명-Dry,R1001,S38_투명-Dry
FRP_Color_Sph,T4148,Festival-II-Color_스크류,P4148,Festival-II-Color_바이알,Q1001,S38_투명-Dry,R1001,S38_투명-Dry
FRP_Color_Sph,S092,Festival II 2Tone,P4149,Festival-II-Color_원형,Q1001,S38_투명-Dry,R1001,S38_투명-Dry
FRP_Color_Sph,T4149,Festival-II-Color_원형,P4149,Festival-II-Color_원형,Q1001,S38_투명-Dry,R1001,S38_투명-Dry
FRP_Color_Sph,S087,Festival II Color - Brown,P4150,Festival-II-Color_은캡,Q1001,S38_투명-Dry,R1001,S38_투명-Dry
FRP_Color_Sph,S088,Festical II Color - Grey,P4150,Festival-II-Color_은캡,Q1001,S38_투명-Dry,R1001,S38_투명-Dry
FRP_Color_Sph,S089,Festical II Color - Blue,P4150,Festival-II-Color_은캡,Q1001,S38_투명-Dry,R1001,S38_투명-Dry
FRP_Color_Sph,S090,Festival II Color - Violet,P4150,Festival-II-Color_은캡,Q1001,S38_투명-Dry,R1001,S38_투명-Dry
FRP_Color_Sph,S091,Festival II Color - Green,P4150,Festival-II-Color_은캡,Q1001,S38_투명-Dry,R1001,S38_투명-Dry
FRP_Color_Sph,T4150,Festival-II-Color_은캡,P4150,Festival-II-Color_은캡,Q1001,S38_투명-Dry,R1001,S38_투명-Dry
FRP_Color_Sph,T4151,Festival-II-Color_중사각,P4151,Festival-II-Color_중사각,Q1001,S38_투명-Dry,R1001,S38_투명-Dry
FRP_Color_Sph,T4155,Hydron_중사각,P4155,Hydron_중사각,Q1002,S43-Dry,R1002,S43-Dry
FRP_Color_Sph,T4160,Hydron IR Xin Yi_중사각,P4160,Hydron IR Xin Yi_중사각,Q1002,S43-Dry,R1002,S43-Dry
FRP_Color_Sph,T4162,Hydron IR Xin_Yi_Tray,P4162,Hydron IR Xin Yi_Tray,Q1002,S43-Dry,R1002,S43-Dry
FRP_Color_Sph,T4165,Hydron IR0414_중사각,P4165,Hydron IR0414_중사각,Q1002,S43-Dry,R1002,S43-Dry
FRP_Color_Sph,T4166,Hydron IR0414_원형,P4166,Hydron IR0414_원형,Q1002,S43-Dry,R1002,S43-Dry
FRP_Color_Sph,T4167,Hydron IR0414_Tray,P4167,Hydron IR0414_Tray,Q1002,S43-Dry,R1002,S43-Dry
FRP_Color_Sph,T4171,Hydron IR0427_중사각,P4171,Hydron IR0427_중사각,Q1002,S43-Dry,R1002,S43-Dry
FRP_Color_Sph,T4172,Hydron IR0427_Tray,P4172,Hydron IR0427_Tray,Q1002,S43-Dry,R1002,S43-Dry
FRP_Color_Sph,T4175,Hydron Pineapple_중사각,P4175,Hydron Pineapple_중사각,Q1002,S43-Dry,R1002,S43-Dry
FRP_Color_Sph,T4180,Hydron SCI_중사각,P4180,Hydron SCI_중사각,Q1002,S43-Dry,R1002,S43-Dry
FRP_Color_Sph,T4184,Hydron TA132_중사각,P4184,Hydron TA132_중사각,Q1002,S43-Dry,R1002,S43-Dry
FRP_Color_Sph,T4185,Intensive 55_원형,P4185,Intensive 55_원형,Q1004,S55_투명-DRY,R1004,S55_투명-DRY
FRP_Color_Sph,T4190,IRIS_원형,P4190,IRIS_원형,Q1001,S38_투명-Dry,R1001,S38_투명-Dry
FRP_Color_Sph,T4195,J_Circle_원형,P4195,J_Circle_원형,Q1001,S38_투명-Dry,R1001,S38_투명-Dry
FRP_Color_Sph,T4200,KBS-C_스크류,P4200,KBS-C_스크류,Q1004,S55_투명-DRY,R1004,S55_투명-DRY
FRP_Color_Sph,T4201,KBS-C_은캡,P4201,KBS-C_은캡,Q1004,S55_투명-DRY,R1004,S55_투명-DRY
FRP_Color_Sph,T4202,KBS-C_원형,P4202,KBS-C_원형,Q1004,S55_투명-DRY,R1004,S55_투명-DRY
FRP_Color_Sph,T4205,Maxima 55_원형,P4205,Maxima 55_원형,Q1004,S55_투명-DRY,R1004,S55_투명-DRY
FRP_Color_Sph,T4210,MCLS-C_원형,P4210,MCLS-C_원형,Q1004,S55_투명-DRY,R1004,S55_투명-DRY
FRP_Color_Sph,T4214,NewFusion_금캡,P4214,NewFusion_금캡,Q1002,S43-Dry,R1002,S43-Dry
FRP_Color_Sph,T4215,NewFusion_중사각,P4215,NewFusion_중사각,Q1002,S43-Dry,R1002,S43-Dry
FRP_Color_Sph,T4216,NewFusion_소사각,P4216,NewFusion_소사각,Q1002,S43-Dry,R1002,S43-Dry
FRP_Color_Sph,T4217,NewFusion_스크류,P4217,NewFusion_스크류,Q1002,S43-Dry,R1002,S43-Dry
FRP_Color_Sph,T4218,NewFusion_원형,P4218,NewFusion_원형,Q1002,S43-Dry,R1002,S43-Dry
FRP_Color_Sph,T4219,NewFusion_은캡,P4219,NewFusion_은캡,Q1002,S43-Dry,R1002,S43-Dry
FRP_Color_Sph,T4220,NewFusion-5.2_원형,P4220,NewFusion-5.2_원형,Q1002,S43-Dry,R1002,S43-Dry
FRP_Color_Sph,T4221,NewFusion-5.2_은캡,P4221,NewFusion-5.2_은캡,Q1002,S43-Dry,R1002,S43-Dry
FRP_Color_Sph,T4226,NewFusion-II_원형,P4226,NewFusion-II_원형,Q1002,S43-Dry,R1002,S43-Dry
FRP_Color_Sph,T4236,NO-Color_중사각,P4236,NO-Color_중사각,Q1001,S38_투명-Dry,R1001,S38_투명-Dry
FRP_Color_Sph,T4237,NO-Color_원형,P4237,NO-Color_원형,Q1001,S38_투명-Dry,R1001,S38_투명-Dry
FRP_Color_Sph,T4240,Polaris-C_중사각,P4240,Polaris-C_중사각,Q1001,S38_투명-Dry,R1001,S38_투명-Dry
FRP_Color_Sph,T4241,Polaris-C_스크류,P4241,Polaris-C_스크류,Q1001,S38_투명-Dry,R1001,S38_투명-Dry
FRP_Color_Sph,T4242,Polaris-C_원형,P4242,Polaris-C_원형,Q1001,S38_투명-Dry,R1001,S38_투명-Dry
FRP_Color_Sph,T4245,Polaris-Darker_원형,P4245,Polaris-Darker_원형,Q1001,S38_투명-Dry,R1001,S38_투명-Dry
FRP_Color_Sph,T4250,Rainbow_Illuminations_원형,P4250,Rainbow_Illuminations_원형,Q1002,S43-Dry,R1002,S43-Dry
FRP_Color_Sph,T4252,Rainbow_원형,P4252,Rainbow_원형,Q1002,S43-Dry,R1002,S43-Dry
FRP_Color_Sph,T4255,Rainbow_Mistys_원형,P4255,Rainbow_Mistys_원형,Q1002,S43-Dry,R1002,S43-Dry
FRP_Color_Sph,T4260,Rainbow_Natural_원형,P4260,Rainbow_Natural_원형,Q1002,S43-Dry,R1002,S43-Dry
FRP_Color_Sph,T4265,Rainbow_Smokys_원형,P4265,Rainbow_Smokys_원형,Q1002,S43-Dry,R1002,S43-Dry
FRP_Color_Sph,T4266,Rainbow_Smokys_14.5,P4266,Rainbow_Smokys_14.5,Q1003,S43-Dry-14.5,R1003,S43-Dry-14.5
FRP_Color_Sph,T4270,Rainbow_Twilight_원형,P4270,Rainbow_Twilight_원형,Q1002,S43-Dry,R1002,S43-Dry
FRP_Color_Sph,T4275,Shadow Color_원형,P4275,Shadow Color_원형,Q1002,S43-Dry,R1002,S43-Dry
FRP_Color_Sph,T4276,Shadow Color_중사각,P4276,Shadow Color_중사각,Q1002,S43-Dry,R1002,S43-Dry
FRP_Color_Sph,T4280,SM_Color_원형,P4280,SM_Color_원형,Q1002,S43-Dry,R1002,S43-Dry
FRP_Color_Sph,T4285,TOP_MODEL_원형,P4285,TOP_MODEL_원형,Q1002,S43-Dry,R1002,S43-Dry
FRP_Color_Sph,T4290,Tornado_중사각,P4290,Tornado_중사각,Q1002,S43-Dry,R1002,S43-Dry
FRP_Color_Sph,T4295,WINCOLOR_중사각,P4295,WINCOLOR_중사각,Q1004,S55_투명-DRY,R1004,S55_투명-DRY
FRP_Color_Sph,T4300,Kelan_SnowWhite_중사각,P4300,Kelan_SnowWhite_중사각,Q1002,S43-Dry,R1002,S43-Dry
FRP_Color_Sph,T4305,Hydron_KilaKila_중사각,P4305,Hydron_KilaKila_중사각,Q1002,S43-Dry,R1002,S43-Dry
FRP_Color_Sph,T4315,CR_Color_중사각,P4315,CR_Color_중사각,Q1002,S43-Dry,R1002,S43-Dry
FRP_Color_Sph,T4316,CR_Color_원형,P4316,CR_Color_원형,Q1002,S43-Dry,R1002,S43-Dry
FRP_Color_Sph,T4320,Kelan_Diamond_중사각,P4320,Kelan_Diamond_중사각,Q1002,S43-Dry,R1002,S43-Dry
FRP_Color_Sph,T4330,Cihan Elegance_원형,P4330,Cihan Elegance_원형,Q1003,S43-Dry-14.5,R1003,S43-Dry-14.5
FRP_Color_Sph,T4331,Cihan Elegance_중사각,P4331,Cihan Elegance_중사각,Q1003,S43-Dry-14.5,R1003,S43-Dry-14.5
FRP_Color_Sph,T4332,Cihan Elegance_바이알,P4332,Cihan Elegance_바이알,Q1003,S43-Dry-14.5,R1003,S43-Dry-14.5
FRP_Color_Sph,T4333,Cihan Sophistic_중사각,P4333,Cihan Sophistic_중사각,Q1002,S43-Dry,R1002,S43-Dry
FRP_Color_Sph,T4335,Neon Color_원형,P4335,Neon Color_원형,Q1002,S43-Dry,R1002,S43-Dry
FRP_Color_Sph,T4340,Bella Diamond_14.5_중사각,P4340,Bella Diamond_14.5_중사각,Q1003,S43-Dry-14.5,R1003,S43-Dry-14.5
FRP_Color_Sph,T4341,Bella Diamond_14.5_바이알,P4341,Bella Diamond_14.5_바이알,Q1003,S43-Dry-14.5,R1003,S43-Dry-14.5
FRP_Color_Sph,T4342,Bella Diamond_14.5_원형,P4342,Bella Diamond_14.5_원형,Q1003,S43-Dry-14.5,R1003,S43-Dry-14.5
FRP_Color_Sph,T4350,Helix_RS_중사각,P4350,Helix_RS_중사각,Q1003,S43-Dry-14.5,R1003,S43-Dry-14.5
FRP_Color_Sph,T4355,Twinkle_RS_중사각,P4355,Twinkle_RS_중사각,Q1002,S43-Dry,R1002,S43-Dry
FRP_Color_Sph,T4360,Cosmos_RS_중사각,P4360,Cosmos_RS_중사각,Q1003,S43-Dry-14.5,R1003,S43-Dry-14.5
FRP_Color_Sph,T4365,J1_Color_Tray,P4365,J1_Color_Tray,Q1002,S43-Dry,R1002,S43-Dry
FRP_Color_Sph,T4370,Bella-Elite_14.5_중사각,P4370,Bella-Elite_14.5_중사각,Q1003,S43-Dry-14.5,R1003,S43-Dry-14.5
1-Day_Color_Sph,T4371,Bella-Elite_1-DAY_14.5,P4371,Bella-Elite_1-DAY_14.5,Q1003,S43-Dry-14.5,R1003,S43-Dry-14.5
FRP_Color_Sph,T4372,Bella-Elite_14.5_바이알,P4372,Bella-Elite_14.5_바이알,Q1003,S43-Dry-14.5,R1003,S43-Dry-14.5
FRP_Color_Sph,T4390,HYDRON Barbie Girl_중사각,P4390,HYDRON Barbie Girl_중사각,Q1002,S43-Dry,R1002,S43-Dry
FRP_Color_Sph,T4391,HYDRON Barbie Girl_TRAY,P4391,HYDRON Barbie Girl_TRAY,Q1002,S43-Dry,R1002,S43-Dry
FRP_Color_Sph,T4395,Hydron XQ-FW_중사각,P4395,Hydron XQ-FW_중사각,Q1002,S43-Dry,R1002,S43-Dry
FRP_Color_Sph,T4401,Hydron XQ-TN_중사각,P4400,Hydron XQ-TN_중사각,Q1002,S43-Dry,R1002,S43-Dry
FRP_Color_Sph,T4405,CLC-30_원형,P4405,CLC-30_원형,Q1003,S43-Dry-14.5,R1003,S43-Dry-14.5
FRP_Color_Sph,T4406,CLC-30_중사각,P4406,CLC-30_중사각,Q1003,S43-Dry-14.5,R1003,S43-Dry-14.5
FRP_Color_Sph,T4407,CLC-30_바이알,P4407,CLC-30_바이알,Q1003,S43-Dry-14.5,R1003,S43-Dry-14.5
FRP_Color_Sph,T4410,CLC-10_원형,P4410,CLC-10_원형,Q1003,S43-Dry-14.5,R1003,S43-Dry-14.5
FRP_Color_Sph,T4411,CLC-10_바이알,P4411,CLC-10_바이알,Q1003,S43-Dry-14.5,R1003,S43-Dry-14.5
FRP_Color_Sph,T4420,CLC-20_원형,P4420,CLC-20_원형,Q1003,S43-Dry-14.5,R1003,S43-Dry-14.5
FRP_Color_Sph,T4430,Lesieur Crazy_중사각,P4430,Lesieur Crazy_중사각,Q1003,S43-Dry-14.5,R1003,S43-Dry-14.5
FRP_Color_Sph,T4431,Lesieur Crazy_바이알,P4431,Lesieur Crazy_바이알,Q1003,S43-Dry-14.5,R1003,S43-Dry-14.5
FRP_Color_Sph,T4440,HD Color_원형,P4440,HD Color_원형,Q1009,S38-Dry-14.2,R1009,S38-Dry-14.2
FRP_Color_Sph,T4445,Belmore ILLUSION_원형,P4445,Belmore ILLUSION_원형,Q1003,S43-Dry-14.5,R1003,S43-Dry-14.5
FRP_Color_Sph,T4450,Desio color_원형,P4450,Desio color_원형,Q1002,S43-Dry,R1002,S43-Dry
FRP_Color_Sph,T4455,Meido_chic_원형,P4455,Meido_chic_원형,Q1002,S43-Dry,R1002,S43-Dry
FRP_Color_Sph,T4456,Meido_38%_Elegant_원형,P4456,Meido_38%_Elegant_원형,Q1009,S38-Dry-14.2,R1009,S38-Dry-14.2
FRP_Color_Sph,T4475,Meido DK Color_원형,P4475,Meido DK Color_원형,Q1009,S38-Dry-14.2,R1009,S38-Dry-14.2
FRP_Color_Sph,T4476,Meido NEW DK Color_원형,P4476,Meido NEW DK Color_원형,Q1001,S38_투명-Dry,R1001,S38_투명-Dry
FRP_Color_Sph,T4480,Clalen Fiesta A_원형,P4480,Clalen Fiesta A_원형,Q1009,S38-Dry-14.2,R1009,S38-Dry-14.2
FRP_Color_Sph,T4486,Kilala_38%_K49_원형(6개월),P4486,Kilala_38%_K49_원형(6개월),Q1009,S38-Dry-14.2,R1009,S38-Dry-14.2
FRP_Color_Sph,T4487,Kilala_38%_K29_원형(6개월),P4487,Kilala_38%_K29_원형(6개월),Q1009,S38-Dry-14.2,R1009,S38-Dry-14.2
FRP_Color_Sph,T4488,Kilala_38%_L072_원형(1년),P4488,Kilala_38%_L072_원형(1년),Q1001,S38_투명-Dry,R1001,S38_투명-Dry
FRP_Color_Sph,S201,Iris M 3001 Chloe Brown (2개입),P4501,Clalen Iris_BRW_3001_원형,Q1002,S43-Dry,R1002,S43-Dry
FRP_Color_Sph,S211,Iris M 3001 Chloe Brown_낱개,P4501,Clalen Iris_BRW_3001_원형,Q1002,S43-Dry,R1002,S43-Dry
FRP_Color_Sph,T4501,CLC_40_3001_Jewel Brown_원형,P4501,Clalen Iris_BRW_3001_원형,Q1002,S43-Dry,R1002,S43-Dry
FRP_Color_Sph,T9915,Iris M 3001 Chloe Brown (2개입),P4501,Clalen Iris_BRW_3001_원형,Q1002,S43-Dry,R1002,S43-Dry
FRP_Color_Sph,S202,Iris M 3002 Chloe Gray (2개입),P4506,Clalen Iris_GRA_3002_원형,Q1002,S43-Dry,R1002,S43-Dry
FRP_Color_Sph,S212,Iris M 3002 Chloe Gray_낱개,P4506,Clalen Iris_GRA_3002_원형,Q1002,S43-Dry,R1002,S43-Dry
FRP_Color_Sph,T4506,CLC_40_3002_Jewel Gray_원형,P4506,Clalen Iris_GRA_3002_원형,Q1002,S43-Dry,R1002,S43-Dry
FRP_Color_Sph,T9916,Iris M 3002 Chloe Gray (2개입),P4506,Clalen Iris_GRA_3002_원형,Q1002,S43-Dry,R1002,S43-Dry
FRP_Color_Sph,S203,Iris M 2901 Lucy Brown (2개입),P4511,Clalen Iris_BRW_2901_원형,Q1002,S43-Dry,R1002,S43-Dry
FRP_Color_Sph,S213,Iris M 2901 Lucy Brown_낱개,P4511,Clalen Iris_BRW_2901_원형,Q1002,S43-Dry,R1002,S43-Dry
FRP_Color_Sph,T4511,CLC_40_2901_Sunrise_원형,P4511,Clalen Iris_BRW_2901_원형,Q1002,S43-Dry,R1002,S43-Dry
FRP_Color_Sph,T9941,Iris M 2901 Lucy Brown (2개입),P4511,Clalen Iris_BRW_2901_원형,Q1002,S43-Dry,R1002,S43-Dry
FRP_Color_Sph,S204,Iris M 2902 Lucy Gray (2개입),P4516,Clalen Iris_GRA_2902_원형,Q1002,S43-Dry,R1002,S43-Dry
FRP_Color_Sph,S214,Iris M 2902 Lucy Gray_낱개,P4516,Clalen Iris_GRA_2902_원형,Q1002,S43-Dry,R1002,S43-Dry
FRP_Color_Sph,T4516,CLC_40_2902_Misty Gray_원형,P4516,Clalen Iris_GRA_2902_원형,Q1002,S43-Dry,R1002,S43-Dry
FRP_Color_Sph,T9942,Iris M 2902 Lucy Gray (2개입),P4516,Clalen Iris_GRA_2902_원형,Q1002,S43-Dry,R1002,S43-Dry
FRP_Color_Sph,S205,Iris M 2903 Joy Green (2개입),P4521,Clalen Iris_GRN_2903_원형,Q1002,S43-Dry,R1002,S43-Dry
FRP_Color_Sph,S215,Iris M 2903 Joy Green_낱개,P4521,Clalen Iris_GRN_2903_원형,Q1002,S43-Dry,R1002,S43-Dry
FRP_Color_Sph,T4521,CLC_40_2903_Pistachio_원형,P4521,Clalen Iris_GRN_2903_원형,Q1002,S43-Dry,R1002,S43-Dry
FRP_Color_Sph,T9940,Iris M 2903 Joy Green (2개입),P4521,Clalen Iris_GRN_2903_원형,Q1002,S43-Dry,R1002,S43-Dry
FRP_Color_Sph,S206,Iris M 2904 Joy Purple (2개입),P4526,Clalen Iris_VIO_2904_원형,Q1002,S43-Dry,R1002,S43-Dry
FRP_Color_Sph,S216,Iris M 2904 Joy Purple_낱개,P4526,Clalen Iris_VIO_2904_원형,Q1002,S43-Dry,R1002,S43-Dry
FRP_Color_Sph,S325,Iris M 2904 Joy Purple (TMG_2개입),P4526,Clalen Iris_VIO_2904_원형,Q1002,S43-Dry,R1002,S43-Dry
FRP_Color_Sph,T4526,CLC_40_2904_Lilac_원형,P4526,Clalen Iris_VIO_2904_원형,Q1002,S43-Dry,R1002,S43-Dry
FRP_Color_Sph,T9920,Iris M 2904 Joy Purple (TMG_2개입),P4526,Clalen Iris_VIO_2904_원형,Q1002,S43-Dry,R1002,S43-Dry
FRP_Color_Sph,S207,Iris M 3301 Grace Brown (2개입),P4531,Clalen Iris_BRW_3301_원형,Q1002,S43-Dry,R1002,S43-Dry
FRP_Color_Sph,S217,Iris M 3301 Grace Brown_낱개,P4531,Clalen Iris_BRW_3301_원형,Q1002,S43-Dry,R1002,S43-Dry
FRP_Color_Sph,T4531,CLC_40_3301_Woody_원형,P4531,Clalen Iris_BRW_3301_원형,Q1002,S43-Dry,R1002,S43-Dry
FRP_Color_Sph,T9917,Iris M 3301 Grace Brown (2개입),P4531,Clalen Iris_BRW_3301_원형,Q1002,S43-Dry,R1002,S43-Dry
FRP_Color_Sph,S208,Iris M 3302 Grace Gray (2개입),P4536,Clalen Iris_GRA_3302_원형,Q1002,S43-Dry,R1002,S43-Dry
FRP_Color_Sph,S218,Iris M 3302 Grace Gray_낱개,P4536,Clalen Iris_GRA_3302_원형,Q1002,S43-Dry,R1002,S43-Dry
FRP_Color_Sph,T4536,CLC_40_3302_Cloudy_원형,P4536,Clalen Iris_GRA_3302_원형,Q1002,S43-Dry,R1002,S43-Dry
FRP_Color_Sph,T9934,Iris M 3302 Grace Gray (2개입),P4536,Clalen Iris_GRA_3302_원형,Q1002,S43-Dry,R1002,S43-Dry
FRP_Color_Sph,S209,Iris M 3303 Selena Purple (2개입),P4541,Clalen Iris_VIO_3303_원형,Q1002,S43-Dry,R1002,S43-Dry
FRP_Color_Sph,S219,Iris M 3303 Selena Purple_낱개,P4541,Clalen Iris_VIO_3303_원형,Q1002,S43-Dry,R1002,S43-Dry
FRP_Color_Sph,S326,Iris M 3303 Selena Purple (TMG_2개입),P4541,Clalen Iris_VIO_3303_원형,Q1002,S43-Dry,R1002,S43-Dry
FRP_Color_Sph,T4541,CLC_40_3303_Cosmo Violet_원형,P4541,Clalen Iris_VIO_3303_원형,Q1002,S43-Dry,R1002,S43-Dry
FRP_Color_Sph,T9921,Iris M 3303 Selena Purple (TMG_2개입),P4541,Clalen Iris_VIO_3303_원형,Q1002,S43-Dry,R1002,S43-Dry
FRP_Color_Sph,S210,Iris M 3304 Emma Brown (2개입),P4546,Clalen Iris_BRW_3304_원형,Q1002,S43-Dry,R1002,S43-Dry
FRP_Color_Sph,S220,Iris M 3304 Emma Brown_낱개,P4546,Clalen Iris_BRW_3304_원형,Q1002,S43-Dry,R1002,S43-Dry
FRP_Color_Sph,T4546,CLC_40_3304_Amber_원형,P4546,Clalen Iris_BRW_3304_원형,Q1002,S43-Dry,R1002,S43-Dry
FRP_Color_Sph,T9933,Iris M 3304 Emma Brown (2개입),P4546,Clalen Iris_BRW_3304_원형,Q1002,S43-Dry,R1002,S43-Dry
FRP_Color_Sph,S301,Iris M 3305 Emma Gray (2개입),P4550,Clalen Iris_Emma Gray_3305_원형,Q1002,S43-Dry,R1002,S43-Dry
FRP_Color_Sph,S311,Iris M 3305 Emma Gray_낱개,P4550,Clalen Iris_Emma Gray_3305_원형,Q1002,S43-Dry,R1002,S43-Dry
FRP_Color_Sph,S327,Iris M 3305 Emma Gray (TMG_2개입),P4550,Clalen Iris_Emma Gray_3305_원형,Q1002,S43-Dry,R1002,S43-Dry
FRP_Color_Sph,T4551,CLC-40_3305_Emma Gray_원형,P4550,Clalen Iris_Emma Gray_3305_원형,Q1002,S43-Dry,R1002,S43-Dry
FRP_Color_Sph,T9922,Iris M 3305 Emma Gray (TMG_2개입),P4550,Clalen Iris_Emma Gray_3305_원형,Q1002,S43-Dry,R1002,S43-Dry
FRP_Color_Sph,S302,Iris M 3501 Claire Brown (2개입),P4555,Clalen Iris_Claire Brown_3501_원형,Q1002,S43-Dry,R1002,S43-Dry
FRP_Color_Sph,S312,Iris M 3501 Claire Brown_낱개,P4555,Clalen Iris_Claire Brown_3501_원형,Q1002,S43-Dry,R1002,S43-Dry
FRP_Color_Sph,S328,Iris M 3501 Claire Brown (TMG_2개입),P4555,Clalen Iris_Claire Brown_3501_원형,Q1002,S43-Dry,R1002,S43-Dry
FRP_Color_Sph,T4556,CLC-40_3501_Claire brown_원형,P4555,Clalen Iris_Claire Brown_3501_원형,Q1002,S43-Dry,R1002,S43-Dry
FRP_Color_Sph,T9923,Iris M 3501 Claire Brown (TMG_2개입),P4555,Clalen Iris_Claire Brown_3501_원형,Q1002,S43-Dry,R1002,S43-Dry
FRP_Color_Sph,S303,Iris M 3502 Claire Gray (2개입),P4560,Clalen Iris_Claire Gray_3502 _원형,Q1002,S43-Dry,R1002,S43-Dry
FRP_Color_Sph,S313,Iris M 3502 Claire Gray_낱개,P4560,Clalen Iris_Claire Gray_3502 _원형,Q1002,S43-Dry,R1002,S43-Dry
FRP_Color_Sph,S329,Iris M 3502 Claire Gray (TMG_2개입),P4560,Clalen Iris_Claire Gray_3502 _원형,Q1002,S43-Dry,R1002,S43-Dry
FRP_Color_Sph,T4561,CLC-40_3502_Claire Gray_원형,P4560,Clalen Iris_Claire Gray_3502 _원형,Q1002,S43-Dry,R1002,S43-Dry
FRP_Color_Sph,T9924,Iris M 3502 Claire Gray (TMG_2개입),P4560,Clalen Iris_Claire Gray_3502 _원형,Q1002,S43-Dry,R1002,S43-Dry
FRP_Color_Sph,S403,Iris M J3306 Lily Blue (2개입),P4565,Lily Blue_원형,Q1002,S43-Dry,R1002,S43-Dry
FRP_Color_Sph,S413,Iris M J3306 Lily Blue_낱개,P4565,Lily Blue_원형,Q1002,S43-Dry,R1002,S43-Dry
FRP_Color_Sph,T4565,CLC_40_3306_Lily Blue_원형,P4565,Lily Blue_원형,Q1002,S43-Dry,R1002,S43-Dry
FRP_Color_Sph,T9939,Iris M J3306 Lily Blue (2개입),P4565,Lily Blue_원형,Q1002,S43-Dry,R1002,S43-Dry
FRP_Color_Sph,S401,Iris M J3308 Lily Brown (2개입),P4566,Lily Brown_원형,Q1002,S43-Dry,R1002,S43-Dry
FRP_Color_Sph,S411,Iris M J3308 Lily Brown_낱개,P4566,Lily Brown_원형,Q1002,S43-Dry,R1002,S43-Dry
FRP_Color_Sph,T4566,CLC_40_3308_Lily Brown_원형,P4566,Lily Brown_원형,Q1002,S43-Dry,R1002,S43-Dry
FRP_Color_Sph,T9937,Iris M J3308 Lily Brown (2개입),P4566,Lily Brown_원형,Q1002,S43-Dry,R1002,S43-Dry
FRP_Color_Sph,S402,Iris M J3307 Lily Green (2개입),P4567,Lily Green_원형,Q1002,S43-Dry,R1002,S43-Dry
FRP_Color_Sph,S412,Iris M J3307 Lily Green_낱개,P4567,Lily Green_원형,Q1002,S43-Dry,R1002,S43-Dry
FRP_Color_Sph,T4567,CLC_40_3307_Lily Green_원형,P4567,Lily Green_원형,Q1002,S43-Dry,R1002,S43-Dry
FRP_Color_Sph,T9938,Iris M J3307 Lily Green (2개입),P4567,Lily Green_원형,Q1002,S43-Dry,R1002,S43-Dry
FRP_Color_Sph,S404,Iris M J3309 Sunflower Brown (2개입),P4575,Sunflower Brown_원형,Q1002,S43-Dry,R1002,S43-Dry
FRP_Color_Sph,S414,Iris M J3309 Sunflower Brown_낱개,P4575,Sunflower Brown_원형,Q1002,S43-Dry,R1002,S43-Dry
FRP_Color_Sph,T4575,CLC_40_3309_Sunflower Brown_원형,P4575,Sunflower Brown_원형,Q1002,S43-Dry,R1002,S43-Dry
FRP_Color_Sph,T9935,Iris M J3309 Sunflower Brown (2개입),P4575,Sunflower Brown_원형,Q1002,S43-Dry,R1002,S43-Dry
FRP_Color_Sph,S405,Iris M J3310 Sunflower Gray (2개입),P4576,Sunflower Gray_원형,Q1002,S43-Dry,R1002,S43-Dry
FRP_Color_Sph,S415,Iris M J3310 Sunflower Gray_낱개,P4576,Sunflower Gray_원형,Q1002,S43-Dry,R1002,S43-Dry
FRP_Color_Sph,T4576,CLC_40_3310_Sunflower Gray_원형,P4576,Sunflower Gray_원형,Q1002,S43-Dry,R1002,S43-Dry
FRP_Color_Sph,T9936,Iris M J3310 Sunflower Gray (2개입),P4576,Sunflower Gray_원형,Q1002,S43-Dry,R1002,S43-Dry
FRP_Color_Sph,S304,Iris M 3201 Rachel Gray (2개입),P4580,Iris M Rachel Gray,Q1002,S43-Dry,R1002,S43-Dry
FRP_Color_Sph,S314,Iris M 3201 Rachel Gray_낱개,P4580,Iris M Rachel Gray,Q1002,S43-Dry,R1002,S43-Dry
FRP_Color_Sph,S323,Iris M 3201 Rachel Gray (TMG_2개입),P4580,Iris M Rachel Gray,Q1002,S43-Dry,R1002,S43-Dry
FRP_Color_Sph,T4580,CLC_40_3202_Rachel Gray_원형,P4580,Iris M Rachel Gray,Q1002,S43-Dry,R1002,S43-Dry
FRP_Color_Sph,T9914,Iris M 3201 Rachel Gray (2개입),P4580,Iris M Rachel Gray,Q1002,S43-Dry,R1002,S43-Dry
FRP_Color_Sph,T9918,Iris M 3201 Rachel Gray (TMG_2개입),P4580,Iris M Rachel Gray,Q1002,S43-Dry,R1002,S43-Dry
FRP_Color_Sph,S305,Iris M 3202 Rachel Brown (2개입),P4581,Iris M Rachel Brown,Q1002,S43-Dry,R1002,S43-Dry
FRP_Color_Sph,S315,Iris M 3202 Rachel Brown_낱개,P4581,Iris M Rachel Brown,Q1002,S43-Dry,R1002,S43-Dry
FRP_Color_Sph,T4581,CLC_40_3201_Rachel Brown_원형,P4581,Iris M Rachel Brown,Q1002,S43-Dry,R1002,S43-Dry
FRP_Color_Sph,S306,Iris M 3311 Selena Gray (2개입),P4582,Iris M Selena-Light Gray,Q1002,S43-Dry,R1002,S43-Dry
FRP_Color_Sph,S316,Iris M 3311 Selena Gray_낱개,P4582,Iris M Selena-Light Gray,Q1002,S43-Dry,R1002,S43-Dry
FRP_Color_Sph,S324,Iris M 3311 Selena Gray (TMG_2개입),P4582,Iris M Selena-Light Gray,Q1002,S43-Dry,R1002,S43-Dry
FRP_Color_Sph,T4582,CLC_40_3311_Selena Gray_원형,P4582,Iris M Selena-Light Gray,Q1002,S43-Dry,R1002,S43-Dry
FRP_Color_Sph,T9919,Iris M 3311 Selena Gray (TMG_2개입),P4582,Iris M Selena-Light Gray,Q1002,S43-Dry,R1002,S43-Dry
FRP_Color_Sph,T4600,Kilala_M3-Brown_원형,P4600,Kilala_M3-Brown_원형,Q1001,S38_투명-Dry,R1001,S38_투명-Dry
FRP_Color_Sph,T4601,Kilala_M2-Color_원형,P4601,Kilala_M2-Color_원형,Q1001,S38_투명-Dry,R1001,S38_투명-Dry
FRP_Color_Sph,T4605,SOJO_Dailybusy_Color,P4605,SOJO_Dailybusy_Color,Q1002,S43-Dry,R1002,S43-Dry
FRP_Color_Sph,T4610,SOJO_Rella_Color_원형,P4610,SOJO_Rella_Color_원형,Q1002,S43-Dry,R1002,S43-Dry
FRP_Color_Sph,T4615,Kalloni_OZ-Color_원형,P4615,Kalloni_OZ-Color_원형,Q1001,S38_투명-Dry,R1001,S38_투명-Dry
FRP_Color_Sph,T4620,Kalloni_Waltz-Color_원형,P4620,Kalloni_Waltz-Color_원형,Q1001,S38_투명-Dry,R1001,S38_투명-Dry
FRP_Color_Sph,T4625,Kalloni_Ireland-Color_원형,P4625,Kalloni_Ireland-Color_원형,Q1001,S38_투명-Dry,R1001,S38_투명-Dry
FRP_Color_Sph,T4630,Kalloni_glass-Color_원형,P4630,Kalloni_glass-Color_원형,Q1002,S43-Dry,R1002,S43-Dry
FRP_Color_Sph,S710,KYNY 1M_2개입,P4635,KYNY 1-Monthly_원형,Q1002,S43-Dry,R1002,S43-Dry
FRP_Color_Sph,S710C,KYNY 1M_2개입_중문,P4635,KYNY 1-Monthly_원형,Q1002,S43-Dry,R1002,S43-Dry
FRP_Color_Sph,S720,KYNY 6M_1개입,P4640,KYNY 6-Monthly_원형,Q1002,S43-Dry,R1002,S43-Dry
FRP_Color_Sph,S720C,KYNY 6M_1개입_중문,P4640,KYNY 6-Monthly_원형,Q1002,S43-Dry,R1002,S43-Dry
FRP_Color_Sph,T4650,Meido CHIC-2 Color_중사각,P4650,Meido CHIC-2 Color_중사각,Q1001,S38_투명-Dry,R1001,S38_투명-Dry
FRP_Color_Sph,T4655,Kilala_M058-Color_원형,P4655,Kilala_M058-Color_원형,Q1009,S38-Dry-14.2,R1009,S38-Dry-14.2
FRP_Color_Sph,T4660,Meido_Von-Color_원형,P4660,Meido_Von-Color_원형,Q1009,S38-Dry-14.2,R1009,S38-Dry-14.2
FRP_Color_Sph,T4661,Meido_38%_LOVE_Color_원형,P4661,Meido_38%_LOVE_Color_원형,Q1009,S38-Dry-14.2,R1009,S38-Dry-14.2
FRP_Color_Sph,T4663,Meido_Vely eye-Color_원형,P4663,Meido_Vely eye-Color_원형,Q4713,(NEW)S38-HD-Dry-14.0,R4713,(NEW)S38-HD-Dry-14.0
FRP_Color_Sph,T4665,Kilala_43%_M083_원형(1년),P4665,Kilala_43%_M083_원형(1년),Q1002,S43-Dry,R1002,S43-Dry
FRP_Color_Sph,T4670,Kilala_38%_XZH_원형(6개월),P4670,Kilala_38%_XZH_원형(6개월),Q1001,S38_투명-Dry,R1001,S38_투명-Dry
FRP_Color_Sph,T4680,Kilala_43%_K24_원형(6개월),P4680,Kilala_43%_K24_원형(6개월),Q1003,S43-Dry-14.5,R1003,S43-Dry-14.5
FRP_Color_Sph,T4685,Kilala_38%_K5_원형(1년),P4685,Kilala_38%_K5_원형(1년),Q1001,S38_투명-Dry,R1001,S38_투명-Dry
FRP_Color_Sph,T4690,Kilala_43%_K20_원형(1년),P4690,Kilala_43%_K20_원형(1년),Q1002,S43-Dry,R1002,S43-Dry
FRP_Color_Sph,T4691,Clalen iris 2_Azores Gray,P4691,Clalen iris 2_Azores Gray,Q1009,S38-Dry-14.2,R1009,S38-Dry-14.2
FRP_Color_Sph,T4692,Clalen iris 2_Royal Brown,P4692,Clalen iris 2_Royal Brown,Q1009,S38-Dry-14.2,R1009,S38-Dry-14.2
FRP_Color_Sph,T4700,Kilala_38%_K46_원형(3개월),P4700,Kilala_38%_K46_원형(3개월),Q1009,S38-Dry-14.2,R1009,S38-Dry-14.2
FRP_Color_Sph,T4705,Kilala_43%_K47_원형(3개월),P4705,Kilala_43%_K47_원형(3개월),Q1003,S43-Dry-14.5,R1003,S43-Dry-14.5
FRP_Color_Sph,T4706,Kilala_38%_K48_원형(3개월),P4706,Kilala_38%_K48_원형(3개월),Q1009,S38-Dry-14.2,R1009,S38-Dry-14.2
FRP_Color_Sph,T4707,Kilala_43%_K47_원형(3개월)_(NEW),P4707,Kilala_43%_K47_원형(3개월)_(NEW),Q4712,(NEW)S43-HD-Dry-14.4,R4712,(NEW)S43-HD-Dry-14.4
FRP_Color_Sph,T4710,Pink Magic_Starlight_Color(원형),P4710,Pink Magic_Starlight_Color(원형),Q1001,S38_투명-Dry,R1001,S38_투명-Dry
FRP_Color_Sph,T4711,Pink Magic_layla_Color(원형),P4711,Pink Magic_layla_Color(원형),Q4711,(NEW)S38-Dry-14.2,R4711,(NEW)S38-Dry-14.2
FRP_Color_Sph,T4712,MG M_Russian Brown_GLAM_(중),P4712,MG M_Russian Brown_GLAM_(중),Q1003,S43-Dry-14.5,R1003,S43-Dry-14.5
FRP_Color_Sph,T4713,MG M_Russian Gray_GLAM_(중),P4713,MG M_Russian Gray_GLAM_(중),Q1003,S43-Dry-14.5,R1003,S43-Dry-14.5
FRP_Color_Sph,T4715,Kilala_38%_M106_원형(1년),P4715,Kilala_38%_M106_원형(1년),Q1009,S38-Dry-14.2,R1009,S38-Dry-14.2
FRP_Color_Sph,T4716,Kilala_38%_M135_원형(6개월),P4716,Kilala_38%_M135_원형(6개월),Q1001,S38_투명-Dry,R1001,S38_투명-Dry
FRP_Color_Sph,T4717,Kilala_38%_M144_원형(6개월),P4717,Kilala_38%_M144_원형(6개월),Q1009,S38-Dry-14.2,R1009,S38-Dry-14.2
FRP_Color_Sph,S750,IKYNY_Hiphop_Mods_BR(2개입),P4718,Clalen Iris_Mods Brown_원형,Q1002,S43-Dry,R1002,S43-Dry
FRP_Color_Sph,S751,IKYNY_Hiphop_Mods_GR(2개입),P4721,Clalen Iris_Mods Gray_원형,Q1002,S43-Dry,R1002,S43-Dry
FRP_Color_Sph,S752,IKYNY_Hiphop_Layered_GR(2개입),P4724,Clalen Iris_Layered Gray_원형,Q1002,S43-Dry,R1002,S43-Dry
FRP_Color_Sph,S753,IKYNY_Hiphop_Layered_RG(2개입),P4727,Clalen Iris_Layered Rose Gold_원형,Q1002,S43-Dry,R1002,S43-Dry
FRP_Color_Sph,S754,IKYNY_Vocal_Mellow_BR(2개입),P4730,Clalen Iris_Mellow Brown_원형,Q1002,S43-Dry,R1002,S43-Dry
FRP_Color_Sph,S755,IKYNY_Vocal_Mellow_GR(2개입),P4733,Clalen Iris_Mellow Gray_원형,Q1002,S43-Dry,R1002,S43-Dry
FRP_Color_Sph,S756,IKYNY_Vocal_Vivid_RO(2개입),P4736,Clalen Iris_Vivid Pink_원형,Q1002,S43-Dry,R1002,S43-Dry
FRP_Color_Sph,S757,IKYNY_Vocal_Vivid_GN(2개입),P4739,Clalen Iris_Vivid Green_원형,Q1002,S43-Dry,R1002,S43-Dry
FRP_Color_Sph,S758,IKYNY_Vocal_Vivid_BL(2개입),P4742,Clalen Iris_Vivid Blue_원형,Q1002,S43-Dry,R1002,S43-Dry
FRP_Color_Sph,S760,IKYNY_Perform_Mystic_RO(2개입),P4745,Clalen Iris_Mystic Pink_원형,Q1002,S43-Dry,R1002,S43-Dry
FRP_Color_Sph,S759,IKYNY_Perform_Mystic_GR(2개입),P4748,Clalen Iris_Mystic Gray_원형,Q1002,S43-Dry,R1002,S43-Dry
FRP_Color_Sph,S761,IKYNY_Perform_Midnight_BR(2개입),P4751,Clalen Iris_Midnight Brown_원형,Q1002,S43-Dry,R1002,S43-Dry
FRP_Color_Sph,S762,IKYNY_Perform_Midnight_DB(2개,P4754,Clalen Iris_Midnight Dark Blue_원형,Q1002,S43-Dry,R1002,S43-Dry
FRP_Color_Sph,T4760,Kilala_38%_K24일세대_원형(6개월),P4760,Kilala_38%_K24일세대_원형(6개월),Q1009,S38-Dry-14.2,R1009,S38-Dry-14.2
FRP_Color_Sph,T4765,Rose_color_원형,P4765,Rose_color_원형,Q1003,S43-Dry-14.5,R1003,S43-Dry-14.5
FRP_Color_Sph,T4770,Kilala_43%_L022_원형(6개월),P4770,Kilala_43%_L022_원형(6개월),Q1003,S43-Dry-14.5,R1003,S43-Dry-14.5
FRP_Color_Sph,T4771,Kilala_38%_L027_원형(6개월),P4771,Kilala_38%_L027_원형(6개월),Q1009,S38-Dry-14.2,R1009,S38-Dry-14.2
FRP_Color_Sph,T4772,Kilala_43%_M134_원형(6개월),P4772,Kilala_43%_M134_원형(6개월),Q1003,S43-Dry-14.5,R1003,S43-Dry-14.5
FRP_Color_Sph,T4773,Kilala_43%_M152_원형(1년),P4773,Kilala_43%_M152_원형(1년),Q4712,(NEW)S43-HD-Dry-14.4,R4712,(NEW)S43-HD-Dry-14.4
FRP_Color_Sph,T4774,Kilala_38%_M154_원형(6개월),P4774,Kilala_38%_M154_원형(6개월),Q4713,(NEW)S38-HD-Dry-14.0,R4713,(NEW)S38-HD-Dry-14.0
1-Day_Color_Sph,S184,Astra Glitter_낱개,P4780,Astra Glitter,Q4780,Astra Glitter,R4780,Astra Glitter
1-Day_Color_Sph,S185,Astra Glitter_30팩,P4780,Astra Glitter,Q4780,Astra Glitter,R4780,Astra Glitter
1-Day_Color_Sph,S192,Astra Glitter_10팩,P4780,Astra Glitter,Q4780,Astra Glitter,R4780,Astra Glitter
1-Day_Color_Sph,T4780,Astra Glitter,P4780,Astra Glitter,Q4780,Astra Glitter,R4780,Astra Glitter
1-Day_Color_Sph,T9901,Astra Glitter_30팩,P4780,Astra Glitter,Q4780,Astra Glitter,R4780,Astra Glitter
1-Day_Color_Sph,T9910,Astra Glitter_10팩,P4780,Astra Glitter,Q4780,Astra Glitter,R4780,Astra Glitter
1-Day_Color_Sph,S186,Astra Estelle Brown_낱개,P4781,Astra Estelle Brown,Q4781,Astra Estelle Brown,R4781,Astra Estelle Brown
1-Day_Color_Sph,S187,Astra Estelle Brown_30팩,P4781,Astra Estelle Brown,Q4781,Astra Estelle Brown,R4781,Astra Estelle Brown
1-Day_Color_Sph,S191,Astra Estelle Brown_10팩,P4781,Astra Estelle Brown,Q4781,Astra Estelle Brown,R4781,Astra Estelle Brown
1-Day_Color_Sph,T4781,Astra Estelle Brown,P4781,Astra Estelle Brown,Q4781,Astra Estelle Brown,R4781,Astra Estelle Brown
1-Day_Color_Sph,T9902,Astra Estelle Brown_30팩,P4781,Astra Estelle Brown,Q4781,Astra Estelle Brown,R4781,Astra Estelle Brown
1-Day_Color_Sph,T9911,Astra Estelle Brown_10팩,P4781,Astra Estelle Brown,Q4781,Astra Estelle Brown,R4781,Astra Estelle Brown
1-Day_Color_Sph,S188,Astra Estelle Gray_낱개,P4782,Astra Estelle Gray,Q4782,Astra Estelle Gray,R4782,Astra Estelle Gray
1-Day_Color_Sph,S189,Astra Estelle Gray_30팩,P4782,Astra Estelle Gray,Q4782,Astra Estelle Gray,R4782,Astra Estelle Gray
1-Day_Color_Sph,S190,Astra Estelle Gray_10팩,P4782,Astra Estelle Gray,Q4782,Astra Estelle Gray,R4782,Astra Estelle Gray
1-Day_Color_Sph,T4782,Astra Estelle Gray,P4782,Astra Estelle Gray,Q4782,Astra Estelle Gray,R4782,Astra Estelle Gray
1-Day_Color_Sph,T9903,Astra Estelle Gray_30팩,P4782,Astra Estelle Gray,Q4782,Astra Estelle Gray,R4782,Astra Estelle Gray
1-Day_Color_Sph,T9912,Astra Estelle Gray_10팩,P4782,Astra Estelle Gray,Q4782,Astra Estelle Gray,R4782,Astra Estelle Gray
FRP_Color_Sph,T4785,Kilala_43%_M083_원형(1년)_NEW,P4785,Kilala_43%_M083_원형(1년)_NEW,Q1002,S43-Dry,R1002,S43-Dry
FRP_Color_Sph,T4786,Kilala_43%_K27_원형(1년용)_NEW,P4786,Kilala_43%_K27_원형(1년용)_NEW,Q1003,S43-Dry-14.5,R1003,S43-Dry-14.5
FRP_Color_Sph,T4787,Kilala_43%_K45_원형(1년)_NEW,P4787,Kilala_43%_K45_원형(1년)_NEW,Q1003,S43-Dry-14.5,R1003,S43-Dry-14.5
FRP_Color_Sph,T4788,Kilala_38%_M085_원형(6개월)_NEW,P4788,Kilala_38%_M085_원형(6개월)_NEW,Q1001,S38_투명-Dry,R1001,S38_투명-Dry
FRP_Color_Sph,T4789,Kilala_38%_K29_원형(6개월)_NEW,P4789,Kilala_38%_K29_원형(6개월)_NEW,Q1009,S38-Dry-14.2,R1009,S38-Dry-14.2
FRP_Color_Sph,T4790,Kilala_43%_K24이세대_원형(6개월)_NEW,P4790,Kilala_43%_K24이세대_원형(6개월)_NEW,Q1003,S43-Dry-14.5,R1003,S43-Dry-14.5
FRP_Color_Sph,T4795,NovaChic_38%_Face Titude_원형,P4795,NovaChic_38%_Face Titude_원형,Q4795,S38-HD-Dry-14.2,R4795,S38-HD-Dry-14.2
FRP_Color_Sph,T4800,Celena Natural_중사각,P4800,Celena Natural_중사각,Q1003,S43-Dry-14.5,R1003,S43-Dry-14.5
FRP_Color_Sph,T4805,Celena Shaded_중사각,P4805,Celena Shaded_중사각,Q1003,S43-Dry-14.5,R1003,S43-Dry-14.5
FRP_Color_Sph,T4810,Celena Define_중사각,P4810,Celena Define_중사각,Q1003,S43-Dry-14.5,R1003,S43-Dry-14.5
1-Day_Color_Sph,T4811,Freedom380_무지리드지,P4811,Freedom380_무지리드지,Q4821,Freedom380,R4821,Freedom380
1-Day_Color_Sph,T4812,Freedom380_4Care_BL Metha,P4812,Freedom380_4Care_BL Metha,Q4821,Freedom380,R4821,Freedom380
1-Day_Color_Sph,T4813,Celena D_Basil Grey(8년),P4813,Celena D_Basil Grey(8년),Q1004,S55_투명-DRY,R1004,S55_투명-DRY
1-Day_Color_Sph,T4814,Celena D_Aqua Grey(8년),P4814,Celena D_Aqua Grey(8년),Q1004,S55_투명-DRY,R1004,S55_투명-DRY
FRP_Color_Sph,T4815,Cool Color Pearl Series_소사각,P4815,Cool Color Pearl Series_소사각,Q1003,S43-Dry-14.5,R1003,S43-Dry-14.5
1-Day_Color_Sph,T4816,Stylish Grey(8년)_Celena Dailies,P4816,Stylish Grey(8년)_Celena Dailies,Q1004,S55_투명-DRY,R1004,S55_투명-DRY
1-Day_Color_Sph,T4817,Deep Blue(8년)_Celena Dailies,P4817,Deep Blue(8년)_Celena Dailies,Q1004,S55_투명-DRY,R1004,S55_투명-DRY
1-Day_Color_Sph,T4818,Olive Green(8년)_Celena Dailies,P4818,Olive Green(8년)_Celena Dailies,Q1004,S55_투명-DRY,R1004,S55_투명-DRY
1-Day_Color_Sph,T4819,Stylish Hazel(8년)_Celena Dailies,P4819,Stylish Hazel(8년)_Celena Dailies,Q1004,S55_투명-DRY,R1004,S55_투명-DRY
1-Day_Sph,T4820,1-Day_58_Nonni ltd,P4820,1-Day_58_Nonni ltd,Q3081,1-day_58_Kontaktni-HA,R3081,1-day_58_Kontaktni-HA
1-Day_Color_Sph,S193,Freedom380_낱개,P4821,Freedom380,Q4821,Freedom380,R4821,Freedom380
1-Day_Color_Sph,S194,Freedom380_30p,P4821,Freedom380,Q4821,Freedom380,R4821,Freedom380
1-Day_Color_Sph,T4821,Freedom380,P4821,Freedom380,Q4821,Freedom380,R4821,Freedom380
1-Day_Color_Sph,T9913,Freedom380_30p,P4821,Freedom380,Q4821,Freedom380,R4821,Freedom380
1-Day_Color_Sph,T4822,ADRIA_Blue_1-Day,P4822,ADRIA_Blue_1-Day,Q3001,Soleko_Blue,R3001,Soleko_Blue
1-Day_Color_Sph,T4823,ADRIA_Pearl_1-Day,P4823,ADRIA_Pearl_1-Day,Q3002,Soleko_Pearl,R3002,Soleko_Pearl
1-Day_Color_Sph,T4824,ADRIA_Green_1-Day,P4824,ADRIA_Green_1-Day,Q3003,Soleko_Green,R3003,Soleko_Green
1-Day_Color_Sph,T4825,ADRIA_Choco_1-Day,P4825,ADRIA_Choco_1-Day,Q3004,Soleko_Choco,R3004,Soleko_Choco
1-Day_Color_Sph,T4826,ADRIA_Suzy Gray_1-Day,P4826,ADRIA_Suzy Gray_1-Day,Q0019,1-Day_iris_Suzy Gray,R0019,1-Day_iris_Suzy Gray
1-Day_Color_Sph,T4827,ADRIA_Rhapsody_1-Day,P4827,ADRIA_Rhapsody_1-Day,Q0007,1-Day_iris_Rhapsody,R0007,1-Day_iris_Rhapsody
1-Day_Color_Sph,T4828,ADRIA_Latin_1-Day,P4828,ADRIA_Latin_1-Day,Q0008,1-Day_iris_Latin,R0008,1-Day_iris_Latin
1-Day_Color_Sph,T4829,ADRIA_Alicia Brown_1-Day,P4829,ADRIA_Alicia Brown_1-Day,Q0213,ALICIA BROWN(근시),R0213,ALICIA BROWN(근시)
1-Day_Color_Sph,T4830,ADRIA_Suzy Brown_1-Day,P4830,ADRIA_Suzy Brown_1-Day,Q3075,1-Day_iris_Suzy Brown,R3075,1-Day_iris_Suzy Brown
1-Day_Color_Sph,T4831,ADRIA_Blue Moon_1-Day,P4831,ADRIA_Blue Moon_1-Day,Q3076,1-Day_iris_Blue Moon,R3076,1-Day_iris_Blue Moon
1-Day_Color_Sph,T4832,ADRIA_Soul Brown_1-Day,P4832,ADRIA_Soul Brown_1-Day,Q0010,1-Day_iris_SoulBrown,R0010,1-Day_iris_SoulBrown
1-Day_Color_Sph,T4833,ADRIA_Jazz Black_1-Day,P4833,ADRIA_Jazz Black_1-Day,Q0011,1-Day_iris_JazzBlack,R0011,1-Day_iris_JazzBlack
1-Day_Color_Sph,T4834,ClearBeige Mini UV 14.2,P4834,ClearBeige Mini UV 14.2,Q4834,ClearBeige Mini UV 14.2,R4834,ClearBeige Mini UV 14.2
1-Day_Color_Sph,T4835,ClearBeigeCoral Mini UV 14.2,P4835,ClearBeigeCoral Mini UV 14.2,Q4835,ClearBeigeCoral Mini UV 14.2,R4835,ClearBeigeCoral Mini UV 14.2
1-Day_Color_Sph,T4836,PIA_Pearl Cats Eye UV_1-Day 38%,P4836,PIA_Pearl Cats Eye UV_1-Day 38%,Q4836,PIA_Pearl Cats Eye UV_1-Day 38%,R4836,PIA_Pearl Cats Eye UV_1-Day 38%
1-Day_Color_Sph,T4837,PIA_Grege Quartz UV_1-Day 38%,P4837,PIA_Grege Quartz UV_1-Day 38%,Q4837,PIA_Grege Quartz UV_1-Day 38%,R4837,PIA_Grege Quartz UV_1-Day 38%
1-Day_Color_Sph,T4838,PIA_Citrine UV_1-Day 38%,P4838,PIA_Citrine UV_1-Day 38%,Q4838,PIA_Citrine UV_1-Day 38%,R4838,PIA_Citrine UV_1-Day 38%
1-Day_Color_Sph,T4839,PIA_Amethyst UV_1-Day 38%,P4839,PIA_Amethyst UV_1-Day 38%,Q4839,PIA_Amethyst UV_1-Day 38%,R4839,PIA_Amethyst UV_1-Day 38%
1-Day_Color_Sph,T4840,4inlook_HelloKitty_Brown,P4840,4inlook_HelloKitty_Brown,Q4840,4inlook_HelloKitty_Brown,R4840,4inlook_HelloKitty_Brown
1-Day_Color_Sph,T4841,4inlook_HelloKitty_Gray,P4841,4inlook_HelloKitty_Gray,Q4841,4inlook_HelloKitty_Gray,R4841,4inlook_HelloKitty_Gray
1-Day_Color_Sph,T4842,ALENSA_1-DAY BL Metha,P4842,ALENSA_1-DAY BL Metha,Q4821,Freedom380,R4821,Freedom380
1-Day_Color_Toric,S153,Iris Toric Halo Brown_낱개,P4843,Toric_CP-0.75_Halo Brown,Q4843,Toric_CP-0.75_Halo Brown,R4843,Toric_CP-0.75_Halo Brown
1-Day_Color_Toric,S154,Iris Toric Halo Brown_30,P4843,Toric_CP-0.75_Halo Brown,Q4843,Toric_CP-0.75_Halo Brown,R4843,Toric_CP-0.75_Halo Brown
1-Day_Color_Toric,T4843,Toric_CP-0.75_Halo Brown,P4843,Toric_CP-0.75_Halo Brown,Q4843,Toric_CP-0.75_Halo Brown,R4843,Toric_CP-0.75_Halo Brown
1-Day_Color_Toric,T9926,Iris Toric Halo Brown_30,P4843,Toric_CP-0.75_Halo Brown,Q4843,Toric_CP-0.75_Halo Brown,R4843,Toric_CP-0.75_Halo Brown
1-Day_Color_Toric,T4844,Toric_CP-1.25_Halo Brown,P4844,Toric_CP-1.25_Halo Brown,Q4844,Toric_CP-1.25_Halo Brown,R4844,Toric_CP-1.25_Halo Brown
1-Day_Color_Toric,T4845,Toric_CP-1.75_Halo Brown,P4845,Toric_CP-1.75_Halo Brown,Q4845,Toric_CP-1.75_Halo Brown,R4845,Toric_CP-1.75_Halo Brown
1-Day_Color_Toric,S158,Iris Toric Halo Gray_낱개,P4846,Toric_CP-0.75_Halo Gray,Q4846,Toric_CP-0.75_Halo Gray,R4846,Toric_CP-0.75_Halo Gray
1-Day_Color_Toric,S159,Iris Toric Halo Gray_30,P4846,Toric_CP-0.75_Halo Gray,Q4846,Toric_CP-0.75_Halo Gray,R4846,Toric_CP-0.75_Halo Gray
1-Day_Color_Toric,T4846,Toric_CP-0.75_Halo Gray,P4846,Toric_CP-0.75_Halo Gray,Q4846,Toric_CP-0.75_Halo Gray,R4846,Toric_CP-0.75_Halo Gray
1-Day_Color_Toric,T9925,Iris Toric Halo Gray_30,P4846,Toric_CP-0.75_Halo Gray,Q4846,Toric_CP-0.75_Halo Gray,R4846,Toric_CP-0.75_Halo Gray
1-Day_Color_Toric,T4847,Toric_CP-1.25_Halo Gray,P4847,Toric_CP-1.25_Halo Gray,Q4847,Toric_CP-1.25_Halo Gray,R4847,Toric_CP-1.25_Halo Gray
1-Day_Color_Toric,T4848,Toric_CP-1.75_Halo Gray,P4848,Toric_CP-1.75_Halo Gray,Q4848,Toric_CP-1.75_Halo Gray,R4848,Toric_CP-1.75_Halo Gray
1-Day_Color_Sph,T4849,Rina_Mocha Brown_1-Day,P4849,Rina_Mocha Brown_1-Day,Q4849,Rina_Mocha Brown_1-Day,R4849,Rina_Mocha Brown_1-Day
1-Day_Color_Sph,T4850,Rina_Choco Brown_1-Day,P4850,Rina_Choco Brown_1-Day,Q4850,Rina_Choco Brown_1-Day,R4850,Rina_Choco Brown_1-Day
1-Day_Color_Sph,T4851,Rina_Crystal Gray_1-Day,P4851,Rina_Crystal Gray_1-Day,Q4851,Rina_Crystal Gray_1-Day,R4851,Rina_Crystal Gray_1-Day
1-Day_Sph,T4852,1_Day_58_RUIYIKANG_CN,P4852,1_Day_58_RUIYIKANG_CN,Q3081,1-day_58_Kontaktni-HA,R3081,1-day_58_Kontaktni-HA
1-Day_Color_Sph,T4853,PIA_TAMA KONNYAKU_55%,P4853,PIA_TAMA KONNYAKU_55%,Q4853,PIA_TAMA KONNYAKU_55%,R4853,PIA_TAMA KONNYAKU_55%
1-Day_Color_Sph,T4854,PIA_HOJICHA LATTE_55%,P4854,PIA_HOJICHA LATTE_55%,Q4854,PIA_HOJICHA LATTE_55%,R4854,PIA_HOJICHA LATTE_55%
1-Day_Color_Sph,T4855,4inlook_음양사_Brown,P4855,4inlook_음양사_Brown,Q4855,4inlook_음양사_Brown,R4855,4inlook_음양사_Brown
1-Day_Color_Sph,T0041,PIA_1-DAY_Ash Brown,P4856,(N)PIA_Ash Brown_H-TOP,Q4856,(N)PIA_Ash Brown_H-TOP,R4856,(N)PIA_Ash Brown_H-TOP
1-Day_Color_Sph,T0045,(N)PIA_Veil brown,P4858,(N)PIA_Veil brown_H-TOP,Q4858,(N)PIA_Veil brown_H-TOP,R4858,(N)PIA_Veil brown_H-TOP
1-Day_Color_Sph,T0046,(N)PIA_Almond Brown,P4859,(N)PIA_Almond Brown_H-TOP,Q4859,(N)PIA_Almond Brown_H-TOP,R4859,(N)PIA_Almond Brown_H-TOP
1-Day_Color_Sph,T0066,(UV)_Veil brown,P4860,(UV)_Veil brown_H-TOP,Q4860,(UV)_Veil brown_H-TOP,R4860,(UV)_Veil brown_H-TOP
FRP_Color_Sph,S138,Iris2-Veil brown(6팩),P4861,Veil brown(3PCS)_H-TOP,Q4860,(UV)_Veil brown_H-TOP,R4860,(UV)_Veil brown_H-TOP
FRP_Color_Sph,S142,Iris2-Veil brown_낱개,P4861,Veil brown(3PCS)_H-TOP,Q4860,(UV)_Veil brown_H-TOP,R4860,(UV)_Veil brown_H-TOP
FRP_Color_Sph,T0056,Clalen iris 2_Veil Brown,P4862,iris 2_Veil Brown(NEW)_H-TOP,Q4860,(UV)_Veil brown_H-TOP,R4860,(UV)_Veil brown_H-TOP
1-Day_Color_Sph,T0068,(UV)_Ash Brown,P4864,(UV)_Ash Brown_H-TOP,Q4864,(UV)_Ash Brown_H-TOP,R4864,(UV)_Ash Brown_H-TOP
1-Day_Color_Sph,T0069,(UV)_Almond Brown,P4865,(UV)_Almond Brown_H-TOP,Q4865,(UV)_Almond Brown_H-TOP,R4865,(UV)_Almond Brown_H-TOP
FRP_Color_Sph,T0057,Clalen iris 2_Orange Brown,P4867,iris 2_Orange Brown(NEW)_H-TOP,Q4865,(UV)_Almond Brown_H-TOP,R4865,(UV)_Almond Brown_H-TOP
FRP_Color_Sph,S137,Iris2-Sheer brown(6팩),P4868,SHEER BROWN_H-TOP,Q4868,SHEER BROWN_H-TOP,R4868,SHEER BROWN_H-TOP
FRP_Color_Sph,S141,Iris2-Sheer brown_낱개,P4868,SHEER BROWN_H-TOP,Q4868,SHEER BROWN_H-TOP,R4868,SHEER BROWN_H-TOP
FRP_Color_Sph,T0055,Clalen iris 2_Sheer Brown,P4869,iris 2_Sheer Brown(NEW)_H-TOP,Q4868,SHEER BROWN_H-TOP,R4868,SHEER BROWN_H-TOP
1-Day_Color_Sph,T4870,sincere_Sunglow Ring_1-Day 38%,P4870,sincere_Sunglow Ring_1-Day 38%,Q4870,sincere_Sunglow Ring_1-Day 38%,R4870,sincere_Sunglow Ring_1-Day 38%
1-Day_Color_Sph,T4871,sincere_Cosmic Latte_1-Day 38%,P4871,sincere_Cosmic Latte_1-Day 38%,Q4871,sincere_Cosmic Latte_1-Day 38%,R4871,sincere_Cosmic Latte_1-Day 38%
1-Day_Color_Sph,T4872,sincere_Copper Ash_1-Day 38%,P4872,sincere_Copper Ash_1-Day 38%,Q4872,sincere_Copper Ash_1-Day 38%,R4872,sincere_Copper Ash_1-Day 38%
1-Day_Color_Sph,T4873,sincere_Cafe Noir_1-Day 38%,P4873,sincere_Cafe Noir_1-Day 38%,Q4873,sincere_Cafe Noir_1-Day 38%,R4873,sincere_Cafe Noir_1-Day 38%
1-Day_Color_Sph,T4874,sincere_Mystic Brown_1-Day 38%,P4874,sincere_Mystic Brown_1-Day 38%,Q4874,sincere_Mystic Brown_1-Day 38%,R4874,sincere_Mystic Brown_1-Day 38%
1-Day_Color_Sph,T4875,sincere_Opal Gray_1-Day 38%,P4875,sincere_Opal Gray_1-Day 38%,Q4875,sincere_Opal Gray_1-Day 38%,R4875,sincere_Opal Gray_1-Day 38%
1-Day_Color_Sph,T4876,(영문)PIA_Dazzle Beige,P4876,(영문)PIA_Dazzle Beige,Q3120,PIA_MS1 Dazzle Beige_2T,R3120,PIA_MS1 Dazzle Beige_2T
1-Day_Color_Sph,T4877,(영문)PIA_Dazzle Gray,P4877,(영문)PIA_Dazzle Gray,Q3121,PIA_MS2 Dazzle Gray_2T,R3121,PIA_MS2 Dazzle Gray_2T
1-Day_Color_Sph,T4878,(영문)PIA_Coral Brown,P4878,(영문)PIA_Coral Brown,Q3122,PIA_MS3 Coral Brown_2T,R3122,PIA_MS3 Coral Brown_2T
1-Day_Color_Sph,T4879,(영문)PIA_Mirror Gray,P4879,(영문)PIA_Mirror Gray,Q3123,PIA_MS4 Mirror Gray_3T,R3123,PIA_MS4 Mirror Gray_3T
1-Day_Color_Sph,T4880,(영문)PIA_Tint Brown,P4880,(영문)PIA_Tint Brown,Q3124,PIA_MS5 Tint Brown_1T,R3124,PIA_MS5 Tint Brown_1T
1-Day_Color_Sph,T4881,(영문)PIA_Sakura Petal,P4881,(영문)PIA_Sakura Petal,Q3125,PIA_MS6 Sakura Petal_2T,R3125,PIA_MS6 Sakura Petal_2T
1-Day_Color_Sph,T4882,PIA_SMOKEY BEIGE_1D_55%,P4882,PIA_SMOKEY BEIGE_1D_55%,Q4882,PIA_SMOKEY BEIGE_1D_55%,R4882,PIA_SMOKEY BEIGE_1D_55%
1-Day_Color_Sph,T4883,PIA_SMOKEY GRAY_1D_55%,P4883,PIA_SMOKEY GRAY_1D_55%,Q4883,PIA_SMOKEY GRAY_1D_55%,R4883,PIA_SMOKEY GRAY_1D_55%
1-Day_Color_Sph,T4884,PIA_RUSTY BEIGE_1D_55%,P4884,PIA_RUSTY BEIGE_1D_55%,Q4884,PIA_RUSTY BEIGE_1D_55%,R4884,PIA_RUSTY BEIGE_1D_55%
1-Day_Color_Sph,T4885,PIA_RUSTY GRAY_1D_55%,P4885,PIA_RUSTY GRAY_1D_55%,Q4885,PIA_RUSTY GRAY_1D_55%,R4885,PIA_RUSTY GRAY_1D_55%
1-Day_Color_Toric,T4886,PIA_Date topaz CP-0.75 Toric_UV,P4886,PIA_Date topaz CP-0.75 Toric_UV,Q4886,PIA_Date topaz CP-0.75 Toric_UV,R4886,PIA_Date topaz CP-0.75 Toric_UV
1-Day_Color_Toric,T4887,PIA_Date topaz CP-1.25 Toric_UV,P4887,PIA_Date topaz CP-1.25 Toric_UV,Q4887,PIA_Date topaz CP-1.25 Toric_UV,R4887,PIA_Date topaz CP-1.25 Toric_UV
1-Day_Color_Toric,T4888,PIA_Brown Fondue CP-0.75 Toric_UV,P4888,PIA_Brown Fondue CP-0.75 Toric_UV,Q4888,PIA_Brown Fondue CP-0.75 Toric_UV,R4888,PIA_Brown Fondue CP-0.75 Toric_UV
1-Day_Color_Toric,T4889,PIA_Brown Fondue CP-1.25 Toric_UV,P4889,PIA_Brown Fondue CP-1.25 Toric_UV,Q4889,PIA_Brown Fondue CP-1.25 Toric_UV,R4889,PIA_Brown Fondue CP-1.25 Toric_UV
FRP_Color_Sph,T4890,Aquarella M_Castanha Brown_원형,P4890,Aquarella M_Castanha Brown_원형,Q4711,(NEW)S38-Dry-14.2,R4711,(NEW)S38-Dry-14.2
FRP_Color_Sph,T4891,Aquarella M_Noronha Blue_원형,P4891,Aquarella M_Noronha Blue_원형,Q4711,(NEW)S38-Dry-14.2,R4711,(NEW)S38-Dry-14.2
FRP_Color_Sph,T4892,Aquarella M_Bahia Green_원형,P4892,Aquarella M_Bahia Green_원형,Q4711,(NEW)S38-Dry-14.2,R4711,(NEW)S38-Dry-14.2
FRP_Color_Sph,T4893,Aquarella M_Samba Green_원형,P4893,Aquarella M_Samba Green_원형,Q4711,(NEW)S38-Dry-14.2,R4711,(NEW)S38-Dry-14.2
FRP_Color_Sph,T4894,Aquarella M_Alegria Gray_원형,P4894,Aquarella M_Alegria Gray_원형,Q4711,(NEW)S38-Dry-14.2,R4711,(NEW)S38-Dry-14.2
1-Day_Color_Toric,T4895,PIA_Strawberry Quartz CP-0.75 Toric_UV,P4895,PIA_Strawberry Quartz CP-0.75 Toric_UV,Q4895,PIA_Strawberry Quartz CP-0.75 Toric_UV,R4895,PIA_Strawberry Quartz CP-0.75 Toric_UV
1-Day_Color_Toric,T4896,PIA_Strawberry Quartz CP-1.25 Toric_UV,P4896,PIA_Strawberry Quartz CP-1.25 Toric_UV,Q4896,PIA_Strawberry Quartz CP-1.25 Toric_UV,R4896,PIA_Strawberry Quartz CP-1.25 Toric_UV
1-Day_Color_Toric,T4897,PIA_Opal CP-0.75 Toric_UV,P4897,PIA_Opal CP-0.75 Toric_UV,Q4897,PIA_Opal CP-0.75 Toric_UV,R4897,PIA_Opal CP-0.75 Toric_UV
1-Day_Color_Toric,T4898,PIA_Opal CP-1.25 Toric_UV,P4898,PIA_Opal CP-1.25 Toric_UV,Q4898,PIA_Opal CP-1.25 Toric_UV,R4898,PIA_Opal CP-1.25 Toric_UV
1-Day_Color_Sph,T4903,Celena D_Basil Grey(5년),P4903,Celena D_Basil Grey(5년),Q1004,S55_투명-DRY,R1004,S55_투명-DRY
1-Day_Color_Sph,T4904,Celena D_Aqua Grey(5년),P4904,Celena D_Aqua Grey(5년),Q1004,S55_투명-DRY,R1004,S55_투명-DRY
1-Day_Color_Sph,T4906,Celena D_Stylish Grey(5년),P4906,Celena D_Stylish Grey(5년),Q1004,S55_투명-DRY,R1004,S55_투명-DRY
1-Day_Color_Sph,T4907,Celena D_Deep Blue(5년),P4907,Celena D_Deep Blue(5년),Q1004,S55_투명-DRY,R1004,S55_투명-DRY
1-Day_Color_Sph,T4908,Celena D_Olive Green(5년),P4908,Celena D_Olive Green(5년),Q1004,S55_투명-DRY,R1004,S55_투명-DRY
1-Day_Color_Sph,T4909,Celena D_Stylish Hazel(5년),P4909,Celena D_Stylish Hazel(5년),Q1004,S55_투명-DRY,R1004,S55_투명-DRY
FRP_Color_Sph,T4921,Freedom380_M_BL Metha_(소),P4921,Freedom380_M_BL Metha_(소),Q4821,Freedom380,R4821,Freedom380
Si_1-Day_Color_Sph,S531,DAVICH D_Mersee Choco_10P,P5001,DAVICH D_Mersee Choco,Q5001,DAVICH D_Mersee Choco,R5001,DAVICH D_Mersee Choco
Si_1-Day_Color_Sph,S541,DAVICH D_Mersee Choco_낱개,P5001,DAVICH D_Mersee Choco,Q5001,DAVICH D_Mersee Choco,R5001,DAVICH D_Mersee Choco
Si_1-Day_Color_Sph,S532,DAVICH D_Mersee Brown_10P,P5002,DAVICH D_Mersee Brown,Q5002,DAVICH D_Mersee Brown,R5002,DAVICH D_Mersee Brown
Si_1-Day_Color_Sph,S542,DAVICH D_Mersee Brown_낱개,P5002,DAVICH D_Mersee Brown,Q5002,DAVICH D_Mersee Brown,R5002,DAVICH D_Mersee Brown
Si_1-Day_Color_Sph,S533,DAVICH D_Skatch Brown_10P,P5003,DAVICH D_Skatch Brown,Q5003,DAVICH D_Skatch Brown,R5003,DAVICH D_Skatch Brown
Si_1-Day_Color_Sph,S543,DAVICH D_Skatch Brown_낱개,P5003,DAVICH D_Skatch Brown,Q5003,DAVICH D_Skatch Brown,R5003,DAVICH D_Skatch Brown
Si_1-Day_Color_Sph,S534,DAVICH D_Skatch Gray_10P,P5004,DAVICH D_Skatch Gray,Q5004,DAVICH D_Skatch Gray,R5004,DAVICH D_Skatch Gray
Si_1-Day_Color_Sph,S544,DAVICH D_Skatch Gray_낱개,P5004,DAVICH D_Skatch Gray,Q5004,DAVICH D_Skatch Gray,R5004,DAVICH D_Skatch Gray
1-Day_Color_Sph,T5006,Sincere D_Khaki Brown_ITFA_UV_38% 14.5,P5006,Sincere D_Khaki Brown_ITFA_UV_38% 14.5,Q5006,Sincere D_Khaki Brown_ITFA_UV_38% 14.5,R5006,Sincere D_Khaki Brown_ITFA_UV_38% 14.5
1-Day_Color_Sph,T5007,Sincere D_Flower Brown_ITFA_UV_38% 14.2,P5007,Sincere D_Flower Brown_ITFA_UV_38% 14.2,Q5007,Sincere D_Flower Brown_ITFA_UV_38% 14.2,R5007,Sincere D_Flower Brown_ITFA_UV_38% 14.2
1-Day_Color_Sph,T5008,Sincere D_Dolly Brown_ITFA_UV_38% 14.5,P5008,Sincere D_Dolly Brown_ITFA_UV_38% 14.5,Q5008,Sincere D_Dolly Brown_ITFA_UV_38% 14.5,R5008,Sincere D_Dolly Brown_ITFA_UV_38% 14.5
1-Day_Color_Sph,T5009,Sincere D_Shiny Brown_ITFA_UV_38% 14.5,P5009,Sincere D_Shiny Brown_ITFA_UV_38% 14.5,Q5009,Sincere D_Shiny Brown_ITFA_UV_38% 14.5,R5009,Sincere D_Shiny Brown_ITFA_UV_38% 14.5
1-Day_Color_Sph,T5010,BELLA D_Jade Green (8년),P5010,BELLA D_Jade Green (8년),Q1004,S55_투명-DRY,R1004,S55_투명-DRY
1-Day_Color_Sph,T5011,BELLA D_Agate Brown (8년),P5011,BELLA D_Agate Brown (8년),Q1004,S55_투명-DRY,R1004,S55_투명-DRY
1-Day_Color_Sph,T5012,Celena D_Vivid Grey (8년),P5012,Celena D_Vivid Grey (8년),Q1004,S55_투명-DRY,R1004,S55_투명-DRY
1-Day_Color_Sph,T5013,Celena D_Wild Green (8년),P5013,Celena D_Wild Green (8년),Q1004,S55_투명-DRY,R1004,S55_투명-DRY
FRP_Color_Sph,T5014,From M_(UV)Chocola Latte_Lilou_38% 중사각,P5014,From M_(UV)Chocola Latte_Lilou_38% 중사각,Q5014,From M_(UV)Chocola Latte_Lilou_38%,R5014,From M_(UV)Chocola Latte_Lilou_38%
FRP_Color_Sph,T5015,From M_(UV)Milky Olive_Lilou_38% 중사각,P5015,From M_(UV)Milky Olive_Lilou_38% 중사각,Q5015,From M_(UV)Milky Olive_Lilou_38%,R5015,From M_(UV)Milky Olive_Lilou_38%
FRP_Color_Sph,T5016,From M_(UV)Latte Milktea_Lilou_38% 중사각,P5016,From M_(UV)Latte Milktea_Lilou_38% 중사각,Q5016,From M_(UV)Latte Milktea_Lilou_38%,R5016,From M_(UV)Latte Milktea_Lilou_38%
FRP_Color_Sph,T5017,From M_(UV)Hot Peach Tea_Lilou_38% 중사각,P5017,From M_(UV)Hot Peach Tea_Lilou_38% 중사각,Q5017,From M_(UV)Hot Peach Tea_Lilou_38%,R5017,From M_(UV)Hot Peach Tea_Lilou_38%
FRP_Color_Sph,T5018,From M_(UV)Ichigo Candy_Lilou_38% 중사각,P5018,From M_(UV)Ichigo Candy_Lilou_38% 중사각,Q5018,From M_(UV)Ichigo Candy_Lilou_38%,R5018,From M_(UV)Ichigo Candy_Lilou_38%
FRP_Color_Sph,T5019,From M_(UV)Blue Rose Soda_Lilou_38% 중사각,P5019,From M_(UV)Blue Rose Soda_Lilou_38% 중사각,Q5019,From M_(UV)Blue Rose Soda_Lilou_38%,R5019,From M_(UV)Blue Rose Soda_Lilou_38%
FRP_Color_Sph,S521,Hapa M_Mellow Kristin_Brown_2P,P5021,Hapa M_Mellow Kristin_Brown,Q4714,(NEW)S43-HD-Dry-14.2,R4714,(NEW)S43-HD-Dry-14.2
Si_1-Day_Color_Toric,S522,Clalen O2O2 D Toric_Sepia Choco EX_30P,P5022,O2O2 D Toric_Sepia Choco EX,Q5022,O2O2 D Toric_Sepia Choco EX,R5022,O2O2 D Toric_Sepia Choco EX
Si_1-Day_Color_Toric,S523,Clalen O2O2 D Toric_Sepia Choco EX_낱개(2P),P5022,O2O2 D Toric_Sepia Choco EX,Q5022,O2O2 D Toric_Sepia Choco EX,R5022,O2O2 D Toric_Sepia Choco EX
Si_1-Day_Color_Toric,S526,Clalen O2O2 D Toric_Sepia Choco EX_5P,P5022,O2O2 D Toric_Sepia Choco EX,Q5022,O2O2 D Toric_Sepia Choco EX,R5022,O2O2 D Toric_Sepia Choco EX
Si_1-Day_Color_Toric,S661,Clalen O2O2 D Toric_Sepia Choco EX_낱개(4P),P5022,O2O2 D Toric_Sepia Choco EX,Q5022,O2O2 D Toric_Sepia Choco EX,R5022,O2O2 D Toric_Sepia Choco EX
Si_1-Day_Color_Toric,S524,Clalen O2O2 D Toric_Ash Brown EX_30P,P5024,O2O2 D Toric_Ash Brown EX,Q5024,O2O2 D Toric_Ash Brown EX,R5024,O2O2 D Toric_Ash Brown EX
Si_1-Day_Color_Toric,S525,Clalen O2O2 D Toric_Ash Brown EX_낱개(2P),P5024,O2O2 D Toric_Ash Brown EX,Q5024,O2O2 D Toric_Ash Brown EX,R5024,O2O2 D Toric_Ash Brown EX
Si_1-Day_Color_Toric,S662,Clalen O2O2 D Toric_Ash Brown EX_낱개(4P),P5024,O2O2 D Toric_Ash Brown EX,Q5024,O2O2 D Toric_Ash Brown EX,R5024,O2O2 D Toric_Ash Brown EX
1-Day_Color_Sph,S502,Hapa D_Glazed Kristin_Choco_10P,P5030,(NEW)Hapa D_Glazed Kristin_Choco,Q5020,Hapa D_Glazed Kristin_Choco,R5020,Hapa D_Glazed Kristin_Choco
1-Day_Color_Sph,S552,Hapa D_Glazed Kristin_Choco_2p,P5030,(NEW)Hapa D_Glazed Kristin_Choco,Q5020,Hapa D_Glazed Kristin_Choco,R5020,Hapa D_Glazed Kristin_Choco
1-Day_Color_Sph,T5041,Rose_D_Jade_55%(외주용),P5041,Rose_D_Jade_55%(외주용),Q1004,S55_투명-DRY,R1004,S55_투명-DRY
1-Day_Color_Sph,T5042,Rose_D_Ash_55%(외주용),P5042,Rose_D_Ash_55%(외주용),Q1004,S55_투명-DRY,R1004,S55_투명-DRY
1-Day_Color_Sph,T5043,Rose_D_Indigo_55%(외주용),P5043,Rose_D_Indigo_55%(외주용),Q1004,S55_투명-DRY,R1004,S55_투명-DRY
1-Day_Color_Sph,T5044,Rose_D_Ruby_55%(외주용),P5044,Rose_D_Ruby_55%(외주용),Q1004,S55_투명-DRY,R1004,S55_투명-DRY
1-Day_Color_Sph,T5045,Rose_D_Mint_55%(외주용),P5045,Rose_D_Mint_55%(외주용),Q1004,S55_투명-DRY,R1004,S55_투명-DRY
1-Day_Color_Sph,T5046,Rose_D_Pecan_55%(외주용),P5046,Rose_D_Pecan_55%(외주용),Q1004,S55_투명-DRY,R1004,S55_투명-DRY
1-Day_Color_Sph,T5048,PIA D_Dollish Brown_55% UV,P5048,PIA D_Dollish Brown_55% UV,Q5048,PIA D_Dollish Brown_55% UV,R5048,PIA D_Dollish Brown_55% UV
1-Day_Color_Sph,T5049,PIA D_Dollish Gray_55% UV,P5049,PIA D_Dollish Gray_55% UV,Q5049,PIA D_Dollish Gray_55% UV,R5049,PIA D_Dollish Gray_55% UV
1-Day_Color_Sph,T5050,PIA D_Bubble Blue_55% UV,P5050,PIA D_Bubble Blue_55% UV,Q5050,PIA D_Bubble Blue_55% UV,R5050,PIA D_Bubble Blue_55% UV
FRP_Color_Sph,T5051,Sincere M_Neutral Brown_ITFAM_UV_38% 14.2 중사각,P5051,Sincere M_Neutral Brown_ITFAM_UV_38% 14.2 중사각,Q5051,Sincere M_Neutral Brown_ITFAM_UV_38% 14.2,R5051,Sincere M_Neutral Brown_ITFAM_UV_38% 14.2
FRP_Color_Sph,T5052,Sincere M_Little Brown_ITFAM_UV_38% 14.2 중사각,P5052,Sincere M_Little Brown_ITFAM_UV_38% 14.2 중사각,Q5052,Sincere M_Little Brown_ITFAM_38% UV,R5052,Sincere M_Little Brown_ITFAM_38% UV
FRP_Color_Sph,T5053,Sincere M_Air Beige_ITFAM_UV_38% 14.2 중사각,P5053,Sincere M_Air Beige_ITFAM_UV_38% 14.2 중사각,Q5053,Sincere M_Air Beige_ITFAM_38% UV,R5053,Sincere M_Air Beige_ITFAM_38% UV
FRP_Color_Sph,T5054,Sincere M_Highlighter_FAPM_UV_38% 14.2 중사각,P5054,Sincere M_Highlighter_FAPM_UV_38% 14.2 중사각,Q5054,Sincere M_Highlighter_FAPM_UV_38% 14.2,R5054,Sincere M_Highlighter_FAPM_UV_38% 14.2
FRP_Color_Sph,T5055,Sincere M_Lavender Nude_FAPM_UV_38% 14.2 중사각,P5055,Sincere M_Lavender Nude_FAPM_UV_38% 14.2 중사각,Q5055,Sincere M_Lavender Nude_FAPM_UV_38% 14.2,R5055,Sincere M_Lavender Nude_FAPM_UV_38% 14.2
1-Day_Color_Toric,T5056,PIA D Toric_Almond Brown_UV,P5056,PIA D Toric_Almond Brown_UV,Q5056,PIA D Toric_Almond Brown_UV,R5056,PIA D Toric_Almond Brown_UV
1-Day_Color_Toric,T5057,PIA D Toric_Cinnamon Brown_UV,P5057,PIA D Toric_Cinnamon Brown_UV,Q5057,PIA D Toric_Cinnamon Brown_UV,R5057,PIA D Toric_Cinnamon Brown_UV
1-Day_Color_Sph,T5058,(영문)PIA D_Dollish Brown_55% UV,P5058,(영문)PIA D_Dollish Brown_55% UV,Q5048,PIA D_Dollish Brown_55% UV,R5048,PIA D_Dollish Brown_55% UV
1-Day_Color_Sph,T5059,(영문)PIA D_Dollish Gray_55% UV,P5059,(영문)PIA D_Dollish Gray_55% UV,Q5049,PIA D_Dollish Gray_55% UV,R5049,PIA D_Dollish Gray_55% UV
1-Day_Color_Sph,T5060,(영문)PIA D_Bubble Blue_55% UV,P5060,(영문)PIA D_Bubble Blue_55% UV,Q5050,PIA D_Bubble Blue_55% UV,R5050,PIA D_Bubble Blue_55% UV
1-Day_Color_Sph,T5061,PIA D_Lassie Neo_55% UV,P5061,PIA D_Lassie Neo_55% UV,Q5061,PIA D_Lassie Neo_55% UV,R5061,PIA D_Lassie Neo_55% UV
1-Day_Color_Sph,T5062,PIA D_Fruit Punch Neo_55% UV,P5062,PIA D_Fruit Punch Neo_55% UV,Q5062,PIA D_Fruit Punch Neo_55% UV,R5062,PIA D_Fruit Punch Neo_55% UV
1-Day_Color_Sph,T5063,PIA D_Suede Beige_55% UV,P5063,PIA D_Suede Beige_55% UV,Q5063,PIA D_Suede Beige_55% UV,R5063,PIA D_Suede Beige_55% UV
1-Day_Color_Sph,T5064,PIA D_Bob Gray_55% UV,P5064,PIA D_Bob Gray_55% UV,Q5064,PIA D_Bob Gray_55% UV,R5064,PIA D_Bob Gray_55% UV
1-Day_Color_Sph,T5065,LEMONADE D_Float_Self Love_55%,P5065,LEMONADE D_Float_Self Love_55%,Q5065,LEMONADE D_Float_Self Love_55%,R5065,LEMONADE D_Float_Self Love_55%
1-Day_Color_Sph,T5101,JEWEL MOON D_Sunstone Moon_55%,P5101,JEWEL MOON D_Sunstone Moon_55%,Q5101,JEWEL MOON D_Sunstone Moon_55%,R5101,JEWEL MOON D_Sunstone Moon_55%
1-Day_Color_Sph,T5102,JEWEL MOON D_Sapphire Moon_55%,P5102,JEWEL MOON D_Sapphire Moon_55%,Q5102,JEWEL MOON D_Sapphire Moon_55%,R5102,JEWEL MOON D_Sapphire Moon_55%
1-Day_Color_Sph,T5103,JEWEL MOON D_Amber Moon_55%,P5103,JEWEL MOON D_Amber Moon_55%,Q5103,JEWEL MOON D_Amber Moon_55%,R5103,JEWEL MOON D_Amber Moon_55%
1-Day_Color_Sph,T5104,JEWEL MOON D_Topaz Moon_55%,P5104,JEWEL MOON D_Topaz Moon_55%,Q5104,JEWEL MOON D_Topaz Moon_55%,R5104,JEWEL MOON D_Topaz Moon_55%
1-Day_Color_Sph,T5105,JEWEL MOON D_Pearl Moon_55%,P5105,JEWEL MOON D_Pearl Moon_55%,Q5105,JEWEL MOON D_Pearl Moon_55%,R5105,JEWEL MOON D_Pearl Moon_55%
1-Day_Color_Sph,T5106,JEWEL MOON D_Emerald Moon_55%,P5106,JEWEL MOON D_Emerald Moon_55%,Q5106,JEWEL MOON D_Emerald Moon_55%,R5106,JEWEL MOON D_Emerald Moon_55%
1-Day_Color_Sph,T5107,PIA D_Sakura Smore_55% UV,P5107,PIA D_Sakura Smore_55% UV,Q5107,PIA D_Sakura Smore_55% UV,R5107,PIA D_Sakura Smore_55% UV
1-Day_Color_Sph,T5108,PIA D_Melty Mist_55% UV,P5108,PIA D_Melty Mist_55% UV,Q5108,PIA D_Melty Mist_55% UV,R5108,PIA D_Melty Mist_55% UV
FRP_Color_Sph,T5109,Sakura Smore_PIA_M_중사각,P5109,Sakura Smore_PIA_M_중사각,Q5109,Sakura Smore_PIA_M,R5109,Sakura Smore_PIA_M
FRP_Color_Sph,T5110,Dark Peony_PIA_M_중사각,P5110,Dark Peony_PIA_M_중사각,Q5110,Dark Peony_PIA_M,R5110,Dark Peony_PIA_M
1-Day_Color_Sph,T5113,MOODY D_Nanodat_U-buding_55%_6P(미사용),P5113,MOODY D_Nanodat_U-buding_55%_6P(미사용),Q5113,MOODY D_Nanodat_U-buding_55%(미사용),R5113,MOODY D_Nanodat_U-buding_55%(미사용)
1-Day_Color_Sph,T5114,MOODY D_Nanodat_P-tang_55%_6P(미사용),P5114,MOODY D_Nanodat_P-tang_55%_6P(미사용),Q5114,MOODY D_Nanodat_P-tang_55%(미사용),R5114,MOODY D_Nanodat_P-tang_55%(미사용)
FRP_Color_Sph,T5120,MOODY 6M_Nanodat_U-suda_38%_낱개,P5120,MOODY 6M_Nanodat_U-suda_38%,Q1009,S38-Dry-14.2,R1009,S38-Dry-14.2
FRP_Color_Sph,T5121,MOODY 6M_Nanodat_G-tangyuan_38%_낱개,P5121,MOODY 6M_Nanodat_G-tangyuan_38%,Q1009,S38-Dry-14.2,R1009,S38-Dry-14.2
FRP_Color_Sph,T5122,MOODY 6M_Nanodat_P-xigua_38%_낱개,P5122,MOODY 6M_Nanodat_P-xigua_38%,Q1009,S38-Dry-14.2,R1009,S38-Dry-14.2
FRP_Color_Sph,T5123,MOODY 6M_Nanodat_B-shutiao_38%_낱개,P5123,MOODY 6M_Nanodat_B-shutiao_38%,Q1009,S38-Dry-14.2,R1009,S38-Dry-14.2
Si_FRP_Color_Sph,S519,Gemhour SiHy M_Glow Brown_THEIA_2p,P5124,Gemhour SiHy M_Glow Brown_THEIA,Q5124,Gemhour SiHy M_Glow Brown_THEIA,R5124,Gemhour SiHy M_Glow Brown_THEIA
Si_FRP_Color_Sph,S520,Gemhour SiHy M_Glow Black_THEIA_2p,P5125,Gemhour SiHy M_Glow Black_THEIA,Q5125,Gemhour SiHy M_Glow Black_THEIA,R5125,Gemhour SiHy M_Glow Black_THEIA
Si_1-Day_Sph,T3304,O2O2 D_UV Spherical_해외공용리드지,P5147,O2O2 D_Spherical(DK70)_K-type_White,Q5147,O2O2 Spherical(DK70)_K-type,R5147,O2O2 Spherical(DK70)_K-type
Si_1-Day_Sph,T3305,O2O2 D_UV Spherical_Ophtalmic 리드지_30개,P5147,O2O2 D_Spherical(DK70)_K-type_White,Q5147,O2O2 Spherical(DK70)_K-type,R5147,O2O2 Spherical(DK70)_K-type
Si_1-Day_Sph,T3306,O2O2 D_UV Spherical_MPG&E 리드지,P5147,O2O2 D_Spherical(DK70)_K-type_White,Q5147,O2O2 Spherical(DK70)_K-type,R5147,O2O2 Spherical(DK70)_K-type
Si_1-Day_Sph,T5300,O2O2 D_Spherical(DK70)_K-type_White,P5147,O2O2 D_Spherical(DK70)_K-type_White,Q5147,O2O2 Spherical(DK70)_K-type,R5147,O2O2 Spherical(DK70)_K-type
Si_FRP_Sph,T5301,O2O2 M_Spherical(DK70)_K-type_(소),P5148,O2O2 M_Spherical(DK70)_K-type_(소),Q5147,O2O2 Spherical(DK70)_K-type,R5147,O2O2 Spherical(DK70)_K-type
Si_FRP_Sph,T5302,O2O2 M_Spherical(DK70)_K-type_(중),P5149,O2O2 M_Spherical(DK70)_K-type_(중),Q5147,O2O2 Spherical(DK70)_K-type,R5147,O2O2 Spherical(DK70)_K-type
1-Day_Sph,S517,Clalen oneday A(O2 Edition)_10P,P5170,Clalen oneday A(O2 Edition),Q5170,Clalen oneday A,R5170,Clalen oneday A
1-Day_Sph,S518,Clalen oneday A(O2 Edition)_30P,P5170,Clalen oneday A(O2 Edition),Q5170,Clalen oneday A,R5170,Clalen oneday A
1-Day_Color_Sph,T5207,COFANCY D_Ice Purple_Highlight Pro,P5207,COFANCY D_Ice Purple_Highlight Pro,Q5342,COFANCY D_Ice Purple_Highlight Pro,R5342,COFANCY D_Ice Purple_Highlight Pro
1-Day_Color_Sph,T5208,COFANCY D_Ice Oolong_Highlight Pro,P5208,COFANCY D_Ice Oolong_Highlight Pro,Q5343,COFANCY D_Ice Oolong_Highlight Pro,R5343,COFANCY D_Ice Oolong_Highlight Pro
1-Day_Color_Sph,T5209,MOODY D_L-bale_Nanodots_55%_20P,P5209,MOODY D_L-bale_Nanodots_55%_20P,Q5235,MOODY D_L-bale_Nanodots_55%,R5235,MOODY D_L-bale_Nanodots_55%
1-Day_Color_Sph,T5210,MOODY D_B-coco_Nanodots_55%_20P,P5210,MOODY D_B-coco_Nanodots_55%_20P,Q5236,MOODY D_B-coco_Nanodots_55%,R5236,MOODY D_B-coco_Nanodots_55%
1-Day_Color_Sph,T5211,MOODY D_Nanodat_(NEW)R-shumei_55%_6P,P5211,MOODY D_Nanodat_(NEW)R-shumei_55%_6P,Q5211,MOODY D_Nanodat_(NEW)R-shumei_55%,R5211,MOODY D_Nanodat_(NEW)R-shumei_55%
1-Day_Color_Sph,T5212,MOODY D_Nanodat_(NEW)G-zhima_55%_6P,P5212,MOODY D_Nanodat_(NEW)G-zhima_55%_6P,Q5212,MOODY D_Nanodat_(NEW)G-zhima_55%,R5212,MOODY D_Nanodat_(NEW)G-zhima_55%
1-Day_Color_Sph,T5213,MOODY D_Nanodat_(NEW)U-buding_55%_6P,P5213,MOODY D_Nanodat_(NEW)U-buding_55%_6P,Q5213,MOODY D_Nanodat_(NEW)U-buding_55%,R5213,MOODY D_Nanodat_(NEW)U-buding_55%
1-Day_Color_Sph,T5214,MOODY D_Nanodat_(NEW)P-tang_55%_6P,P5214,MOODY D_Nanodat_(NEW)P-tang_55%_6P,Q5214,MOODY D_Nanodat_(NEW)P-tang_55%,R5214,MOODY D_Nanodat_(NEW)P-tang_55%
1-Day_Color_Sph,T5215,MOODY D_Nanodat_(NEW)B-beiguo_55%_6P,P5215,MOODY D_Nanodat_(NEW)B-beiguo_55%_6P,Q5215,MOODY D_Nanodat_(NEW)B-beiguo_55%,R5215,MOODY D_Nanodat_(NEW)B-beiguo_55%
1-Day_Color_Sph,T5216,MOODY D_Nanodat_(NEW)B-beiguo_55%_20P,P5216,MOODY D_Nanodat_(NEW)B-beiguo_55%_20P,Q5215,MOODY D_Nanodat_(NEW)B-beiguo_55%,R5215,MOODY D_Nanodat_(NEW)B-beiguo_55%
1-Day_Color_Sph,T5217,MOODY D_Nanodat_(NEW)O-heika_55%_6P,P5217,MOODY D_Nanodat_(NEW)O-heika_55%_6P,Q5217,MOODY D_Nanodat_(NEW)O-heika_55%,R5217,MOODY D_Nanodat_(NEW)O-heika_55%
1-Day_Color_Sph,T5218,MOODY D_Nanodat_(NEW)O-heika_55%_20P,P5218,MOODY D_Nanodat_(NEW)O-heika_55%_20P,Q5217,MOODY D_Nanodat_(NEW)O-heika_55%,R5217,MOODY D_Nanodat_(NEW)O-heika_55%
1-Day_Color_Sph,T5219,PIA D_Glow Brown_38% UV,P5219,PIA D_Glow Brown_38% UV,Q5219,PIA D_Glow Brown_38% UV,R5219,PIA D_Glow Brown_38% UV
1-Day_Color_Sph,T5220,PIA D_Cream Rose_38% UV,P5220,PIA D_Cream Rose_38% UV,Q5220,PIA D_Cream Rose_38% UV,R5220,PIA D_Cream Rose_38% UV
FRP_Color_Sph,T5221,Clalen 1M_Planet_Gray Moon,P5221,Clalen 1M_Planet_Gray Moon,Q4714,(NEW)S43-HD-Dry-14.2,R4714,(NEW)S43-HD-Dry-14.2
FRP_Color_Sph,T5222,Clalen 1M_Planet_Venus Brown,P5222,Clalen 1M_Planet_Venus Brown,Q4714,(NEW)S43-HD-Dry-14.2,R4714,(NEW)S43-HD-Dry-14.2
FRP_Color_Sph,T5223,Clalen 1M_Planet_Mercury Blue,P5223,Clalen 1M_Planet_Mercury Blue,Q4714,(NEW)S43-HD-Dry-14.2,R4714,(NEW)S43-HD-Dry-14.2
FRP_Color_Sph,T5224,Clalen 6M_Flower_Star Rose,P5224,Clalen 6M_Flower_Star Rose,Q4711,(NEW)S38-Dry-14.2,R4711,(NEW)S38-Dry-14.2
FRP_Color_Sph,T5225,Clalen 6M_Flower_Water Gray,P5225,Clalen 6M_Flower_Water Gray,Q4711,(NEW)S38-Dry-14.2,R4711,(NEW)S38-Dry-14.2
FRP_Color_Sph,T5226,Clalen 6M_Flower_Peach Brown,P5226,Clalen 6M_Flower_Peach Brown,Q4711,(NEW)S38-Dry-14.2,R4711,(NEW)S38-Dry-14.2
1-Day_Color_Sph,T5227,(CA)PIA D_Dark Peony_55% UV,P5227,(CA)PIA D_Dark Peony_55% UV,Q5289,PIA D_Dark Peony_55% UV,R5289,PIA D_Dark Peony_55% UV
1-Day_Color_Sph,T5228,PIA D_UruUru Espresso_38% UV,P5228,PIA D_UruUru Espresso_38% UV,Q5228,PIA D_UruUru Espresso_38% UV,R5228,PIA D_UruUru Espresso_38% UV
1-Day_Color_Sph,T5229,PIA D_Churun Gomafrappe_38% UV,P5229,PIA D_Churun Gomafrappe_38% UV,Q5229,PIA D_Churun Gomafrappe_38% UV,R5229,PIA D_Churun Gomafrappe_38% UV
1-Day_Color_Sph,T5230,PIA D_Brown Bunny_55% UV,P5230,PIA D_Brown Bunny_55% UV,Q5230,PIA D_Brown Bunny_55% UV,R5230,PIA D_Brown Bunny_55% UV
1-Day_Color_Sph,T5231,MOODY D_Nanodat_(NEW)R-shumei_55%_20P,P5231,MOODY D_Nanodat_(NEW)R-shumei_55%_20P,Q5211,MOODY D_Nanodat_(NEW)R-shumei_55%,R5211,MOODY D_Nanodat_(NEW)R-shumei_55%
1-Day_Color_Sph,T5232,MOODY D_Nanodat_(NEW)G-zhima_55%_20P,P5232,MOODY D_Nanodat_(NEW)G-zhima_55%_20P,Q5212,MOODY D_Nanodat_(NEW)G-zhima_55%,R5212,MOODY D_Nanodat_(NEW)G-zhima_55%
1-Day_Color_Sph,T5233,MOODY D_Nanodat_(NEW)U-buding_55%_20P,P5233,MOODY D_Nanodat_(NEW)U-buding_55%_20P,Q5213,MOODY D_Nanodat_(NEW)U-buding_55%,R5213,MOODY D_Nanodat_(NEW)U-buding_55%
1-Day_Color_Sph,T5234,MOODY D_Nanodat_(NEW)P-tang_55%_20P,P5234,MOODY D_Nanodat_(NEW)P-tang_55%_20P,Q5214,MOODY D_Nanodat_(NEW)P-tang_55%,R5214,MOODY D_Nanodat_(NEW)P-tang_55%
1-Day_Color_Sph,T5235,MOODY D_L-bale_Nanodots_55%_6P,P5235,MOODY D_L-bale_Nanodots_55%_6P,Q5235,MOODY D_L-bale_Nanodots_55%,R5235,MOODY D_L-bale_Nanodots_55%
1-Day_Color_Sph,T5236,MOODY D_B-coco_Nanodots_55%_6P,P5236,MOODY D_B-coco_Nanodots_55%_6P,Q5236,MOODY D_B-coco_Nanodots_55%,R5236,MOODY D_B-coco_Nanodots_55%
FRP_Color_Sph,T5237,MOODY 6M_Z-zisu_Nanodots_38%_낱개,P5237,MOODY 6M_Z-zisu_Nanodots_38%,Q1009,S38-Dry-14.2,R1009,S38-Dry-14.2
FRP_Color_Sph,T5238,MOODY 6M_R-shumei_Nanodat_38%_낱개,P5238,MOODY 6M_R-shumei_Nanodat_38%,Q1009,S38-Dry-14.2,R1009,S38-Dry-14.2
1-Day_Color_Sph,T5239,MOODY D_G-tangyuan_Nanodots_55%_6P,P5239,MOODY D_G-tangyuan_Nanodots_55%_6P,Q5239,MOODY D_G-tangyuan_Nanodots_55%,R5239,MOODY D_G-tangyuan_Nanodots_55%
1-Day_Sph,T5240,Metha D_Methafilcon A_55(공용리드지),P5240,Metha D_Methafilcon A_55(공용리드지),Q0002,1-Day_Metha,R0002,1-Day_Metha
FRP_Color_Sph,T5241,Polaris-C_은캡,P5241,Polaris-C_은캡,Q1001,S38_투명-Dry,R1001,S38_투명-Dry
FRP_Color_Sph,T5242,Affogato_PIA_M_중사각,P5242,Affogato_PIA_M_중사각,Q5242,Affogato_PIA_M,R5242,Affogato_PIA_M
FRP_Color_Sph,T5243,Coffee Jelly_PIA_M_중사각,P5243,Coffee Jelly_PIA_M_중사각,Q5243,Coffee Jelly_PIA_M,R5243,Coffee Jelly_PIA_M
FRP_Color_Sph,T5244,Strawberry Quartz_PIA_M_중사각,P5244,Strawberry Quartz_PIA_M_중사각,Q5244,Strawberry Quartz_PIA_M,R5244,Strawberry Quartz_PIA_M
FRP_Color_Sph,T5245,Garnet_PIA_M_중사각,P5245,Garnet_PIA_M_중사각,Q5245,Garnet_PIA_M,R5245,Garnet_PIA_M
FRP_Color_Sph,T5246,Date Topaz_PIA_M_중사각,P5246,Date Topaz_PIA_M_중사각,Q5246,Date Topaz_PIA_M,R5246,Date Topaz_PIA_M
1-Day_Color_Sph,T5247,PIA D_Dorayaki_55% UV,P5247,PIA D_Dorayaki_55% UV,Q5247,PIA D_Dorayaki_55% UV,R5247,PIA D_Dorayaki_55% UV
1-Day_Color_Sph,T5248,PIA D_Tempura_55% UV,P5248,PIA D_Tempura_55% UV,Q5248,PIA D_Tempura_55% UV,R5248,PIA D_Tempura_55% UV
1-Day_Color_Sph,S555,Gemhour D_Brown_THETIS_10P,P5249,Gemhour D_Brown_THETIS,Q5249,Gemhour D_Brown_THETIS,R5249,Gemhour D_Brown_THETIS
1-Day_Color_Sph,S556,Gemhour D_Rosy Brown_THETIS_10P,P5250,Gemhour D_Rosy Brown_THETIS,Q5250,Gemhour D_Rosy Brown_THETIS,R5250,Gemhour D_Rosy Brown_THETIS
1-Day_Color_Sph,S557,Gemhour D_Gray_THETIS_10P,P5251,Gemhour D_Gray_THETIS,Q5251,Gemhour D_Gray_THETIS,R5251,Gemhour D_Gray_THETIS
1-Day_Sph,T5252,Metha D_FML_55%,P5252,Metha D_FML_55%,Q0002,1-Day_Metha,R0002,1-Day_Metha
1-Day_Color_Sph,T5253,Moody D_B-popcorn_Nanodots Wicked Games_55%_6P,P5253,Moody D_B-popcorn_Nanodots Wicked Games_55%_6P,Q5253,Moody D_B-popcorn_Nanodots Wicked Games_55%,R5253,Moody D_B-popcorn_Nanodots Wicked Games_55%
1-Day_Color_Sph,T5254,Moody D_B-dasha_Nanodots Wicked Games_55%_6P,P5254,Moody D_B-dasha_Nanodots Wicked Games_55%_6P,Q5254,Moody D_B-dasha_Nanodots Wicked Games_55%,R5254,Moody D_B-dasha_Nanodots Wicked Games_55%
1-Day_Color_Sph,T5255,Moody D_P-xiangwo_Nanodots Wicked Games_55%_6P,P5255,Moody D_P-xiangwo_Nanodots Wicked Games_55%_6P,Q5255,Moody D_P-xiangwo_Nanodots Wicked Games_55%,R5255,Moody D_P-xiangwo_Nanodots Wicked Games_55%
1-Day_Color_Sph,T5256,Moody D_G-xingxing_Nanodots Wicked Games_55%_6P,P5256,Moody D_G-xingxing_Nanodots Wicked Games_55%_6P,Q5256,Moody D_G-xingxing_Nanodots Wicked Games_55%,R5256,Moody D_G-xingxing_Nanodots Wicked Games_55%
1-Day_Color_Sph,T5257,Moody D_R-pingguo_Nanodots Wicked Games_55%_6P,P5257,Moody D_R-pingguo_Nanodots Wicked Games_55%_6P,Q5257,Moody D_R-pingguo_Nanodots Wicked Games_55%,R5257,Moody D_R-pingguo_Nanodots Wicked Games_55%
1-Day_Color_Sph,T5258,Moody D_U-qiqiu_Nanodots Wicked Games_55%_6P,P5258,Moody D_U-qiqiu_Nanodots Wicked Games_55%_6P,Q5258,Moody D_U-qiqiu_Nanodots Wicked Games_55%,R5258,Moody D_U-qiqiu_Nanodots Wicked Games_55%
1-Day_Color_Sph,S529,Hapa D_Bam Brown_10p,P5259,Hapa D_Bam Brown_Dear Deer,Q5259,Hapa D_Bam Brown_Dear Deer,R5259,Hapa D_Bam Brown_Dear Deer
1-Day_Color_Sph,S530,Hapa D_Bam Brown_2p,P5259,Hapa D_Bam Brown_Dear Deer,Q5259,Hapa D_Bam Brown_Dear Deer,R5259,Hapa D_Bam Brown_Dear Deer
1-Day_Color_Sph,S560,Gemhour D_Liz Brown_Keira_10p,P5260,Gemhour D_Liz Brown_Keira,Q5260,Gemhour D_Liz Brown_Keira,R5260,Gemhour D_Liz Brown_Keira
1-Day_Color_Sph,S561,Gemhour D_Lia Choco_Keira_10p,P5261,Gemhour D_Lia Choco_Keira,Q5261,Gemhour D_Lia Choco_Keira,R5261,Gemhour D_Lia Choco_Keira
1-Day_Color_Sph,S562,Gemhour D_Greta Black_Keira_10P,P5262,Gemhour D_Greta Black_Keira,Q5262,Gemhour D_Greta Black_Keira,R5262,Gemhour D_Greta Black_Keira
1-Day_Color_Sph,T5263,"Moody D_B-popcorn_Wicked Games_55%_2,20P",P5263,"Moody D_B-popcorn_Wicked Games_55%_2,20P",Q5253,Moody D_B-popcorn_Nanodots Wicked Games_55%,R5253,Moody D_B-popcorn_Nanodots Wicked Games_55%
1-Day_Color_Sph,T5264,"Moody D_B-dasha_Nanodots Wicked Games_55%_2,20P",P5264,"Moody D_B-dasha_Nanodots Wicked Games_55%_2,20P",Q5254,Moody D_B-dasha_Nanodots Wicked Games_55%,R5254,Moody D_B-dasha_Nanodots Wicked Games_55%
1-Day_Color_Sph,T5265,"Moody D_P-xiangwo_Wicked Games_55%_2,20P",P5265,"Moody D_P-xiangwo_Wicked Games_55%_2,20P",Q5255,Moody D_P-xiangwo_Nanodots Wicked Games_55%,R5255,Moody D_P-xiangwo_Nanodots Wicked Games_55%
1-Day_Color_Sph,T5266,"Moody D_G-xingxing_Wicked Games_55%_2,20P",P5266,"Moody D_G-xingxing_Wicked Games_55%_2,20P",Q5256,Moody D_G-xingxing_Nanodots Wicked Games_55%,R5256,Moody D_G-xingxing_Nanodots Wicked Games_55%
1-Day_Color_Sph,T5267,"Moody D_R-pingguo_Wicked Games_55%_2,20P",P5267,"Moody D_R-pingguo_Wicked Games_55%_2,20P",Q5257,Moody D_R-pingguo_Nanodots Wicked Games_55%,R5257,Moody D_R-pingguo_Nanodots Wicked Games_55%
1-Day_Color_Sph,T5268,"Moody D_U-qiqiu_Wicked Games_55%_2,20P",P5268,"Moody D_U-qiqiu_Wicked Games_55%_2,20P",Q5258,Moody D_U-qiqiu_Nanodots Wicked Games_55%,R5258,Moody D_U-qiqiu_Nanodots Wicked Games_55%
1-Day_Color_Sph,T5269,PIA D_Moon Brown_55% UV,P5269,PIA D_Moon Brown_55% UV,Q5269,PIA D_Moon Brown_55% UV,R5269,PIA D_Moon Brown_55% UV
1-Day_Color_Sph,T5270,PIA D_Sepia Mood_55% UV,P5270,PIA D_Sepia Mood_55% UV,Q5270,PIA D_Sepia Mood_55% UV,R5270,PIA D_Sepia Mood_55% UV
1-Day_Color_Sph,T5271,PIA D_Classic Brown_55% UV,P5271,PIA D_Classic Brown_55% UV,Q5271,PIA D_Classic Brown_55% UV,R5271,PIA D_Classic Brown_55% UV
1-Day_Color_Sph,T5272,PIA D_Lady Mauve_55% UV,P5272,PIA D_Lady Mauve_55% UV,Q5272,PIA D_Lady Mauve_55% UV,R5272,PIA D_Lady Mauve_55% UV
FRP_Color_Sph,T5273,MOODY 6M_P-taozi_Nanodots_38%_낱개,P5273,MOODY 6M_P-taozi_Nanodots_38%,Q1009,S38-Dry-14.2,R1009,S38-Dry-14.2
FRP_Color_Sph,T5274,MOODY 6M_B-yanmai_Nanodots_38%_낱개,P5274,MOODY 6M_B-yanmai_Nanodots_38%,Q1009,S38-Dry-14.2,R1009,S38-Dry-14.2
FRP_Color_Sph,T5275,MOODY 6M_U-lanmei_Nanodots_38%_낱개,P5275,MOODY 6M_U-lanmei_Nanodots_38%,Q1009,S38-Dry-14.2,R1009,S38-Dry-14.2
1-Day_Color_Toric,T5277,ANW D Toric_T1-A OvE_CP-0.75_UV,P5277,ANW D Toric_T1-A OvE_CP-0.75_UV,Q5277,ANW D Toric_T1-A OvE_CP-0.75_UV,R5277,ANW D Toric_T1-A OvE_CP-0.75_UV
1-Day_Color_Toric,T5278,ANW D Toric_T1-B OvE_CP-1.25_UV,P5278,ANW D Toric_T1-B OvE_CP-1.25_UV,Q5278,ANW D Toric_T1-B OvE_CP-1.25_UV,R5278,ANW D Toric_T1-B OvE_CP-1.25_UV
1-Day_Color_Sph,T5279,PIA D_Affogato_55% UV,P5279,PIA D_Affogato_55% UV,Q5279,PIA D_Affogato_55% UV,R5279,PIA D_Affogato_55% UV
1-Day_Color_Sph,T5280,PIA D_Coffee Jelly_55% UV,P5280,PIA D_Coffee Jelly_55% UV,Q5280,PIA D_Coffee Jelly_55% UV,R5280,PIA D_Coffee Jelly_55% UV
1-Day_Color_Sph,T5281,PIA D_MELON PAN_55% UV,P5281,PIA D_MELON PAN_55% UV,Q5281,PIA D_MELON PAN_55% UV,R5281,PIA D_MELON PAN_55% UV
1-Day_Color_Sph,T5282,PIA D_ZUNDA MOCHI_55% UV,P5282,PIA D_ZUNDA MOCHI_55% UV,Q5282,PIA D_ZUNDA MOCHI_55% UV,R5282,PIA D_ZUNDA MOCHI_55% UV
1-Day_Sph,T5283,1_Day_58_NAIBOLE_CN,P5283,1_Day_58_NAIBOLE_CN,Q3081,1-day_58_Kontaktni-HA,R3081,1-day_58_Kontaktni-HA
1-Day_Color_Sph,S528,Hapakristin D_CREME BROWN_Secretive_10P(중국),P5284,Hapakristin D_CREME BROWN_Secretive(중국),Q2134,Hapakristin D_CREME BROWN_Secretive Kristin,R2134,Hapakristin D_CREME BROWN_Secretive Kristin
1-Day_Color_Sph,T5285,ANW D_Kristin OLIVE_38%,P5285,ANW D_Kristin OLIVE_38%,Q5285,ANW D_Kristin OLIVE_38%,R5285,ANW D_Kristin OLIVE_38%
1-Day_Color_Sph,T5286,EYEQUE D_LOVE YOURSELF_205_LOVE,P5286,EYEQUE D_LOVE YOURSELF_205_LOVE,Q5286,EYEQUE D_LOVE YOURSELF_205_LOVE,R5286,EYEQUE D_LOVE YOURSELF_205_LOVE
1-Day_Color_Sph,T5287,PIA D_Almond Brown_38% UV (New),P5287,PIA D_Almond Brown_38% UV (New),Q5287,PIA D_Almond Brown_38% UV (New),R5287,PIA D_Almond Brown_38% UV (New)
1-Day_Color_Sph,T5288,PIA D_Cinnamon Brown_38% UV,P5288,PIA D_Cinnamon Brown_38% UV,Q5288,PIA D_Cinnamon Brown_38% UV,R5288,PIA D_Cinnamon Brown_38% UV
1-Day_Color_Sph,T5289,PIA D_Dark Peony_55% UV,P5289,PIA D_Dark Peony_55% UV,Q5289,PIA D_Dark Peony_55% UV,R5289,PIA D_Dark Peony_55% UV
1-Day_Color_Sph,T5290,ANW D_Brown_First Love Kristin_38%,P5290,ANW D_Brown_First Love Kristin_38%,Q5290,ANW D_Brown_First Love Kristin_38%,R5290,ANW D_Brown_First Love Kristin_38%
1-Day_Color_Sph,T5291,Clalen D_Pink Tulip Brown,P5291,Clalen D_Pink Tulip Brown,Q5291,Clalen D_Pink Tulip Brown,R5291,Clalen D_Pink Tulip Brown
1-Day_Color_Sph,T5292,Clalen D_Mimosa Brown,P5292,Clalen D_Mimosa Brown,Q5292,Clalen D_Mimosa Brown,R5292,Clalen D_Mimosa Brown
1-Day_Color_Sph,T5293,Clalen D_Canola Brown,P5293,Clalen D_Canola Brown,Q5293,Clalen D_Canola Brown,R5293,Clalen D_Canola Brown
1-Day_Color_Sph,T5294,JEWEL MOON D_Ice gray Moon,P5294,JEWEL MOON D_Ice gray Moon,Q5294,JEWEL MOON D_Ice gray Moon,R5294,JEWEL MOON D_Ice gray Moon
1-Day_Color_Sph,T5295,JEWEL MOON D_Creamy Moon,P5295,JEWEL MOON D_Creamy Moon,Q5295,JEWEL MOON D_Creamy Moon,R5295,JEWEL MOON D_Creamy Moon
1-Day_Color_Sph,T5296,JEWEL MOON D_Cherry Moon,P5296,JEWEL MOON D_Cherry Moon,Q5296,JEWEL MOON D_Cherry Moon,R5296,JEWEL MOON D_Cherry Moon
1-Day_Color_Sph,S597,MIMUNDO D_Dawn Navy_Foveo_10p,P5297,MIMUNDO D_Dawn Navy_Foveo,Q5297,MIMUNDO D_Dawn Navy_Foveo,R5297,MIMUNDO D_Dawn Navy_Foveo
1-Day_Color_Sph,S598,MIMUNDO D_Nox Gray_Foveo_10p,P5298,MIMUNDO D_Nox Gray_Foveo,Q5298,MIMUNDO D_Nox Gray_Foveo,R5298,MIMUNDO D_Nox Gray_Foveo
1-Day_Color_Sph,T5303,ANW D_Kristin Creme Brown_38%,P5303,ANW D_Kristin Creme Brown_38%,Q5303,ANW D_Kristin Creme Brown_38%,R5303,ANW D_Kristin Creme Brown_38%
1-Day_Color_Sph,T5304,ANW D_Kristin Dusk Brown_38%,P5304,ANW D_Kristin Dusk Brown_38%,Q5304,ANW D_Kristin Dusk Brown_38%,R5304,ANW D_Kristin Dusk Brown_38%
1-Day_Color_Sph,T5305,Rivoli_D_Midnight Black_55%,P5305,Rivoli_D_Midnight Black_55%,Q0011,1-Day_iris_JazzBlack,R0011,1-Day_iris_JazzBlack
1-Day_Color_Sph,T5306,Rivoli_D_Cedar Brown_55%,P5306,Rivoli_D_Cedar Brown_55%,Q0007,1-Day_iris_Rhapsody,R0007,1-Day_iris_Rhapsody
1-Day_Color_Sph,T5307,Rivoli_D_Honey Hazel_55%,P5307,Rivoli_D_Honey Hazel_55%,Q0008,1-Day_iris_Latin,R0008,1-Day_iris_Latin
1-Day_Color_Sph,T5308,Rivoli_D_MoonLight Grey_55%,P5308,Rivoli_D_MoonLight Grey_55%,Q0019,1-Day_iris_Suzy Gray,R0019,1-Day_iris_Suzy Gray
1-Day_Color_Sph,T5309,Rivoli_D_Caramel Brown_55%,P5309,Rivoli_D_Caramel Brown_55%,Q3075,1-Day_iris_Suzy Brown,R3075,1-Day_iris_Suzy Brown
1-Day_Color_Sph,T5310,Rivoli_D_Arctic Blue_55%,P5310,Rivoli_D_Arctic Blue_55%,Q3076,1-Day_iris_Blue Moon,R3076,1-Day_iris_Blue Moon
1-Day_Color_Sph,T5312,PIA D_Churun Chocofrappe_38% UV,P5312,PIA D_Churun Chocofrappe_38% UV,Q5312,PIA D_Churun Chocofrappe_38% UV,R5312,PIA D_Churun Chocofrappe_38% UV
1-Day_Color_Sph,T5313,PIA D_Fuwafuwa Cappuccino_38% UV,P5313,PIA D_Fuwafuwa Cappuccino_38% UV,Q5313,PIA D_Fuwafuwa Cappuccino_38% UV,R5313,PIA D_Fuwafuwa Cappuccino_38% UV
1-Day_Color_Sph,T5314,PIA D_Kyurukyuru Darkmocha_38% UV,P5314,PIA D_Kyurukyuru Darkmocha_38% UV,Q5314,PIA D_Kyurukyuru Darkmocha_38% UV,R5314,PIA D_Kyurukyuru Darkmocha_38% UV
1-Day_Color_Sph,T5315,PIA D_Pururun Sodafloat_38% UV,P5315,PIA D_Pururun Sodafloat_38% UV,Q5315,PIA D_Pururun Sodafloat_38% UV,R5315,PIA D_Pururun Sodafloat_38% UV
1-Day_Color_Sph,T5316,BELLA D_Pine,P5316,BELLA D_Pine,Q5316,BELLA D_Pine,R5316,BELLA D_Pine
1-Day_Color_Sph,T5317,BELLA D_Cedar,P5317,BELLA D_Cedar,Q5317,BELLA D_Cedar,R5317,BELLA D_Cedar
1-Day_Color_Sph,T5318,Sincere D_Naturali Charming Brown_38%,P5318,Sincere D_Naturali Charming Brown_38%,Q5318,Sincere D_Naturali Charming Brown_38%,R5318,Sincere D_Naturali Charming Brown_38%
1-Day_Color_Sph,T5319,Sincere D_Naturali Charming Hazel_38%,P5319,Sincere D_Naturali Charming Hazel_38%,Q5319,Sincere D_Naturali Charming Hazel_38%,R5319,Sincere D_Naturali Charming Hazel_38%
1-Day_Color_Sph,T5320,(영문)PIA D_Sakura Smore_55% UV,P5320,(영문)PIA D_Sakura Smore_55% UV,Q5107,PIA D_Sakura Smore_55% UV,R5107,PIA D_Sakura Smore_55% UV
1-Day_Color_Sph,T5321,(영문)PIA D_Melty Mist_55% UV,P5321,(영문)PIA D_Melty Mist_55% UV,Q5108,PIA D_Melty Mist_55% UV,R5108,PIA D_Melty Mist_55% UV
1-Day_Color_Sph,T5322,(영문)PIA D_Tulle Brown_55% UV,P5322,(영문)PIA D_Tulle Brown_55% UV,Q3140,PIA_Tulle Brown_1D_55%_14.2,R3140,PIA_Tulle Brown_1D_55%_14.2
1-Day_Color_Sph,T5323,(영문)PIA D_Cafe Mocha_55% UV,P5323,(영문)PIA D_Cafe Mocha_55% UV,Q3141,PIA_Cafe Mocha_1D_55%_14.5,R3141,PIA_Cafe Mocha_1D_55%_14.5
1-Day_Color_Sph,T5324,(영문)PIA D_Chestnut_55% UV,P5324,(영문)PIA D_Chestnut_55% UV,Q3143,PIA_Chestnut_1D_55%_14.5,R3143,PIA_Chestnut_1D_55%_14.5
1-Day_Color_Sph,T5325,PIA D_Pomme Canele_38% UV,P5325,PIA D_Pomme Canele_38% UV,Q5325,PIA D_Pomme Canele_38% UV,R5325,PIA D_Pomme Canele_38% UV
1-Day_Color_Sph,T5326,PIA D_Maple Milktea_38% UV,P5326,PIA D_Maple Milktea_38% UV,Q5326,PIA D_Maple Milktea_38% UV,R5326,PIA D_Maple Milktea_38% UV
1-Day_Color_Sph,T5327,PIA D_Mellow Strawberry_38% UV,P5327,PIA D_Mellow Strawberry_38% UV,Q5327,PIA D_Mellow Strawberry_38% UV,R5327,PIA D_Mellow Strawberry_38% UV
1-Day_Color_Sph,T5328,PIA D_Puree Greige_38% UV,P5328,PIA D_Puree Greige_38% UV,Q5328,PIA D_Puree Greige_38% UV,R5328,PIA D_Puree Greige_38% UV
FRP_Color_Sph,T5329,MG M_Glow Hazel_원형,P5329,MG M_Glow Hazel_원형,Q4714,(NEW)S43-HD-Dry-14.2,R4714,(NEW)S43-HD-Dry-14.2
1-Day_Color_Sph,T5330,PIA D_Rutilated Drop_38% UV,P5330,PIA D_Rutilated Drop_38% UV,Q5330,PIA D_Rutilated Drop_38% UV,R5330,PIA D_Rutilated Drop_38% UV
1-Day_Color_Sph,T5331,PIA D_Crystal Bloom_38% UV,P5331,PIA D_Crystal Bloom_38% UV,Q5331,PIA D_Crystal Bloom_38% UV,R5331,PIA D_Crystal Bloom_38% UV
FRP_Color_Sph,T5332,MG M_Perfect Brown_원형,P5332,MG M_Perfect Brown_원형,Q4714,(NEW)S43-HD-Dry-14.2,R4714,(NEW)S43-HD-Dry-14.2
1-Day_Color_Sph,T5333,Celena D_Vivid Grey (5년),P5333,Celena D_Vivid Grey (5년),Q1004,S55_투명-DRY,R1004,S55_투명-DRY
1-Day_Color_Sph,T5334,Celena D_Wild Green (5년),P5334,Celena D_Wild Green (5년),Q1004,S55_투명-DRY,R1004,S55_투명-DRY
1-Day_Color_Toric,S535,Hapa D Toric_Glazed Choco_CP-1.25_10개입,P5335,Hapa D Toric_Glazed Choco_CP-1.25,Q5335,Hapa D Toric_Glazed Choco_CP-1.25,R5335,Hapa D Toric_Glazed Choco_CP-1.25
1-Day_Color_Toric,S536,Hapa D Toric_Glazed choco_CP-1.75_10개입,P5336,Hapa D Toric_Glazed choco_CP-1.75,Q5336,Hapa D Toric_Glazed choco_CP-1.75,R5336,Hapa D Toric_Glazed Choco_CP-1.75
FRP_Color_Sph,S537,Hapa M_Glazed Kristin_Choco_2P,P5337,Hapa M_Glazed Kristin_Choco,Q4714,(NEW)S43-HD-Dry-14.2,R4714,(NEW)S43-HD-Dry-14.2
1-Day_Color_Sph,T5338,Sincere D_Neutral Brown_UV_38% 14.2,P5338,Sincere D_Neutral Brown_UV_38% 14.2,Q5338,Sincere D_Neutral Brown_UV_38% 14.2,R5338,Sincere D_Neutral Brown_UV_38% 14.2
1-Day_Color_Sph,T5339,Sincere D_Ennui Gray_UV_38% 14.2,P5339,Sincere D_Ennui Gray_UV_38% 14.2,Q5339,Sincere D_Ennui Gray_UV_38% 14.2,R5339,Sincere D_Ennui Gray_UV_38% 14.2
FRP_Color_Sph,T5340,Brown Bunny_PIA_M_중사각,P5340,Brown Bunny_PIA_M_중사각,Q5340,Brown Bunny_PIA_M,R5340,Brown Bunny_PIA_M
1-Day_Color_Sph,T5341,COFANCY D_Olive_Highlight Pro,P5341,COFANCY D_Olive_Highlight Pro,Q5341,COFANCY D_Olive_Highlight Pro,R5341,COFANCY D_Olive_Highlight Pro
1-Day_Color_Sph,T5342,COFANCY D_Moon_Highlight Pro,P5342,COFANCY D_Moon_Highlight Pro,Q5342,COFANCY D_Ice Purple_Highlight Pro,R5342,COFANCY D_Ice Purple_Highlight Pro
1-Day_Color_Sph,T5343,COFANCY D_Amber_Highlight Pro,P5343,COFANCY D_Amber_Highlight Pro,Q5343,COFANCY D_Ice Oolong_Highlight Pro,R5343,COFANCY D_Ice Oolong_Highlight Pro
1-Day_Color_Sph,T5344,COFANCY D_Ice Drip_Highlight Pro,P5344,COFANCY D_Ice Drip_Highlight Pro,Q5344,COFANCY D_Ice Drip_Highlight Pro,R5344,COFANCY D_Ice Drip_Highlight Pro
1-Day_Color_Sph,T5345,COFANCY D_Peach Brown_Highlight Pro,P5345,COFANCY D_Peach Brown_Highlight Pro,Q5345,COFANCY D_Peach Brown_Highlight Pro,R5345,COFANCY D_Peach Brown_Highlight Pro
1-Day_Color_Sph,T5346,PIA D_Heroine Brown_38% UV,P5346,PIA D_Heroine Brown_38% UV,Q5346,PIA D_Heroine Brown_38% UV,R5346,PIA D_Heroine Brown_38% UV
1-Day_Color_Sph,T5347,PIA D_Idol Ring_38% UV,P5347,PIA D_Idol Ring_38% UV,Q5347,PIA D_Idol Ring_38% UV,R5347,PIA D_Idol Ring_38% UV
1-Day_Color_Sph,T5349,PIA D_Lady Black_38% UV,P5349,PIA D_Lady Black_38% UV,Q5349,PIA D_Lady Black_38% UV,R5349,PIA D_Lady Black_38% UV
1-Day_Color_Sph,T5350,PIA D_Sakura Mousse_55% UV,P5350,PIA D_Sakura Mousse_55% UV,Q5350,PIA D_Sakura Mousse_55% UV,R5350,PIA D_Sakura Mousse_55% UV
1-Day_Color_Sph,T5351,PIA D_Tiramisu Ring_55% UV,P5351,PIA D_Tiramisu Ring_55% UV,Q5351,PIA D_Tiramisu Ring_55% UV,R5351,PIA D_Tiramisu Ring_55% UV
FRP_Color_Sph,T5352,Lesieur_Slate Blue_원형,P5352,Lesieur_Slate Blue_원형,Q5352,Lesieur_Slate Blue,R5352,Lesieur_Slate Blue
FRP_Color_Sph,T5353,Lesieur_Azure Blue_원형,P5353,Lesieur_Azure Blue_원형,Q5353,Lesieur_Azure Blue,R5353,Lesieur_Azure Blue
FRP_Color_Sph,T5354,Lesieur_Berry Blue_원형,P5354,Lesieur_Berry Blue_원형,Q5354,Lesieur_Berry Blue,R5354,Lesieur_Berry Blue
FRP_Color_Sph,T5355,Lesieur_Sky Blue_원형,P5355,Lesieur_Sky Blue_원형,Q5355,Lesieur_Sky Blue,R5355,Lesieur_Sky Blue
FRP_Color_Sph,S270,Hapa M_Playful Kristin_Gray_(중),P5356,Hapa M_Playful gray_(중),Q4711,(NEW)S38-Dry-14.2,R4711,(NEW)S38-Dry-14.2
FRP_Color_Sph,T5356,Hapa M_Playful gray_(중),P5356,Hapa M_Playful gray_(중),Q4711,(NEW)S38-Dry-14.2,R4711,(NEW)S38-Dry-14.2
FRP_Color_Sph,S269,Hapa M_Playful Kristin_Blue_(중),P5357,Hapa M_Playful blue_(중),Q4711,(NEW)S38-Dry-14.2,R4711,(NEW)S38-Dry-14.2
FRP_Color_Sph,T5357,Hapa M_Playful blue_(중),P5357,Hapa M_Playful blue_(중),Q4711,(NEW)S38-Dry-14.2,R4711,(NEW)S38-Dry-14.2
FRP_Color_Sph,S527,Hapa M_Bam Brown_2p,P5358,Hapa M_Bam Brown_Dear Deer_(중),Q4714,(NEW)S43-HD-Dry-14.2,R4714,(NEW)S43-HD-Dry-14.2
1-Day_Color_Sph,S538,Hapa D_First Love Kristin_Brown_2P,P5359,Hapa D_First Love Kristin_Brown,Q5359,Hapa D_First Love Kristin_Brown,R5359,Hapa D_First Love Kristin_Brown
1-Day_Color_Sph,S539,Hapa D_First Love Kristin_Brown_10P,P5359,Hapa D_First Love Kristin_Brown,Q5359,Hapa D_First Love Kristin_Brown,R5359,Hapa D_First Love Kristin_Brown
FRP_Color_Sph,S540,Hapa M_First Love Kristin_2P,P5360,Hapa M_First Love Kristin,Q4714,(NEW)S43-HD-Dry-14.2,R4714,(NEW)S43-HD-Dry-14.2
1-Day_Color_Sph,T5361,Sincere D_Halo Warm_FAP_UV_38% 14.2,P5361,Sincere D_Halo Warm_FAP_UV_38% 14.2,Q5361,Sincere D_Halo Warm_FAP_UV_38% 14.2,R5361,Sincere D_Halo Warm_FAP_UV_38% 14.2
1-Day_Color_Sph,T5362,Sincere D_Miss Nocturne_FAP_UV_38% 14.2,P5362,Sincere D_Miss Nocturne_FAP_UV_38% 14.2,Q5362,Sincere D_Miss Nocturne_FAP_UV_38% 14.2,R5362,Sincere D_Miss Nocturne_FAP_UV_38% 14.2
FRP_Color_Sph,T5363,Dollish Brown_PIA_M_중사각,P5363,Dollish Brown_PIA_M_중사각,Q5363,Dollish Brown_PIA_M,R5363,Dollish Brown_PIA_M
FRP_Color_Sph,T5364,Dollish Gray_PIA_M_중사각,P5364,Dollish Gray_PIA_M_중사각,Q5364,Dollish Gray_PIA_M,R5364,Dollish Gray_PIA_M
FRP_Color_Sph,S267,On Vacation Kristin_Blue_(중),P5365,Hapa M_On Vacation_Blue_(중),Q4711,(NEW)S38-Dry-14.2,R4711,(NEW)S38-Dry-14.2
FRP_Color_Sph,T5365,Hapa M_On Vacation_Blue_(중),P5365,Hapa M_On Vacation_Blue_(중),Q4711,(NEW)S38-Dry-14.2,R4711,(NEW)S38-Dry-14.2
FRP_Color_Sph,S268,Soft Haze Kristin_Hazel_(중),P5366,Hapa M_Soft Haze_Hazel_(중),Q4711,(NEW)S38-Dry-14.2,R4711,(NEW)S38-Dry-14.2
FRP_Color_Sph,T5366,Hapa M_Soft Haze_Hazel_(중),P5366,Hapa M_Soft Haze_Hazel_(중),Q4711,(NEW)S38-Dry-14.2,R4711,(NEW)S38-Dry-14.2
1-Day_Color_Sph,T5368,PIA D_Liar Pink_38% UV,P5368,PIA D_Liar Pink_38% UV,Q5368,PIA D_Liar Pink_38% UV,R5368,PIA D_Liar Pink_38% UV
1-Day_Color_Sph,T5370,COFANCY D_Oolong Plus_Highlight Pro,P5370,COFANCY D_Oolong Plus_Highlight Pro,Q5370,COFANCY D_Oolong Plus_Highlight Pro,R5370,COFANCY D_Oolong Plus_Highlight Pro
1-Day_Color_Sph,T5371,COFANCY D_Bluish Gray_D Series,P5371,COFANCY D_Bluish Gray_D Series,Q5371,COFANCY D_Bluish Gray_D Series,R5371,COFANCY D_Bluish Gray_D Series
1-Day_Color_Sph,T5372,COFANCY D_Poker Face_D Series,P5372,COFANCY D_Poker Face_D Series,Q5372,COFANCY D_Poker Face_D Series,R5372,COFANCY D_Poker Face_D Series
1-Day_Color_Sph,T5373,COFANCY D_Twilight Tan_D Series,P5373,COFANCY D_Twilight Tan_D Series,Q5373,COFANCY D_Twilight Tan_D Series,R5373,COFANCY D_Twilight Tan_D Series
1-Day_Color_Sph,T5374,COFANCY D_Nebula Blue_D Series,P5374,COFANCY D_Nebula Blue_D Series,Q5374,COFANCY D_Nebula Blue_D Series,R5374,COFANCY D_Nebula Blue_D Series
1-Day_Color_Sph,T5375,COFANCY D_Endless Brown_D Series,P5375,COFANCY D_Endless Brown_D Series,Q5375,COFANCY D_Endless Brown_D Series,R5375,COFANCY D_Endless Brown_D Series
1-Day_Color_Sph,T5376,DYE D_ONYX,P5376,DYE D_ONYX,Q5376,DYE D_ONYX,R5376,DYE D_ONYX
1-Day_Color_Sph,T5377,DYE D_CAPRI,P5377,DYE D_CAPRI,Q5377,DYE D_CAPRI,R5377,DYE D_CAPRI
1-Day_Color_Sph,T5378,DYE D_LAVA,P5378,DYE D_LAVA,Q5378,DYE D_LAVA,R5378,DYE D_LAVA
1-Day_Color_Sph,T5380,DYE D_ALORA,P5380,DYE D_ALORA,Q5380,DYE D_ALORA,R5380,DYE D_ALORA
1-Day_Color_Sph,T5381,DYE D_MIDORI,P5381,DYE D_MIDORI,Q5381,DYE D_MIDORI,R5381,DYE D_MIDORI
FRP_Color_Sph,T5382,DYE M_NOLA_14.5_중사각,P5382,DYE M_NOLA_14.5_중사각,Q1003,S43-Dry-14.5,R1003,S43-Dry-14.5
FRP_Color_Sph,T5383,DYE M_STORMY_14.5_중사각,P5383,DYE M_STORMY_14.5_중사각,Q1003,S43-Dry-14.5,R1003,S43-Dry-14.5
FRP_Color_Sph,T5384,DYE M_START DUST_14.5_중사각,P5384,DYE M_START DUST_14.5_중사각,Q1003,S43-Dry-14.5,R1003,S43-Dry-14.5
FRP_Color_Sph,T5385,DYE M_SILVER LACE_14.5_중사각,P5385,DYE M_SILVER LACE_14.5_중사각,Q1003,S43-Dry-14.5,R1003,S43-Dry-14.5
1-Day_Color_Sph,T5386,BELLA D_Garnet,P5386,BELLA D_Garnet,Q5386,BELLA D_Garnet,R5386,BELLA D_Garnet
1-Day_Color_Sph,T5387,BELLA D_Star,P5387,BELLA D_Star,Q5387,BELLA D_Star,R5387,BELLA D_Star
1-Day_Color_Sph,T5388,BELLA D_Cove,P5388,BELLA D_Cove,Q5388,BELLA D_Cove,R5388,BELLA D_Cove
1-Day_Color_Sph,T5389,Optic Center D_Jazz Black_Adria WOW,P5389,Optic Center D_Jazz Black_Adria WOW,Q0011,1-Day_iris_JazzBlack,R0011,1-Day_iris_JazzBlack
1-Day_Color_Sph,T5390,Optic Center D_Latin_Adria WOW,P5390,Optic Center D_Latin_Adria WOW,Q0008,1-Day_iris_Latin,R0008,1-Day_iris_Latin
1-Day_Color_Sph,T5391,Optic Center D_Rhapsody_Adria WOW,P5391,Optic Center D_Rhapsody_Adria WOW,Q0007,1-Day_iris_Rhapsody,R0007,1-Day_iris_Rhapsody
1-Day_Color_Sph,T5392,Optic Center D_Soul Brown_Adria WOW,P5392,Optic Center D_Soul Brown_Adria WOW,Q0010,1-Day_iris_SoulBrown,R0010,1-Day_iris_SoulBrown
1-Day_Color_Sph,T5393,Optic Center D_Blue_Adria MIX,P5393,Optic Center D_Blue_Adria MIX,Q3001,Soleko_Blue,R3001,Soleko_Blue
1-Day_Color_Sph,T5394,Optic Center D_Pearl Gray_Adria MIX,P5394,Optic Center D_Pearl Gray_Adria MIX,Q3002,Soleko_Pearl,R3002,Soleko_Pearl
1-Day_Color_Sph,T5395,Optic Center D_Light Green_Adria MIX,P5395,Optic Center D_Light Green_Adria MIX,Q3003,Soleko_Green,R3003,Soleko_Green
1-Day_Sph,S655,Winc Clear 1Day_30P,P5396,1-day_58_Winc Company,Q3081,1-day_58_Kontaktni-HA,R3081,1-day_58_Kontaktni-HA
1-Day_Sph,T5397,Tirth Marketing_1-Day_58,P5397,Tirth Marketing_1-Day_58,Q3081,1-day_58_Kontaktni-HA,R3081,1-day_58_Kontaktni-HA
1-Day_Color_Sph,S563,Hapa D_Gray_First Love Kristin_10P,P5398,Hapa D_Gray_First Love Kristin,Q5398,Hapa D_Gray_First Love Kristin,R5398,Hapa D_Gray_First Love Kristin
1-Day_Color_Sph,S564,Hapa D_Gray_First Love Kristin_2P,P5398,Hapa D_Gray_First Love Kristin,Q5398,Hapa D_Gray_First Love Kristin,R5398,Hapa D_Gray_First Love Kristin
FRP_Color_Sph,S565,Hapa M_Gray_First Love Kristin_2P,P5399,Hapa M_Gray_First Love Kristin,Q4714,(NEW)S43-HD-Dry-14.2,R4714,(NEW)S43-HD-Dry-14.2
Si_1-Day_Sph,T5400,O2O2 D_Spherical(DK70)_K2-type_White,P5400,O2O2 D_Spherical(DK70)_K2-type_White,Q5400,O2O2 Spherical(DK70)_K2-type,R5400,O2O2 Spherical(DK70)_K2-type
Si_FRP_Sph,T5401,O2O2 M_Spherical(DK70)_K2-type_(소),P5401,O2O2 M_Spherical(DK70)_K2-type_(소),Q5400,O2O2 Spherical(DK70)_K2-type,R5400,O2O2 Spherical(DK70)_K2-type
Si_FRP_Sph,T5402,O2O2 M_Spherical(DK70)_K2-type_(중),P5402,O2O2 M_Spherical(DK70)_K2-type_(중),Q5400,O2O2 Spherical(DK70)_K2-type,R5400,O2O2 Spherical(DK70)_K2-type
Si_1-Day_Sph,T5403,Owndays Silicone Hydrogel 1Day Clear_SMD,P5403,Owndays Silicone Hydrogel 1Day Clear_SMD,Q5420,O2O2 Spherical(DK70)_K2-SMD,R5420,O2O2 Spherical(DK70)_K2-SMD
Si_1-Day_Sph,T5404,O2O2 D_Spherical_Optic Center,P5404,O2O2 D_Spherical_Optic Center,Q5400,O2O2 Spherical(DK70)_K2-type,R5400,O2O2 Spherical(DK70)_K2-type
Si_1-Day_Toric,S061,Clalen O2O2 D Toric_사축_30개입,P5405,O2O2 D_UV_Toric_SMD_White,Q1052,O2O2 D_Toric_SMDH,R1052,O2O2 D_Toric_SMDH
Si_1-Day_Toric,T5405,O2O2 D_UV_Toric_SMD_무지리드지,P5405,O2O2 D_UV_Toric_SMD_White,Q1052,O2O2 D_Toric_SMDH,R1052,O2O2 D_Toric_SMDH
Si_1-Day_Sph,T5406,O2O2 D_Spherical(DK70)_K2-DM_White,P5406,O2O2 D_Spherical(DK70)_K2-DM_White,Q5411,O2O2 Spherical(DK70)_(NEW)K2-DM,R5411,O2O2 Spherical(DK70)_(NEW)K2-DM
Si_FRP_Sph,S547,Clalen O2O2 M_2P,P5407,O2O2 M_Spherical(DK70)_K2-DM_(소),Q5406,O2O2 Spherical(DK70)_K2-DM,R5406,O2O2 Spherical(DK70)_K2-DM
Si_FRP_Sph,S548,Clalen O2O2 M_6P,P5407,O2O2 M_Spherical(DK70)_K2-DM_(소),Q5406,O2O2 Spherical(DK70)_K2-DM,R5406,O2O2 Spherical(DK70)_K2-DM
Si_FRP_Sph,T5407,O2O2 M_Spherical(DK70)_K2-DM_(소),P5407,O2O2 M_Spherical(DK70)_K2-DM_(소),Q5406,O2O2 Spherical(DK70)_K2-DM,R5406,O2O2 Spherical(DK70)_K2-DM
Si_FRP_Sph,T5408,O2O2 M_Spherical(DK70)_K2-DM_(중),P5408,O2O2 M_Spherical(DK70)_K2-DM_(중),Q5411,O2O2 Spherical(DK70)_(NEW)K2-DM,R5411,O2O2 Spherical(DK70)_(NEW)K2-DM
Si_FRP_M/F,T5410,O2O2 M_Multifocal_K2-DM_소사각,P5410,O2O2 M_Multifocal_K2-DM_소사각,Q5409,O2O2_Multifocal_45%_K2-DM,R5409,O2O2_Multifocal_45%_K2-DM
Si_FRP_Sph,T5412,O2O2 M_Spherical(DK70)_(NEW)K2-DM_(소),P5412,O2O2 M_Spherical(DK70)_(NEW)K2-DM_(소),Q5411,O2O2 Spherical(DK70)_(NEW)K2-DM,R5411,O2O2 Spherical(DK70)_(NEW)K2-DM
Si_1-Day_Sph,T5413,O2O2 D_UV_Spherical(DK70)_Marshal,P5413,O2O2 D_UV_Spherical(DK70)_Marshal,Q5420,O2O2 Spherical(DK70)_K2-SMD,R5420,O2O2 Spherical(DK70)_K2-SMD
Si_1-Day_Toric,S658,Clalen O2O2 D Toric 180_낱개(2P),P5414,O2O2 D_UV_Toric_SMD_Clalen 180,Q1052,O2O2 D_Toric_SMDH,R1052,O2O2 D_Toric_SMDH
Si_1-Day_Toric,S659,Clalen O2O2 D Toric 180_10개입,P5414,O2O2 D_UV_Toric_SMD_Clalen 180,Q1052,O2O2 D_Toric_SMDH,R1052,O2O2 D_Toric_SMDH
Si_1-Day_Toric,S660,Clalen O2O2 D Toric 180_30개입,P5414,O2O2 D_UV_Toric_SMD_Clalen 180,Q1052,O2O2 D_Toric_SMDH,R1052,O2O2 D_Toric_SMDH
Si_1-Day_Toric,S669,Clalen O2O2 D_Toric 180_낱개(4P),P5414,O2O2 D_UV_Toric_SMD_Clalen 180,Q1052,O2O2 D_Toric_SMDH,R1052,O2O2 D_Toric_SMDH
Si_1-Day_Sph,T5415,O2O2 D_Spherical_Optic Center_SMD,P5415,O2O2 D_Spherical_Optic Center_SMD,Q5420,O2O2 Spherical(DK70)_K2-SMD,R5420,O2O2 Spherical(DK70)_K2-SMD
Si_1-Day_M/F,T5416,O2O2 D_Multifocal_FGC,P5416,O2O2 D_Multifocal_FGC,Q5419,O2O2_Multifocal_K2_SMD,R5419,O2O2_Multifocal_K2_SMD
Si_FRP_M/F,T5418,O2O2 M_Multifocal(Dk70)_K2_SMD_(소),P5418,O2O2 M_Multifocal(Dk70)_K2_SMD_(소),Q5419,O2O2_Multifocal_K2_SMD,R5419,O2O2_Multifocal_K2_SMD
Si_1-Day_M/F,T5419,O2O2 D_Multifocal(Dk70)_White_K2_SMD,P5419,O2O2 D_Multifocal(Dk70)_White_K2_SMD,Q5419,O2O2_Multifocal_K2_SMD,R5419,O2O2_Multifocal_K2_SMD
Si_1-Day_Sph,T5420,O2O2 D_Spherical(DK70)_K2-SMD_White,P5420,O2O2 D_Spherical(DK70)_K2-SMD_White,Q5420,O2O2 Spherical(DK70)_K2-SMD,R5420,O2O2 Spherical(DK70)_K2-SMD
Si_FRP_Sph,T5421,O2O2 M_Spherical(DK70)_K2-SMD_(소),P5421,O2O2 M_Spherical(DK70)_K2-SMD_(소),Q5420,O2O2 Spherical(DK70)_K2-SMD,R5420,O2O2 Spherical(DK70)_K2-SMD
Si_FRP_Sph,T5422,O2O2 M_Spherical(DK70)_K2-SMD_(중),P5422,O2O2 M_Spherical(DK70)_K2-SMD_(중),Q5420,O2O2 Spherical(DK70)_K2-SMD,R5420,O2O2 Spherical(DK70)_K2-SMD
Si_1-Day_Sph,S637,Clalen O2O2 1Day_40P,P5423,O2O2 D_Spherical(DK70)_K2-SMD,Q1026,O2O2 Spherical_K2-SMDH,R1026,O2O2 Spherical_K2-SMDH
Si_1-Day_Sph,S653,Clalen O2O2 1Day_10P,P5423,O2O2 D_Spherical(DK70)_K2-SMD,Q1026,O2O2 Spherical_K2-SMDH,R1026,O2O2 Spherical_K2-SMDH
Si_1-Day_Sph,S654,Clalen O2O2 1Day_30P,P5423,O2O2 D_Spherical(DK70)_K2-SMD,Q1026,O2O2 Spherical_K2-SMDH,R1026,O2O2 Spherical_K2-SMDH
Si_1-Day_Sph,S668,Clalen O2O2 D_Spherical_낱개(4P),P5423,O2O2 D_Spherical(DK70)_K2-SMD,Q1026,O2O2 Spherical_K2-SMDH,R1026,O2O2 Spherical_K2-SMDH
Si_1-Day_Sph,T5423,O2O2 D_Spherical(DK70)_K2-SMD,P5423,O2O2 D_Spherical(DK70)_K2-SMD,Q1026,O2O2 Spherical_K2-SMDH,R1026,O2O2 Spherical_K2-SMDH
Si_1-Day_Sph,S656,Winc Clear Air Plus 1Day_30P,P5424,O2O2 D_Spherical(DK70)_K2-SMD_Winc Company,Q5420,O2O2 Spherical(DK70)_K2-SMD,R5420,O2O2 Spherical(DK70)_K2-SMD
Si_1-Day_Sph,S657,Winc Clear Air Plus 1Day_2P,P5424,O2O2 D_Spherical(DK70)_K2-SMD_Winc Company,Q5420,O2O2 Spherical(DK70)_K2-SMD,R5420,O2O2 Spherical(DK70)_K2-SMD
1-Day_Color_Sph,T7000,PIA D_Love Cacao_55%_14.2 UV,P7000,PIA D_Love Cacao_55%_14.2 UV,Q7000,PIA D_Love Cacao_55%_14.2 UV,R7000,PIA D_Love Cacao_55%_14.2 UV
1-Day_Color_Sph,T7001,PIA D_Mocha Powder_55%_14.2 UV,P7001,PIA D_Mocha Powder_55%_14.2 UV,Q7001,PIA D_Mocha Powder_55%_14.2 UV,R7001,PIA D_Mocha Powder_55%_14.2 UV
1-Day_Color_Sph,T7002,PIA D_Truffle Gray_55%_14.2 UV,P7002,PIA D_Truffle Gray_55%_14.2 UV,Q7002,PIA D_Truffle Gray_55%_14.2 UV,R7002,PIA D_Truffle Gray_55%_14.2 UV
1-Day_Color_Sph,T7003,PIA D_Mocha Ring_38% UV,P7003,PIA D_Mocha Ring_38% UV,Q7003,PIA D_Mocha Ring_38% UV,R7003,PIA D_Mocha Ring_38% UV
1-Day_Color_Sph,T7004,PIA D_Coco Topaz_38% UV,P7004,PIA D_Coco Topaz_38% UV,Q7004,PIA D_Coco Topaz_38% UV,R7004,PIA D_Coco Topaz_38% UV
1-Day_Color_Sph,T7005,PIA D_Latte Pearl_38% UV,P7005,PIA D_Latte Pearl_38% UV,Q7005,PIA D_Latte Pearl_38% UV,R7005,PIA D_Latte Pearl_38% UV
1-Day_Color_Sph,T7006,PIA D_Baby Espresso_38% UV,P7006,PIA D_Baby Espresso_38% UV,Q7006,PIA D_Baby Espresso_38% UV,R7006,PIA D_Baby Espresso_38% UV
1-Day_Color_Sph,T7007,PIA D_Strawberry Quartz_38% UV,P7007,PIA D_Strawberry Quartz_38% UV,Q7007,PIA D_Strawberry Quartz_38% UV,R7007,PIA D_Strawberry Quartz_38% UV
1-Day_Color_Sph,T7008,PIA D_Date Topaz_38% UV,P7008,PIA D_Date Topaz_38% UV,Q7008,PIA D_Date Topaz_38% UV,R7008,PIA D_Date Topaz_38% UV
1-Day_Color_Sph,T7009,PIA D_Opal_38% UV,P7009,PIA D_Opal_38% UV,Q7009,PIA D_Opal_38% UV,R7009,PIA D_Opal_38% UV
1-Day_Color_Sph,T7010,PIA D_Caramel Souffle_38% UV,P7010,PIA D_Caramel Souffle_38% UV,Q7010,PIA D_Caramel Souffle_38% UV,R7010,PIA D_Caramel Souffle_38% UV
1-Day_Color_Sph,T7011,PIA D_Brown Fondue_38% UV,P7011,PIA D_Brown Fondue_38% UV,Q7011,PIA D_Brown Fondue_38% UV,R7011,PIA D_Brown Fondue_38% UV
1-Day_Color_Sph,T7012,PIA D_Jelly Gray_38% UV,P7012,PIA D_Jelly Gray_38% UV,Q7012,PIA D_Jelly Gray_38% UV,R7012,PIA D_Jelly Gray_38% UV
1-Day_Color_Sph,T7013,PIA D_Garnet_38% UV,P7013,PIA D_Garnet_38% UV,Q7013,PIA D_Garnet_38% UV,R7013,PIA D_Garnet_38% UV
1-Day_Color_Sph,T7014,PIA D_Pearl Cats Eye_38% UV,P7014,PIA D_Pearl Cats Eye_38% UV,Q7014,PIA D_Pearl Cats Eye_38% UV,R7014,PIA D_Pearl Cats Eye_38% UV
1-Day_Color_Sph,T7015,PIA D_Grege Quartz 38% UV,P7015,PIA D_Grege Quartz 38% UV,Q7015,PIA D_Grege Quartz 38% UV,R7015,PIA D_Grege Quartz 38% UV
1-Day_Color_Sph,T7016,PIA D_Glow Brown_38% UV,P7016,PIA D_Glow Brown_38% UV,Q7016,PIA D_Glow Brown_38% UV,R7016,PIA D_Glow Brown_38% UV
1-Day_Color_Sph,T7017,PIA D_Cream Rose_38% UV,P7017,PIA D_Cream Rose_38% UV,Q7017,PIA D_Cream Rose_38% UV,R7017,PIA D_Cream Rose_38% UV
1-Day_Color_Sph,T7018,PIA D_Pomme Canele_38% UV,P7018,PIA D_Pomme Canele_38% UV,Q7018,PIA D_Pomme Canele_38% UV,R7018,PIA D_Pomme Canele_38% UV
1-Day_Color_Sph,T7019,PIA D_Maple Milktea_38% UV,P7019,PIA D_Maple Milktea_38% UV,Q7019,PIA D_Maple Milktea_38% UV,R7019,PIA D_Maple Milktea_38% UV
1-Day_Color_Sph,T7020,PIA D_Mellow Strawberry_38% UV,P7020,PIA D_Mellow Strawberry_38% UV,Q7020,PIA D_Mellow Strawberry_38% UV,R7020,PIA D_Mellow Strawberry_38% UV
1-Day_Color_Sph,T7021,PIA D_Puree Greige_38% UV,P7021,PIA D_Puree Greige_38% UV,Q7021,PIA D_Puree Greige_38% UV,R7021,PIA D_Puree Greige_38% UV
1-Day_Color_Sph,T7022,PIA D_Rutilated Drop_38% UV,P7022,PIA D_Rutilated Drop_38% UV,Q7022,PIA D_Rutilated Drop_38% UV,R7022,PIA D_Rutilated Drop_38% UV
1-Day_Color_Sph,T7023,PIA D_Crystal Bloom_38% UV,P7023,PIA D_Crystal Bloom_38% UV,Q7023,PIA D_Crystal Bloom_38% UV,R7023,PIA D_Crystal Bloom_38% UV
1-Day_Color_Sph,T7024,PIA D_Idol Ring_38% UV,P7024,PIA D_Idol Ring_38% UV,Q7024,PIA D_Idol Ring_38% UV,R7024,PIA D_Idol Ring_38% UV
1-Day_Color_Sph,T7025,PIA D_Twin Topaz_38% UV,P7025,PIA D_Twin Topaz_38% UV,Q7025,PIA D_Twin Topaz_38% UV,R7025,PIA D_Twin Topaz_38% UV
1-Day_Color_Sph,T7026,PIA D_Amethyst_38% UV,P7026,PIA D_Amethyst_38% UV,Q7026,PIA D_Amethyst_38% UV,R7026,PIA D_Amethyst_38% UV
1-Day_Color_Sph,T7031,PIA D_Almond Brown_38% UV,P7031,PIA D_Almond Brown_38% UV,Q7031,PIA D_Almond Brown_38% UV,R7031,PIA D_Almond Brown_38% UV
1-Day_Color_Sph,T7032,PIA D_Cinnamon Brown_38% UV,P7032,PIA D_Cinnamon Brown_38% UV,Q7032,PIA D_Cinnamon Brown_38% UV,R7032,PIA D_Cinnamon Brown_38% UV
1-Day_Color_Sph,T7033,PIA D_Gem Chocolat_38% UV,P7033,PIA D_Gem Chocolat_38% UV,Q7033,PIA D_Gem Chocolat_38% UV,R7033,PIA D_Gem Chocolat_38% UV
1-Day_Color_Sph,T7034,PIA D_Smoky Quartz_38% UV,P7034,PIA D_Smoky Quartz_38% UV,Q7034,PIA D_Smoky Quartz_38% UV,R7034,PIA D_Smoky Quartz_38% UV
FRP_Color_Sph,T7035,Mocha Ring_PIA_M_(중),P7035,Mocha Ring_PIA_M_(중),Q7035,Mocha Ring_PIA_M,R7035,Mocha Ring_PIA_M
FRP_Color_Sph,T7036,Cream Rose_PIA_M_(중),P7036,Cream Rose_PIA_M_(중),Q7036,Cream Rose_PIA_M,R7036,Cream Rose_PIA_M
1-Day_Color_Sph,T7037,PIA D_Sugar Pearl_55%_14.2 UV,P7037,PIA D_Sugar Pearl_55%_14.2 UV,Q7037,PIA D_Sugar Pearl_55%_14.2 UV,R7037,PIA D_Sugar Pearl_55%_14.2 UV
1-Day_Color_Sph,T7038,PIA D_Melty Butter_55%_14.5 UV,P7038,PIA D_Melty Butter_55%_14.5 UV,Q7038,PIA D_Melty Butter_55%_14.5 UV,R7038,PIA D_Melty Butter_55%_14.5 UV
1-Day_Color_Sph,T7039,(CA)PIA D_Uniform Black_55%_14.5 UV,P7039,(CA)PIA D_Uniform Black_55%_14.5 UV,Q0548,PIA D_Uniform Black_55% UV,R0548,PIA D_Uniform Black_55% UV
1-Day_Color_Sph,T7040,(CA)PIA D_Pink Bomb_55%_14.5 UV,P7040,(CA)PIA D_Pink Bomb_55%_14.5 UV,Q0590,PIA D_Pink Bomb_55%_14.5 UV,R0590,PIA D_Pink Bomb_55%_14.5 UV
1-Day_Color_Sph,T7041,PIA D_Melady Brown_38% UV,P7041,PIA D_Melady Brown_38% UV,Q7041,PIA D_Melady Brown_38% UV,R7041,PIA D_Melady Brown_38% UV
1-Day_Color_Sph,T7042,PIA D_Coco Truffle_38% UV,P7042,PIA D_Coco Truffle_38% UV,Q7042,PIA D_Coco Truffle_38% UV,R7042,PIA D_Coco Truffle_38% UV
1-Day_Color_Sph,T7043,PIA D_Salty Donut_38% UV,P7043,PIA D_Salty Donut_38% UV,Q7043,PIA D_Salty Donut_38% UV,R7043,PIA D_Salty Donut_38% UV
1-Day_Color_Sph,T7044,PIA D_Honey Soda_38% UV,P7044,PIA D_Honey Soda_38% UV,Q7044,PIA D_Honey Soda_38% UV,R7044,PIA D_Honey Soda_38% UV
1-Day_Color_Sph,T7045,PIA D_Peridot_38% UV,P7045,PIA D_Peridot_38% UV,Q7045,PIA D_Peridot_38% UV,R7045,PIA D_Peridot_38% UV
1-Day_Color_Sph,T7046,PIA D_Honey Amber_38% UV,P7046,PIA D_Honey Amber_38% UV,Q7046,PIA D_Honey Amber_38% UV,R7046,PIA D_Honey Amber_38% UV
1-Day_Color_Sph,T7047,PIA D_Lapis Lazuli_38% UV,P7047,PIA D_Lapis Lazuli_38% UV,Q7047,PIA D_Lapis Lazuli_38% UV,R7047,PIA D_Lapis Lazuli_38% UV
1-Day_Color_Sph,T7048,PIA D_Kiss me Brown_38% UV,P7048,PIA D_Kiss me Brown_38% UV,Q7048,PIA D_Kiss me Brown_38% UV,R7048,PIA D_Kiss me Brown_38% UV
1-Day_Color_Sph,T7049,PIA D_Secret Shine_38% UV,P7049,PIA D_Secret Shine_38% UV,Q7049,PIA D_Secret Shine_38% UV,R7049,PIA D_Secret Shine_38% UV
1-Day_Color_Sph,T7050,PIA D_Happiness Chocolat_38% UV,P7050,PIA D_Happiness Chocolat_38% UV,Q7050,PIA D_Happiness Chocolat_38% UV,R7050,PIA D_Happiness Chocolat_38% UV
1-Day_Color_Sph,T7051,PIA D_Prism Gray_38% UV,P7051,PIA D_Prism Gray_38% UV,Q7051,PIA D_Prism Gray_38% UV,R7051,PIA D_Prism Gray_38% UV
1-Day_Color_Sph,T7052,PIA D_Sugar Donut_38% UV,P7052,PIA D_Sugar Donut_38% UV,Q7052,PIA D_Sugar Donut_38% UV,R7052,PIA D_Sugar Donut_38% UV
1-Day_Color_Sph,T7053,PIA D_Citrine_38% UV,P7053,PIA D_Citrine_38% UV,Q7053,PIA D_Citrine_38% UV,R7053,PIA D_Citrine_38% UV
1-Day_Color_Sph,T7054,PIA D_Churun Chocofrappe_38% UV,P7054,PIA D_Churun Chocofrappe_38% UV,Q7054,PIA D_Churun Chocofrappe_38% UV,R7054,PIA D_Churun Chocofrappe_38% UV
1-Day_Color_Sph,T7055,PIA D_Fuwafuwa Cappuccino_38% UV,P7055,PIA D_Fuwafuwa Cappuccino_38% UV,Q7055,PIA D_Fuwafuwa Cappuccino_38% UV,R7055,PIA D_Fuwafuwa Cappuccino_38% UV
1-Day_Color_Sph,T7056,PIA D_Kyurukyuru Darkmocha_38% UV,P7056,PIA D_Kyurukyuru Darkmocha_38% UV,Q7056,PIA D_Kyurukyuru Darkmocha_38% UV,R7056,PIA D_Kyurukyuru Darkmocha_38% UV
1-Day_Color_Sph,T7057,PIA D_Pururun Sodafloat_38% UV,P7057,PIA D_Pururun Sodafloat_38% UV,Q7057,PIA D_Pururun Sodafloat_38% UV,R7057,PIA D_Pururun Sodafloat_38% UV
1-Day_Color_Sph,T7058,PIA D_Heroine Brown_38% UV,P7058,PIA D_Heroine Brown_38% UV,Q7058,PIA D_Heroine Brown_38% UV,R7058,PIA D_Heroine Brown_38% UV
1-Day_Color_Sph,T7059,PIA D_Lady Black_38% UV,P7059,PIA D_Lady Black_38% UV,Q7059,PIA D_Lady Black_38% UV,R7059,PIA D_Lady Black_38% UV
1-Day_Color_Sph,T7060,PIA D_Liar Pink_38% UV,P7060,PIA D_Liar Pink_38% UV,Q7060,PIA D_Liar Pink_38% UV,R7060,PIA D_Liar Pink_38% UV
1-Day_Color_Sph,T7500,PIA D_water water_14.2,P7500,PIA D_water water_14.2,Q7500,PIA D_water water_14.2,R7500,PIA D_water water_14.2
1-Day_Color_Sph,T7501,PIA D_Cream Beige_14.4,P7501,PIA D_Cream Beige_14.4,Q7501,PIA D_Cream Beige_14.4,R7501,PIA D_Cream Beige_14.4
1-Day_Color_Sph,T7502,PIA D_Cream Grege_14.4,P7502,PIA D_Cream Grege_14.4,Q7502,PIA D_Cream Grege_14.4,R7502,PIA D_Cream Grege_14.4
1-Day_Color_Sph,T7503,PIA D_Skin Beige_14.2,P7503,PIA D_Skin Beige_14.2,Q7503,PIA D_Skin Beige_14.2,R7503,PIA D_Skin Beige_14.2
1-Day_Color_Sph,T7504,PIA D_Skin Grege_14.2,P7504,PIA D_Skin Grege_14.2,Q7504,PIA D_Skin Grege_14.2,R7504,PIA D_Skin Grege_14.2
FRP_Color_Sph,T7505,Cream beige_(신규)PIA_M(Y),P7505,Cream beige_(신규)PIA_M(Y),Q7505,Cream beige_(신규)PIA_M(Y),R7505,Cream beige_(신규)PIA_M(Y)
FRP_Color_Sph,T7506,Cream grege_(신규)PIA_M(Y),P7506,Cream grege_(신규)PIA_M(Y),Q7506,Cream grege_(신규)PIA_M(Y),R7506,Cream grege_(신규)PIA_M(Y)
FRP_Color_Sph,T7507,water water_(신규)PIA_M(Y),P7507,water water_(신규)PIA_M(Y),Q7507,water water_(신규)PIA_M(Y),R7507,water water_(신규)PIA_M(Y)
FRP_Color_Sph,T7508,Skin Beige_(신규)PIA_M_14.5(Y),P7508,Skin Beige_(신규)PIA_M_14.5(Y),Q7508,Skin Beige_(신규)PIA_M_14.5(Y),R7508,Skin Beige_(신규)PIA_M_14.5(Y)
FRP_Color_Sph,T7509,Skin Grege_(신규)PIA_M_14.5(Y),P7509,Skin Grege_(신규)PIA_M_14.5(Y),Q7509,Skin Grege_(신규)PIA_M_14.5(Y),R7509,Skin Grege_(신규)PIA_M_14.5(Y)
FRP_Color_Sph,T7510,RUSTY BEIGE_PIA_M_중사각(Y),P7510,RUSTY BEIGE_PIA_M_중사각(Y),Q7510,RUSTY BEIGE_PIA_M_중사각(Y),R7510,RUSTY BEIGE_PIA_M_중사각(Y)
FRP_Color_Sph,T7511,RUSTY GRAY_PIA_M_중사각(Y),P7511,RUSTY GRAY_PIA_M_중사각(Y),Q7511,RUSTY GRAY_PIA_M_중사각(Y),R7511,RUSTY GRAY_PIA_M_중사각(Y)
FRP_Color_Sph,T7512,Baby Espresso_PIA_M_중사각(Y),P7512,Baby Espresso_PIA_M_중사각(Y),Q7512,Baby Espresso_PIA_M_중사각(Y),R7512,Baby Espresso_PIA_M_중사각(Y)
FRP_Color_Sph,T7513,Tiramisu Ring_PIA_M_중사각(Y),P7513,Tiramisu Ring_PIA_M_중사각(Y),Q7513,Tiramisu Ring_PIA_M_중사각(Y),R7513,Tiramisu Ring_PIA_M_중사각(Y)
FRP_Color_Sph,T7514,Oolong Tea_PIA_M_중사각(Y),P7514,Oolong Tea_PIA_M_중사각(Y),Q7514,Oolong Tea_PIA_M_중사각(Y),R7514,Oolong Tea_PIA_M_중사각(Y)
FRP_Color_Sph,T7515,Tarte Tatin_PIA_M_(중)(Y),P7515,Tarte Tatin_PIA_M_(중)(Y),Q7515,Tarte Tatin_PIA_M(Y),R7515,Tarte Tatin_PIA_M(Y)
FRP_Color_Sph,T7516,Brulee Pearl_PIA_M_(중)(Y),P7516,Brulee Pearl_PIA_M_(중)(Y),Q7516,Brulee Pearl_PIA_M(Y),R7516,Brulee Pearl_PIA_M(Y)
FRP_Color_Sph,T7517,Almond Poodle_PIA_M_(중)(Y),P7517,Almond Poodle_PIA_M_(중)(Y),Q7517,Almond Poodle_PIA_M(Y),R7517,Almond Poodle_PIA_M(Y)
FRP_Color_Sph,T7518,Pink Bomb_PIA_M_(중)(Y),P7518,Pink Bomb_PIA_M_(중)(Y),Q7518,Pink Bomb_PIA_M(Y),R7518,Pink Bomb_PIA_M(Y)
FRP_Color_Sph,T7519,Twinkle Brown_PIA_M_(중)(Y),P7519,Twinkle Brown_PIA_M_(중)(Y),Q7519,Twinkle Brown_PIA_M(Y),R7519,Twinkle Brown_PIA_M(Y)
FRP_Color_Sph,T7520,Dazzle Gray_2T_(PBT)PIA_M_(중)(Y),P7520,Dazzle Gray_2T_(PBT)PIA_M_(중)(Y),Q7520,Dazzle Gray_2T_(PBT)PIA_M(Y),R7520,Dazzle Gray_2T_(PBT)PIA_M(Y)
FRP_Color_Sph,T7521,Coral Brown_2T_(PBT)PIA_M_(중)(Y),P7521,Coral Brown_2T_(PBT)PIA_M_(중)(Y),Q7521,Coral Brown_2T_(PBT)PIA_M(Y),R7521,Coral Brown_2T_(PBT)PIA_M(Y)
FRP_Color_Sph,T7522,Mirror Gray_3T_(PBT)PIA_M_(중)(Y),P7522,Mirror Gray_3T_(PBT)PIA_M_(중)(Y),Q7522,Mirror Gray_3T_(PBT)PIA_M(Y),R7522,Mirror Gray_3T_(PBT)PIA_M(Y)
FRP_Color_Sph,T7523,Tint Brown_1T_(PBT)PIA_M_(중)(Y),P7523,Tint Brown_1T_(PBT)PIA_M_(중)(Y),Q7523,Tint Brown_1T_(PBT)PIA_M(Y),R7523,Tint Brown_1T_(PBT)PIA_M(Y)
FRP_Color_Sph,T7524,Sakura Petal_2T_(PBT)PIA_M_(중)(Y),P7524,Sakura Petal_2T_(PBT)PIA_M_(중)(Y),Q7524,Sakura Petal_2T_(PBT)PIA_M(Y),R7524,Sakura Petal_2T_(PBT)PIA_M(Y)
FRP_Color_Sph,T7525,Tangerine Tea_3T_(PBT)PIA_M_(중)(Y),P7525,Tangerine Tea_3T_(PBT)PIA_M_(중)(Y),Q7525,Tangerine Tea_3T_(PBT)PIA_M(Y),R7525,Tangerine Tea_3T_(PBT)PIA_M(Y)
FRP_Color_Sph,T7526,Peach Crush_3T_(PBT)PIA_M_(중)(Y),P7526,Peach Crush_3T_(PBT)PIA_M_(중)(Y),Q7526,Peach Crush_3T_(PBT)PIA_M(Y),R7526,Peach Crush_3T_(PBT)PIA_M(Y)
FRP_Color_Sph,T7527,FLAMINGO_PIA_M_(중)(Y),P7527,FLAMINGO_PIA_M_(중)(Y),Q7527,FLAMINGO_PIA_M(Y),R7527,FLAMINGO_PIA_M(Y)
FRP_Color_Sph,T7528,MARIGOLD_PIA_M_(중)(Y),P7528,MARIGOLD_PIA_M_(중)(Y),Q7528,MARIGOLD_PIA_M(Y),R7528,MARIGOLD_PIA_M(Y)
FRP_Color_Sph,T7529,OCEAN_PIA_M_(중)(Y),P7529,OCEAN_PIA_M_(중)(Y),Q7529,OCEAN_PIA_M(Y),R7529,OCEAN_PIA_M(Y)
FRP_Color_Sph,T7530,RUSTY BROWN_PIA_M_(중)(Y),P7530,RUSTY BROWN_PIA_M_(중)(Y),Q7530,RUSTY BROWN_PIA_M(Y),R7530,RUSTY BROWN_PIA_M(Y)
FRP_Color_Sph,T7531,Dazzle Beige_2T_(PBT)PIA_M(Y),P7531,Dazzle Beige_2T_(PBT)PIA_M(Y),Q7531,Dazzle Beige_2T_(PBT)PIA_M(Y),R7531,Dazzle Beige_2T_(PBT)PIA_M(Y)
FRP_Color_Sph,T7532,Sakura Smore_PIA_M_(중)(Y),P7532,Sakura Smore_PIA_M_(중)(Y),Q7532,Sakura Smore_PIA_M(Y),R7532,Sakura Smore_PIA_M(Y)
FRP_Color_Sph,T7533,Dark Peony_PIA_M_(중)(Y),P7533,Dark Peony_PIA_M_(중)(Y),Q7533,Dark Peony_PIA_M(Y),R7533,Dark Peony_PIA_M(Y)
FRP_Color_Sph,T7534,Affogato_PIA_M_(중)(Y),P7534,Affogato_PIA_M_(중)(Y),Q7534,Affogato_PIA_M(Y),R7534,Affogato_PIA_M(Y)
FRP_Color_Sph,T7535,Coffee Jelly_PIA_M_(중)(Y),P7535,Coffee Jelly_PIA_M_(중)(Y),Q7535,Coffee Jelly_PIA_M(Y),R7535,Coffee Jelly_PIA_M(Y)
FRP_Color_Sph,T7536,Strawberry Quartz_PIA_M_(중)(Y),P7536,Strawberry Quartz_PIA_M_(중)(Y),Q7536,Strawberry Quartz_PIA_M(Y),R7536,Strawberry Quartz_PIA_M(Y)
FRP_Color_Sph,T7537,Garnet_PIA_M_(중)(Y),P7537,Garnet_PIA_M_(중)(Y),Q7537,Garnet_PIA_M(Y),R7537,Garnet_PIA_M(Y)
FRP_Color_Sph,T7538,Date Topaz_PIA_M_(중)(Y),P7538,Date Topaz_PIA_M_(중)(Y),Q7538,Date Topaz_PIA_M(Y),R7538,Date Topaz_PIA_M(Y)
FRP_Color_Sph,T7539,Brown Bunny_PIA_M_(중)(Y),P7539,Brown Bunny_PIA_M_(중)(Y),Q7539,Brown Bunny_PIA_M(Y),R7539,Brown Bunny_PIA_M(Y)
FRP_Color_Sph,T7540,Dollish Brown_PIA_M_(중)(Y),P7540,Dollish Brown_PIA_M_(중)(Y),Q7540,Dollish Brown_PIA_M(Y),R7540,Dollish Brown_PIA_M(Y)
FRP_Color_Sph,T7541,Dollish Gray_PIA_M_(중)(Y),P7541,Dollish Gray_PIA_M_(중)(Y),Q7541,Dollish Gray_PIA_M(Y),R7541,Dollish Gray_PIA_M(Y)
FRP_Color_Sph,T7542,Skin Nude Chocolate_PIA_M_14.5(Y),P7542,Skin Nude Chocolate_PIA_M_14.5(Y),Q7542,Skin Nude Chocolate_PIA_M_14.5(Y),R7542,Skin Nude Chocolate_PIA_M_14.5(Y)
1-Day_Color_Sph,T7543,PIA D_Chocolate_14.4,P7543,PIA D_Chocolate_14.4,Q7543,PIA D_Chocolate_14.4,R7543,PIA D_Chocolate_14.4
1-Day_Color_Sph,T7544,PIA D_Skin Nude Chocolate_14.2,P7544,PIA D_Skin Nude Chocolate_14.2,Q7544,PIA D_Skin Nude Chocolate_14.2,R7544,PIA D_Skin Nude Chocolate_14.2
FRP_Color_Sph,T7545,Dream Gray_PIA_M_(중)(Y),P7545,Dream Gray_PIA_M_(중)(Y),Q7545,Dream Gray_PIA_M(Y),R7545,Dream Gray_PIA_M(Y)
FRP_Color_Sph,T7546,Uniform Black_PIA_M_(중)(Y),P7546,Uniform Black_PIA_M_(중)(Y),Q7546,Uniform Black_PIA_M(Y),R7546,Uniform Black_PIA_M(Y)
FRP_Color_Sph,T7547,Chocolate_(신규)PIA_M(Y),P7547,Chocolate_(신규)PIA_M(Y),Q7547,Chocolate_(신규)PIA_M(Y),R7547,Chocolate_(신규)PIA_M(Y)
FRP_Color_Sph,T7548,Cream nuts_(신규)PIA_M(Y),P7548,Cream nuts_(신규)PIA_M(Y),Q7548,Cream nuts_(신규)PIA_M(Y),R7548,Cream nuts_(신규)PIA_M(Y)
FRP_Color_Sph,T7549,Milky Gray_(신규)PIA_M(Y),P7549,Milky Gray_(신규)PIA_M(Y),Q7549,Milky Gray_(신규)PIA_M(Y),R7549,Milky Gray_(신규)PIA_M(Y)
FRP_Color_Sph,T7550,Baby Baby_(신규)PIA_M(Y),P7550,Baby Baby_(신규)PIA_M(Y),Q7550,Baby Baby_(신규)PIA_M(Y),R7550,Baby Baby_(신규)PIA_M(Y)
FRP_Color_Sph,T7551,Old fashion_(신규)PIA_M(Y),P7551,Old fashion_(신규)PIA_M(Y),Q7551,Old fashion_(신규)PIA_M(Y),R7551,Old fashion_(신규)PIA_M(Y)
1-Day_Color_Sph,T7552,PIA D_(영문)Cream Beige,P7552,PIA D_(영문)Cream Beige,Q7501,PIA D_Cream Beige_14.4,R7501,PIA D_Cream Beige_14.4
1-Day_Color_Sph,T7553,PIA D_(영문)Cream Grege,P7553,PIA D_(영문)Cream Grege,Q7502,PIA D_Cream Grege_14.4,R7502,PIA D_Cream Grege_14.4
1-Day_Color_Sph,T7554,PIA D_(영문)chocolate,P7554,PIA D_(영문)chocolate,Q7543,PIA D_Chocolate_14.4,R7543,PIA D_Chocolate_14.4
1-Day_Color_Sph,T7555,PIA D_(영문)water water,P7555,PIA D_(영문)water water,Q7500,PIA D_water water_14.2,R7500,PIA D_water water_14.2
,T8062,Clalen O2O2 Color 1Day Freedom380_Spherical(허가용,P8062,Clalen O2O2 Color 1Day Freedom380,Q8062,Clalen O2O2 Color 1Day Freedom380,R8062,Clalen O2O2 Color 1Day Freedom380
,T8063,Clalen O2O2 1Day Freedom380_Spherical(허가용),P8063,Clalen O2O2 1Day Freedom380,Q8063,Clalen O2O2 1Day Freedom380,R8063,Clalen O2O2 1Day Freedom380
,T8067,Clalen O2O2 Color Monthly Freedom380_Spherical(허,P8067,Clalen O2O2 Color Monthly Freedom380,Q8067,Clalen O2O2 Color Monthly Freedom380,R8067,Clalen O2O2 Color Monthly Freedom380
,T8068,Clalen O2O2 Monthly Freedom380_Spherical(허가용),P8068,Clalen O2O2 M Freedom380,Q8068,Clalen O2O2 M Freedom380,R8068,Clalen O2O2 M Freedom380
,T8070,Clalen O2O2 1Day_Toric(허가용),P8070,Clalen O2O2 Clear 1Day Toric,Q8070,Clalen O2O2 Clear 1Day Toric,R8070,Clalen O2O2 Clear 1Day Toric
,T8080,Clalen O2O2 1Day_Multifocal(허가용),P8080,Clalen O2O2 1Day Multifocal,Q8080,Clalen O2O2 1Day Multifocal,R8080,Clalen O2O2 1Day Multifocal
