생산일자,공정코드,품목코드,품명,양품수량,생산수량,상태
2025-01-10,[10] 사출조립,R3407-04.50ASG,O2O2 D_Ash Gray EX,"2,230","2,230",확인
2025-01-10,[10] 사출조립,R3407-04.50ASG,O2O2 D_Ash Gray EX,"2,230","2,230",확인
2025-01-10,[10] 사출조립,R3407-04.50ASG,O2O2 D_Ash Gray EX,"2,230","2,230",확인
2025-01-10,[10] 사출조립,R3407-04.50ASG,O2O2 D_Ash Gray EX,"2,230","2,230",확인
2025-01-10,[10] 사출조립,R3407-04.25ASG,O2O2 D_Ash Gray EX,"2,230","2,230",확인
2025-01-10,[10] 사출조립,R3407-04.25ASG,O2O2 D_Ash Gray EX,"2,230","2,230",확인
2025-01-10,[10] 사출조립,R3407-04.25ASG,O2O2 D_Ash Gray EX,"2,230","2,230",확인
2025-01-10,[10] 사출조립,R3407-04.25ASG,O2O2 D_Ash Gray EX,"2,443","2,443",확인
2025-01-10,[10] 사출조립,R3407-04.25ASG,O2O2 D_Ash Gray EX,"2,443","2,443",확인
2025-01-10,[20] 분리,Q3407-04.50ASG,O2O2 D_Ash Gray EX,"1,602","2,230",확인
2025-01-10,[10] 사출조립,R3407-04.25ASG,O2O2 D_Ash Gray EX,"2,443","2,443",확인
2025-01-10,[10] 사출조립,R3407-04.25ASG,O2O2 D_Ash Gray EX,"2,443","2,443",확인
2025-01-10,[10] 사출조립,R3407-04.25ASG,O2O2 D_Ash Gray EX,"2,443","2,443",확인
2025-01-10,[10] 사출조립,R3407-04.25ASG,O2O2 D_Ash Gray EX,"2,443","2,443",확인
2025-01-10,[10] 사출조립,R3407-04.25ASG,O2O2 D_Ash Gray EX,"2,443","2,443",확인
2025-01-10,[10] 사출조립,R3407-04.00ASG,O2O2 D_Ash Gray EX,"2,230","2,230",확인
2025-01-10,[10] 사출조립,R3407-04.00ASG,O2O2 D_Ash Gray EX,"2,443","2,443",확인
2025-01-11,[20] 분리,Q3407-04.00ASG,O2O2 D_Ash Gray EX,"1,936","2,230",확인
2025-01-11,[20] 분리,Q3407-04.00ASG,O2O2 D_Ash Gray EX,"2,104","2,443",확인
2025-01-11,[20] 분리,Q3407-04.25ASG,O2O2 D_Ash Gray EX,"2,100","2,443",확인
2025-01-11,[20] 분리,Q3407-04.25ASG,O2O2 D_Ash Gray EX,"1,866","2,230",확인
2025-01-11,[20] 분리,Q3407-04.25ASG,O2O2 D_Ash Gray EX,"1,253","2,443",확인
2025-01-11,[20] 분리,Q3407-04.25ASG,O2O2 D_Ash Gray EX,"1,618","2,230",확인
2025-01-11,[20] 분리,Q3407-04.25ASG,O2O2 D_Ash Gray EX,"1,735","2,443",확인
2025-01-11,[20] 분리,Q3407-04.50ASG,O2O2 D_Ash Gray EX,"1,954","2,230",확인
2025-01-11,[20] 분리,Q3407-04.25ASG,O2O2 D_Ash Gray EX,"1,899","2,230",확인
2025-01-11,[20] 분리,Q3407-04.25ASG,O2O2 D_Ash Gray EX,"1,966","2,443",확인
2025-01-11,[20] 분리,Q3407-04.25ASG,O2O2 D_Ash Gray EX,"2,050","2,443",확인
2025-01-11,[20] 분리,Q3407-04.25ASG,O2O2 D_Ash Gray EX,"2,190","2,443",확인
2025-01-11,[20] 분리,Q3407-04.50ASG,O2O2 D_Ash Gray EX,"1,829","2,230",확인
2025-01-11,[20] 분리,Q3407-04.50ASG,O2O2 D_Ash Gray EX,"1,874","2,230",확인
2025-01-11,[20] 분리,Q3407-04.25ASG,O2O2 D_Ash Gray EX,"1,972","2,443",확인
2025-01-12,[10] 사출조립,R3407-03.75ASG,O2O2 D_Ash Gray EX,"2,287","2,287",확인
2025-01-12,[10] 사출조립,R3407-03.75ASG,O2O2 D_Ash Gray EX,"2,287","2,287",확인
2025-01-12,[10] 사출조립,R3407-03.75ASG,O2O2 D_Ash Gray EX,"2,287","2,287",확인
2025-01-12,[10] 사출조립,R3407-03.75ASG,O2O2 D_Ash Gray EX,"2,287","2,287",확인
2025-01-12,[10] 사출조립,R3407-04.00ASG,O2O2 D_Ash Gray EX,"2,287","2,287",확인
2025-01-12,[10] 사출조립,R3407-04.00ASG,O2O2 D_Ash Gray EX,"2,287","2,287",확인
2025-01-12,[10] 사출조립,R3407-04.00ASG,O2O2 D_Ash Gray EX,"2,287","2,287",확인
2025-01-12,[10] 사출조립,R3407-04.00ASG,O2O2 D_Ash Gray EX,"2,287","2,287",확인
2025-01-13,[20] 분리,Q3407-03.75ASG,O2O2 D_Ash Gray EX,"1,852","2,287",확인
2025-01-13,[20] 분리,Q3407-03.75ASG,O2O2 D_Ash Gray EX,"1,934","2,287",확인
2025-01-13,[20] 분리,Q3407-03.75ASG,O2O2 D_Ash Gray EX,"1,764","2,287",확인
2025-01-13,[20] 분리,Q3407-03.75ASG,O2O2 D_Ash Gray EX,"1,572","2,287",확인
2025-01-13,[20] 분리,Q3407-04.00ASG,O2O2 D_Ash Gray EX,"1,488","2,287",확인
2025-01-13,[20] 분리,Q3407-04.00ASG,O2O2 D_Ash Gray EX,"1,808","2,287",확인
2025-01-13,[20] 분리,Q3407-04.00ASG,O2O2 D_Ash Gray EX,"2,072","2,287",확인
2025-01-13,[20] 분리,Q3407-04.00ASG,O2O2 D_Ash Gray EX,"1,746","2,287",확인
2025-01-14,[20] 분리,Q3407-03.75ASG,O2O2 D_Ash Gray EX,354,420,확인
2025-01-14,[20] 분리,Q3407-03.75ASG,O2O2 D_Ash Gray EX,273,420,확인
2025-01-14,[20] 분리,Q3407-03.75ASG,O2O2 D_Ash Gray EX,287,420,확인
2025-01-14,[20] 분리,Q3407-03.75ASG,O2O2 D_Ash Gray EX,276,420,확인
2025-01-14,[20] 분리,Q3407-03.75ASG,O2O2 D_Ash Gray EX,331,420,확인
2025-01-14,[10] 사출조립,R3407-03.75ASG,O2O2 D_Ash Gray EX,420,420,확인
2025-01-14,[10] 사출조립,R3407-03.75ASG,O2O2 D_Ash Gray EX,420,420,확인
2025-01-14,[10] 사출조립,R3407-03.75ASG,O2O2 D_Ash Gray EX,420,420,확인
2025-01-14,[10] 사출조립,R3407-03.75ASG,O2O2 D_Ash Gray EX,420,420,확인
2025-01-14,[10] 사출조립,R3407-03.75ASG,O2O2 D_Ash Gray EX,420,420,확인
2025-01-14,[10] 사출조립,R3407-03.75ASG,O2O2 D_Ash Gray EX,420,420,확인
2025-01-14,[10] 사출조립,R3407-03.75ASG,O2O2 D_Ash Gray EX,420,420,확인
2025-01-14,[10] 사출조립,R3407-03.75ASG,O2O2 D_Ash Gray EX,420,420,확인
2025-01-16,[20] 분리,Q3407-01.00ASG,O2O2 D_Ash Gray EX,"1,445","2,234",확인
2025-01-16,[10] 사출조립,R3407-01.50ASG,O2O2 D_Ash Gray EX,"2,234","2,234",확인
2025-01-16,[10] 사출조립,R3407-01.50ASG,O2O2 D_Ash Gray EX,0,"2,234",확인
2025-01-16,[20] 분리,Q3407-01.25ASG,O2O2 D_Ash Gray EX,"1,575","2,234",확인
2025-01-16,[10] 사출조립,R3407-01.25ASG,O2O2 D_Ash Gray EX,"2,234","2,234",확인
2025-01-16,[10] 사출조립,R3407-01.25ASG,O2O2 D_Ash Gray EX,"2,234","2,234",확인
2025-01-16,[10] 사출조립,R3407-01.25ASG,O2O2 D_Ash Gray EX,"2,234","2,234",확인
2025-01-16,[10] 사출조립,R3407-01.00ASG,O2O2 D_Ash Gray EX,0,"2,234",확인
2025-01-16,[10] 사출조립,R3407-01.00ASG,O2O2 D_Ash Gray EX,0,"2,234",확인
2025-01-16,[10] 사출조립,R3407-01.00ASG,O2O2 D_Ash Gray EX,"2,234","2,234",확인
2025-01-16,[20] 분리,Q3407-01.50ASG,O2O2 D_Ash Gray EX,"1,761","2,234",확인
2025-01-17,[20] 분리,Q3407-01.25ASG,O2O2 D_Ash Gray EX,"1,561","2,234",확인
2025-01-20,[20] 분리,Q3407-03.75ASG,O2O2 D_Ash Gray EX,293,420,확인
2025-01-20,[20] 분리,Q3407-03.75ASG,O2O2 D_Ash Gray EX,265,420,확인
2025-01-20,[20] 분리,Q3407-03.75ASG,O2O2 D_Ash Gray EX,303,420,확인
2025-01-20,[20] 분리,Q3407-01.25ASG,O2O2 D_Ash Gray EX,"1,349","2,234",확인
2025-03-25,[45] 하이드레이션/전면검사,P3405A-03.50SPC,O2O2 D_Sepia Choco EX,"1,340","1,340",확인
2025-03-25,[45] 하이드레이션/전면검사,P3405A-03.50SPC,O2O2 D_Sepia Choco EX,"1,510","1,513",확인
2025-03-25,[45] 하이드레이션/전면검사,P3405A-03.00SPC,O2O2 D_Sepia Choco EX,"1,845","1,847",확인
2025-03-25,[45] 하이드레이션/전면검사,P3405A-02.50SPC,O2O2 D_Sepia Choco EX,"1,885","1,885",확인
2025-03-25,[45] 하이드레이션/전면검사,P3405A-02.50SPC,O2O2 D_Sepia Choco EX,"1,350","1,358",확인
2025-03-25,[55] 접착/ 멸균,P3405A-03.25SPC,O2O2 D_Sepia Choco EX,"1,703","1,775",확인
2025-03-25,[45] 하이드레이션/전면검사,P3405A-03.25SPC,O2O2 D_Sepia Choco EX,"1,775","1,777",확인
2025-03-25,[45] 하이드레이션/전면검사,P3405A-03.25SPC,O2O2 D_Sepia Choco EX,"1,480","1,481",확인
2025-03-25,[45] 하이드레이션/전면검사,P3405A-01.25SPC,O2O2 D_Sepia Choco EX,"1,595","1,597",확인
2025-03-25,[45] 하이드레이션/전면검사,P3405A-01.25SPC,O2O2 D_Sepia Choco EX,"1,510","1,512",확인
2025-03-25,[45] 하이드레이션/전면검사,P3405A-05.50SPC,O2O2 D_Sepia Choco EX,"1,660","1,666",확인
2025-03-25,[45] 하이드레이션/전면검사,P3405A-01.25SPC,O2O2 D_Sepia Choco EX,"1,500","1,506",확인
2025-03-25,[45] 하이드레이션/전면검사,P3405A-01.25SPC,O2O2 D_Sepia Choco EX,"1,505","1,506",확인
2025-03-25,[45] 하이드레이션/전면검사,P3405A-05.50SPC,O2O2 D_Sepia Choco EX,"1,325","1,329",확인
2025-03-25,[45] 하이드레이션/전면검사,P3405A-01.75SPC,O2O2 D_Sepia Choco EX,"1,530","1,530",확인
2025-03-25,[45] 하이드레이션/전면검사,P3405A-04.25SPC,O2O2 D_Sepia Choco EX,"1,925","1,925",확인
2025-03-26,[45] 하이드레이션/전면검사,P3405A-03.50SPC,O2O2 D_Sepia Choco EX,"1,660","1,665",확인
2025-03-26,[45] 하이드레이션/전면검사,P3405A-03.50SPC,O2O2 D_Sepia Choco EX,"1,040","1,044",확인
2025-03-26,[55] 접착/ 멸균,P3405A-03.50SPC,O2O2 D_Sepia Choco EX,"1,232","1,340",확인
2025-03-26,[80] 누수/규격검사,P3405A-03.50SPC,O2O2 D_Sepia Choco EX,"1,209","1,232",확인
2025-03-26,[55] 접착/ 멸균,P3405A-03.00SPC,O2O2 D_Sepia Choco EX,"1,791","1,845",확인
2025-03-26,[55] 접착/ 멸균,P3405A-03.00SPC,O2O2 D_Sepia Choco EX,"1,798","1,880",확인
2025-03-26,[80] 누수/규격검사,P3405A-03.00SPC,O2O2 D_Sepia Choco EX,"1,763","1,791",확인
2025-03-26,[80] 누수/규격검사,P3405A-03.00SPC,O2O2 D_Sepia Choco EX,"1,760","1,798",확인
2025-03-26,[45] 하이드레이션/전면검사,P3405A-03.00SPC,O2O2 D_Sepia Choco EX,"1,880","1,882",확인
2025-03-26,[45] 하이드레이션/전면검사,P3405A-02.50SPC,O2O2 D_Sepia Choco EX,"1,420","1,442",확인
2025-03-26,[45] 하이드레이션/전면검사,P3405A-02.50SPC,O2O2 D_Sepia Choco EX,770,771,확인
2025-03-26,[45] 하이드레이션/전면검사,P3405A-02.50SPC,O2O2 D_Sepia Choco EX,720,723,확인
2025-03-26,[45] 하이드레이션/전면검사,P3405A-02.50SPC,O2O2 D_Sepia Choco EX,"1,730","1,730",확인
2025-03-26,[45] 하이드레이션/전면검사,P3405A-02.50SPC,O2O2 D_Sepia Choco EX,"1,975","1,977",확인
2025-03-26,[45] 하이드레이션/전면검사,P3405A-02.50SPC,O2O2 D_Sepia Choco EX,575,579,확인
2025-03-26,[45] 하이드레이션/전면검사,P3405A-02.50SPC,O2O2 D_Sepia Choco EX,"1,520","1,529",확인
2025-03-26,[45] 하이드레이션/전면검사,P3405A-03.25SPC,O2O2 D_Sepia Choco EX,"1,440","1,474",확인
2025-03-26,[45] 하이드레이션/전면검사,P3405A-03.25SPC,O2O2 D_Sepia Choco EX,"1,205","1,228",확인
2025-03-26,[45] 하이드레이션/전면검사,P3405A-03.25SPC,O2O2 D_Sepia Choco EX,"1,075","1,095",확인
2025-03-26,[45] 하이드레이션/전면검사,P3405A-03.25SPC,O2O2 D_Sepia Choco EX,"1,100","1,109",확인
2025-03-26,[45] 하이드레이션/전면검사,P3405A-03.25SPC,O2O2 D_Sepia Choco EX,"1,975","1,981",확인
2025-03-26,[45] 하이드레이션/전면검사,P3405A-03.25SPC,O2O2 D_Sepia Choco EX,"1,685","1,689",확인
2025-03-26,[45] 하이드레이션/전면검사,P3405A-03.25SPC,O2O2 D_Sepia Choco EX,"1,490","1,492",확인
2025-03-26,[45] 하이드레이션/전면검사,P3405A-03.25SPC,O2O2 D_Sepia Choco EX,"1,950","1,953",확인
2025-03-26,[45] 하이드레이션/전면검사,P3405A-03.25SPC,O2O2 D_Sepia Choco EX,"1,540","1,543",확인
2025-03-26,[80] 누수/규격검사,P3405A-02.50SPC,O2O2 D_Sepia Choco EX,"1,801","1,832",확인
2025-03-26,[55] 접착/ 멸균,P3405A-02.50SPC,O2O2 D_Sepia Choco EX,"1,672","1,730",확인
2025-03-26,[80] 누수/규격검사,P3405A-02.50SPC,O2O2 D_Sepia Choco EX,"1,877","1,931",확인
2025-03-26,[55] 접착/ 멸균,P3405A-02.50SPC,O2O2 D_Sepia Choco EX,"1,832","1,885",확인
2025-03-26,[80] 누수/규격검사,P3405A-02.50SPC,O2O2 D_Sepia Choco EX,"1,630","1,672",확인
2025-03-26,[55] 접착/ 멸균,P3405A-02.50SPC,O2O2 D_Sepia Choco EX,"1,931","1,975",확인
2025-03-26,[80] 누수/규격검사,P3405A-03.25SPC,O2O2 D_Sepia Choco EX,"1,892","1,921",확인
2025-03-26,[55] 접착/ 멸균,P3405A-03.25SPC,O2O2 D_Sepia Choco EX,"1,921","1,975",확인
2025-03-26,[80] 누수/규격검사,P3405A-03.25SPC,O2O2 D_Sepia Choco EX,"1,670","1,703",확인
2025-03-26,[55] 접착/ 멸균,P3405A-01.25SPC,O2O2 D_Sepia Choco EX,"1,150","1,595",확인
2025-03-26,[55] 접착/ 멸균,P3405A-01.25SPC,O2O2 D_Sepia Choco EX,"1,902","1,980",확인
2025-03-26,[80] 누수/규격검사,P3405A-01.25SPC,O2O2 D_Sepia Choco EX,"1,865","1,902",확인
2025-03-26,[80] 누수/규격검사,P3405A-01.25SPC,O2O2 D_Sepia Choco EX,"1,914","1,942",확인
2025-03-26,[80] 누수/규격검사,P3405A-01.25SPC,O2O2 D_Sepia Choco EX,"1,007","1,035",확인
2025-03-26,[55] 접착/ 멸균,P3405A-01.25SPC,O2O2 D_Sepia Choco EX,"1,035","1,505",확인
2025-03-26,[55] 접착/ 멸균,P3405A-01.25SPC,O2O2 D_Sepia Choco EX,"1,942","1,995",확인
2025-03-26,[80] 누수/규격검사,P3405A-01.25SPC,O2O2 D_Sepia Choco EX,"1,125","1,150",확인
2025-03-26,[45] 하이드레이션/전면검사,P3405A-00.00SPC,O2O2 D_Sepia Choco EX,0,200,확인
2025-03-26,[45] 하이드레이션/전면검사,P3405A-00.00SPC,O2O2 D_Sepia Choco EX,595,600,확인
2025-03-26,[45] 하이드레이션/전면검사,P3405A-05.50SPC,O2O2 D_Sepia Choco EX,"1,020","1,021",확인
2025-03-26,[45] 하이드레이션/전면검사,P3405A-05.50SPC,O2O2 D_Sepia Choco EX,390,393,확인
2025-03-26,[45] 하이드레이션/전면검사,P3405A-05.50SPC,O2O2 D_Sepia Choco EX,570,572,확인
2025-03-26,[45] 하이드레이션/전면검사,P3405A-05.50SPC,O2O2 D_Sepia Choco EX,590,593,확인
2025-03-26,[55] 접착/ 멸균,P3405A-05.50SPC,O2O2 D_Sepia Choco EX,"1,569","1,660",확인
2025-03-26,[80] 누수/규격검사,P3405A-05.50SPC,O2O2 D_Sepia Choco EX,"1,537","1,569",확인
2025-03-26,[80] 누수/규격검사,P3405A-05.50SPC,O2O2 D_Sepia Choco EX,"1,258","1,293",확인
2025-03-26,[55] 접착/ 멸균,P3405A-05.50SPC,O2O2 D_Sepia Choco EX,"1,293","1,325",확인
2025-03-26,[45] 하이드레이션/전면검사,P3405A-01.25SPC,O2O2 D_Sepia Choco EX,"1,565","1,566",확인
2025-03-26,[45] 하이드레이션/전면검사,P3405A-01.25SPC,O2O2 D_Sepia Choco EX,"1,710","1,712",확인
2025-03-26,[45] 하이드레이션/전면검사,P3405A-01.25SPC,O2O2 D_Sepia Choco EX,895,898,확인
2025-03-26,[45] 하이드레이션/전면검사,P3405A-01.25SPC,O2O2 D_Sepia Choco EX,"1,995","2,007",확인
2025-03-26,[45] 하이드레이션/전면검사,P3405A-01.25SPC,O2O2 D_Sepia Choco EX,"1,980","1,981",확인
2025-03-26,[45] 하이드레이션/전면검사,P3405A-01.25SPC,O2O2 D_Sepia Choco EX,"1,825","1,838",확인
2025-03-26,[45] 하이드레이션/전면검사,P3405A-05.50SPC,O2O2 D_Sepia Choco EX,"1,430","1,438",확인
2025-03-26,[45] 하이드레이션/전면검사,P3405A-05.50SPC,O2O2 D_Sepia Choco EX,"1,110","1,121",확인
2025-03-26,[80] 누수/규격검사,P3405A-04.25SPC,O2O2 D_Sepia Choco EX,"1,846","1,873",확인
2025-03-26,[55] 접착/ 멸균,P3405A-04.25SPC,O2O2 D_Sepia Choco EX,"1,509","1,580",확인
2025-03-26,[80] 누수/규격검사,P3405A-04.25SPC,O2O2 D_Sepia Choco EX,"1,475","1,509",확인
2025-03-26,[55] 접착/ 멸균,P3405A-04.25SPC,O2O2 D_Sepia Choco EX,"1,873","1,925",확인
2025-03-26,[45] 하이드레이션/전면검사,P3405A-01.75SPC,O2O2 D_Sepia Choco EX,395,395,확인
2025-03-26,[45] 하이드레이션/전면검사,P3405A-04.25SPC,O2O2 D_Sepia Choco EX,"1,410","1,414",확인
2025-03-26,[45] 하이드레이션/전면검사,P3405A-04.25SPC,O2O2 D_Sepia Choco EX,"1,580","1,581",확인
2025-03-26,[45] 하이드레이션/전면검사,P3405A-04.25SPC,O2O2 D_Sepia Choco EX,"1,330","1,341",확인
2025-03-26,[45] 하이드레이션/전면검사,P3405A-04.25SPC,O2O2 D_Sepia Choco EX,"1,795","1,804",확인
2025-03-27,[55] 접착/ 멸균,P3405A-03.50SPC,O2O2 D_Sepia Choco EX,"1,464","1,510",확인
2025-03-27,[80] 누수/규격검사,P3405A-03.50SPC,O2O2 D_Sepia Choco EX,"1,444","1,464",확인
2025-03-27,[55] 접착/ 멸균,P3405A-02.50SPC,O2O2 D_Sepia Choco EX,750,770,확인
2025-03-27,[55] 접착/ 멸균,P3405A-03.25SPC,O2O2 D_Sepia Choco EX,"1,082","1,205",확인
2025-03-27,[55] 접착/ 멸균,P3405A-03.25SPC,O2O2 D_Sepia Choco EX,"1,419","1,490",확인
2025-03-27,[80] 누수/규격검사,P3405A-02.50SPC,O2O2 D_Sepia Choco EX,729,750,확인
2025-03-27,[55] 접착/ 멸균,P3405A-03.25SPC,O2O2 D_Sepia Choco EX,"1,482","1,540",확인
2025-03-27,[55] 접착/ 멸균,P3405A-01.25SPC,O2O2 D_Sepia Choco EX,"1,387","1,510",확인
2025-03-27,[80] 누수/규격검사,P3405A-03.25SPC,O2O2 D_Sepia Choco EX,"1,062","1,082",확인
2025-03-27,[80] 누수/규격검사,P3405A-03.25SPC,O2O2 D_Sepia Choco EX,"1,398","1,419",확인
2025-03-27,[80] 누수/규격검사,P3405A-03.25SPC,O2O2 D_Sepia Choco EX,"1,452","1,482",확인
2025-03-27,[80] 누수/규격검사,P3405A-01.25SPC,O2O2 D_Sepia Choco EX,"1,479","1,506",확인
2025-03-27,[80] 누수/규격검사,P3405A-01.25SPC,O2O2 D_Sepia Choco EX,"1,434","1,454",확인
2025-03-27,[80] 누수/규격검사,P3405A-01.25SPC,O2O2 D_Sepia Choco EX,"1,364","1,387",확인
2025-03-27,[55] 접착/ 멸균,P3405A-01.25SPC,O2O2 D_Sepia Choco EX,"1,506","1,565",확인
2025-03-27,[55] 접착/ 멸균,P3405A-01.25SPC,O2O2 D_Sepia Choco EX,"1,454","1,500",확인
2025-03-27,[55] 접착/ 멸균,P3405A-05.50SPC,O2O2 D_Sepia Choco EX,566,590,확인
2025-03-27,[80] 누수/규격검사,P3405A-05.50SPC,O2O2 D_Sepia Choco EX,546,566,확인
2025-03-27,[55] 접착/ 멸균,P3405A-04.25SPC,O2O2 D_Sepia Choco EX,"1,370","1,410",확인
2025-03-27,[55] 접착/ 멸균,P3405A-04.25SPC,O2O2 D_Sepia Choco EX,"1,737","1,795",확인
2025-03-27,[80] 누수/규격검사,P3405A-04.25SPC,O2O2 D_Sepia Choco EX,"1,239","1,259",확인
2025-03-27,[80] 누수/규격검사,P3405A-04.25SPC,O2O2 D_Sepia Choco EX,"1,341","1,370",확인
2025-03-27,[80] 누수/규격검사,P3405A-04.25SPC,O2O2 D_Sepia Choco EX,"1,712","1,737",확인
2025-03-27,[55] 접착/ 멸균,P3405A-04.25SPC,O2O2 D_Sepia Choco EX,"1,259","1,330",확인
2025-03-28,[55] 접착/ 멸균,P3405A-03.50SPC,O2O2 D_Sepia Choco EX,"1,375","1,660",확인
2025-03-28,[55] 접착/ 멸균,P3405A-02.50SPC,O2O2 D_Sepia Choco EX,"1,261","1,420",확인
2025-03-28,[55] 접착/ 멸균,P3405A-02.50SPC,O2O2 D_Sepia Choco EX,542,575,확인
2025-03-28,[55] 접착/ 멸균,P3405A-02.50SPC,O2O2 D_Sepia Choco EX,"1,486","1,520",확인
2025-03-28,[55] 접착/ 멸균,P3405A-03.25SPC,O2O2 D_Sepia Choco EX,"1,830","1,950",확인
2025-03-28,[55] 접착/ 멸균,P3405A-03.25SPC,O2O2 D_Sepia Choco EX,"1,384","1,440",확인
2025-03-28,[55] 접착/ 멸균,P3405A-03.25SPC,O2O2 D_Sepia Choco EX,"1,617","1,685",확인
2025-03-28,[55] 접착/ 멸균,P3405A-03.25SPC,O2O2 D_Sepia Choco EX,"1,060","1,100",확인
2025-03-28,[80] 누수/규격검사,P3405A-02.50SPC,O2O2 D_Sepia Choco EX,522,542,확인
2025-03-28,[80] 누수/규격검사,P3405A-03.25SPC,O2O2 D_Sepia Choco EX,"1,597","1,617",확인
2025-03-28,[80] 누수/규격검사,P3405A-03.25SPC,O2O2 D_Sepia Choco EX,"1,040","1,060",확인
2025-03-28,[55] 접착/ 멸균,P3405A-01.25SPC,O2O2 D_Sepia Choco EX,"1,640","1,710",확인
2025-03-28,[55] 접착/ 멸균,P3405A-00.00SPC,O2O2 D_Sepia Choco EX,0,595,확인
2025-03-28,[80] 누수/규격검사,P3405A-01.25SPC,O2O2 D_Sepia Choco EX,"1,620","1,640",확인
2025-03-28,[80] 누수/규격검사,P3405A-01.25SPC,O2O2 D_Sepia Choco EX,"1,758","1,778",확인
2025-03-28,[80] 누수/규격검사,P3405A-01.25SPC,O2O2 D_Sepia Choco EX,815,836,확인
2025-03-28,[80] 누수/규격검사,P3405A-05.50SPC,O2O2 D_Sepia Choco EX,"1,028","1,048",확인
2025-03-28,[80] 누수/규격검사,P3405A-05.50SPC,O2O2 D_Sepia Choco EX,"1,335","1,355",확인
2025-03-28,[55] 접착/ 멸균,P3405A-05.50SPC,O2O2 D_Sepia Choco EX,"1,048","1,110",확인
2025-03-28,[55] 접착/ 멸균,P3405A-05.50SPC,O2O2 D_Sepia Choco EX,"1,355","1,430",확인
2025-03-28,[55] 접착/ 멸균,P3405A-01.25SPC,O2O2 D_Sepia Choco EX,836,895,확인
2025-03-28,[55] 접착/ 멸균,P3405A-01.25SPC,O2O2 D_Sepia Choco EX,"1,778","1,825",확인
2025-03-29,[80] 누수/규격검사,P3405A-03.50SPC,O2O2 D_Sepia Choco EX,990,"1,010",확인
2025-03-29,[80] 누수/규격검사,P3405A-03.50SPC,O2O2 D_Sepia Choco EX,"1,302","1,322",확인
2025-03-29,[55] 접착/ 멸균,P3405A-03.50SPC,O2O2 D_Sepia Choco EX,"1,322","1,375",확인
2025-03-29,[55] 접착/ 멸균,P3405A-03.50SPC,O2O2 D_Sepia Choco EX,"1,010","1,040",확인
2025-03-29,[80] 누수/규격검사,P3405A-02.50SPC,O2O2 D_Sepia Choco EX,"1,241","1,261",확인
2025-03-29,[80] 누수/규격검사,P3405A-02.50SPC,O2O2 D_Sepia Choco EX,"1,466","1,486",확인
2025-03-29,[80] 누수/규격검사,P3405A-02.50SPC,O2O2 D_Sepia Choco EX,678,698,확인
2025-03-29,[80] 누수/규격검사,P3405A-02.50SPC,O2O2 D_Sepia Choco EX,"1,156","1,176",확인
2025-03-29,[55] 접착/ 멸균,P3405A-02.50SPC,O2O2 D_Sepia Choco EX,"1,176","1,350",확인
2025-03-29,[55] 접착/ 멸균,P3405A-02.50SPC,O2O2 D_Sepia Choco EX,698,720,확인
2025-03-29,[55] 접착/ 멸균,P3405A-03.25SPC,O2O2 D_Sepia Choco EX,"1,009","1,075",확인
2025-03-29,[55] 접착/ 멸균,P3405A-03.25SPC,O2O2 D_Sepia Choco EX,"1,430","1,480",확인
2025-03-29,[80] 누수/규격검사,P3405A-03.25SPC,O2O2 D_Sepia Choco EX,"1,410","1,430",확인
2025-03-29,[80] 누수/규격검사,P3405A-03.25SPC,O2O2 D_Sepia Choco EX,"1,810","1,830",확인
2025-03-29,[80] 누수/규격검사,P3405A-03.25SPC,O2O2 D_Sepia Choco EX,"1,364","1,384",확인
2025-03-29,[80] 누수/규격검사,P3405A-03.25SPC,O2O2 D_Sepia Choco EX,989,"1,009",확인
2025-03-29,[55] 접착/ 멸균,P3405A-05.50SPC,O2O2 D_Sepia Choco EX,999,"1,020",확인
2025-03-29,[55] 접착/ 멸균,P3405A-05.50SPC,O2O2 D_Sepia Choco EX,552,570,확인
2025-03-29,[80] 누수/규격검사,P3405A-05.50SPC,O2O2 D_Sepia Choco EX,979,999,확인
2025-03-29,[80] 누수/규격검사,P3405A-05.50SPC,O2O2 D_Sepia Choco EX,532,552,확인
2025-03-29,[80] 누수/규격검사,P3405A-01.75SPC,O2O2 D_Sepia Choco EX,"1,485","1,505",확인
2025-03-29,[80] 누수/규격검사,P3405A-01.75SPC,O2O2 D_Sepia Choco EX,383,388,확인
2025-03-29,[55] 접착/ 멸균,P3405A-01.75SPC,O2O2 D_Sepia Choco EX,"1,505","1,530",확인
2025-03-29,[55] 접착/ 멸균,P3405A-01.75SPC,O2O2 D_Sepia Choco EX,388,395,확인
2025-04-01,[55] 접착/ 멸균,P3405A-05.00SPC,O2O2 D_Sepia Choco EX,375,390,확인
2025-04-02,[55] 접착/ 멸균,P3405A-05.00SPC,O2O2 D_Sepia Choco EX,347,375,확인
2025-04-03,[80] 누수/규격검사,P3405A-05.00SPC,O2O2 D_Sepia Choco EX,342,347,확인
2025-04-04,[45] 하이드레이션/전면검사,P3405A-02.50SPC,O2O2 D_Sepia Choco EX,"1,210","1,210",확인
2025-04-04,[45] 하이드레이션/전면검사,P3405A-02.50SPC,O2O2 D_Sepia Choco EX,"1,160","1,164",확인
2025-04-04,[45] 하이드레이션/전면검사,P3405A-03.50SPC,O2O2 D_Sepia Choco EX,"1,175","1,180",확인
2025-04-04,[45] 하이드레이션/전면검사,P3405A-03.50SPC,O2O2 D_Sepia Choco EX,"1,950","1,961",확인
2025-04-04,[45] 하이드레이션/전면검사,P3405A-03.50SPC,O2O2 D_Sepia Choco EX,"1,850","1,864",확인
2025-04-04,[45] 하이드레이션/전면검사,P3405A-03.50SPC,O2O2 D_Sepia Choco EX,"2,035","2,047",확인
2025-04-04,[45] 하이드레이션/전면검사,P3405A-03.50SPC,O2O2 D_Sepia Choco EX,"1,760","1,769",확인
2025-04-04,[45] 하이드레이션/전면검사,P3405A-03.50SPC,O2O2 D_Sepia Choco EX,"1,925","1,931",확인
2025-04-04,[45] 하이드레이션/전면검사,P3405A-03.50SPC,O2O2 D_Sepia Choco EX,"1,285","1,289",확인
2025-04-04,[45] 하이드레이션/전면검사,P3405A-03.50SPC,O2O2 D_Sepia Choco EX,"1,215","1,216",확인
2025-04-04,[45] 하이드레이션/전면검사,P3405A-03.50SPC,O2O2 D_Sepia Choco EX,"1,125","1,130",확인
2025-04-04,[45] 하이드레이션/전면검사,P3405A-03.50SPC,O2O2 D_Sepia Choco EX,"1,225","1,228",확인
2025-04-04,[45] 하이드레이션/전면검사,P3405A-03.50SPC,O2O2 D_Sepia Choco EX,"1,475","1,484",확인
2025-04-04,[45] 하이드레이션/전면검사,P3405A-03.50SPC,O2O2 D_Sepia Choco EX,"1,910","1,914",확인
2025-04-04,[45] 하이드레이션/전면검사,P3405A-03.50SPC,O2O2 D_Sepia Choco EX,"1,775","1,782",확인
2025-04-04,[45] 하이드레이션/전면검사,P3405A-01.25SPC,O2O2 D_Sepia Choco EX,"1,780","1,782",확인
2025-04-04,[45] 하이드레이션/전면검사,P3405A-03.00SPC,O2O2 D_Sepia Choco EX,"2,040","2,046",확인
2025-04-05,[55] 접착/ 멸균,P3405A-02.50SPC,O2O2 D_Sepia Choco EX,"1,774","1,860",확인
2025-04-05,[55] 접착/ 멸균,P3405A-02.50SPC,O2O2 D_Sepia Choco EX,"1,130","1,160",확인
2025-04-05,[55] 접착/ 멸균,P3405A-02.50SPC,O2O2 D_Sepia Choco EX,"1,173","1,210",확인
2025-04-05,[45] 하이드레이션/전면검사,P3405A-02.50SPC,O2O2 D_Sepia Choco EX,"1,675","1,685",확인
2025-04-05,[45] 하이드레이션/전면검사,P3405A-02.50SPC,O2O2 D_Sepia Choco EX,"1,550","1,557",확인
2025-04-05,[45] 하이드레이션/전면검사,P3405A-02.50SPC,O2O2 D_Sepia Choco EX,"1,245","1,254",확인
2025-04-05,[45] 하이드레이션/전면검사,P3405A-02.50SPC,O2O2 D_Sepia Choco EX,"1,950","1,950",확인
2025-04-05,[45] 하이드레이션/전면검사,P3405A-02.50SPC,O2O2 D_Sepia Choco EX,"1,770","1,782",확인
2025-04-05,[45] 하이드레이션/전면검사,P3405A-02.50SPC,O2O2 D_Sepia Choco EX,"1,645","1,649",확인
2025-04-05,[45] 하이드레이션/전면검사,P3405A-02.50SPC,O2O2 D_Sepia Choco EX,"1,130","1,134",확인
2025-04-05,[45] 하이드레이션/전면검사,P3405A-02.50SPC,O2O2 D_Sepia Choco EX,"1,860","1,886",확인
2025-04-05,[45] 하이드레이션/전면검사,P3405A-02.50SPC,O2O2 D_Sepia Choco EX,"1,670","1,673",확인
2025-04-05,[45] 하이드레이션/전면검사,P3405A-02.50SPC,O2O2 D_Sepia Choco EX,"1,975","1,976",확인
2025-04-05,[45] 하이드레이션/전면검사,P3405A-02.50SPC,O2O2 D_Sepia Choco EX,"1,910","1,915",확인
2025-04-05,[80] 누수/규격검사,P3405A-02.50SPC,O2O2 D_Sepia Choco EX,"1,560","1,585",확인
2025-04-05,[80] 누수/규격검사,P3405A-02.50SPC,O2O2 D_Sepia Choco EX,"1,110","1,130",확인
2025-04-05,[80] 누수/규격검사,P3405A-02.50SPC,O2O2 D_Sepia Choco EX,"1,804","1,824",확인
2025-04-05,[80] 누수/규격검사,P3405A-02.50SPC,O2O2 D_Sepia Choco EX,"1,754","1,774",확인
2025-04-05,[80] 누수/규격검사,P3405A-02.50SPC,O2O2 D_Sepia Choco EX,"1,894","1,914",확인
2025-04-05,[80] 누수/규격검사,P3405A-02.50SPC,O2O2 D_Sepia Choco EX,"1,592","1,612",확인
2025-04-05,[80] 누수/규격검사,P3405A-02.50SPC,O2O2 D_Sepia Choco EX,"1,153","1,173",확인
2025-04-05,[55] 접착/ 멸균,P3405A-02.50SPC,O2O2 D_Sepia Choco EX,"1,585","1,645",확인
2025-04-05,[55] 접착/ 멸균,P3405A-02.50SPC,O2O2 D_Sepia Choco EX,"1,914","1,975",확인
2025-04-05,[55] 접착/ 멸균,P3405A-02.50SPC,O2O2 D_Sepia Choco EX,"1,612","1,670",확인
2025-04-05,[55] 접착/ 멸균,P3405A-02.50SPC,O2O2 D_Sepia Choco EX,"1,824","1,910",확인
2025-04-05,[55] 접착/ 멸균,P3405A-03.50SPC,O2O2 D_Sepia Choco EX,"1,383","1,425",확인
2025-04-05,[55] 접착/ 멸균,P3405A-03.50SPC,O2O2 D_Sepia Choco EX,"1,689","1,715",확인
2025-04-05,[55] 접착/ 멸균,P3405A-03.50SPC,O2O2 D_Sepia Choco EX,"1,774","1,825",확인
2025-04-05,[55] 접착/ 멸균,P3405A-03.50SPC,O2O2 D_Sepia Choco EX,"1,792","1,850",확인
2025-04-05,[55] 접착/ 멸균,P3405A-03.50SPC,O2O2 D_Sepia Choco EX,"1,976","2,035",확인
2025-04-05,[55] 접착/ 멸균,P3405A-03.50SPC,O2O2 D_Sepia Choco EX,"1,233","1,285",확인
2025-04-05,[55] 접착/ 멸균,P3405A-03.50SPC,O2O2 D_Sepia Choco EX,"1,120","1,175",확인
2025-04-05,[55] 접착/ 멸균,P3405A-03.50SPC,O2O2 D_Sepia Choco EX,"1,703","1,760",확인
2025-04-05,[55] 접착/ 멸균,P3405A-03.50SPC,O2O2 D_Sepia Choco EX,"1,879","1,925",확인
2025-04-05,[55] 접착/ 멸균,P3405A-03.50SPC,O2O2 D_Sepia Choco EX,"1,874","1,950",확인
2025-04-05,[55] 접착/ 멸균,P3405A-03.50SPC,O2O2 D_Sepia Choco EX,"1,438","1,475",확인
2025-04-05,[55] 접착/ 멸균,P3405A-03.50SPC,O2O2 D_Sepia Choco EX,"1,183","1,225",확인
2025-04-05,[55] 접착/ 멸균,P3405A-03.50SPC,O2O2 D_Sepia Choco EX,"1,701","1,775",확인
2025-04-05,[55] 접착/ 멸균,P3405A-03.50SPC,O2O2 D_Sepia Choco EX,"1,186","1,215",확인
2025-04-05,[55] 접착/ 멸균,P3405A-03.50SPC,O2O2 D_Sepia Choco EX,"1,097","1,125",확인
2025-04-05,[55] 접착/ 멸균,P3405A-03.50SPC,O2O2 D_Sepia Choco EX,"1,831","1,910",확인
2025-04-05,[80] 누수/규격검사,P3405A-03.50SPC,O2O2 D_Sepia Choco EX,"1,213","1,233",확인
2025-04-05,[80] 누수/규격검사,P3405A-03.50SPC,O2O2 D_Sepia Choco EX,"1,754","1,774",확인
2025-04-05,[80] 누수/규격검사,P3405A-03.50SPC,O2O2 D_Sepia Choco EX,"1,669","1,689",확인
2025-04-05,[80] 누수/규격검사,P3405A-03.50SPC,O2O2 D_Sepia Choco EX,"1,617","1,637",확인
2025-04-05,[80] 누수/규격검사,P3405A-03.50SPC,O2O2 D_Sepia Choco EX,"1,626","1,651",확인
2025-04-05,[80] 누수/규격검사,P3405A-03.50SPC,O2O2 D_Sepia Choco EX,"1,901","1,926",확인
2025-04-05,[80] 누수/규격검사,P3405A-03.50SPC,O2O2 D_Sepia Choco EX,"1,854","1,879",확인
2025-04-05,[55] 접착/ 멸균,P3405A-03.50SPC,O2O2 D_Sepia Choco EX,"1,821","1,950",확인
2025-04-05,[55] 접착/ 멸균,P3405A-03.50SPC,O2O2 D_Sepia Choco EX,"1,637","1,835",확인
2025-04-05,[45] 하이드레이션/전면검사,P3405A-03.50SPC,O2O2 D_Sepia Choco EX,"1,100","1,103",확인
2025-04-05,[45] 하이드레이션/전면검사,P3405A-03.50SPC,O2O2 D_Sepia Choco EX,"1,115","1,119",확인
2025-04-05,[45] 하이드레이션/전면검사,P3405A-03.50SPC,O2O2 D_Sepia Choco EX,"1,715","1,719",확인
2025-04-05,[45] 하이드레이션/전면검사,P3405A-03.50SPC,O2O2 D_Sepia Choco EX,"1,730","1,732",확인
2025-04-05,[45] 하이드레이션/전면검사,P3405A-03.50SPC,O2O2 D_Sepia Choco EX,"1,495","1,499",확인
2025-04-05,[45] 하이드레이션/전면검사,P3405A-03.50SPC,O2O2 D_Sepia Choco EX,"1,605","1,609",확인
2025-04-05,[45] 하이드레이션/전면검사,P3405A-03.50SPC,O2O2 D_Sepia Choco EX,"1,835","1,841",확인
2025-04-05,[45] 하이드레이션/전면검사,P3405A-03.50SPC,O2O2 D_Sepia Choco EX,"1,985","1,995",확인
2025-04-05,[45] 하이드레이션/전면검사,P3405A-03.50SPC,O2O2 D_Sepia Choco EX,"1,730","1,746",확인
2025-04-05,[45] 하이드레이션/전면검사,P3405A-03.50SPC,O2O2 D_Sepia Choco EX,"1,950","1,963",확인
2025-04-05,[45] 하이드레이션/전면검사,P3405A-03.50SPC,O2O2 D_Sepia Choco EX,"1,825","1,833",확인
2025-04-05,[45] 하이드레이션/전면검사,P3405A-03.50SPC,O2O2 D_Sepia Choco EX,"1,425","1,434",확인
2025-04-05,[55] 접착/ 멸균,P3405A-01.25SPC,O2O2 D_Sepia Choco EX,"1,854","1,885",확인
2025-04-05,[55] 접착/ 멸균,P3405A-01.25SPC,O2O2 D_Sepia Choco EX,"1,673","1,710",확인
2025-04-05,[55] 접착/ 멸균,P3405A-01.25SPC,O2O2 D_Sepia Choco EX,"1,349","1,380",확인
2025-04-05,[55] 접착/ 멸균,P3405A-01.25SPC,O2O2 D_Sepia Choco EX,"1,740","1,780",확인
2025-04-05,[45] 하이드레이션/전면검사,P3405A-01.25SPC,O2O2 D_Sepia Choco EX,"1,885","1,889",확인
2025-04-05,[45] 하이드레이션/전면검사,P3405A-01.25SPC,O2O2 D_Sepia Choco EX,"1,760","1,767",확인
2025-04-05,[45] 하이드레이션/전면검사,P3405A-01.25SPC,O2O2 D_Sepia Choco EX,"1,580","1,590",확인
2025-04-05,[45] 하이드레이션/전면검사,P3405A-01.25SPC,O2O2 D_Sepia Choco EX,"1,710","1,719",확인
2025-04-05,[45] 하이드레이션/전면검사,P3405A-01.25SPC,O2O2 D_Sepia Choco EX,"1,380","1,386",확인
2025-04-05,[45] 하이드레이션/전면검사,P3405A-01.25SPC,O2O2 D_Sepia Choco EX,"1,735","1,740",확인
2025-04-05,[80] 누수/규격검사,P3405A-03.50SPC,O2O2 D_Sepia Choco EX,"1,100","1,120",확인
2025-04-05,[80] 누수/규격검사,P3405A-03.50SPC,O2O2 D_Sepia Choco EX,"1,772","1,792",확인
2025-04-05,[80] 누수/규격검사,P3405A-03.50SPC,O2O2 D_Sepia Choco EX,"1,163","1,183",확인
2025-04-05,[80] 누수/규격검사,P3405A-03.50SPC,O2O2 D_Sepia Choco EX,"1,077","1,097",확인
2025-04-05,[80] 누수/규격검사,P3405A-03.50SPC,O2O2 D_Sepia Choco EX,"1,683","1,703",확인
2025-04-05,[80] 누수/규격검사,P3405A-03.50SPC,O2O2 D_Sepia Choco EX,"1,854","1,874",확인
2025-04-05,[80] 누수/규격검사,P3405A-03.50SPC,O2O2 D_Sepia Choco EX,"1,418","1,438",확인
2025-04-05,[80] 누수/규격검사,P3405A-03.50SPC,O2O2 D_Sepia Choco EX,"1,801","1,821",확인
2025-04-05,[80] 누수/규격검사,P3405A-03.50SPC,O2O2 D_Sepia Choco EX,"1,811","1,831",확인
2025-04-05,[80] 누수/규격검사,P3405A-03.50SPC,O2O2 D_Sepia Choco EX,"1,166","1,186",확인
2025-04-05,[80] 누수/규격검사,P3405A-03.50SPC,O2O2 D_Sepia Choco EX,"1,681","1,701",확인
2025-04-05,[80] 누수/규격검사,P3405A-01.25SPC,O2O2 D_Sepia Choco EX,"1,834","1,854",확인
2025-04-05,[80] 누수/규격검사,P3405A-01.25SPC,O2O2 D_Sepia Choco EX,"1,653","1,673",확인
2025-04-05,[80] 누수/규격검사,P3405A-01.25SPC,O2O2 D_Sepia Choco EX,"1,329","1,349",확인
2025-04-05,[80] 누수/규격검사,P3405A-01.25SPC,O2O2 D_Sepia Choco EX,"1,627","1,652",확인
2025-04-05,[80] 누수/규격검사,P3405A-01.25SPC,O2O2 D_Sepia Choco EX,"1,720","1,740",확인
2025-04-05,[55] 접착/ 멸균,P3405A-03.50SPC,O2O2 D_Sepia Choco EX,"1,926","1,985",확인
2025-04-05,[55] 접착/ 멸균,P3405A-03.50SPC,O2O2 D_Sepia Choco EX,"1,651","1,730",확인
2025-04-05,[55] 접착/ 멸균,P3405A-01.25SPC,O2O2 D_Sepia Choco EX,"1,652","1,760",확인
2025-04-05,[55] 접착/ 멸균,P3405A-03.00SPC,O2O2 D_Sepia Choco EX,"1,888","2,040",확인
2025-04-05,[80] 누수/규격검사,P3405A-03.00SPC,O2O2 D_Sepia Choco EX,"1,621","1,641",확인
2025-04-05,[80] 누수/규격검사,P3405A-03.00SPC,O2O2 D_Sepia Choco EX,"2,003","2,028",확인
2025-04-05,[80] 누수/규격검사,P3405A-03.00SPC,O2O2 D_Sepia Choco EX,"1,868","1,888",확인
2025-04-05,[45] 하이드레이션/전면검사,P3405A-03.00SPC,O2O2 D_Sepia Choco EX,"2,100","2,105",확인
2025-04-05,[45] 하이드레이션/전면검사,P3405A-03.00SPC,O2O2 D_Sepia Choco EX,"1,680","1,684",확인
2025-04-05,[55] 접착/ 멸균,P3405A-03.00SPC,O2O2 D_Sepia Choco EX,"1,641","1,680",확인
2025-04-05,[55] 접착/ 멸균,P3405A-03.00SPC,O2O2 D_Sepia Choco EX,"2,028","2,100",확인
2025-04-05,[10] 사출조립,R3408-00.00BRW,O2O2 D_Blending Hazel EX,"1,138","1,138",확인
2025-04-05,[10] 사출조립,R3408-00.00BRW,O2O2 D_Blending Hazel EX,"1,138","1,138",확인
2025-04-05,[10] 사출조립,R3408-00.00BRW,O2O2 D_Blending Hazel EX,"1,138","1,138",확인
2025-04-05,[10] 사출조립,R3408-00.00BRW,O2O2 D_Blending Hazel EX,"1,138","1,138",확인
2025-04-05,[10] 사출조립,R3408-00.00BRW,O2O2 D_Blending Hazel EX,0,"1,138",확인
2025-04-05,[10] 사출조립,R3408-00.00BRW,O2O2 D_Blending Hazel EX,0,"1,138",확인
2025-04-05,[10] 사출조립,R3408-00.00BRW,O2O2 D_Blending Hazel EX,0,"1,138",확인
2025-04-05,[10] 사출조립,R3408-00.00BRW,O2O2 D_Blending Hazel EX,"1,143","1,143",확인
2025-04-05,[10] 사출조립,R3408-00.00BRW,O2O2 D_Blending Hazel EX,0,"1,143",확인
2025-04-05,[10] 사출조립,R3408-00.00BRW,O2O2 D_Blending Hazel EX,0,"1,143",확인
2025-04-05,[10] 사출조립,R3408-00.00BRW,O2O2 D_Blending Hazel EX,"1,143","1,143",확인
2025-04-06,[80] 누수/규격검사,P3405A-02.50SPC,O2O2 D_Sepia Choco EX,"1,853","1,873",확인
2025-04-06,[80] 누수/규격검사,P3405A-02.50SPC,O2O2 D_Sepia Choco EX,"1,664","1,684",확인
2025-04-06,[80] 누수/규격검사,P3405A-02.50SPC,O2O2 D_Sepia Choco EX,"1,568","1,588",확인
2025-04-06,[55] 접착/ 멸균,P3405A-02.50SPC,O2O2 D_Sepia Choco EX,"1,684","1,770",확인
2025-04-06,[55] 접착/ 멸균,P3405A-02.50SPC,O2O2 D_Sepia Choco EX,"1,588","1,675",확인
2025-04-06,[55] 접착/ 멸균,P3405A-02.50SPC,O2O2 D_Sepia Choco EX,"1,489","1,550",확인
2025-04-06,[55] 접착/ 멸균,P3405A-02.50SPC,O2O2 D_Sepia Choco EX,"1,214","1,245",확인
2025-04-06,[55] 접착/ 멸균,P3405A-02.50SPC,O2O2 D_Sepia Choco EX,"1,873","1,950",확인
2025-04-06,[80] 누수/규격검사,P3405A-02.50SPC,O2O2 D_Sepia Choco EX,"1,469","1,489",확인
2025-04-06,[80] 누수/규격검사,P3405A-02.50SPC,O2O2 D_Sepia Choco EX,"1,194","1,214",확인
2025-04-06,[80] 누수/규격검사,P3405A-02.50SPC,O2O2 D_Sepia Choco EX,"1,036","1,061",확인
2025-04-06,[55] 접착/ 멸균,P3405A-02.50SPC,O2O2 D_Sepia Choco EX,"1,061","1,130",확인
2025-04-06,[55] 접착/ 멸균,P3405A-03.50SPC,O2O2 D_Sepia Choco EX,"1,054","1,115",확인
2025-04-06,[55] 접착/ 멸균,P3405A-03.50SPC,O2O2 D_Sepia Choco EX,"1,041","1,100",확인
2025-04-06,[55] 접착/ 멸균,P3405A-03.50SPC,O2O2 D_Sepia Choco EX,"1,618","1,730",확인
2025-04-06,[55] 접착/ 멸균,P3405A-03.50SPC,O2O2 D_Sepia Choco EX,"1,536","1,605",확인
2025-04-06,[55] 접착/ 멸균,P3405A-03.50SPC,O2O2 D_Sepia Choco EX,"1,385","1,495",확인
2025-04-06,[80] 누수/규격검사,P3405A-03.50SPC,O2O2 D_Sepia Choco EX,"1,034","1,054",확인
2025-04-06,[80] 누수/규격검사,P3405A-03.50SPC,O2O2 D_Sepia Choco EX,"1,021","1,041",확인
2025-04-06,[80] 누수/규격검사,P3405A-03.50SPC,O2O2 D_Sepia Choco EX,"1,365","1,385",확인
2025-04-06,[80] 누수/규격검사,P3405A-03.50SPC,O2O2 D_Sepia Choco EX,"1,598","1,618",확인
2025-04-06,[80] 누수/규격검사,P3405A-03.50SPC,O2O2 D_Sepia Choco EX,"1,363","1,383",확인
2025-04-06,[80] 누수/규격검사,P3405A-03.50SPC,O2O2 D_Sepia Choco EX,"1,516","1,536",확인
2025-04-06,[80] 누수/규격검사,P3405A-03.50SPC,O2O2 D_Sepia Choco EX,"1,956","1,976",확인
2025-04-06,[55] 접착/ 멸균,P3405A-01.25SPC,O2O2 D_Sepia Choco EX,"1,537","1,580",확인
2025-04-06,[55] 접착/ 멸균,P3405A-01.25SPC,O2O2 D_Sepia Choco EX,"1,703","1,735",확인
2025-04-06,[80] 누수/규격검사,P3405A-01.25SPC,O2O2 D_Sepia Choco EX,"1,683","1,703",확인
2025-04-06,[80] 누수/규격검사,P3405A-01.25SPC,O2O2 D_Sepia Choco EX,"1,517","1,537",확인
2025-04-06,[10] 사출조립,R3408-00.00BRW,O2O2 D_Blending Hazel EX,0,"1,188",확인
2025-04-06,[10] 사출조립,R3408-00.00BRW,O2O2 D_Blending Hazel EX,0,"1,188",확인
2025-04-06,[10] 사출조립,R3408-00.00BRW,O2O2 D_Blending Hazel EX,0,"1,131",확인
2025-04-06,[10] 사출조립,R3408-00.00BRW,O2O2 D_Blending Hazel EX,0,"1,131",확인
2025-04-06,[10] 사출조립,R3408-00.00BRW,O2O2 D_Blending Hazel EX,0,"1,188",확인
2025-04-06,[10] 사출조립,R3408-00.00BRW,O2O2 D_Blending Hazel EX,0,"1,188",확인
2025-04-06,[10] 사출조립,R3408-00.00BRW,O2O2 D_Blending Hazel EX,0,"1,188",확인
2025-04-08,[10] 사출조립,R3408-05.00BRW,O2O2 D_Blending Hazel EX,0,"1,158",확인
2025-04-08,[10] 사출조립,R3408-05.00BRW,O2O2 D_Blending Hazel EX,0,"1,158",확인
2025-04-08,[10] 사출조립,R3408-05.00BRW,O2O2 D_Blending Hazel EX,0,"1,158",확인
2025-04-08,[10] 사출조립,R3408-05.00BRW,O2O2 D_Blending Hazel EX,0,"1,158",확인
2025-04-09,[10] 사출조립,R3405-06.00SPC,O2O2 D_Sepia Choco EX,"2,297","2,297",확인
2025-04-09,[10] 사출조립,R3405-06.00SPC,O2O2 D_Sepia Choco EX,"2,297","2,297",확인
2025-04-09,[10] 사출조립,R3405-06.00SPC,O2O2 D_Sepia Choco EX,0,"2,297",확인
2025-04-09,[10] 사출조립,R3405-06.00SPC,O2O2 D_Sepia Choco EX,"2,297","2,297",확인
2025-04-09,[10] 사출조립,R3405-06.00SPC,O2O2 D_Sepia Choco EX,"2,297","2,297",확인
2025-04-09,[10] 사출조립,R3405-06.00SPC,O2O2 D_Sepia Choco EX,"2,297","2,297",확인
2025-04-09,[10] 사출조립,R3405-06.00SPC,O2O2 D_Sepia Choco EX,"2,297","2,297",확인
2025-04-09,[10] 사출조립,R3405-06.00SPC,O2O2 D_Sepia Choco EX,"2,297","2,297",확인
2025-04-09,[20] 분리,Q3405-06.00SPC,O2O2 D_Sepia Choco EX,"2,106","2,297",확인
2025-04-10,[10] 사출조립,R3405-04.50SPC,O2O2 D_Sepia Choco EX,"2,436","2,436",확인
2025-04-10,[10] 사출조립,R3405-04.50SPC,O2O2 D_Sepia Choco EX,"2,436","2,436",확인
2025-04-10,[10] 사출조립,R3405-04.50SPC,O2O2 D_Sepia Choco EX,"2,436","2,436",확인
2025-04-10,[10] 사출조립,R3405-04.50SPC,O2O2 D_Sepia Choco EX,"2,436","2,436",확인
2025-04-10,[10] 사출조립,R3405-04.50SPC,O2O2 D_Sepia Choco EX,"2,436","2,436",확인
2025-04-10,[10] 사출조립,R3405-04.50SPC,O2O2 D_Sepia Choco EX,"2,436","2,436",확인
2025-04-10,[10] 사출조립,R3405-04.50SPC,O2O2 D_Sepia Choco EX,"2,404","2,404",확인
2025-04-10,[10] 사출조립,R3405-04.50SPC,O2O2 D_Sepia Choco EX,"2,404","2,404",확인
2025-04-10,[10] 사출조립,R3405-04.50SPC,O2O2 D_Sepia Choco EX,"2,404","2,404",확인
2025-04-10,[10] 사출조립,R3405-04.50SPC,O2O2 D_Sepia Choco EX,"2,404","2,404",확인
2025-04-10,[10] 사출조립,R3405-04.50SPC,O2O2 D_Sepia Choco EX,"2,404","2,404",확인
2025-04-10,[10] 사출조립,R3405-04.75SPC,O2O2 D_Sepia Choco EX,"2,404","2,404",확인
2025-04-10,[10] 사출조립,R3405-04.75SPC,O2O2 D_Sepia Choco EX,"2,404","2,404",확인
2025-04-10,[10] 사출조립,R3405-04.25SPC,O2O2 D_Sepia Choco EX,"2,436","2,436",확인
2025-04-10,[10] 사출조립,R3405-04.25SPC,O2O2 D_Sepia Choco EX,"2,436","2,436",확인
2025-04-10,[10] 사출조립,R3405-04.25SPC,O2O2 D_Sepia Choco EX,"2,404","2,404",확인
2025-04-10,[20] 분리,Q3405-06.00SPC,O2O2 D_Sepia Choco EX,"1,391","2,297",확인
2025-04-10,[20] 분리,Q3405-06.00SPC,O2O2 D_Sepia Choco EX,"1,704","2,297",확인
2025-04-10,[20] 분리,Q3405-06.00SPC,O2O2 D_Sepia Choco EX,"2,048","2,297",확인
2025-04-10,[20] 분리,Q3405-06.00SPC,O2O2 D_Sepia Choco EX,"2,021","2,297",확인
2025-04-10,[20] 분리,Q3405-06.00SPC,O2O2 D_Sepia Choco EX,"1,685","2,297",확인
2025-04-10,[20] 분리,Q3405-06.00SPC,O2O2 D_Sepia Choco EX,"1,710","2,297",확인
2025-04-11,[10] 사출조립,R3406-03.25ASB,O2O2 D_Ash Brown EX,"2,134","2,134",확인
2025-04-11,[10] 사출조립,R3406-03.25ASB,O2O2 D_Ash Brown EX,0,"2,134",확인
2025-04-11,[10] 사출조립,R3406-02.75ASB,O2O2 D_Ash Brown EX,"2,134","2,134",확인
2025-04-11,[10] 사출조립,R3406-02.75ASB,O2O2 D_Ash Brown EX,"2,134","2,134",확인
2025-04-11,[10] 사출조립,R3406-02.75ASB,O2O2 D_Ash Brown EX,"2,134","2,134",확인
2025-04-11,[10] 사출조립,R3406-03.00ASB,O2O2 D_Ash Brown EX,"2,134","2,134",확인
2025-04-11,[10] 사출조립,R3406-03.00ASB,O2O2 D_Ash Brown EX,"2,134","2,134",확인
2025-04-11,[10] 사출조립,R3406-02.50ASB,O2O2 D_Ash Brown EX,0,"2,134",확인
2025-04-11,[20] 분리,Q3405-04.50SPC,O2O2 D_Sepia Choco EX,"2,262","2,436",확인
2025-04-11,[20] 분리,Q3405-04.50SPC,O2O2 D_Sepia Choco EX,"2,219","2,436",확인
2025-04-11,[20] 분리,Q3405-04.50SPC,O2O2 D_Sepia Choco EX,"1,591","2,436",확인
2025-04-11,[20] 분리,Q3405-04.50SPC,O2O2 D_Sepia Choco EX,"1,870","2,404",확인
2025-04-11,[20] 분리,Q3405-04.50SPC,O2O2 D_Sepia Choco EX,"1,988","2,404",확인
2025-04-11,[20] 분리,Q3405-04.50SPC,O2O2 D_Sepia Choco EX,"1,732","2,404",확인
2025-04-11,[20] 분리,Q3405-04.50SPC,O2O2 D_Sepia Choco EX,"2,055","2,404",확인
2025-04-11,[20] 분리,Q3405-04.75SPC,O2O2 D_Sepia Choco EX,"2,239","2,404",확인
2025-04-11,[20] 분리,Q3405-04.50SPC,O2O2 D_Sepia Choco EX,"2,005","2,436",확인
2025-04-11,[20] 분리,Q3405-04.50SPC,O2O2 D_Sepia Choco EX,"2,044","2,404",확인
2025-04-11,[20] 분리,Q3405-04.50SPC,O2O2 D_Sepia Choco EX,"2,114","2,436",확인
2025-04-11,[20] 분리,Q3405-04.50SPC,O2O2 D_Sepia Choco EX,"2,006","2,436",확인
2025-04-11,[20] 분리,Q3405-04.75SPC,O2O2 D_Sepia Choco EX,"2,028","2,404",확인
2025-04-11,[20] 분리,Q3405-04.25SPC,O2O2 D_Sepia Choco EX,"1,899","2,436",확인
2025-04-11,[20] 분리,Q3405-04.25SPC,O2O2 D_Sepia Choco EX,"1,955","2,404",확인
2025-04-11,[20] 분리,Q3405-04.25SPC,O2O2 D_Sepia Choco EX,"1,787","2,436",확인
2025-04-12,[10] 사출조립,R3406-03.25ASB,O2O2 D_Ash Brown EX,"2,016","2,016",확인
2025-04-12,[10] 사출조립,R3406-02.75ASB,O2O2 D_Ash Brown EX,"2,166","2,166",확인
2025-04-12,[10] 사출조립,R3406-02.75ASB,O2O2 D_Ash Brown EX,"2,016","2,016",확인
2025-04-12,[10] 사출조립,R3406-02.75ASB,O2O2 D_Ash Brown EX,"2,016","2,016",확인
2025-04-12,[10] 사출조립,R3406-02.75ASB,O2O2 D_Ash Brown EX,0,"2,016",확인
2025-04-12,[10] 사출조립,R3406-02.75ASB,O2O2 D_Ash Brown EX,0,"2,016",확인
2025-04-12,[10] 사출조립,R3406-02.75ASB,O2O2 D_Ash Brown EX,"2,166","2,166",확인
2025-04-12,[10] 사출조립,R3406-02.75ASB,O2O2 D_Ash Brown EX,0,"2,166",확인
2025-04-12,[10] 사출조립,R3406-02.75ASB,O2O2 D_Ash Brown EX,0,"2,166",확인
2025-04-12,[10] 사출조립,R3405-04.50SPC,O2O2 D_Sepia Choco EX,0,"2,398",확인
2025-04-12,[10] 사출조립,R3405-04.50SPC,O2O2 D_Sepia Choco EX,"2,398","2,398",확인
2025-04-12,[10] 사출조립,R3405-04.50SPC,O2O2 D_Sepia Choco EX,"2,398","2,398",확인
2025-04-12,[10] 사출조립,R3405-04.50SPC,O2O2 D_Sepia Choco EX,"2,398","2,398",확인
2025-04-12,[10] 사출조립,R3405-04.50SPC,O2O2 D_Sepia Choco EX,"2,398","2,398",확인
2025-04-12,[10] 사출조립,R3405-04.50SPC,O2O2 D_Sepia Choco EX,"2,398","2,398",확인
2025-04-12,[10] 사출조립,R3406-03.00ASB,O2O2 D_Ash Brown EX,"2,016","2,016",확인
2025-04-12,[10] 사출조립,R3406-03.00ASB,O2O2 D_Ash Brown EX,"2,016","2,016",확인
2025-04-12,[10] 사출조립,R3406-03.00ASB,O2O2 D_Ash Brown EX,"2,016","2,016",확인
2025-04-12,[10] 사출조립,R3405-04.25SPC,O2O2 D_Sepia Choco EX,"2,398","2,398",확인
2025-04-12,[10] 사출조립,R3405-04.25SPC,O2O2 D_Sepia Choco EX,"2,398","2,398",확인
2025-04-12,[10] 사출조립,R3406-02.50ASB,O2O2 D_Ash Brown EX,"2,166","2,166",확인
2025-04-12,[10] 사출조립,R3406-02.50ASB,O2O2 D_Ash Brown EX,"2,166","2,166",확인
2025-04-12,[10] 사출조립,R3406-02.50ASB,O2O2 D_Ash Brown EX,0,"2,166",확인
2025-04-12,[10] 사출조립,R3406-02.50ASB,O2O2 D_Ash Brown EX,"2,166","2,166",확인
2025-04-12,[20] 분리,Q3405-04.50SPC,O2O2 D_Sepia Choco EX,"2,004","2,398",확인
2025-04-12,[20] 분리,Q3406-02.75ASB,O2O2 D_Ash Brown EX,"1,835","2,134",확인
2025-04-12,[20] 분리,Q3406-02.75ASB,O2O2 D_Ash Brown EX,"1,542","2,134",확인
2025-04-12,[20] 분리,Q3406-03.25ASB,O2O2 D_Ash Brown EX,"1,759","2,134",확인
2025-04-12,[20] 분리,Q3406-02.75ASB,O2O2 D_Ash Brown EX,"1,286","2,134",확인
2025-04-12,[20] 분리,Q3406-03.00ASB,O2O2 D_Ash Brown EX,"1,641","2,134",확인
2025-04-12,[20] 분리,Q3406-03.00ASB,O2O2 D_Ash Brown EX,"1,641","2,134",확인
2025-04-12,[20] 분리,Q3405-04.25SPC,O2O2 D_Sepia Choco EX,"1,819","2,398",확인
2025-04-13,[20] 분리,Q3406-02.50ASB,O2O2 D_Ash Brown EX,"1,924","2,166",확인
2025-04-13,[20] 분리,Q3406-02.50ASB,O2O2 D_Ash Brown EX,"1,665","2,166",확인
2025-04-13,[20] 분리,Q3405-04.50SPC,O2O2 D_Sepia Choco EX,"1,756","2,398",확인
2025-04-13,[20] 분리,Q3406-02.75ASB,O2O2 D_Ash Brown EX,"1,884","2,166",확인
2025-04-13,[20] 분리,Q3406-03.00ASB,O2O2 D_Ash Brown EX,"1,572","2,016",확인
2025-04-13,[20] 분리,Q3406-03.00ASB,O2O2 D_Ash Brown EX,"1,486","2,016",확인
2025-04-13,[20] 분리,Q3406-03.00ASB,O2O2 D_Ash Brown EX,"1,638","2,016",확인
2025-04-13,[20] 분리,Q3406-02.75ASB,O2O2 D_Ash Brown EX,"1,799","2,166",확인
2025-04-14,[10] 사출조립,R3405-05.50SPC,O2O2 D_Sepia Choco EX,"2,235","2,235",확인
2025-04-14,[10] 사출조립,R3405-05.50SPC,O2O2 D_Sepia Choco EX,"2,235","2,235",확인
2025-04-14,[10] 사출조립,R3405-05.50SPC,O2O2 D_Sepia Choco EX,"2,235","2,235",확인
2025-04-14,[10] 사출조립,R3405-05.50SPC,O2O2 D_Sepia Choco EX,"2,235","2,235",확인
2025-04-14,[10] 사출조립,R3405-05.50SPC,O2O2 D_Sepia Choco EX,"2,235","2,235",확인
2025-04-14,[10] 사출조립,R3405-05.50SPC,O2O2 D_Sepia Choco EX,"2,235","2,235",확인
2025-04-14,[10] 사출조립,R3405-05.50SPC,O2O2 D_Sepia Choco EX,"2,235","2,235",확인
2025-04-14,[10] 사출조립,R3405-05.50SPC,O2O2 D_Sepia Choco EX,"2,235","2,235",확인
2025-04-14,[10] 사출조립,R3405-04.50SPC,O2O2 D_Sepia Choco EX,"2,048","2,048",확인
2025-04-14,[10] 사출조립,R3405-04.50SPC,O2O2 D_Sepia Choco EX,0,"2,048",확인
2025-04-14,[10] 사출조립,R3405-04.50SPC,O2O2 D_Sepia Choco EX,"2,048","2,048",확인
2025-04-14,[10] 사출조립,R3405-04.50SPC,O2O2 D_Sepia Choco EX,"1,373","1,373",확인
2025-04-14,[10] 사출조립,R3405-04.25SPC,O2O2 D_Sepia Choco EX,"1,373","1,373",확인
2025-04-14,[10] 사출조립,R3405-04.25SPC,O2O2 D_Sepia Choco EX,"1,373","1,373",확인
2025-04-14,[10] 사출조립,R3405-04.25SPC,O2O2 D_Sepia Choco EX,"2,048","2,048",확인
2025-04-14,[10] 사출조립,R3405-04.25SPC,O2O2 D_Sepia Choco EX,"1,373","1,373",확인
2025-04-14,[10] 사출조립,R3405-04.25SPC,O2O2 D_Sepia Choco EX,"1,373","1,373",확인
2025-04-14,[10] 사출조립,R3405-04.25SPC,O2O2 D_Sepia Choco EX,"1,373","1,373",확인
2025-04-14,[10] 사출조립,R3405-04.25SPC,O2O2 D_Sepia Choco EX,"1,373","1,373",확인
2025-04-14,[10] 사출조립,R3405-04.25SPC,O2O2 D_Sepia Choco EX,"1,373","1,373",확인
2025-04-14,[10] 사출조립,R3405-04.25SPC,O2O2 D_Sepia Choco EX,"2,048","2,048",확인
2025-04-14,[10] 사출조립,R3405-04.25SPC,O2O2 D_Sepia Choco EX,0,"2,048",확인
2025-04-14,[10] 사출조립,R3405-04.25SPC,O2O2 D_Sepia Choco EX,0,"2,048",확인
2025-04-14,[10] 사출조립,R3405-04.25SPC,O2O2 D_Sepia Choco EX,0,"2,048",확인
2025-04-14,[20] 분리,Q3406-02.50ASB,O2O2 D_Ash Brown EX,"1,805","2,166",확인
2025-04-14,[20] 분리,Q3405-04.50SPC,O2O2 D_Sepia Choco EX,"2,065","2,398",확인
2025-04-14,[20] 분리,Q3405-04.50SPC,O2O2 D_Sepia Choco EX,"1,486","2,398",확인
2025-04-14,[20] 분리,Q3405-04.50SPC,O2O2 D_Sepia Choco EX,"1,675","2,398",확인
2025-04-14,[20] 분리,Q3405-04.50SPC,O2O2 D_Sepia Choco EX,"1,102","1,373",확인
2025-04-14,[20] 분리,Q3405-04.50SPC,O2O2 D_Sepia Choco EX,"1,508","2,048",확인
2025-04-14,[20] 분리,Q3405-04.50SPC,O2O2 D_Sepia Choco EX,"1,970","2,048",확인
2025-04-14,[20] 분리,Q3406-02.75ASB,O2O2 D_Ash Brown EX,"1,743","2,016",확인
2025-04-14,[20] 분리,Q3406-02.75ASB,O2O2 D_Ash Brown EX,"1,741","2,016",확인
2025-04-14,[20] 분리,Q3406-03.25ASB,O2O2 D_Ash Brown EX,"1,545","2,016",확인
2025-04-14,[20] 분리,Q3405-04.25SPC,O2O2 D_Sepia Choco EX,"2,010","2,398",확인
2025-04-14,[20] 분리,Q3405-04.25SPC,O2O2 D_Sepia Choco EX,"1,190","1,373",확인
2025-04-14,[20] 분리,Q3405-04.25SPC,O2O2 D_Sepia Choco EX,823,"1,373",확인
2025-04-14,[20] 분리,Q3405-04.25SPC,O2O2 D_Sepia Choco EX,"1,886","2,048",확인
2025-04-14,[20] 분리,Q3405-04.25SPC,O2O2 D_Sepia Choco EX,"1,245","1,373",확인
2025-04-14,[20] 분리,Q3405-04.25SPC,O2O2 D_Sepia Choco EX,"1,263","1,373",확인
2025-04-14,[20] 분리,Q3405-04.25SPC,O2O2 D_Sepia Choco EX,990,"1,373",확인
2025-04-14,[20] 분리,Q3405-04.25SPC,O2O2 D_Sepia Choco EX,"1,085","1,373",확인
2025-04-14,[20] 분리,Q3405-04.25SPC,O2O2 D_Sepia Choco EX,"1,113","1,373",확인
2025-04-14,[20] 분리,Q3405-04.25SPC,O2O2 D_Sepia Choco EX,"1,617","2,048",확인
2025-04-15,[10] 사출조립,R3405-04.50SPC,O2O2 D_Sepia Choco EX,0,"2,157",확인
2025-04-15,[10] 사출조립,R3405-04.50SPC,O2O2 D_Sepia Choco EX,"2,157","2,157",확인
2025-04-15,[10] 사출조립,R3405-04.50SPC,O2O2 D_Sepia Choco EX,0,"2,157",확인
2025-04-15,[10] 사출조립,R3405-04.25SPC,O2O2 D_Sepia Choco EX,"2,157","2,157",확인
2025-04-15,[10] 사출조립,R3405-04.25SPC,O2O2 D_Sepia Choco EX,0,"2,157",확인
2025-04-15,[10] 사출조립,R3405-04.25SPC,O2O2 D_Sepia Choco EX,0,"2,157",확인
2025-04-15,[10] 사출조립,R3405-04.25SPC,O2O2 D_Sepia Choco EX,0,"2,157",확인
2025-04-15,[10] 사출조립,R3405-04.25SPC,O2O2 D_Sepia Choco EX,"2,157","2,157",확인
2025-04-15,[20] 분리,Q3405-04.25SPC,O2O2 D_Sepia Choco EX,"1,743","2,157",확인
2025-04-15,[20] 분리,Q3405-05.50SPC,O2O2 D_Sepia Choco EX,"1,830","2,235",확인
2025-04-15,[20] 분리,Q3405-05.50SPC,O2O2 D_Sepia Choco EX,"1,732","2,235",확인
2025-04-15,[20] 분리,Q3405-05.50SPC,O2O2 D_Sepia Choco EX,"1,895","2,235",확인
2025-04-15,[20] 분리,Q3405-05.50SPC,O2O2 D_Sepia Choco EX,"1,856","2,235",확인
2025-04-15,[20] 분리,Q3405-04.25SPC,O2O2 D_Sepia Choco EX,"1,752","2,157",확인
2025-04-15,[20] 분리,Q3405-05.50SPC,O2O2 D_Sepia Choco EX,"1,691","2,235",확인
2025-04-15,[20] 분리,Q3405-05.50SPC,O2O2 D_Sepia Choco EX,"1,944","2,235",확인
2025-04-15,[20] 분리,Q3405-05.50SPC,O2O2 D_Sepia Choco EX,"1,946","2,235",확인
2025-04-16,[20] 분리,Q3405-04.50SPC,O2O2 D_Sepia Choco EX,"1,757","2,157",확인
2025-04-16,[20] 분리,Q3405-05.50SPC,O2O2 D_Sepia Choco EX,"1,905","2,235",확인
2025-04-17,[45] 하이드레이션/전면검사,P3405A-03.25SPC,O2O2 D_Sepia Choco EX,"1,325","1,337",확인
2025-04-17,[45] 하이드레이션/전면검사,P3407A-08.50ASG,O2O2 D_Ash Gray EX,"1,025","1,044",확인
2025-04-17,[45] 하이드레이션/전면검사,P3407A-04.50ASG,O2O2 D_Ash Gray EX,"1,845","1,874",확인
2025-04-17,[45] 하이드레이션/전면검사,P3407A-04.50ASG,O2O2 D_Ash Gray EX,"1,940","1,954",확인
2025-04-17,[45] 하이드레이션/전면검사,P3407A-04.50ASG,O2O2 D_Ash Gray EX,"1,595","1,602",확인
2025-04-17,[45] 하이드레이션/전면검사,P3407A-04.50ASG,O2O2 D_Ash Gray EX,790,797,확인
2025-04-17,[45] 하이드레이션/전면검사,P3407A-04.50ASG,O2O2 D_Ash Gray EX,"1,805","1,829",확인
2025-04-17,[45] 하이드레이션/전면검사,P3407A-04.50ASG,O2O2 D_Ash Gray EX,"1,020","1,024",확인
2025-04-17,[10] 사출조립,R3405-05.50SPC,O2O2 D_Sepia Choco EX,"2,073","2,073",확인
2025-04-17,[10] 사출조립,R3405-05.50SPC,O2O2 D_Sepia Choco EX,"2,073","2,073",확인
2025-04-17,[10] 사출조립,R3405-05.50SPC,O2O2 D_Sepia Choco EX,"2,073","2,073",확인
2025-04-17,[10] 사출조립,R3405-05.50SPC,O2O2 D_Sepia Choco EX,"2,073","2,073",확인
2025-04-17,[10] 사출조립,R3405-05.50SPC,O2O2 D_Sepia Choco EX,"2,073","2,073",확인
2025-04-17,[10] 사출조립,R3405-05.50SPC,O2O2 D_Sepia Choco EX,"2,073","2,073",확인
2025-04-17,[10] 사출조립,R3405-05.50SPC,O2O2 D_Sepia Choco EX,"2,073","2,073",확인
2025-04-17,[10] 사출조립,R3405-05.50SPC,O2O2 D_Sepia Choco EX,895,895,확인
2025-04-17,[10] 사출조립,R3405-05.50SPC,O2O2 D_Sepia Choco EX,0,895,확인
2025-04-17,[10] 사출조립,R3405-05.50SPC,O2O2 D_Sepia Choco EX,0,895,확인
2025-04-17,[10] 사출조립,R3405-05.50SPC,O2O2 D_Sepia Choco EX,895,895,확인
2025-04-17,[10] 사출조립,R3405-05.50SPC,O2O2 D_Sepia Choco EX,895,895,확인
2025-04-17,[10] 사출조립,R3405-05.50SPC,O2O2 D_Sepia Choco EX,895,895,확인
2025-04-17,[10] 사출조립,R3405-05.50SPC,O2O2 D_Sepia Choco EX,895,895,확인
2025-04-17,[10] 사출조립,R3405-05.50SPC,O2O2 D_Sepia Choco EX,895,895,확인
2025-04-17,[10] 사출조립,R3405-02.50SPC,O2O2 D_Sepia Choco EX,"2,194","2,194",확인
2025-04-17,[10] 사출조립,R3405-02.50SPC,O2O2 D_Sepia Choco EX,"2,194","2,194",확인
2025-04-17,[10] 사출조립,R3405-02.50SPC,O2O2 D_Sepia Choco EX,"2,194","2,194",확인
2025-04-17,[10] 사출조립,R3405-02.50SPC,O2O2 D_Sepia Choco EX,"2,194","2,194",확인
2025-04-17,[10] 사출조립,R3405-02.50SPC,O2O2 D_Sepia Choco EX,0,"2,194",확인
2025-04-17,[10] 사출조립,R3405-02.50SPC,O2O2 D_Sepia Choco EX,0,"2,194",확인
2025-04-17,[55] 접착/ 멸균,P3407A-04.50ASG,O2O2 D_Ash Gray EX,"1,822","1,940",확인
2025-04-17,[10] 사출조립,R3405-02.75SPC,O2O2 D_Sepia Choco EX,0,"2,194",확인
2025-04-17,[10] 사출조립,R3405-02.75SPC,O2O2 D_Sepia Choco EX,"2,194","2,194",확인
2025-04-17,[45] 하이드레이션/전면검사,P3405A-05.50SPC,O2O2 D_Sepia Choco EX,"1,945","1,946",확인
2025-04-17,[45] 하이드레이션/전면검사,P3405A-05.50SPC,O2O2 D_Sepia Choco EX,"1,940","1,944",확인
2025-04-17,[45] 하이드레이션/전면검사,P3405A-05.50SPC,O2O2 D_Sepia Choco EX,"1,890","1,895",확인
2025-04-17,[45] 하이드레이션/전면검사,P3405A-05.50SPC,O2O2 D_Sepia Choco EX,"1,845","1,856",확인
2025-04-17,[45] 하이드레이션/전면검사,P3405A-05.50SPC,O2O2 D_Sepia Choco EX,"1,900","1,905",확인
2025-04-17,[45] 하이드레이션/전면검사,P3405A-05.50SPC,O2O2 D_Sepia Choco EX,"1,825","1,830",확인
2025-04-17,[45] 하이드레이션/전면검사,P3405A-01.75SPC,O2O2 D_Sepia Choco EX,385,387,확인
2025-04-17,[45] 하이드레이션/전면검사,P3405A-01.75SPC,O2O2 D_Sepia Choco EX,425,428,확인
2025-04-17,[45] 하이드레이션/전면검사,P3405A-01.75SPC,O2O2 D_Sepia Choco EX,365,366,확인
2025-04-17,[45] 하이드레이션/전면검사,P3405A-04.25SPC,O2O2 D_Sepia Choco EX,"1,730","1,743",확인
2025-04-17,[45] 하이드레이션/전면검사,P3405A-04.25SPC,O2O2 D_Sepia Choco EX,"1,080","1,085",확인
2025-04-17,[45] 하이드레이션/전면검사,P3405A-04.25SPC,O2O2 D_Sepia Choco EX,"1,605","1,617",확인
2025-04-17,[45] 하이드레이션/전면검사,P3405A-04.25SPC,O2O2 D_Sepia Choco EX,"1,235","1,245",확인
2025-04-17,[45] 하이드레이션/전면검사,P3405A-04.25SPC,O2O2 D_Sepia Choco EX,"1,185","1,190",확인
2025-04-17,[45] 하이드레이션/전면검사,P3405A-04.25SPC,O2O2 D_Sepia Choco EX,"1,050","1,113",확인
2025-04-17,[45] 하이드레이션/전면검사,P3405A-04.25SPC,O2O2 D_Sepia Choco EX,815,823,확인
2025-04-17,[45] 하이드레이션/전면검사,P3405A-04.25SPC,O2O2 D_Sepia Choco EX,985,990,확인
2025-04-17,[45] 하이드레이션/전면검사,P3405A-04.25SPC,O2O2 D_Sepia Choco EX,"1,255","1,263",확인
2025-04-17,[10] 사출조립,R3405-05.00SPC,O2O2 D_Sepia Choco EX,"2,073","2,073",확인
2025-04-18,[80] 누수/규격검사,P3405A-03.25SPC,O2O2 D_Sepia Choco EX,"1,187","1,250",확인
2025-04-18,[55] 접착/ 멸균,P3405A-03.25SPC,O2O2 D_Sepia Choco EX,"1,250","1,325",확인
2025-04-18,[10] 사출조립,R3408-00.50BRW,O2O2 D_Blending Hazel EX,"1,196","1,196",확인
2025-04-18,[80] 누수/규격검사,P3407A-04.50ASG,O2O2 D_Ash Gray EX,"1,259","1,350",확인
2025-04-18,[55] 접착/ 멸균,P3407A-04.50ASG,O2O2 D_Ash Gray EX,"1,736","1,805",확인
2025-04-18,[80] 누수/규격검사,P3407A-04.50ASG,O2O2 D_Ash Gray EX,"1,716","1,736",확인
2025-04-18,[80] 누수/규격검사,P3407A-04.50ASG,O2O2 D_Ash Gray EX,"1,646","1,822",확인
2025-04-18,[80] 누수/규격검사,P3407A-04.50ASG,O2O2 D_Ash Gray EX,"1,367","1,436",확인
2025-04-18,[10] 사출조립,R3405-02.25SPC,O2O2 D_Sepia Choco EX,"1,956","1,956",확인
2025-04-18,[10] 사출조립,R3405-02.25SPC,O2O2 D_Sepia Choco EX,"1,956","1,956",확인
2025-04-18,[55] 접착/ 멸균,P3407A-04.50ASG,O2O2 D_Ash Gray EX,894,"1,020",확인
2025-04-18,[55] 접착/ 멸균,P3407A-04.50ASG,O2O2 D_Ash Gray EX,"1,350","1,845",확인
2025-04-18,[55] 접착/ 멸균,P3407A-04.50ASG,O2O2 D_Ash Gray EX,"1,436","1,595",확인
2025-04-18,[10] 사출조립,R3405-02.50SPC,O2O2 D_Sepia Choco EX,"1,956","1,956",확인
2025-04-18,[10] 사출조립,R3405-02.50SPC,O2O2 D_Sepia Choco EX,"1,956","1,956",확인
2025-04-18,[10] 사출조립,R3405-02.75SPC,O2O2 D_Sepia Choco EX,"1,956","1,956",확인
2025-04-18,[10] 사출조립,R3405-02.75SPC,O2O2 D_Sepia Choco EX,0,"1,956",확인
2025-04-18,[10] 사출조립,R3405-02.75SPC,O2O2 D_Sepia Choco EX,0,"1,956",확인
2025-04-18,[10] 사출조립,R3405-02.75SPC,O2O2 D_Sepia Choco EX,0,"1,956",확인
2025-04-18,[55] 접착/ 멸균,P3405A-05.50SPC,O2O2 D_Sepia Choco EX,"1,888","1,940",확인
2025-04-18,[80] 누수/규격검사,P3405A-05.50SPC,O2O2 D_Sepia Choco EX,"1,783","1,803",확인
2025-04-18,[80] 누수/규격검사,P3405A-05.50SPC,O2O2 D_Sepia Choco EX,"1,822","1,842",확인
2025-04-18,[80] 누수/규격검사,P3405A-05.50SPC,O2O2 D_Sepia Choco EX,"1,869","1,889",확인
2025-04-18,[55] 접착/ 멸균,P3405A-05.50SPC,O2O2 D_Sepia Choco EX,"1,842","1,900",확인
2025-04-18,[55] 접착/ 멸균,P3405A-05.50SPC,O2O2 D_Sepia Choco EX,"1,803","1,845",확인
2025-04-18,[80] 누수/규격검사,P3405A-05.50SPC,O2O2 D_Sepia Choco EX,"1,788","1,808",확인
2025-04-18,[80] 누수/규격검사,P3405A-05.50SPC,O2O2 D_Sepia Choco EX,"1,748","1,778",확인
2025-04-18,[20] 분리,Q3405-05.00SPC,O2O2 D_Sepia Choco EX,"1,343","2,073",확인
2025-04-18,[55] 접착/ 멸균,P3405A-05.50SPC,O2O2 D_Sepia Choco EX,"1,778","1,825",확인
2025-04-18,[80] 누수/규격검사,P3405A-05.50SPC,O2O2 D_Sepia Choco EX,"1,578","1,598",확인
2025-04-18,[55] 접착/ 멸균,P3405A-05.50SPC,O2O2 D_Sepia Choco EX,"1,808","1,890",확인
2025-04-18,[80] 누수/규격검사,P3405A-05.50SPC,O2O2 D_Sepia Choco EX,"1,612","1,632",확인
2025-04-18,[80] 누수/규격검사,P3405A-05.50SPC,O2O2 D_Sepia Choco EX,"1,718","1,888",확인
2025-04-18,[20] 분리,Q3405-02.75SPC,O2O2 D_Sepia Choco EX,"1,729","2,194",확인
2025-04-18,[55] 접착/ 멸균,P3405A-05.50SPC,O2O2 D_Sepia Choco EX,"1,889","1,945",확인
2025-04-18,[55] 접착/ 멸균,P3405A-05.50SPC,O2O2 D_Sepia Choco EX,"1,598","1,680",확인
2025-04-18,[55] 접착/ 멸균,P3405A-05.50SPC,O2O2 D_Sepia Choco EX,"1,632","1,730",확인
2025-04-18,[45] 하이드레이션/전면검사,P3405A-05.50SPC,O2O2 D_Sepia Choco EX,"1,730","1,732",확인
2025-04-18,[45] 하이드레이션/전면검사,P3405A-05.50SPC,O2O2 D_Sepia Choco EX,"1,680","1,691",확인
2025-04-18,[55] 접착/ 멸균,P3405A-01.75SPC,O2O2 D_Sepia Choco EX,362,385,확인
2025-04-18,[80] 누수/규격검사,P3405A-01.75SPC,O2O2 D_Sepia Choco EX,357,362,확인
2025-04-18,[80] 누수/규격검사,P3405A-01.75SPC,O2O2 D_Sepia Choco EX,393,398,확인
2025-04-18,[80] 누수/규격검사,P3405A-04.25SPC,O2O2 D_Sepia Choco EX,998,"1,023",확인
2025-04-18,[80] 누수/규격검사,P3405A-04.25SPC,O2O2 D_Sepia Choco EX,"1,166","1,191",확인
2025-04-18,[80] 누수/규격검사,P3405A-04.25SPC,O2O2 D_Sepia Choco EX,931,951,확인
2025-04-18,[80] 누수/규격검사,P3405A-04.25SPC,O2O2 D_Sepia Choco EX,"1,196","1,216",확인
2025-04-18,[80] 누수/규격검사,P3405A-04.25SPC,O2O2 D_Sepia Choco EX,"1,675","1,695",확인
2025-04-18,[80] 누수/규격검사,P3405A-04.25SPC,O2O2 D_Sepia Choco EX,"1,001","1,021",확인
2025-04-18,[80] 누수/규격검사,P3405A-04.25SPC,O2O2 D_Sepia Choco EX,"1,536","1,556",확인
2025-04-18,[80] 누수/규격검사,P3405A-04.25SPC,O2O2 D_Sepia Choco EX,752,772,확인
2025-04-18,[55] 접착/ 멸균,P3405A-04.25SPC,O2O2 D_Sepia Choco EX,951,985,확인
2025-04-18,[80] 누수/규격검사,P3405A-04.25SPC,O2O2 D_Sepia Choco EX,"1,136","1,156",확인
2025-04-18,[80] 누수/규격검사,P3405A-04.25SPC,O2O2 D_Sepia Choco EX,"1,664","1,684",확인
2025-04-18,[55] 접착/ 멸균,P3405A-04.25SPC,O2O2 D_Sepia Choco EX,"1,216","1,255",확인
2025-04-18,[45] 하이드레이션/전면검사,P3405A-04.25SPC,O2O2 D_Sepia Choco EX,"1,745","1,752",확인
2025-04-18,[55] 접착/ 멸균,P3405A-01.75SPC,O2O2 D_Sepia Choco EX,398,425,확인
2025-04-18,[55] 접착/ 멸균,P3405A-04.25SPC,O2O2 D_Sepia Choco EX,"1,021","1,080",확인
2025-04-18,[55] 접착/ 멸균,P3405A-04.25SPC,O2O2 D_Sepia Choco EX,"1,695","1,730",확인
2025-04-18,[55] 접착/ 멸균,P3405A-04.25SPC,O2O2 D_Sepia Choco EX,"1,023","1,050",확인
2025-04-18,[55] 접착/ 멸균,P3405A-04.25SPC,O2O2 D_Sepia Choco EX,"1,191","1,235",확인
2025-04-18,[55] 접착/ 멸균,P3405A-04.25SPC,O2O2 D_Sepia Choco EX,"1,156","1,185",확인
2025-04-18,[55] 접착/ 멸균,P3405A-04.25SPC,O2O2 D_Sepia Choco EX,772,815,확인
2025-04-18,[55] 접착/ 멸균,P3405A-04.25SPC,O2O2 D_Sepia Choco EX,"1,684","1,745",확인
2025-04-18,[55] 접착/ 멸균,P3405A-04.25SPC,O2O2 D_Sepia Choco EX,"1,556","1,605",확인
2025-04-18,[10] 사출조립,R3408-00.00BRW,O2O2 D_Blending Hazel EX,"1,196","1,196",확인
2025-04-18,[10] 사출조립,R3408-00.00BRW,O2O2 D_Blending Hazel EX,"1,196","1,196",확인
2025-04-18,[10] 사출조립,R3408-00.00BRW,O2O2 D_Blending Hazel EX,0,"1,196",확인
2025-04-18,[10] 사출조립,R3408-00.00BRW,O2O2 D_Blending Hazel EX,"1,196","1,196",확인
2025-04-18,[10] 사출조립,R3408-00.00BRW,O2O2 D_Blending Hazel EX,"1,196","1,196",확인
2025-04-18,[10] 사출조립,R3408-00.00BRW,O2O2 D_Blending Hazel EX,"1,196","1,196",확인
2025-04-18,[10] 사출조립,R3408-00.00BRW,O2O2 D_Blending Hazel EX,0,"1,196",확인
2025-04-18,[20] 분리,Q3405-05.50SPC,O2O2 D_Sepia Choco EX,562,895,확인
2025-04-18,[20] 분리,Q3405-05.50SPC,O2O2 D_Sepia Choco EX,"1,315","2,073",확인
2025-04-18,[20] 분리,Q3405-05.50SPC,O2O2 D_Sepia Choco EX,"1,556","2,073",확인
2025-04-18,[20] 분리,Q3405-05.50SPC,O2O2 D_Sepia Choco EX,"1,130","2,073",확인
2025-04-18,[20] 분리,Q3405-05.50SPC,O2O2 D_Sepia Choco EX,645,895,확인
2025-04-18,[20] 분리,Q3405-05.50SPC,O2O2 D_Sepia Choco EX,702,895,확인
2025-04-18,[20] 분리,Q3405-05.50SPC,O2O2 D_Sepia Choco EX,761,895,확인
2025-04-18,[20] 분리,Q3405-05.50SPC,O2O2 D_Sepia Choco EX,702,895,확인
2025-04-18,[20] 분리,Q3405-05.50SPC,O2O2 D_Sepia Choco EX,"1,290","2,073",확인
2025-04-18,[20] 분리,Q3405-05.50SPC,O2O2 D_Sepia Choco EX,"1,547","2,073",확인
2025-04-18,[20] 분리,Q3405-05.50SPC,O2O2 D_Sepia Choco EX,751,895,확인
2025-04-18,[20] 분리,Q3405-05.50SPC,O2O2 D_Sepia Choco EX,"1,219","2,073",확인
2025-04-18,[20] 분리,Q3405-05.50SPC,O2O2 D_Sepia Choco EX,"1,185","2,073",확인
2025-04-18,[20] 분리,Q3405-02.25SPC,O2O2 D_Sepia Choco EX,"1,550","1,956",확인
2025-04-18,[20] 분리,Q3405-02.50SPC,O2O2 D_Sepia Choco EX,"1,941","2,194",확인
2025-04-18,[20] 분리,Q3405-02.50SPC,O2O2 D_Sepia Choco EX,"2,034","2,194",확인
2025-04-18,[20] 분리,Q3405-02.50SPC,O2O2 D_Sepia Choco EX,"1,945","2,194",확인
2025-04-18,[20] 분리,Q3405-02.50SPC,O2O2 D_Sepia Choco EX,"1,596","1,956",확인
2025-04-18,[20] 분리,Q3405-02.50SPC,O2O2 D_Sepia Choco EX,"1,711","2,194",확인
2025-04-18,[20] 분리,Q3405-02.50SPC,O2O2 D_Sepia Choco EX,"1,449","1,956",확인
2025-04-18,[20] 분리,Q3408-00.00BRW,O2O2 D_Blending Hazel EX,701,"1,143",확인
2025-04-18,[20] 분리,Q3408-00.00BRW,O2O2 D_Blending Hazel EX,787,"1,138",확인
2025-04-18,[20] 분리,Q3408-00.00BRW,O2O2 D_Blending Hazel EX,858,"1,138",확인
2025-04-18,[20] 분리,Q3408-00.00BRW,O2O2 D_Blending Hazel EX,624,"1,138",확인
2025-04-18,[20] 분리,Q3408-00.00BRW,O2O2 D_Blending Hazel EX,413,"1,138",확인
2025-04-19,[55] 접착/ 멸균,P3407A-08.50ASG,O2O2 D_Ash Gray EX,975,"1,025",확인
2025-04-19,[80] 누수/규격검사,P3407A-08.50ASG,O2O2 D_Ash Gray EX,955,975,확인
2025-04-19,[45] 하이드레이션/전면검사,P3406A-02.75ASB,O2O2 D_Ash Brown EX,0,50,확인
2025-04-19,[45] 하이드레이션/전면검사,P3407A-01.25ASG,O2O2 D_Ash Gray EX,0,50,확인
2025-04-19,[45] 하이드레이션/전면검사,P3407A-01.25ASG,O2O2 D_Ash Gray EX,0,50,확인
2025-04-19,[45] 하이드레이션/전면검사,P3406A-03.00ASB,O2O2 D_Ash Brown EX,0,50,확인
2025-04-19,[55] 접착/ 멸균,P3407A-04.50ASG,O2O2 D_Ash Gray EX,753,790,확인
2025-04-19,[80] 누수/규격검사,P3407A-04.50ASG,O2O2 D_Ash Gray EX,874,894,확인
2025-04-19,[80] 누수/규격검사,P3407A-04.50ASG,O2O2 D_Ash Gray EX,733,753,확인
2025-04-19,[45] 하이드레이션/전면검사,P3407A-01.00ASG,O2O2 D_Ash Gray EX,0,50,확인
2025-04-19,[45] 하이드레이션/전면검사,P3406A-03.25ASB,O2O2 D_Ash Brown EX,0,50,확인
2025-04-19,[20] 분리,Q3405-02.75SPC,O2O2 D_Sepia Choco EX,"1,296","1,956",확인
2025-04-19,[80] 누수/규격검사,P3405A-01.75SPC,O2O2 D_Sepia Choco EX,345,350,확인
2025-04-19,[55] 접착/ 멸균,P3405A-01.75SPC,O2O2 D_Sepia Choco EX,350,365,확인
2025-04-19,[45] 하이드레이션/전면검사,P3405A-04.25SPC,O2O2 D_Sepia Choco EX,0,50,확인
2025-04-19,[45] 하이드레이션/전면검사,P3405A-04.50SPC,O2O2 D_Sepia Choco EX,0,50,확인
2025-04-19,[45] 하이드레이션/전면검사,P3405A-04.50SPC,O2O2 D_Sepia Choco EX,0,50,확인
2025-04-20,[10] 사출조립,R3405-03.25SPC,O2O2 D_Sepia Choco EX,"2,228","2,228",확인
2025-04-20,[10] 사출조립,R3405-03.25SPC,O2O2 D_Sepia Choco EX,0,"2,350",확인
2025-04-20,[10] 사출조립,R3405-03.75SPC,O2O2 D_Sepia Choco EX,"2,228","2,228",확인
2025-04-20,[10] 사출조립,R3405-03.75SPC,O2O2 D_Sepia Choco EX,0,"2,228",확인
2025-04-20,[10] 사출조립,R3405-03.75SPC,O2O2 D_Sepia Choco EX,0,"2,350",확인
2025-04-20,[10] 사출조립,R3405-03.75SPC,O2O2 D_Sepia Choco EX,0,"2,350",확인
2025-04-20,[10] 사출조립,R3405-03.50SPC,O2O2 D_Sepia Choco EX,"2,228","2,228",확인
2025-04-20,[10] 사출조립,R3405-03.50SPC,O2O2 D_Sepia Choco EX,"2,228","2,228",확인
2025-04-20,[10] 사출조립,R3405-03.50SPC,O2O2 D_Sepia Choco EX,0,"2,228",확인
2025-04-20,[10] 사출조립,R3405-03.50SPC,O2O2 D_Sepia Choco EX,0,"2,228",확인
2025-04-20,[10] 사출조립,R3405-03.50SPC,O2O2 D_Sepia Choco EX,"2,228","2,228",확인
2025-04-20,[10] 사출조립,R3405-03.50SPC,O2O2 D_Sepia Choco EX,"2,350","2,350",확인
2025-04-20,[10] 사출조립,R3405-03.50SPC,O2O2 D_Sepia Choco EX,"2,350","2,350",확인
2025-04-20,[10] 사출조립,R3405-03.50SPC,O2O2 D_Sepia Choco EX,0,"2,350",확인
2025-04-20,[10] 사출조립,R3405-03.50SPC,O2O2 D_Sepia Choco EX,0,"2,350",확인
2025-04-20,[10] 사출조립,R3405-03.50SPC,O2O2 D_Sepia Choco EX,"2,350","2,350",확인
2025-04-20,[20] 분리,Q3405-02.25SPC,O2O2 D_Sepia Choco EX,"1,655","1,956",확인
2025-04-21,[45] 하이드레이션/전면검사,P3405A-02.50SPC,O2O2 D_Sepia Choco EX,"1,675","1,711",확인
2025-04-21,[45] 하이드레이션/전면검사,P3405A-02.50SPC,O2O2 D_Sepia Choco EX,"1,940","1,945",확인
2025-04-21,[10] 사출조립,R3405-01.50SPC,O2O2 D_Sepia Choco EX,"2,039","2,039",확인
2025-04-21,[10] 사출조립,R3405-01.50SPC,O2O2 D_Sepia Choco EX,"2,039","2,039",확인
2025-04-21,[10] 사출조립,R3405-01.50SPC,O2O2 D_Sepia Choco EX,"2,039","2,039",확인
2025-04-21,[10] 사출조립,R3405-02.50SPC,O2O2 D_Sepia Choco EX,"2,322","2,322",확인
2025-04-21,[10] 사출조립,R3405-02.50SPC,O2O2 D_Sepia Choco EX,"2,322","2,322",확인
2025-04-21,[10] 사출조립,R3405-02.50SPC,O2O2 D_Sepia Choco EX,"2,322","2,322",확인
2025-04-21,[10] 사출조립,R3405-02.50SPC,O2O2 D_Sepia Choco EX,0,"2,337",확인
2025-04-21,[10] 사출조립,R3405-02.50SPC,O2O2 D_Sepia Choco EX,"2,337","2,337",확인
2025-04-21,[10] 사출조립,R3405-02.50SPC,O2O2 D_Sepia Choco EX,0,"2,337",확인
2025-04-21,[10] 사출조립,R3405-02.50SPC,O2O2 D_Sepia Choco EX,0,"2,337",확인
2025-04-21,[10] 사출조립,R3405-02.25SPC,O2O2 D_Sepia Choco EX,"2,322","2,322",확인
2025-04-21,[10] 사출조립,R3405-02.50SPC,O2O2 D_Sepia Choco EX,"2,322","2,322",확인
2025-04-21,[10] 사출조립,R3405-02.50SPC,O2O2 D_Sepia Choco EX,"2,322","2,322",확인
2025-04-21,[10] 사출조립,R3405-02.50SPC,O2O2 D_Sepia Choco EX,0,"2,337",확인
2025-04-21,[10] 사출조립,R3405-02.50SPC,O2O2 D_Sepia Choco EX,"2,337","2,337",확인
2025-04-21,[10] 사출조립,R3405-02.50SPC,O2O2 D_Sepia Choco EX,"2,337","2,337",확인
2025-04-21,[10] 사출조립,R3405-02.50SPC,O2O2 D_Sepia Choco EX,"2,337","2,337",확인
2025-04-21,[10] 사출조립,R3405-02.75SPC,O2O2 D_Sepia Choco EX,"2,322","2,322",확인
2025-04-21,[10] 사출조립,R3405-02.75SPC,O2O2 D_Sepia Choco EX,0,"2,322",확인
2025-04-21,[10] 사출조립,R3405-04.50SPC,O2O2 D_Sepia Choco EX,"2,446","2,446",확인
2025-04-21,[10] 사출조립,R3405-04.50SPC,O2O2 D_Sepia Choco EX,"2,446","2,446",확인
2025-04-21,[45] 하이드레이션/전면검사,P3405A-05.50SPC,O2O2 D_Sepia Choco EX,"1,210","1,219",확인
2025-04-21,[45] 하이드레이션/전면검사,P3405A-05.50SPC,O2O2 D_Sepia Choco EX,"1,310","1,315",확인
2025-04-21,[45] 하이드레이션/전면검사,P3405A-05.50SPC,O2O2 D_Sepia Choco EX,"1,120","1,130",확인
2025-04-21,[10] 사출조립,R3405-02.00SPC,O2O2 D_Sepia Choco EX,0,"2,039",확인
2025-04-21,[10] 사출조립,R3405-02.00SPC,O2O2 D_Sepia Choco EX,"2,039","2,039",확인
2025-04-21,[10] 사출조립,R3405-02.00SPC,O2O2 D_Sepia Choco EX,"2,039","2,039",확인
2025-04-21,[10] 사출조립,R3405-02.00SPC,O2O2 D_Sepia Choco EX,"2,039","2,039",확인
2025-04-21,[20] 분리,Q3408-00.50BRW,O2O2 D_Blending Hazel EX,620,"1,196",확인
2025-04-21,[45] 하이드레이션/전면검사,P3405A-04.25SPC,O2O2 D_Sepia Choco EX,"2,000","2,010",확인
2025-04-21,[45] 하이드레이션/전면검사,P3405A-04.25SPC,O2O2 D_Sepia Choco EX,"1,895","1,899",확인
2025-04-21,[10] 사출조립,R3405-01.25SPC,O2O2 D_Sepia Choco EX,"2,039","2,039",확인
2025-04-21,[10] 사출조립,R3405-04.25SPC,O2O2 D_Sepia Choco EX,"2,446","2,446",확인
2025-04-21,[10] 사출조립,R3405-04.25SPC,O2O2 D_Sepia Choco EX,"2,446","2,446",확인
2025-04-21,[10] 사출조립,R3405-04.25SPC,O2O2 D_Sepia Choco EX,"2,446","2,446",확인
2025-04-21,[10] 사출조립,R3405-04.25SPC,O2O2 D_Sepia Choco EX,"2,446","2,446",확인
2025-04-21,[10] 사출조립,R3405-04.25SPC,O2O2 D_Sepia Choco EX,"2,446","2,446",확인
2025-04-21,[10] 사출조립,R3405-04.25SPC,O2O2 D_Sepia Choco EX,"2,446","2,446",확인
2025-04-21,[45] 하이드레이션/전면검사,P3405A-06.00SPC,O2O2 D_Sepia Choco EX,"2,035","2,048",확인
2025-04-21,[20] 분리,Q3408-00.00BRW,O2O2 D_Blending Hazel EX,757,"1,196",확인
2025-04-21,[20] 분리,Q3408-00.00BRW,O2O2 D_Blending Hazel EX,685,"1,196",확인
2025-04-21,[20] 분리,Q3408-00.00BRW,O2O2 D_Blending Hazel EX,824,"1,196",확인
2025-04-21,[20] 분리,Q3408-00.00BRW,O2O2 D_Blending Hazel EX,959,"1,196",확인
2025-04-21,[20] 분리,Q3408-00.00BRW,O2O2 D_Blending Hazel EX,733,"1,196",확인
2025-04-22,[45] 하이드레이션/전면검사,P3405A-02.50SPC,O2O2 D_Sepia Choco EX,"1,435","1,449",확인
2025-04-22,[45] 하이드레이션/전면검사,P3405A-02.50SPC,O2O2 D_Sepia Choco EX,"1,585","1,596",확인
2025-04-22,[45] 하이드레이션/전면검사,P3405A-02.50SPC,O2O2 D_Sepia Choco EX,"2,025","2,034",확인
2025-04-22,[45] 하이드레이션/전면검사,P3405A-02.50SPC,O2O2 D_Sepia Choco EX,"1,935","1,941",확인
2025-04-22,[80] 누수/규격검사,P3405A-02.50SPC,O2O2 D_Sepia Choco EX,"1,395","1,490",확인
2025-04-22,[80] 누수/규격검사,P3405A-02.50SPC,O2O2 D_Sepia Choco EX,"1,847","1,882",확인
2025-04-22,[80] 누수/규격검사,P3405A-02.50SPC,O2O2 D_Sepia Choco EX,"1,594","1,628",확인
2025-04-22,[80] 누수/규격검사,P3405A-02.50SPC,O2O2 D_Sepia Choco EX,"1,855","1,885",확인
2025-04-22,[45] 하이드레이션/전면검사,P3405A-03.25SPC,O2O2 D_Sepia Choco EX,"1,370","1,375",확인
2025-04-22,[45] 하이드레이션/전면검사,P3405A-03.25SPC,O2O2 D_Sepia Choco EX,"1,205","1,211",확인
2025-04-22,[45] 하이드레이션/전면검사,P3405A-03.25SPC,O2O2 D_Sepia Choco EX,985,990,확인
2025-04-22,[45] 하이드레이션/전면검사,P3405A-03.25SPC,O2O2 D_Sepia Choco EX,"1,210","1,422",확인
2025-04-22,[45] 하이드레이션/전면검사,P3405A-03.25SPC,O2O2 D_Sepia Choco EX,"1,085","1,085",확인
2025-04-22,[55] 접착/ 멸균,P3405A-02.50SPC,O2O2 D_Sepia Choco EX,"1,882","2,025",확인
2025-04-22,[55] 접착/ 멸균,P3405A-02.50SPC,O2O2 D_Sepia Choco EX,"1,885","1,940",확인
2025-04-22,[45] 하이드레이션/전면검사,P3405A-03.25SPC,O2O2 D_Sepia Choco EX,"1,265","1,268",확인
2025-04-22,[45] 하이드레이션/전면검사,P3405A-03.25SPC,O2O2 D_Sepia Choco EX,"1,290","1,290",확인
2025-04-22,[45] 하이드레이션/전면검사,P3405A-03.25SPC,O2O2 D_Sepia Choco EX,"1,395","1,399",확인
2025-04-22,[45] 하이드레이션/전면검사,P3405A-03.25SPC,O2O2 D_Sepia Choco EX,"1,550","1,553",확인
2025-04-22,[45] 하이드레이션/전면검사,P3405A-03.25SPC,O2O2 D_Sepia Choco EX,"1,635","1,640",확인
2025-04-22,[45] 하이드레이션/전면검사,P3405A-03.25SPC,O2O2 D_Sepia Choco EX,"1,455","1,463",확인
2025-04-22,[45] 하이드레이션/전면검사,P3405A-03.25SPC,O2O2 D_Sepia Choco EX,"1,855","1,864",확인
2025-04-22,[55] 접착/ 멸균,P3405A-03.25SPC,O2O2 D_Sepia Choco EX,"1,367","1,855",확인
2025-04-22,[55] 접착/ 멸균,P3405A-02.50SPC,O2O2 D_Sepia Choco EX,"1,490","1,585",확인
2025-04-22,[55] 접착/ 멸균,P3405A-02.50SPC,O2O2 D_Sepia Choco EX,"1,628","1,675",확인
2025-04-22,[55] 접착/ 멸균,P3405A-03.25SPC,O2O2 D_Sepia Choco EX,"1,568","1,635",확인
2025-04-22,[55] 접착/ 멸균,P3405A-03.25SPC,O2O2 D_Sepia Choco EX,"1,389","1,455",확인
2025-04-22,[80] 누수/규격검사,P3405A-03.25SPC,O2O2 D_Sepia Choco EX,"1,337","1,367",확인
2025-04-22,[80] 누수/규격검사,P3405A-03.25SPC,O2O2 D_Sepia Choco EX,"1,304","1,389",확인
2025-04-22,[10] 사출조립,R3408-00.50BRW,O2O2 D_Blending Hazel EX,0,"1,083",확인
2025-04-22,[10] 사출조립,R3408-00.50BRW,O2O2 D_Blending Hazel EX,0,"1,083",확인
2025-04-22,[10] 사출조립,R3408-00.50BRW,O2O2 D_Blending Hazel EX,"1,083","1,083",확인
2025-04-22,[80] 누수/규격검사,P3405A-03.25SPC,O2O2 D_Sepia Choco EX,"1,520","1,568",확인
2025-04-22,[10] 사출조립,R3405-02.50SPC,O2O2 D_Sepia Choco EX,"2,278","2,278",확인
2025-04-22,[10] 사출조립,R3405-02.50SPC,O2O2 D_Sepia Choco EX,"2,278","2,278",확인
2025-04-22,[10] 사출조립,R3405-02.50SPC,O2O2 D_Sepia Choco EX,"2,278","2,278",확인
2025-04-22,[10] 사출조립,R3405-02.50SPC,O2O2 D_Sepia Choco EX,"2,278","2,278",확인
2025-04-22,[10] 사출조립,R3405-02.50SPC,O2O2 D_Sepia Choco EX,"2,278","2,278",확인
2025-04-22,[10] 사출조립,R3405-02.75SPC,O2O2 D_Sepia Choco EX,"2,278","2,278",확인
2025-04-22,[10] 사출조립,R3405-02.75SPC,O2O2 D_Sepia Choco EX,"2,278","2,278",확인
2025-04-22,[10] 사출조립,R3405-02.75SPC,O2O2 D_Sepia Choco EX,"2,278","2,278",확인
2025-04-22,[45] 하이드레이션/전면검사,P3405A-05.50SPC,O2O2 D_Sepia Choco EX,"1,280","1,290",확인
2025-04-22,[45] 하이드레이션/전면검사,P3405A-05.50SPC,O2O2 D_Sepia Choco EX,"1,175","1,185",확인
2025-04-22,[45] 하이드레이션/전면검사,P3405A-05.50SPC,O2O2 D_Sepia Choco EX,735,751,확인
2025-04-22,[45] 하이드레이션/전면검사,P3405A-05.50SPC,O2O2 D_Sepia Choco EX,690,702,확인
2025-04-22,[45] 하이드레이션/전면검사,P3405A-05.50SPC,O2O2 D_Sepia Choco EX,685,702,확인
2025-04-22,[45] 하이드레이션/전면검사,P3405A-05.50SPC,O2O2 D_Sepia Choco EX,495,562,확인
2025-04-22,[45] 하이드레이션/전면검사,P3405A-05.50SPC,O2O2 D_Sepia Choco EX,740,761,확인
2025-04-22,[80] 누수/규격검사,P3405A-05.50SPC,O2O2 D_Sepia Choco EX,"1,056","1,076",확인
2025-04-22,[55] 접착/ 멸균,P3405A-05.50SPC,O2O2 D_Sepia Choco EX,"1,076","1,120",확인
2025-04-22,[20] 분리,Q3405-03.25SPC,O2O2 D_Sepia Choco EX,"1,422","2,228",확인
2025-04-22,[45] 하이드레이션/전면검사,P3405A-04.25SPC,O2O2 D_Sepia Choco EX,"1,780","1,787",확인
2025-04-22,[45] 하이드레이션/전면검사,P3405A-04.25SPC,O2O2 D_Sepia Choco EX,"1,945","1,955",확인
2025-04-22,[45] 하이드레이션/전면검사,P3405A-04.25SPC,O2O2 D_Sepia Choco EX,"1,810","1,819",확인
2025-04-22,[55] 접착/ 멸균,P3405A-04.25SPC,O2O2 D_Sepia Choco EX,"1,792","1,895",확인
2025-04-22,[55] 접착/ 멸균,P3405A-04.25SPC,O2O2 D_Sepia Choco EX,"1,739","1,810",확인
2025-04-22,[55] 접착/ 멸균,P3405A-04.25SPC,O2O2 D_Sepia Choco EX,"1,903","2,000",확인
2025-04-22,[80] 누수/규격검사,P3405A-06.00SPC,O2O2 D_Sepia Choco EX,"1,568","1,593",확인
2025-04-22,[55] 접착/ 멸균,P3405A-06.00SPC,O2O2 D_Sepia Choco EX,"1,966","2,035",확인
2025-04-22,[55] 접착/ 멸균,P3405A-06.00SPC,O2O2 D_Sepia Choco EX,"1,593","1,695",확인
2025-04-22,[55] 접착/ 멸균,P3405A-06.00SPC,O2O2 D_Sepia Choco EX,"1,899","2,005",확인
2025-04-22,[55] 접착/ 멸균,P3405A-06.00SPC,O2O2 D_Sepia Choco EX,"1,861","2,075",확인
2025-04-22,[45] 하이드레이션/전면검사,P3405A-06.00SPC,O2O2 D_Sepia Choco EX,"2,005","2,021",확인
2025-04-22,[45] 하이드레이션/전면검사,P3405A-06.00SPC,O2O2 D_Sepia Choco EX,"1,670","1,685",확인
2025-04-22,[45] 하이드레이션/전면검사,P3405A-06.00SPC,O2O2 D_Sepia Choco EX,"1,675","1,710",확인
2025-04-22,[45] 하이드레이션/전면검사,P3405A-06.00SPC,O2O2 D_Sepia Choco EX,"1,695","1,704",확인
2025-04-22,[55] 접착/ 멸균,P3405A-04.25SPC,O2O2 D_Sepia Choco EX,"1,713","1,780",확인
2025-04-22,[45] 하이드레이션/전면검사,P3408A-00.00BRW,O2O2 D_Blending Hazel EX,405,413,확인
2025-04-22,[45] 하이드레이션/전면검사,P3408A-00.00BRW,O2O2 D_Blending Hazel EX,850,858,확인
2025-04-22,[45] 하이드레이션/전면검사,P3408A-00.00BRW,O2O2 D_Blending Hazel EX,675,685,확인
2025-04-22,[45] 하이드레이션/전면검사,P3408A-00.00BRW,O2O2 D_Blending Hazel EX,620,624,확인
2025-04-22,[45] 하이드레이션/전면검사,P3408A-00.00BRW,O2O2 D_Blending Hazel EX,695,701,확인
2025-04-22,[45] 하이드레이션/전면검사,P3408A-00.00BRW,O2O2 D_Blending Hazel EX,725,733,확인
2025-04-22,[45] 하이드레이션/전면검사,P3408A-00.00BRW,O2O2 D_Blending Hazel EX,820,824,확인
2025-04-22,[45] 하이드레이션/전면검사,P3408A-00.00BRW,O2O2 D_Blending Hazel EX,780,787,확인
2025-04-22,[45] 하이드레이션/전면검사,P3408A-00.00BRW,O2O2 D_Blending Hazel EX,955,959,확인
2025-04-22,[80] 누수/규격검사,P3405A-06.00SPC,O2O2 D_Sepia Choco EX,"1,869","1,899",확인
2025-04-22,[80] 누수/규격검사,P3405A-06.00SPC,O2O2 D_Sepia Choco EX,"1,837","1,861",확인
2025-04-22,[45] 하이드레이션/전면검사,P3405A-06.00SPC,O2O2 D_Sepia Choco EX,"2,075","2,106",확인
2025-04-22,[20] 분리,Q3405-03.50SPC,O2O2 D_Sepia Choco EX,"1,825","2,350",확인
2025-04-22,[20] 분리,Q3405-03.50SPC,O2O2 D_Sepia Choco EX,"1,903","2,228",확인
2025-04-22,[20] 분리,Q3405-03.50SPC,O2O2 D_Sepia Choco EX,"1,492","2,350",확인
2025-04-22,[20] 분리,Q3405-03.50SPC,O2O2 D_Sepia Choco EX,"1,484","2,228",확인
2025-04-22,[20] 분리,Q3405-03.50SPC,O2O2 D_Sepia Choco EX,"1,778","2,228",확인
2025-04-22,[20] 분리,Q3405-03.50SPC,O2O2 D_Sepia Choco EX,"1,887","2,350",확인
2025-04-22,[20] 분리,Q3405-03.75SPC,O2O2 D_Sepia Choco EX,"1,550","2,228",확인
2025-04-22,[10] 사출조립,R3408-00.00BRW,O2O2 D_Blending Hazel EX,0,"1,162",확인
2025-04-22,[10] 사출조립,R3408-00.00BRW,O2O2 D_Blending Hazel EX,"1,162","1,162",확인
2025-04-22,[10] 사출조립,R3408-00.00BRW,O2O2 D_Blending Hazel EX,"1,162","1,162",확인
2025-04-22,[10] 사출조립,R3408-00.00BRW,O2O2 D_Blending Hazel EX,0,"1,162",확인
2025-04-22,[10] 사출조립,R3408-00.00BRW,O2O2 D_Blending Hazel EX,0,"1,162",확인
2025-04-22,[10] 사출조립,R3408-00.00BRW,O2O2 D_Blending Hazel EX,0,"1,162",확인
2025-04-22,[10] 사출조립,R3408-00.00BRW,O2O2 D_Blending Hazel EX,0,"1,203",확인
2025-04-22,[10] 사출조립,R3408-00.00BRW,O2O2 D_Blending Hazel EX,"1,203","1,203",확인
2025-04-22,[10] 사출조립,R3408-00.00BRW,O2O2 D_Blending Hazel EX,"1,203","1,203",확인
2025-04-22,[10] 사출조립,R3408-00.00BRW,O2O2 D_Blending Hazel EX,"1,203","1,203",확인
2025-04-22,[10] 사출조립,R3408-00.00BRW,O2O2 D_Blending Hazel EX,"1,162","1,162",확인
2025-04-22,[10] 사출조립,R3408-00.00BRW,O2O2 D_Blending Hazel EX,"1,162","1,162",확인
2025-04-22,[10] 사출조립,R3408-00.00BRW,O2O2 D_Blending Hazel EX,"1,083","1,083",확인
2025-04-22,[10] 사출조립,R3408-00.00BRW,O2O2 D_Blending Hazel EX,"1,083","1,083",확인
2025-04-22,[10] 사출조립,R3408-00.00BRW,O2O2 D_Blending Hazel EX,0,"1,203",확인
2025-04-22,[10] 사출조립,R3408-00.00BRW,O2O2 D_Blending Hazel EX,0,"1,203",확인
2025-04-22,[10] 사출조립,R3408-00.00BRW,O2O2 D_Blending Hazel EX,0,"1,203",확인
2025-04-22,[10] 사출조립,R3408-00.00BRW,O2O2 D_Blending Hazel EX,"1,203","1,203",확인
2025-04-22,[10] 사출조립,R3408-00.00BRW,O2O2 D_Blending Hazel EX,"1,083","1,083",확인
2025-04-22,[10] 사출조립,R3408-00.00BRW,O2O2 D_Blending Hazel EX,"1,083","1,083",확인
2025-04-22,[10] 사출조립,R3408-00.00BRW,O2O2 D_Blending Hazel EX,"1,083","1,083",확인
2025-04-22,[20] 분리,Q3405-04.25SPC,O2O2 D_Sepia Choco EX,"2,125","2,446",확인
2025-04-22,[20] 분리,Q3405-04.25SPC,O2O2 D_Sepia Choco EX,"2,016","2,446",확인
2025-04-22,[20] 분리,Q3405-04.25SPC,O2O2 D_Sepia Choco EX,"1,411","2,446",확인
2025-04-22,[20] 분리,Q3405-02.50SPC,O2O2 D_Sepia Choco EX,"1,801","2,337",확인
2025-04-22,[20] 분리,Q3405-02.50SPC,O2O2 D_Sepia Choco EX,"1,650","2,337",확인
2025-04-23,[80] 누수/규격검사,P3405A-02.50SPC,O2O2 D_Sepia Choco EX,"1,357","1,377",확인
2025-04-23,[80] 누수/규격검사,P3405A-02.50SPC,O2O2 D_Sepia Choco EX,"1,809","1,829",확인
2025-04-23,[80] 누수/규격검사,P3405A-03.25SPC,O2O2 D_Sepia Choco EX,"1,205","1,225",확인
2025-04-23,[80] 누수/규격검사,P3405A-03.25SPC,O2O2 D_Sepia Choco EX,"1,015","1,035",확인
2025-04-23,[80] 누수/규격검사,P3405A-03.25SPC,O2O2 D_Sepia Choco EX,"1,300","1,320",확인
2025-04-23,[80] 누수/규격검사,P3405A-03.25SPC,O2O2 D_Sepia Choco EX,"1,138","1,158",확인
2025-04-23,[80] 누수/규격검사,P3405A-03.25SPC,O2O2 D_Sepia Choco EX,927,947,확인
2025-04-23,[55] 접착/ 멸균,P3405A-02.50SPC,O2O2 D_Sepia Choco EX,"1,377","1,435",확인
2025-04-23,[55] 접착/ 멸균,P3405A-02.50SPC,O2O2 D_Sepia Choco EX,"1,829","1,935",확인
2025-04-23,[55] 접착/ 멸균,P3405A-03.25SPC,O2O2 D_Sepia Choco EX,"1,314","1,395",확인
2025-04-23,[55] 접착/ 멸균,P3405A-03.25SPC,O2O2 D_Sepia Choco EX,"1,457","1,550",확인
2025-04-23,[55] 접착/ 멸균,P3405A-03.25SPC,O2O2 D_Sepia Choco EX,"1,158","1,265",확인
2025-04-23,[55] 접착/ 멸균,P3405A-03.25SPC,O2O2 D_Sepia Choco EX,"1,068","1,205",확인
2025-04-23,[55] 접착/ 멸균,P3405A-03.25SPC,O2O2 D_Sepia Choco EX,"1,035","1,085",확인
2025-04-23,[55] 접착/ 멸균,P3405A-03.25SPC,O2O2 D_Sepia Choco EX,"1,173","1,210",확인
2025-04-23,[80] 누수/규격검사,P3405A-03.25SPC,O2O2 D_Sepia Choco EX,"1,294","1,314",확인
2025-04-23,[80] 누수/규격검사,P3405A-03.25SPC,O2O2 D_Sepia Choco EX,"1,048","1,068",확인
2025-04-23,[80] 누수/규격검사,P3405A-03.25SPC,O2O2 D_Sepia Choco EX,"1,437","1,457",확인
2025-04-23,[80] 누수/규격검사,P3405A-03.25SPC,O2O2 D_Sepia Choco EX,"1,153","1,173",확인
2025-04-23,[55] 접착/ 멸균,P3405A-03.25SPC,O2O2 D_Sepia Choco EX,"1,225","1,290",확인
2025-04-23,[55] 접착/ 멸균,P3405A-03.25SPC,O2O2 D_Sepia Choco EX,"1,320","1,370",확인
2025-04-23,[55] 접착/ 멸균,P3405A-03.25SPC,O2O2 D_Sepia Choco EX,947,985,확인
2025-04-23,[10] 사출조립,R3408-00.50BRW,O2O2 D_Blending Hazel EX,"1,184","1,184",확인
2025-04-23,[10] 사출조립,R3405-02.75SPC,O2O2 D_Sepia Choco EX,0,"2,371",확인
2025-04-23,[10] 사출조립,R3405-02.75SPC,O2O2 D_Sepia Choco EX,0,"2,415",확인
2025-04-23,[10] 사출조립,R3405-02.75SPC,O2O2 D_Sepia Choco EX,"2,415","2,415",확인
2025-04-23,[80] 누수/규격검사,P3405A-05.50SPC,O2O2 D_Sepia Choco EX,"1,137","1,157",확인
2025-04-23,[80] 누수/규격검사,P3405A-05.50SPC,O2O2 D_Sepia Choco EX,"1,105","1,135",확인
2025-04-23,[80] 누수/규격검사,P3405A-05.50SPC,O2O2 D_Sepia Choco EX,697,717,확인
2025-04-23,[80] 누수/규격검사,P3405A-05.50SPC,O2O2 D_Sepia Choco EX,605,625,확인
2025-04-23,[80] 누수/규격검사,P3405A-05.50SPC,O2O2 D_Sepia Choco EX,"1,090","1,115",확인
2025-04-23,[80] 누수/규격검사,P3405A-05.50SPC,O2O2 D_Sepia Choco EX,"1,256","1,281",확인
2025-04-23,[55] 접착/ 멸균,P3405A-05.50SPC,O2O2 D_Sepia Choco EX,"1,135","1,280",확인
2025-04-23,[55] 접착/ 멸균,P3405A-05.50SPC,O2O2 D_Sepia Choco EX,"1,115","1,175",확인
2025-04-23,[55] 접착/ 멸균,P3405A-05.50SPC,O2O2 D_Sepia Choco EX,"1,157","1,210",확인
2025-04-23,[55] 접착/ 멸균,P3405A-05.50SPC,O2O2 D_Sepia Choco EX,625,735,확인
2025-04-23,[55] 접착/ 멸균,P3405A-05.50SPC,O2O2 D_Sepia Choco EX,717,740,확인
2025-04-23,[55] 접착/ 멸균,P3405A-05.50SPC,O2O2 D_Sepia Choco EX,"1,281","1,310",확인
2025-04-23,[45] 하이드레이션/전면검사,P3405A-03.50SPC,O2O2 D_Sepia Choco EX,"1,485","1,492",확인
2025-04-23,[45] 하이드레이션/전면검사,P3405A-03.50SPC,O2O2 D_Sepia Choco EX,"1,900","1,903",확인
2025-04-23,[45] 하이드레이션/전면검사,P3405A-03.50SPC,O2O2 D_Sepia Choco EX,"1,480","1,484",확인
2025-04-23,[55] 접착/ 멸균,P3405A-03.50SPC,O2O2 D_Sepia Choco EX,"1,843","1,900",확인
2025-04-23,[55] 접착/ 멸균,P3405A-03.50SPC,O2O2 D_Sepia Choco EX,"1,373","1,485",확인
2025-04-23,[55] 접착/ 멸균,P3405A-03.50SPC,O2O2 D_Sepia Choco EX,"1,432","1,480",확인
2025-04-23,[10] 사출조립,R3405-03.25SPC,O2O2 D_Sepia Choco EX,"2,371","2,371",확인
2025-04-23,[10] 사출조립,R3405-03.25SPC,O2O2 D_Sepia Choco EX,"2,371","2,371",확인
2025-04-23,[10] 사출조립,R3405-03.25SPC,O2O2 D_Sepia Choco EX,0,"2,371",확인
2025-04-23,[10] 사출조립,R3405-03.25SPC,O2O2 D_Sepia Choco EX,"2,371","2,371",확인
2025-04-23,[10] 사출조립,R3405-03.25SPC,O2O2 D_Sepia Choco EX,"2,415","2,415",확인
2025-04-23,[10] 사출조립,R3405-03.25SPC,O2O2 D_Sepia Choco EX,0,"2,415",확인
2025-04-23,[10] 사출조립,R3405-03.25SPC,O2O2 D_Sepia Choco EX,0,"2,415",확인
2025-04-23,[10] 사출조립,R3405-03.25SPC,O2O2 D_Sepia Choco EX,"2,415","2,415",확인
2025-04-23,[80] 누수/규격검사,P3405A-03.50SPC,O2O2 D_Sepia Choco EX,"1,412","1,432",확인
2025-04-23,[80] 누수/규격검사,P3405A-03.50SPC,O2O2 D_Sepia Choco EX,"1,813","1,843",확인
2025-04-23,[80] 누수/규격검사,P3405A-03.50SPC,O2O2 D_Sepia Choco EX,"1,353","1,373",확인
2025-04-23,[20] 분리,Q3405-02.75SPC,O2O2 D_Sepia Choco EX,"1,832","2,278",확인
2025-04-23,[20] 분리,Q3405-02.75SPC,O2O2 D_Sepia Choco EX,"1,824","2,278",확인
2025-04-23,[20] 분리,Q3405-02.75SPC,O2O2 D_Sepia Choco EX,"1,415","2,322",확인
2025-04-23,[80] 누수/규격검사,P3405A-04.25SPC,O2O2 D_Sepia Choco EX,"1,634","1,713",확인
2025-04-23,[80] 누수/규격검사,P3405A-04.25SPC,O2O2 D_Sepia Choco EX,"1,829","1,849",확인
2025-04-23,[80] 누수/규격검사,P3405A-04.25SPC,O2O2 D_Sepia Choco EX,"1,772","1,792",확인
2025-04-23,[80] 누수/규격검사,P3405A-04.25SPC,O2O2 D_Sepia Choco EX,"1,878","1,903",확인
2025-04-23,[80] 누수/규격검사,P3405A-04.25SPC,O2O2 D_Sepia Choco EX,"1,709","1,739",확인
2025-04-23,[55] 접착/ 멸균,P3405A-04.25SPC,O2O2 D_Sepia Choco EX,"1,849","1,945",확인
2025-04-23,[80] 누수/규격검사,P3405A-06.00SPC,O2O2 D_Sepia Choco EX,"1,946","1,966",확인
2025-04-23,[20] 분리,Q3405-01.50SPC,O2O2 D_Sepia Choco EX,"1,290","2,039",확인
2025-04-23,[20] 분리,Q3405-02.00SPC,O2O2 D_Sepia Choco EX,995,"2,039",확인
2025-04-23,[20] 분리,Q3405-01.25SPC,O2O2 D_Sepia Choco EX,"1,400","2,039",확인
2025-04-23,[20] 분리,Q3405-01.50SPC,O2O2 D_Sepia Choco EX,"1,404","2,039",확인
2025-04-23,[20] 분리,Q3405-02.00SPC,O2O2 D_Sepia Choco EX,"1,330","2,039",확인
2025-04-23,[20] 분리,Q3405-02.00SPC,O2O2 D_Sepia Choco EX,"1,265","2,039",확인
2025-04-23,[10] 사출조립,R3405-03.00SPC,O2O2 D_Sepia Choco EX,"2,371","2,371",확인
2025-04-23,[10] 사출조립,R3405-03.00SPC,O2O2 D_Sepia Choco EX,"2,371","2,371",확인
2025-04-23,[10] 사출조립,R3405-03.00SPC,O2O2 D_Sepia Choco EX,0,"2,371",확인
2025-04-23,[10] 사출조립,R3405-03.00SPC,O2O2 D_Sepia Choco EX,"2,415","2,415",확인
2025-04-23,[10] 사출조립,R3405-03.00SPC,O2O2 D_Sepia Choco EX,"2,415","2,415",확인
2025-04-23,[20] 분리,Q3405-04.50SPC,O2O2 D_Sepia Choco EX,"2,037","2,446",확인
2025-04-23,[20] 분리,Q3405-04.50SPC,O2O2 D_Sepia Choco EX,"1,952","2,446",확인
2025-04-23,[10] 사출조립,R3408-00.00BRW,O2O2 D_Blending Hazel EX,"1,215","1,215",확인
2025-04-23,[10] 사출조립,R3408-00.00BRW,O2O2 D_Blending Hazel EX,"1,215","1,215",확인
2025-04-23,[10] 사출조립,R3408-00.00BRW,O2O2 D_Blending Hazel EX,"1,215","1,215",확인
2025-04-23,[10] 사출조립,R3408-00.00BRW,O2O2 D_Blending Hazel EX,"1,089","1,089",확인
2025-04-23,[10] 사출조립,R3408-00.00BRW,O2O2 D_Blending Hazel EX,"1,215","1,215",확인
2025-04-23,[10] 사출조립,R3408-00.00BRW,O2O2 D_Blending Hazel EX,"1,215","1,215",확인
2025-04-23,[10] 사출조립,R3408-00.00BRW,O2O2 D_Blending Hazel EX,"1,215","1,215",확인
2025-04-23,[10] 사출조립,R3408-00.00BRW,O2O2 D_Blending Hazel EX,"1,215","1,215",확인
2025-04-23,[10] 사출조립,R3408-00.00BRW,O2O2 D_Blending Hazel EX,"1,215","1,215",확인
2025-04-23,[10] 사출조립,R3408-00.00BRW,O2O2 D_Blending Hazel EX,"1,089","1,089",확인
2025-04-23,[10] 사출조립,R3408-00.00BRW,O2O2 D_Blending Hazel EX,"1,089","1,089",확인
2025-04-23,[10] 사출조립,R3408-00.00BRW,O2O2 D_Blending Hazel EX,"1,089","1,089",확인
2025-04-23,[10] 사출조립,R3408-00.00BRW,O2O2 D_Blending Hazel EX,"1,089","1,089",확인
2025-04-23,[10] 사출조립,R3408-00.00BRW,O2O2 D_Blending Hazel EX,"1,089","1,089",확인
2025-04-23,[10] 사출조립,R3408-00.00BRW,O2O2 D_Blending Hazel EX,"1,184","1,184",확인
2025-04-23,[10] 사출조립,R3408-00.00BRW,O2O2 D_Blending Hazel EX,"1,184","1,184",확인
2025-04-23,[10] 사출조립,R3408-00.00BRW,O2O2 D_Blending Hazel EX,0,"1,184",확인
2025-04-23,[10] 사출조립,R3408-00.00BRW,O2O2 D_Blending Hazel EX,"1,089","1,089",확인
2025-04-23,[10] 사출조립,R3408-00.00BRW,O2O2 D_Blending Hazel EX,"1,089","1,089",확인
2025-04-23,[10] 사출조립,R3408-00.00BRW,O2O2 D_Blending Hazel EX,"1,184","1,184",확인
2025-04-23,[10] 사출조립,R3408-00.00BRW,O2O2 D_Blending Hazel EX,"1,184","1,184",확인
2025-04-23,[10] 사출조립,R3408-00.00BRW,O2O2 D_Blending Hazel EX,0,"1,184",확인
2025-04-23,[10] 사출조립,R3408-00.00BRW,O2O2 D_Blending Hazel EX,"1,184","1,184",확인
2025-04-23,[20] 분리,Q3405-04.25SPC,O2O2 D_Sepia Choco EX,"2,173","2,446",확인
2025-04-23,[20] 분리,Q3405-04.25SPC,O2O2 D_Sepia Choco EX,"2,183","2,446",확인
2025-04-23,[20] 분리,Q3405-04.25SPC,O2O2 D_Sepia Choco EX,"1,985","2,446",확인
2025-04-23,[20] 분리,Q3405-02.25SPC,O2O2 D_Sepia Choco EX,"1,712","2,322",확인
2025-04-23,[20] 분리,Q3405-02.50SPC,O2O2 D_Sepia Choco EX,"1,686","2,337",확인
2025-04-23,[20] 분리,Q3405-02.50SPC,O2O2 D_Sepia Choco EX,"1,838","2,337",확인
2025-04-23,[20] 분리,Q3405-02.50SPC,O2O2 D_Sepia Choco EX,"1,906","2,278",확인
2025-04-23,[20] 분리,Q3405-02.50SPC,O2O2 D_Sepia Choco EX,"1,879","2,278",확인
2025-04-23,[20] 분리,Q3405-02.50SPC,O2O2 D_Sepia Choco EX,"1,704","2,278",확인
2025-04-23,[20] 분리,Q3405-02.50SPC,O2O2 D_Sepia Choco EX,"1,997","2,322",확인
2025-04-23,[20] 분리,Q3405-02.50SPC,O2O2 D_Sepia Choco EX,"1,802","2,322",확인
2025-04-23,[20] 분리,Q3405-02.50SPC,O2O2 D_Sepia Choco EX,"1,325","2,322",확인
2025-04-23,[20] 분리,Q3408-00.00BRW,O2O2 D_Blending Hazel EX,0,"1,162",확인
2025-04-24,[10] 사출조립,R3405-02.75SPC,O2O2 D_Sepia Choco EX,0,"2,374",확인
2025-04-24,[80] 누수/규격검사,P3405A-05.50SPC,O2O2 D_Sepia Choco EX,639,659,확인
2025-04-24,[80] 누수/규격검사,P3405A-05.50SPC,O2O2 D_Sepia Choco EX,480,485,확인
2025-04-24,[80] 누수/규격검사,P3405A-05.50SPC,O2O2 D_Sepia Choco EX,649,669,확인
2025-04-24,[55] 접착/ 멸균,P3405A-05.50SPC,O2O2 D_Sepia Choco EX,659,685,확인
2025-04-24,[55] 접착/ 멸균,P3405A-05.50SPC,O2O2 D_Sepia Choco EX,485,495,확인
2025-04-24,[55] 접착/ 멸균,P3405A-05.50SPC,O2O2 D_Sepia Choco EX,669,690,확인
2025-04-24,[45] 하이드레이션/전면검사,P3405A-03.50SPC,O2O2 D_Sepia Choco EX,"1,870","1,887",확인
2025-04-24,[45] 하이드레이션/전면검사,P3405A-03.50SPC,O2O2 D_Sepia Choco EX,"1,755","1,778",확인
2025-04-24,[55] 접착/ 멸균,P3405A-03.50SPC,O2O2 D_Sepia Choco EX,"1,774","1,870",확인
2025-04-24,[55] 접착/ 멸균,P3405A-03.50SPC,O2O2 D_Sepia Choco EX,"1,692","1,755",확인
2025-04-24,[80] 누수/규격검사,P3405A-03.50SPC,O2O2 D_Sepia Choco EX,"1,744","1,774",확인
2025-04-24,[80] 누수/규격검사,P3405A-03.50SPC,O2O2 D_Sepia Choco EX,"1,672","1,692",확인
2025-04-24,[20] 분리,Q3405-03.25SPC,O2O2 D_Sepia Choco EX,"2,071","2,415",확인
2025-04-24,[20] 분리,Q3408-00.50BRW,O2O2 D_Blending Hazel EX,717,"1,083",확인
2025-04-24,[20] 분리,Q3408-00.50BRW,O2O2 D_Blending Hazel EX,576,"1,184",확인
2025-04-24,[55] 접착/ 멸균,P3405A-06.00SPC,O2O2 D_Sepia Choco EX,"1,618","1,670",확인
2025-04-24,[55] 접착/ 멸균,P3405A-06.00SPC,O2O2 D_Sepia Choco EX,"1,636","1,675",확인
2025-04-24,[80] 누수/규격검사,P3405A-06.00SPC,O2O2 D_Sepia Choco EX,"1,616","1,636",확인
2025-04-24,[80] 누수/규격검사,P3405A-06.00SPC,O2O2 D_Sepia Choco EX,"1,598","1,618",확인
2025-04-24,[55] 접착/ 멸균,P3408A-00.00BRW,O2O2 D_Blending Hazel EX,0,820,확인
2025-04-24,[20] 분리,Q3405-01.50SPC,O2O2 D_Sepia Choco EX,"1,174","2,039",확인
2025-04-24,[55] 접착/ 멸균,P3408A-00.00BRW,O2O2 D_Blending Hazel EX,0,695,확인
2025-04-24,[55] 접착/ 멸균,P3408A-00.00BRW,O2O2 D_Blending Hazel EX,0,620,확인
2025-04-24,[55] 접착/ 멸균,P3408A-00.00BRW,O2O2 D_Blending Hazel EX,0,780,확인
2025-04-24,[55] 접착/ 멸균,P3408A-00.00BRW,O2O2 D_Blending Hazel EX,596,675,확인
2025-04-24,[55] 접착/ 멸균,P3408A-00.00BRW,O2O2 D_Blending Hazel EX,699,725,확인
2025-04-24,[55] 접착/ 멸균,P3408A-00.00BRW,O2O2 D_Blending Hazel EX,0,405,확인
2025-04-24,[55] 접착/ 멸균,P3408A-00.00BRW,O2O2 D_Blending Hazel EX,923,955,확인
2025-04-24,[80] 누수/규격검사,P3408A-00.00BRW,O2O2 D_Blending Hazel EX,679,699,확인
2025-04-24,[80] 누수/규격검사,P3408A-00.00BRW,O2O2 D_Blending Hazel EX,576,596,확인
2025-04-24,[80] 누수/규격검사,P3408A-00.00BRW,O2O2 D_Blending Hazel EX,903,923,확인
2025-04-24,[55] 접착/ 멸균,P3408A-00.00BRW,O2O2 D_Blending Hazel EX,0,850,확인
2025-04-24,[10] 사출조립,R3405-03.00SPC,O2O2 D_Sepia Choco EX,"2,374","2,374",확인
2025-04-24,[10] 사출조립,R3405-03.00SPC,O2O2 D_Sepia Choco EX,"2,374","2,374",확인
2025-04-24,[10] 사출조립,R3405-03.00SPC,O2O2 D_Sepia Choco EX,"2,374","2,374",확인
2025-04-24,[10] 사출조립,R3405-03.50SPC,O2O2 D_Sepia Choco EX,0,"2,374",확인
2025-04-24,[10] 사출조립,R3405-03.50SPC,O2O2 D_Sepia Choco EX,"2,374","2,374",확인
2025-04-24,[10] 사출조립,R3405-03.50SPC,O2O2 D_Sepia Choco EX,"2,374","2,374",확인
2025-04-24,[10] 사출조립,R3405-03.50SPC,O2O2 D_Sepia Choco EX,"2,374","2,374",확인
2025-04-24,[20] 분리,Q3405-02.50SPC,O2O2 D_Sepia Choco EX,"1,583","2,322",확인
2025-04-24,[20] 분리,Q3405-02.50SPC,O2O2 D_Sepia Choco EX,"1,493","2,322",확인
2025-04-24,[20] 분리,Q3405-02.50SPC,O2O2 D_Sepia Choco EX,"1,835","2,278",확인
2025-04-24,[20] 분리,Q3408-00.00BRW,O2O2 D_Blending Hazel EX,"1,044","1,203",확인
2025-04-24,[20] 분리,Q3408-00.00BRW,O2O2 D_Blending Hazel EX,737,"1,089",확인
2025-04-24,[20] 분리,Q3408-00.00BRW,O2O2 D_Blending Hazel EX,901,"1,089",확인
2025-04-24,[20] 분리,Q3408-00.00BRW,O2O2 D_Blending Hazel EX,883,"1,089",확인
2025-04-24,[20] 분리,Q3408-00.00BRW,O2O2 D_Blending Hazel EX,691,"1,162",확인
2025-04-24,[20] 분리,Q3408-00.00BRW,O2O2 D_Blending Hazel EX,940,"1,184",확인
2025-04-24,[20] 분리,Q3408-00.00BRW,O2O2 D_Blending Hazel EX,785,"1,083",확인
2025-04-24,[20] 분리,Q3408-00.00BRW,O2O2 D_Blending Hazel EX,828,"1,089",확인
2025-04-24,[20] 분리,Q3408-00.00BRW,O2O2 D_Blending Hazel EX,725,"1,089",확인
2025-04-24,[20] 분리,Q3408-00.00BRW,O2O2 D_Blending Hazel EX,667,"1,162",확인
2025-04-24,[20] 분리,Q3408-00.00BRW,O2O2 D_Blending Hazel EX,926,"1,203",확인
2025-04-24,[20] 분리,Q3408-00.00BRW,O2O2 D_Blending Hazel EX,819,"1,203",확인
2025-04-24,[20] 분리,Q3408-00.00BRW,O2O2 D_Blending Hazel EX,796,"1,162",확인
2025-04-24,[20] 분리,Q3408-00.00BRW,O2O2 D_Blending Hazel EX,648,"1,184",확인
2025-04-24,[20] 분리,Q3408-00.00BRW,O2O2 D_Blending Hazel EX,714,"1,083",확인
2025-04-24,[20] 분리,Q3408-00.00BRW,O2O2 D_Blending Hazel EX,644,"1,184",확인
2025-04-24,[20] 분리,Q3408-00.00BRW,O2O2 D_Blending Hazel EX,673,"1,089",확인
2025-04-24,[20] 분리,Q3408-00.00BRW,O2O2 D_Blending Hazel EX,668,"1,089",확인
2025-04-24,[20] 분리,Q3408-00.00BRW,O2O2 D_Blending Hazel EX,509,"1,083",확인
2025-04-24,[20] 분리,Q3408-00.00BRW,O2O2 D_Blending Hazel EX,508,"1,089",확인
2025-04-24,[20] 분리,Q3408-00.00BRW,O2O2 D_Blending Hazel EX,899,"1,184",확인
2025-04-24,[20] 분리,Q3408-00.00BRW,O2O2 D_Blending Hazel EX,818,"1,083",확인
2025-04-24,[20] 분리,Q3408-00.00BRW,O2O2 D_Blending Hazel EX,784,"1,184",확인
2025-04-24,[20] 분리,Q3408-00.00BRW,O2O2 D_Blending Hazel EX,781,"1,203",확인
2025-04-24,[20] 분리,Q3408-00.00BRW,O2O2 D_Blending Hazel EX,552,"1,083",확인
2025-04-25,[45] 하이드레이션/전면검사,P3405A-02.50SPC,O2O2 D_Sepia Choco EX,"1,680","1,686",확인
2025-04-25,[45] 하이드레이션/전면검사,P3405A-02.50SPC,O2O2 D_Sepia Choco EX,"1,875","1,879",확인
2025-04-25,[45] 하이드레이션/전면검사,P3405A-02.50SPC,O2O2 D_Sepia Choco EX,"1,995","1,997",확인
2025-04-25,[45] 하이드레이션/전면검사,P3405A-02.50SPC,O2O2 D_Sepia Choco EX,"1,790","1,801",확인
2025-04-25,[45] 하이드레이션/전면검사,P3405A-02.50SPC,O2O2 D_Sepia Choco EX,"1,830","1,835",확인
2025-04-25,[45] 하이드레이션/전면검사,P3405A-03.25SPC,O2O2 D_Sepia Choco EX,"2,065","2,071",확인
2025-04-25,[10] 사출조립,R3405-02.75SPC,O2O2 D_Sepia Choco EX,0,"2,225",확인
2025-04-25,[45] 하이드레이션/전면검사,P3405A-03.50SPC,O2O2 D_Sepia Choco EX,"1,820","1,825",확인
2025-04-25,[10] 사출조립,R3405-03.25SPC,O2O2 D_Sepia Choco EX,0,"2,225",확인
2025-04-25,[20] 분리,Q3405-03.25SPC,O2O2 D_Sepia Choco EX,"1,937","2,415",확인
2025-04-25,[20] 분리,Q3405-03.25SPC,O2O2 D_Sepia Choco EX,"1,386","2,371",확인
2025-04-25,[20] 분리,Q3405-03.25SPC,O2O2 D_Sepia Choco EX,"1,949","2,371",확인
2025-04-25,[20] 분리,Q3405-03.25SPC,O2O2 D_Sepia Choco EX,"2,039","2,371",확인
2025-04-25,[20] 분리,Q3405-02.75SPC,O2O2 D_Sepia Choco EX,"2,026","2,415",확인
2025-04-25,[20] 분리,Q3405-02.75SPC,O2O2 D_Sepia Choco EX,"1,200","2,278",확인
2025-04-25,[45] 하이드레이션/전면검사,P3405A-01.50SPC,O2O2 D_Sepia Choco EX,"1,400","1,404",확인
2025-04-25,[45] 하이드레이션/전면검사,P3405A-04.50SPC,O2O2 D_Sepia Choco EX,"2,260","2,262",확인
2025-04-25,[45] 하이드레이션/전면검사,P3405A-04.50SPC,O2O2 D_Sepia Choco EX,"1,980","1,988",확인
2025-04-25,[45] 하이드레이션/전면검사,P3405A-04.50SPC,O2O2 D_Sepia Choco EX,"1,945","1,952",확인
2025-04-25,[45] 하이드레이션/전면검사,P3405A-04.50SPC,O2O2 D_Sepia Choco EX,"1,480","1,486",확인
2025-04-25,[45] 하이드레이션/전면검사,P3405A-04.50SPC,O2O2 D_Sepia Choco EX,"1,730","1,732",확인
2025-04-25,[45] 하이드레이션/전면검사,P3405A-04.50SPC,O2O2 D_Sepia Choco EX,"2,065","2,065",확인
2025-04-25,[20] 분리,Q3405-03.50SPC,O2O2 D_Sepia Choco EX,"1,579","2,374",확인
2025-04-25,[20] 분리,Q3405-03.00SPC,O2O2 D_Sepia Choco EX,"1,958","2,374",확인
2025-04-25,[20] 분리,Q3405-03.00SPC,O2O2 D_Sepia Choco EX,"1,898","2,371",확인
2025-04-25,[20] 분리,Q3405-03.00SPC,O2O2 D_Sepia Choco EX,"1,877","2,371",확인
2025-04-25,[20] 분리,Q3405-03.00SPC,O2O2 D_Sepia Choco EX,"1,916","2,225",확인
2025-04-25,[10] 사출조립,R3405-03.00SPC,O2O2 D_Sepia Choco EX,"2,225","2,225",확인
2025-04-25,[10] 사출조립,R3405-03.00SPC,O2O2 D_Sepia Choco EX,"2,225","2,225",확인
2025-04-25,[10] 사출조립,R3405-03.00SPC,O2O2 D_Sepia Choco EX,0,"2,225",확인
2025-04-25,[20] 분리,Q3405-03.50SPC,O2O2 D_Sepia Choco EX,"2,135","2,374",확인
2025-04-25,[20] 분리,Q3405-03.50SPC,O2O2 D_Sepia Choco EX,"2,246","2,374",확인
2025-04-25,[20] 분리,Q3405-03.00SPC,O2O2 D_Sepia Choco EX,"2,000","2,415",확인
2025-04-25,[20] 분리,Q3405-03.00SPC,O2O2 D_Sepia Choco EX,"1,920","2,374",확인
2025-04-25,[20] 분리,Q3405-03.00SPC,O2O2 D_Sepia Choco EX,"2,012","2,374",확인
2025-04-25,[20] 분리,Q3405-03.00SPC,O2O2 D_Sepia Choco EX,"2,013","2,415",확인
2025-04-25,[10] 사출조립,R3408-00.00BRW,O2O2 D_Blending Hazel EX,"1,201","1,201",확인
2025-04-25,[10] 사출조립,R3408-00.00BRW,O2O2 D_Blending Hazel EX,0,"1,201",확인
2025-04-25,[10] 사출조립,R3408-00.00BRW,O2O2 D_Blending Hazel EX,"1,201","1,201",확인
2025-04-25,[10] 사출조립,R3408-00.00BRW,O2O2 D_Blending Hazel EX,"1,201","1,201",확인
2025-04-25,[10] 사출조립,R3408-00.00BRW,O2O2 D_Blending Hazel EX,0,"1,201",확인
2025-04-25,[10] 사출조립,R3408-00.00BRW,O2O2 D_Blending Hazel EX,"1,201","1,201",확인
2025-04-25,[10] 사출조립,R3408-00.00BRW,O2O2 D_Blending Hazel EX,"1,201","1,201",확인
2025-04-25,[10] 사출조립,R3408-00.00BRW,O2O2 D_Blending Hazel EX,0,"1,201",확인
2025-04-25,[10] 사출조립,R3405-03.50SPC,O2O2 D_Sepia Choco EX,"2,225","2,225",확인
2025-04-25,[10] 사출조립,R3405-03.50SPC,O2O2 D_Sepia Choco EX,"2,225","2,225",확인
2025-04-25,[10] 사출조립,R3405-03.50SPC,O2O2 D_Sepia Choco EX,"2,225","2,225",확인
2025-04-25,[20] 분리,Q3405-02.50SPC,O2O2 D_Sepia Choco EX,"1,718","2,278",확인
2025-04-25,[20] 분리,Q3408-00.00BRW,O2O2 D_Blending Hazel EX,789,"1,215",확인
2025-04-25,[20] 분리,Q3408-00.00BRW,O2O2 D_Blending Hazel EX,749,"1,215",확인
2025-04-26,[80] 누수/규격검사,P3405A-02.50SPC,O2O2 D_Sepia Choco EX,"1,655","1,680",확인
2025-04-26,[80] 누수/규격검사,P3405A-02.50SPC,O2O2 D_Sepia Choco EX,"1,902","1,927",확인
2025-04-26,[80] 누수/규격검사,P3405A-02.50SPC,O2O2 D_Sepia Choco EX,"1,777","1,807",확인
2025-04-26,[55] 접착/ 멸균,P3405A-02.50SPC,O2O2 D_Sepia Choco EX,"1,927","1,995",확인
2025-04-26,[55] 접착/ 멸균,P3405A-02.50SPC,O2O2 D_Sepia Choco EX,"1,807","1,875",확인
2025-04-26,[45] 하이드레이션/전면검사,P3405A-02.50SPC,O2O2 D_Sepia Choco EX,"1,485","1,493",확인
2025-04-26,[45] 하이드레이션/전면검사,P3405A-02.50SPC,O2O2 D_Sepia Choco EX,"1,645","1,650",확인
2025-04-26,[45] 하이드레이션/전면검사,P3405A-02.50SPC,O2O2 D_Sepia Choco EX,"1,835","1,838",확인
2025-04-26,[45] 하이드레이션/전면검사,P3405A-02.50SPC,O2O2 D_Sepia Choco EX,"1,905","1,906",확인
2025-04-26,[45] 하이드레이션/전면검사,P3405A-02.50SPC,O2O2 D_Sepia Choco EX,"1,550","1,583",확인
2025-04-26,[45] 하이드레이션/전면검사,P3405A-02.50SPC,O2O2 D_Sepia Choco EX,"1,715","1,718",확인
2025-04-26,[45] 하이드레이션/전면검사,P3405A-02.50SPC,O2O2 D_Sepia Choco EX,"1,800","1,802",확인
2025-04-26,[45] 하이드레이션/전면검사,P3405A-02.50SPC,O2O2 D_Sepia Choco EX,"1,700","1,704",확인
2025-04-26,[45] 하이드레이션/전면검사,P3405A-02.50SPC,O2O2 D_Sepia Choco EX,"1,320","1,325",확인
2025-04-26,[45] 하이드레이션/전면검사,P3405A-02.75SPC,O2O2 D_Sepia Choco EX,"2,025","2,027",확인
2025-04-26,[45] 하이드레이션/전면검사,P3405A-02.75SPC,O2O2 D_Sepia Choco EX,"2,025","2,026",확인
2025-04-26,[45] 하이드레이션/전면검사,P3405A-02.75SPC,O2O2 D_Sepia Choco EX,"1,720","1,721",확인
2025-04-26,[45] 하이드레이션/전면검사,P3405A-02.75SPC,O2O2 D_Sepia Choco EX,"1,880","1,933",확인
2025-04-26,[55] 접착/ 멸균,P3405A-02.50SPC,O2O2 D_Sepia Choco EX,"1,680","1,830",확인
2025-04-26,[45] 하이드레이션/전면검사,P3405A-03.25SPC,O2O2 D_Sepia Choco EX,"1,425","1,443",확인
2025-04-26,[45] 하이드레이션/전면검사,P3405A-03.25SPC,O2O2 D_Sepia Choco EX,"1,530","1,536",확인
2025-04-26,[45] 하이드레이션/전면검사,P3405A-03.25SPC,O2O2 D_Sepia Choco EX,"1,945","1,949",확인
2025-04-26,[45] 하이드레이션/전면검사,P3405A-03.25SPC,O2O2 D_Sepia Choco EX,"2,015","2,039",확인
2025-04-26,[45] 하이드레이션/전면검사,P3405A-03.25SPC,O2O2 D_Sepia Choco EX,"1,535","1,546",확인
2025-04-26,[45] 하이드레이션/전면검사,P3405A-03.25SPC,O2O2 D_Sepia Choco EX,"1,935","1,937",확인
2025-04-26,[45] 하이드레이션/전면검사,P3405A-03.25SPC,O2O2 D_Sepia Choco EX,"1,380","1,386",확인
2025-04-26,[45] 하이드레이션/전면검사,P3405A-01.25SPC,O2O2 D_Sepia Choco EX,"1,390","1,400",확인
2025-04-26,[10] 사출조립,R3405-05.50SPC,O2O2 D_Sepia Choco EX,0,699,확인
2025-04-26,[10] 사출조립,R3405-05.50SPC,O2O2 D_Sepia Choco EX,699,699,확인
2025-04-26,[10] 사출조립,R3405-05.50SPC,O2O2 D_Sepia Choco EX,699,699,확인
2025-04-26,[10] 사출조립,R3405-05.50SPC,O2O2 D_Sepia Choco EX,699,699,확인
2025-04-26,[10] 사출조립,R3405-05.50SPC,O2O2 D_Sepia Choco EX,699,699,확인
2025-04-26,[10] 사출조립,R3405-05.50SPC,O2O2 D_Sepia Choco EX,699,699,확인
2025-04-26,[10] 사출조립,R3405-05.50SPC,O2O2 D_Sepia Choco EX,699,699,확인
2025-04-26,[10] 사출조립,R3405-05.50SPC,O2O2 D_Sepia Choco EX,0,699,확인
2025-04-26,[45] 하이드레이션/전면검사,P3405A-01.00SPC,O2O2 D_Sepia Choco EX,"1,395","1,405",확인
2025-04-26,[45] 하이드레이션/전면검사,P3405A-05.50SPC,O2O2 D_Sepia Choco EX,445,465,확인
2025-04-26,[45] 하이드레이션/전면검사,P3405A-05.50SPC,O2O2 D_Sepia Choco EX,210,230,확인
2025-04-26,[45] 하이드레이션/전면검사,P3405A-03.50SPC,O2O2 D_Sepia Choco EX,"2,125","2,135",확인
2025-04-26,[45] 하이드레이션/전면검사,P3405A-03.50SPC,O2O2 D_Sepia Choco EX,"2,235","2,246",확인
2025-04-26,[45] 하이드레이션/전면검사,P3405A-03.50SPC,O2O2 D_Sepia Choco EX,"1,570","1,579",확인
2025-04-26,[80] 누수/규격검사,P3405A-03.50SPC,O2O2 D_Sepia Choco EX,"1,714","1,744",확인
2025-04-26,[55] 접착/ 멸균,P3405A-03.50SPC,O2O2 D_Sepia Choco EX,"1,744","1,820",확인
2025-04-26,[45] 하이드레이션/전면검사,P3405A-00.00SPC,O2O2 D_Sepia Choco EX,"1,820","1,842",확인
2025-04-26,[45] 하이드레이션/전면검사,P3405A-00.00SPC,O2O2 D_Sepia Choco EX,"2,045","2,050",확인
2025-04-26,[45] 하이드레이션/전면검사,P3405A-02.00SPC,O2O2 D_Sepia Choco EX,395,397,확인
2025-04-26,[45] 하이드레이션/전면검사,P3405A-02.00SPC,O2O2 D_Sepia Choco EX,990,995,확인
2025-04-26,[45] 하이드레이션/전면검사,P3405A-02.25SPC,O2O2 D_Sepia Choco EX,390,391,확인
2025-04-26,[45] 하이드레이션/전면검사,P3405A-02.25SPC,O2O2 D_Sepia Choco EX,"1,945","1,958",확인
2025-04-26,[45] 하이드레이션/전면검사,P3405A-04.25SPC,O2O2 D_Sepia Choco EX,"2,115","2,125",확인
2025-04-26,[45] 하이드레이션/전면검사,P3405A-04.25SPC,O2O2 D_Sepia Choco EX,"1,410","1,411",확인
2025-04-26,[45] 하이드레이션/전면검사,P3405A-04.25SPC,O2O2 D_Sepia Choco EX,"2,170","2,173",확인
2025-04-26,[45] 하이드레이션/전면검사,P3405A-04.25SPC,O2O2 D_Sepia Choco EX,"2,175","2,183",확인
2025-04-26,[45] 하이드레이션/전면검사,P3405A-04.25SPC,O2O2 D_Sepia Choco EX,"2,010","2,016",확인
2025-04-26,[45] 하이드레이션/전면검사,P3405A-04.25SPC,O2O2 D_Sepia Choco EX,"1,980","1,985",확인
2025-04-26,[45] 하이드레이션/전면검사,P3405A-04.50SPC,O2O2 D_Sepia Choco EX,"1,990","2,006",확인
2025-04-26,[45] 하이드레이션/전면검사,P3405A-04.50SPC,O2O2 D_Sepia Choco EX,"2,030","2,037",확인
2025-04-26,[45] 하이드레이션/전면검사,P3405A-04.50SPC,O2O2 D_Sepia Choco EX,"1,865","1,870",확인
2025-04-26,[45] 하이드레이션/전면검사,P3405A-04.50SPC,O2O2 D_Sepia Choco EX,"2,215","2,219",확인
2025-04-26,[45] 하이드레이션/전면검사,P3405A-04.50SPC,O2O2 D_Sepia Choco EX,"2,000","2,004",확인
2025-04-26,[45] 하이드레이션/전면검사,P3405A-04.50SPC,O2O2 D_Sepia Choco EX,"1,995","2,005",확인
2025-04-26,[45] 하이드레이션/전면검사,P3405A-04.50SPC,O2O2 D_Sepia Choco EX,"1,670","1,675",확인
2025-04-26,[45] 하이드레이션/전면검사,P3405A-06.00SPC,O2O2 D_Sepia Choco EX,"1,375","1,391",확인
2025-04-26,[45] 하이드레이션/전면검사,P3405A-03.00SPC,O2O2 D_Sepia Choco EX,"1,955","1,958",확인
2025-04-26,[45] 하이드레이션/전면검사,P3405A-03.00SPC,O2O2 D_Sepia Choco EX,"2,005","2,012",확인
2025-04-26,[45] 하이드레이션/전면검사,P3405A-03.00SPC,O2O2 D_Sepia Choco EX,"2,010","2,013",확인
2025-04-26,[20] 분리,Q3405-03.50SPC,O2O2 D_Sepia Choco EX,"2,052","2,225",확인
2025-04-26,[20] 분리,Q3405-03.50SPC,O2O2 D_Sepia Choco EX,"2,024","2,225",확인
2025-04-26,[55] 접착/ 멸균,P3408A-00.00BRW,O2O2 D_Blending Hazel EX,325,685,확인
2025-04-26,[20] 분리,Q3405-03.50SPC,O2O2 D_Sepia Choco EX,"1,817","2,225",확인
2025-04-26,[10] 사출조립,R3405-03.00SPC,O2O2 D_Sepia Choco EX,"2,403","2,403",확인
2025-04-26,[10] 사출조립,R3405-03.00SPC,O2O2 D_Sepia Choco EX,"2,403","2,403",확인
2025-04-26,[10] 사출조립,R3405-03.00SPC,O2O2 D_Sepia Choco EX,0,"2,403",확인
2025-04-26,[10] 사출조립,R3405-03.00SPC,O2O2 D_Sepia Choco EX,"2,403","2,403",확인
2025-04-26,[20] 분리,Q3405-03.00SPC,O2O2 D_Sepia Choco EX,"2,066","2,225",확인
2025-04-26,[45] 하이드레이션/전면검사,P3408A-00.00BRW,O2O2 D_Blending Hazel EX,920,926,확인
2025-04-26,[45] 하이드레이션/전면검사,P3408A-00.00BRW,O2O2 D_Blending Hazel EX,665,667,확인
2025-04-26,[45] 하이드레이션/전면검사,P3408A-00.00BRW,O2O2 D_Blending Hazel EX,895,899,확인
2025-04-26,[45] 하이드레이션/전면검사,P3408A-00.00BRW,O2O2 D_Blending Hazel EX,505,509,확인
2025-04-26,[45] 하이드레이션/전면검사,P3408A-00.00BRW,O2O2 D_Blending Hazel EX,790,796,확인
2025-04-26,[45] 하이드레이션/전면검사,P3408A-00.00BRW,O2O2 D_Blending Hazel EX,645,648,확인
2025-04-26,[45] 하이드레이션/전면검사,P3408A-00.00BRW,O2O2 D_Blending Hazel EX,545,552,확인
2025-04-26,[45] 하이드레이션/전면검사,P3408A-00.00BRW,O2O2 D_Blending Hazel EX,815,819,확인
2025-04-26,[45] 하이드레이션/전면검사,P3408A-00.00BRW,O2O2 D_Blending Hazel EX,"1,040","1,044",확인
2025-04-26,[45] 하이드레이션/전면검사,P3408A-00.00BRW,O2O2 D_Blending Hazel EX,665,668,확인
2025-04-26,[45] 하이드레이션/전면검사,P3408A-00.00BRW,O2O2 D_Blending Hazel EX,685,691,확인
2025-04-26,[45] 하이드레이션/전면검사,P3408A-00.00BRW,O2O2 D_Blending Hazel EX,880,883,확인
2025-04-26,[45] 하이드레이션/전면검사,P3408A-00.00BRW,O2O2 D_Blending Hazel EX,775,781,확인
2025-04-26,[45] 하이드레이션/전면검사,P3408A-00.00BRW,O2O2 D_Blending Hazel EX,505,508,확인
2025-04-26,[45] 하이드레이션/전면검사,P3408A-00.00BRW,O2O2 D_Blending Hazel EX,640,644,확인
2025-04-26,[45] 하이드레이션/전면검사,P3408A-00.00BRW,O2O2 D_Blending Hazel EX,775,784,확인
2025-04-26,[45] 하이드레이션/전면검사,P3408A-00.00BRW,O2O2 D_Blending Hazel EX,815,818,확인
2025-04-26,[45] 하이드레이션/전면검사,P3408A-00.00BRW,O2O2 D_Blending Hazel EX,820,828,확인
2025-04-26,[10] 사출조립,R3405-03.50SPC,O2O2 D_Sepia Choco EX,"2,403","2,403",확인
2025-04-26,[10] 사출조립,R3405-03.50SPC,O2O2 D_Sepia Choco EX,0,"2,403",확인
2025-04-26,[10] 사출조립,R3405-03.50SPC,O2O2 D_Sepia Choco EX,0,"2,403",확인
2025-04-26,[10] 사출조립,R3405-03.50SPC,O2O2 D_Sepia Choco EX,"2,403","2,403",확인
2025-04-26,[20] 분리,Q3408-00.00BRW,O2O2 D_Blending Hazel EX,999,"1,215",확인
2025-04-26,[20] 분리,Q3408-00.00BRW,O2O2 D_Blending Hazel EX,851,"1,215",확인
2025-04-26,[20] 분리,Q3408-00.00BRW,O2O2 D_Blending Hazel EX,765,"1,215",확인
2025-04-26,[20] 분리,Q3408-00.00BRW,O2O2 D_Blending Hazel EX,"1,005","1,215",확인
2025-04-26,[20] 분리,Q3408-00.00BRW,O2O2 D_Blending Hazel EX,573,"1,215",확인
2025-04-26,[20] 분리,Q3408-00.00BRW,O2O2 D_Blending Hazel EX,453,"1,215",확인
2025-04-26,[20] 분리,Q3408-00.00BRW,O2O2 D_Blending Hazel EX,709,"1,201",확인
2025-04-26,[20] 분리,Q3408-00.00BRW,O2O2 D_Blending Hazel EX,758,"1,201",확인
2025-04-26,[20] 분리,Q3408-00.00BRW,O2O2 D_Blending Hazel EX,872,"1,201",확인
2025-04-26,[20] 분리,Q3408-00.00BRW,O2O2 D_Blending Hazel EX,879,"1,201",확인
2025-04-26,[20] 분리,Q3408-00.00BRW,O2O2 D_Blending Hazel EX,785,"1,201",확인
2025-04-27,[80] 누수/규격검사,P3405A-02.50SPC,O2O2 D_Sepia Choco EX,"1,678","1,698",확인
2025-04-27,[80] 누수/규격검사,P3405A-02.50SPC,O2O2 D_Sepia Choco EX,"1,537","1,562",확인
2025-04-27,[80] 누수/규격검사,P3405A-02.50SPC,O2O2 D_Sepia Choco EX,"1,200","1,220",확인
2025-04-27,[80] 누수/규격검사,P3405A-02.50SPC,O2O2 D_Sepia Choco EX,"1,538","1,562",확인
2025-04-27,[80] 누수/규격검사,P3405A-02.50SPC,O2O2 D_Sepia Choco EX,"1,750","1,790",확인
2025-04-27,[80] 누수/규격검사,P3405A-02.50SPC,O2O2 D_Sepia Choco EX,"1,645","1,665",확인
2025-04-27,[55] 접착/ 멸균,P3405A-02.50SPC,O2O2 D_Sepia Choco EX,"1,790","1,835",확인
2025-04-27,[55] 접착/ 멸균,P3405A-02.50SPC,O2O2 D_Sepia Choco EX,"1,580","1,715",확인
2025-04-27,[55] 접착/ 멸균,P3405A-02.50SPC,O2O2 D_Sepia Choco EX,"1,663","1,700",확인
2025-04-27,[45] 하이드레이션/전면검사,P3405A-02.75SPC,O2O2 D_Sepia Choco EX,"1,780","1,798",확인
2025-04-27,[45] 하이드레이션/전면검사,P3405A-02.75SPC,O2O2 D_Sepia Choco EX,"1,820","1,832",확인
2025-04-27,[45] 하이드레이션/전면검사,P3405A-02.75SPC,O2O2 D_Sepia Choco EX,"1,720","1,729",확인
2025-04-27,[80] 누수/규격검사,P3405A-03.25SPC,O2O2 D_Sepia Choco EX,"1,381","1,401",확인
2025-04-27,[45] 하이드레이션/전면검사,P3405A-02.75SPC,O2O2 D_Sepia Choco EX,"1,555","1,562",확인
2025-04-27,[45] 하이드레이션/전면검사,P3405A-02.75SPC,O2O2 D_Sepia Choco EX,"1,405","1,415",확인
2025-04-27,[45] 하이드레이션/전면검사,P3405A-02.75SPC,O2O2 D_Sepia Choco EX,"1,290","1,307",확인
2025-04-27,[45] 하이드레이션/전면검사,P3405A-02.75SPC,O2O2 D_Sepia Choco EX,"1,195","1,200",확인
2025-04-27,[45] 하이드레이션/전면검사,P3405A-02.75SPC,O2O2 D_Sepia Choco EX,"1,930","1,933",확인
2025-04-27,[55] 접착/ 멸균,P3405A-02.50SPC,O2O2 D_Sepia Choco EX,"1,562","1,680",확인
2025-04-27,[55] 접착/ 멸균,P3405A-02.50SPC,O2O2 D_Sepia Choco EX,"1,220","1,320",확인
2025-04-27,[55] 접착/ 멸균,P3405A-02.50SPC,O2O2 D_Sepia Choco EX,"1,665","1,800",확인
2025-04-27,[55] 접착/ 멸균,P3405A-02.50SPC,O2O2 D_Sepia Choco EX,"1,698","1,790",확인
2025-04-27,[45] 하이드레이션/전면검사,P3405A-03.25SPC,O2O2 D_Sepia Choco EX,830,835,확인
2025-04-27,[45] 하이드레이션/전면검사,P3405A-03.25SPC,O2O2 D_Sepia Choco EX,"1,145","1,162",확인
2025-04-27,[45] 하이드레이션/전면검사,P3405A-03.25SPC,O2O2 D_Sepia Choco EX,"1,460","1,474",확인
2025-04-27,[45] 하이드레이션/전면검사,P3405A-03.25SPC,O2O2 D_Sepia Choco EX,"1,530","1,532",확인
2025-04-27,[45] 하이드레이션/전면검사,P3405A-03.25SPC,O2O2 D_Sepia Choco EX,"1,335","1,336",확인
2025-04-27,[55] 접착/ 멸균,P3405A-02.50SPC,O2O2 D_Sepia Choco EX,"1,562","1,645",확인
2025-04-27,[55] 접착/ 멸균,P3405A-03.25SPC,O2O2 D_Sepia Choco EX,"1,401","1,535",확인
2025-04-27,[55] 접착/ 멸균,P3405A-03.25SPC,O2O2 D_Sepia Choco EX,"1,962","2,015",확인
2025-04-27,[80] 누수/규격검사,P3405A-03.25SPC,O2O2 D_Sepia Choco EX,"1,942","1,962",확인
2025-04-27,[80] 누수/규격검사,P3405A-01.25SPC,O2O2 D_Sepia Choco EX,"1,328","1,348",확인
2025-04-27,[55] 접착/ 멸균,P3405A-03.25SPC,O2O2 D_Sepia Choco EX,"1,322","1,380",확인
2025-04-27,[55] 접착/ 멸균,P3405A-03.25SPC,O2O2 D_Sepia Choco EX,"1,848","1,935",확인
2025-04-27,[55] 접착/ 멸균,P3405A-01.25SPC,O2O2 D_Sepia Choco EX,"1,348","1,390",확인
2025-04-27,[10] 사출조립,R3405-04.50SPC,O2O2 D_Sepia Choco EX,"1,232","1,232",확인
2025-04-27,[45] 하이드레이션/전면검사,P3405A-01.00SPC,O2O2 D_Sepia Choco EX,"1,740","1,748",확인
2025-04-27,[45] 하이드레이션/전면검사,P3405A-01.00SPC,O2O2 D_Sepia Choco EX,"1,350","1,352",확인
2025-04-27,[45] 하이드레이션/전면검사,P3405A-01.00SPC,O2O2 D_Sepia Choco EX,"1,475","1,477",확인
2025-04-27,[45] 하이드레이션/전면검사,P3405A-01.00SPC,O2O2 D_Sepia Choco EX,"1,485","1,489",확인
2025-04-27,[10] 사출조립,R3405-04.50SPC,O2O2 D_Sepia Choco EX,"1,232","1,232",확인
2025-04-27,[45] 하이드레이션/전면검사,P3405A-01.00SPC,O2O2 D_Sepia Choco EX,"1,585","1,590",확인
2025-04-27,[45] 하이드레이션/전면검사,P3405A-04.75SPC,O2O2 D_Sepia Choco EX,"2,025","2,028",확인
2025-04-27,[45] 하이드레이션/전면검사,P3405A-04.75SPC,O2O2 D_Sepia Choco EX,"2,235","2,239",확인
2025-04-27,[45] 하이드레이션/전면검사,P3405A-05.50SPC,O2O2 D_Sepia Choco EX,"1,530","1,547",확인
2025-04-27,[45] 하이드레이션/전면검사,P3405A-05.50SPC,O2O2 D_Sepia Choco EX,645,645,확인
2025-04-27,[45] 하이드레이션/전면검사,P3405A-03.50SPC,O2O2 D_Sepia Choco EX,975,977,확인
2025-04-27,[10] 사출조립,R3405-04.00SPC,O2O2 D_Sepia Choco EX,"2,373","2,373",확인
2025-04-27,[10] 사출조립,R3405-04.00SPC,O2O2 D_Sepia Choco EX,0,"2,373",확인
2025-04-27,[10] 사출조립,R3405-04.00SPC,O2O2 D_Sepia Choco EX,0,"2,373",확인
2025-04-27,[10] 사출조립,R3405-04.00SPC,O2O2 D_Sepia Choco EX,0,"2,373",확인
2025-04-27,[10] 사출조립,R3405-04.00SPC,O2O2 D_Sepia Choco EX,"2,373","2,373",확인
2025-04-27,[80] 누수/규격검사,P3405A-03.50SPC,O2O2 D_Sepia Choco EX,930,950,확인
2025-04-27,[80] 누수/규격검사,P3405A-03.50SPC,O2O2 D_Sepia Choco EX,"2,037","2,057",확인
2025-04-27,[55] 접착/ 멸균,P3405A-03.50SPC,O2O2 D_Sepia Choco EX,950,975,확인
2025-04-27,[55] 접착/ 멸균,P3405A-03.50SPC,O2O2 D_Sepia Choco EX,"2,057","2,125",확인
2025-04-27,[45] 하이드레이션/전면검사,P3405A-00.00SPC,O2O2 D_Sepia Choco EX,"1,220","1,235",확인
2025-04-27,[45] 하이드레이션/전면검사,P3405A-00.00SPC,O2O2 D_Sepia Choco EX,"1,815","1,824",확인
2025-04-27,[45] 하이드레이션/전면검사,P3405A-00.00SPC,O2O2 D_Sepia Choco EX,"2,065","2,069",확인
2025-04-27,[45] 하이드레이션/전면검사,P3405A-00.00SPC,O2O2 D_Sepia Choco EX,"1,930","1,932",확인
2025-04-27,[45] 하이드레이션/전면검사,P3405A-01.50SPC,O2O2 D_Sepia Choco EX,"1,170","1,174",확인
2025-04-27,[45] 하이드레이션/전면검사,P3405A-01.50SPC,O2O2 D_Sepia Choco EX,"1,360","1,363",확인
2025-04-27,[45] 하이드레이션/전면검사,P3405A-01.50SPC,O2O2 D_Sepia Choco EX,"1,285","1,290",확인
2025-04-27,[45] 하이드레이션/전면검사,P3405A-02.00SPC,O2O2 D_Sepia Choco EX,415,419,확인
2025-04-27,[45] 하이드레이션/전면검사,P3405A-02.00SPC,O2O2 D_Sepia Choco EX,420,423,확인
2025-04-27,[45] 하이드레이션/전면검사,P3405A-02.00SPC,O2O2 D_Sepia Choco EX,"1,255","1,265",확인
2025-04-27,[80] 누수/규격검사,P3405A-00.00SPC,O2O2 D_Sepia Choco EX,"1,756","1,776",확인
2025-04-27,[55] 접착/ 멸균,P3405A-00.00SPC,O2O2 D_Sepia Choco EX,"1,776","1,820",확인
2025-04-27,[45] 하이드레이션/전면검사,P3405A-02.25SPC,O2O2 D_Sepia Choco EX,380,384,확인
2025-04-27,[45] 하이드레이션/전면검사,P3405A-02.25SPC,O2O2 D_Sepia Choco EX,390,390,확인
2025-04-27,[45] 하이드레이션/전면검사,P3405A-02.25SPC,O2O2 D_Sepia Choco EX,390,390,확인
2025-04-27,[45] 하이드레이션/전면검사,P3405A-02.25SPC,O2O2 D_Sepia Choco EX,"1,545","1,550",확인
2025-04-27,[45] 하이드레이션/전면검사,P3405A-02.25SPC,O2O2 D_Sepia Choco EX,"1,635","1,655",확인
2025-04-27,[80] 누수/규격검사,P3405A-04.25SPC,O2O2 D_Sepia Choco EX,"2,029","2,053",확인
2025-04-27,[80] 누수/규격검사,P3405A-04.25SPC,O2O2 D_Sepia Choco EX,"1,317","1,341",확인
2025-04-27,[80] 누수/규격검사,P3405A-04.25SPC,O2O2 D_Sepia Choco EX,"2,018","2,043",확인
2025-04-27,[80] 누수/규격검사,P3405A-04.25SPC,O2O2 D_Sepia Choco EX,"1,856","1,881",확인
2025-04-27,[80] 누수/규격검사,P3405A-04.25SPC,O2O2 D_Sepia Choco EX,"1,903","1,928",확인
2025-04-27,[55] 접착/ 멸균,P3405A-04.25SPC,O2O2 D_Sepia Choco EX,"1,341","1,410",확인
2025-04-27,[80] 누수/규격검사,P3405A-04.25SPC,O2O2 D_Sepia Choco EX,"2,017","2,052",확인
2025-04-27,[55] 접착/ 멸균,P3405A-04.25SPC,O2O2 D_Sepia Choco EX,"2,053","2,170",확인
2025-04-27,[80] 누수/규격검사,P3405A-04.50SPC,O2O2 D_Sepia Choco EX,"1,629","1,649",확인
2025-04-27,[80] 누수/규격검사,P3405A-04.50SPC,O2O2 D_Sepia Choco EX,"1,903","1,923",확인
2025-04-27,[80] 누수/규격검사,P3405A-04.50SPC,O2O2 D_Sepia Choco EX,"2,154","2,179",확인
2025-04-27,[80] 누수/규격검사,P3405A-04.50SPC,O2O2 D_Sepia Choco EX,"1,410","1,430",확인
2025-04-27,[80] 누수/규격검사,P3405A-04.50SPC,O2O2 D_Sepia Choco EX,"1,862","1,887",확인
2025-04-27,[80] 누수/규격검사,P3405A-04.50SPC,O2O2 D_Sepia Choco EX,"1,906","1,931",확인
2025-04-27,[55] 접착/ 멸균,P3405A-04.50SPC,O2O2 D_Sepia Choco EX,"1,649","1,730",확인
2025-04-27,[55] 접착/ 멸균,P3405A-04.25SPC,O2O2 D_Sepia Choco EX,"1,928","2,010",확인
2025-04-27,[55] 접착/ 멸균,P3405A-04.25SPC,O2O2 D_Sepia Choco EX,"2,043","2,115",확인
2025-04-27,[55] 접착/ 멸균,P3405A-04.25SPC,O2O2 D_Sepia Choco EX,"1,881","1,980",확인
2025-04-27,[55] 접착/ 멸균,P3405A-04.25SPC,O2O2 D_Sepia Choco EX,"2,052","2,175",확인
2025-04-27,[55] 접착/ 멸균,P3405A-04.50SPC,O2O2 D_Sepia Choco EX,"1,878","2,000",확인
2025-04-27,[10] 사출조립,R3405-04.25SPC,O2O2 D_Sepia Choco EX,0,"1,232",확인
2025-04-27,[10] 사출조립,R3405-04.25SPC,O2O2 D_Sepia Choco EX,0,"1,232",확인
2025-04-27,[10] 사출조립,R3405-04.25SPC,O2O2 D_Sepia Choco EX,"1,232","1,232",확인
2025-04-27,[10] 사출조립,R3405-04.25SPC,O2O2 D_Sepia Choco EX,0,"1,232",확인
2025-04-27,[10] 사출조립,R3405-04.25SPC,O2O2 D_Sepia Choco EX,"1,232","1,232",확인
2025-04-27,[55] 접착/ 멸균,P3405A-04.50SPC,O2O2 D_Sepia Choco EX,"1,931","1,990",확인
2025-04-27,[55] 접착/ 멸균,P3405A-04.50SPC,O2O2 D_Sepia Choco EX,"1,430","1,480",확인
2025-04-27,[55] 접착/ 멸균,P3405A-04.50SPC,O2O2 D_Sepia Choco EX,"1,923","1,980",확인
2025-04-27,[55] 접착/ 멸균,P3405A-04.50SPC,O2O2 D_Sepia Choco EX,"1,887","1,945",확인
2025-04-27,[10] 사출조립,R3405-04.25SPC,O2O2 D_Sepia Choco EX,"2,373","2,373",확인
2025-04-27,[10] 사출조립,R3405-04.25SPC,O2O2 D_Sepia Choco EX,"2,373","2,373",확인
2025-04-27,[10] 사출조립,R3405-04.25SPC,O2O2 D_Sepia Choco EX,"2,373","2,373",확인
2025-04-27,[10] 사출조립,R3405-04.25SPC,O2O2 D_Sepia Choco EX,"1,232","1,232",확인
2025-04-27,[45] 하이드레이션/전면검사,P3405A-04.50SPC,O2O2 D_Sepia Choco EX,"1,750","1,756",확인
2025-04-27,[45] 하이드레이션/전면검사,P3405A-04.50SPC,O2O2 D_Sepia Choco EX,"1,505","1,508",확인
2025-04-27,[45] 하이드레이션/전면검사,P3405A-04.50SPC,O2O2 D_Sepia Choco EX,"1,965","1,970",확인
2025-04-27,[45] 하이드레이션/전면검사,P3405A-04.50SPC,O2O2 D_Sepia Choco EX,"2,035","2,044",확인
2025-04-27,[45] 하이드레이션/전면검사,P3405A-04.50SPC,O2O2 D_Sepia Choco EX,"2,050","2,055",확인
2025-04-27,[45] 하이드레이션/전면검사,P3405A-04.50SPC,O2O2 D_Sepia Choco EX,"2,105","2,114",확인
2025-04-27,[55] 접착/ 멸균,P3405A-04.50SPC,O2O2 D_Sepia Choco EX,"2,179","2,215",확인
2025-04-27,[45] 하이드레이션/전면검사,P3408A-00.00BRW,O2O2 D_Blending Hazel EX,670,673,확인
2025-04-27,[45] 하이드레이션/전면검사,P3408A-00.00BRW,O2O2 D_Blending Hazel EX,755,757,확인
2025-04-27,[45] 하이드레이션/전면검사,P3408A-00.00BRW,O2O2 D_Blending Hazel EX,735,737,확인
2025-04-27,[45] 하이드레이션/전면검사,P3408A-00.00BRW,O2O2 D_Blending Hazel EX,770,785,확인
2025-04-27,[45] 하이드레이션/전면검사,P3408A-00.00BRW,O2O2 D_Blending Hazel EX,895,901,확인
2025-04-27,[45] 하이드레이션/전면검사,P3408A-00.00BRW,O2O2 D_Blending Hazel EX,700,714,확인
2025-04-27,[45] 하이드레이션/전면검사,P3408A-00.00BRW,O2O2 D_Blending Hazel EX,940,940,확인
2025-04-27,[45] 하이드레이션/전면검사,P3408A-00.00BRW,O2O2 D_Blending Hazel EX,720,725,확인
2025-04-27,[80] 누수/규격검사,P3405A-03.00SPC,O2O2 D_Sepia Choco EX,"1,935","1,955",확인
2025-04-27,[80] 누수/규격검사,P3405A-03.00SPC,O2O2 D_Sepia Choco EX,"1,928","1,953",확인
2025-04-27,[55] 접착/ 멸균,P3405A-03.00SPC,O2O2 D_Sepia Choco EX,"1,953","2,010",확인
2025-04-27,[55] 접착/ 멸균,P3405A-03.00SPC,O2O2 D_Sepia Choco EX,"1,955","2,005",확인
2025-04-27,[55] 접착/ 멸균,P3408A-00.00BRW,O2O2 D_Blending Hazel EX,651,700,확인
2025-04-27,[55] 접착/ 멸균,P3408A-00.00BRW,O2O2 D_Blending Hazel EX,810,895,확인
2025-04-27,[55] 접착/ 멸균,P3408A-00.00BRW,O2O2 D_Blending Hazel EX,820,895,확인
2025-04-27,[55] 접착/ 멸균,P3408A-00.00BRW,O2O2 D_Blending Hazel EX,707,775,확인
2025-04-27,[55] 접착/ 멸균,P3408A-00.00BRW,O2O2 D_Blending Hazel EX,470,505,확인
2025-04-27,[55] 접착/ 멸균,P3408A-00.00BRW,O2O2 D_Blending Hazel EX,841,880,확인
2025-04-27,[55] 접착/ 멸균,P3408A-00.00BRW,O2O2 D_Blending Hazel EX,968,"1,040",확인
2025-04-27,[45] 하이드레이션/전면검사,P3405A-03.75SPC,O2O2 D_Sepia Choco EX,"1,545","1,550",확인
2025-04-27,[80] 누수/규격검사,P3408A-00.00BRW,O2O2 D_Blending Hazel EX,631,651,확인
2025-04-27,[80] 누수/규격검사,P3408A-00.00BRW,O2O2 D_Blending Hazel EX,923,968,확인
2025-04-27,[20] 분리,Q3405-04.00SPC,O2O2 D_Sepia Choco EX,"1,985","2,373",확인
2025-04-28,[80] 누수/규격검사,P3405A-02.50SPC,O2O2 D_Sepia Choco EX,"1,430","1,450",확인
2025-04-28,[80] 누수/규격검사,P3405A-02.50SPC,O2O2 D_Sepia Choco EX,"1,423","1,580",확인
2025-04-28,[80] 누수/규격검사,P3405A-02.50SPC,O2O2 D_Sepia Choco EX,"1,484","1,663",확인
2025-04-28,[45] 하이드레이션/전면검사,P3405A-02.75SPC,O2O2 D_Sepia Choco EX,"1,810","1,817",확인
2025-04-28,[45] 하이드레이션/전면검사,P3405A-02.75SPC,O2O2 D_Sepia Choco EX,"1,250","1,254",확인
2025-04-28,[45] 하이드레이션/전면검사,P3405A-02.75SPC,O2O2 D_Sepia Choco EX,"1,260","1,271",확인
2025-04-28,[45] 하이드레이션/전면검사,P3405A-02.75SPC,O2O2 D_Sepia Choco EX,"1,710","1,710",확인
2025-04-28,[45] 하이드레이션/전면검사,P3405A-02.75SPC,O2O2 D_Sepia Choco EX,"1,290","1,296",확인
2025-04-28,[45] 하이드레이션/전면검사,P3405A-02.75SPC,O2O2 D_Sepia Choco EX,"1,820","1,824",확인
2025-04-28,[55] 접착/ 멸균,P3405A-02.75SPC,O2O2 D_Sepia Choco EX,"1,831","1,880",확인
2025-04-28,[55] 접착/ 멸균,P3405A-02.75SPC,O2O2 D_Sepia Choco EX,"1,525","1,555",확인
2025-04-28,[80] 누수/규격검사,P3405A-02.75SPC,O2O2 D_Sepia Choco EX,"1,960","1,980",확인
2025-04-28,[80] 누수/규격검사,P3405A-02.75SPC,O2O2 D_Sepia Choco EX,"1,505","1,525",확인
2025-04-28,[80] 누수/규격검사,P3405A-02.75SPC,O2O2 D_Sepia Choco EX,"1,649","1,674",확인
2025-04-28,[80] 누수/규격검사,P3405A-02.75SPC,O2O2 D_Sepia Choco EX,"1,244","1,265",확인
2025-04-28,[80] 누수/규격검사,P3405A-02.75SPC,O2O2 D_Sepia Choco EX,"1,448","1,469",확인
2025-04-28,[45] 하이드레이션/전면검사,P3405A-03.25SPC,O2O2 D_Sepia Choco EX,"1,410","1,422",확인
2025-04-28,[45] 하이드레이션/전면검사,P3405A-03.25SPC,O2O2 D_Sepia Choco EX,"1,555","1,566",확인
2025-04-28,[45] 하이드레이션/전면검사,P3405A-03.25SPC,O2O2 D_Sepia Choco EX,"1,605","1,611",확인
2025-04-28,[55] 접착/ 멸균,P3405A-02.50SPC,O2O2 D_Sepia Choco EX,"1,450","1,550",확인
2025-04-28,[55] 접착/ 멸균,P3405A-02.50SPC,O2O2 D_Sepia Choco EX,"1,819","1,905",확인
2025-04-28,[55] 접착/ 멸균,P3405A-02.75SPC,O2O2 D_Sepia Choco EX,"1,469","1,720",확인
2025-04-28,[55] 접착/ 멸균,P3405A-03.25SPC,O2O2 D_Sepia Choco EX,774,830,확인
2025-04-28,[55] 접착/ 멸균,P3405A-03.25SPC,O2O2 D_Sepia Choco EX,"1,371","1,460",확인
2025-04-28,[55] 접착/ 멸균,P3405A-02.75SPC,O2O2 D_Sepia Choco EX,"1,265","1,290",확인
2025-04-28,[55] 접착/ 멸균,P3405A-03.25SPC,O2O2 D_Sepia Choco EX,"1,462","1,530",확인
2025-04-28,[55] 접착/ 멸균,P3405A-03.25SPC,O2O2 D_Sepia Choco EX,"1,120","1,145",확인
2025-04-28,[80] 누수/규격검사,P3405A-03.25SPC,O2O2 D_Sepia Choco EX,754,774,확인
2025-04-28,[80] 누수/규격검사,P3405A-03.25SPC,O2O2 D_Sepia Choco EX,"1,090","1,120",확인
2025-04-28,[80] 누수/규격검사,P3405A-03.25SPC,O2O2 D_Sepia Choco EX,"1,442","1,462",확인
2025-04-28,[80] 누수/규격검사,P3405A-03.25SPC,O2O2 D_Sepia Choco EX,"1,351","1,371",확인
2025-04-28,[80] 누수/규격검사,P3405A-03.25SPC,O2O2 D_Sepia Choco EX,"1,998","2,018",확인
2025-04-28,[80] 누수/규격검사,P3405A-03.25SPC,O2O2 D_Sepia Choco EX,"1,178","1,322",확인
2025-04-28,[55] 접착/ 멸균,P3405A-02.75SPC,O2O2 D_Sepia Choco EX,"1,674","1,720",확인
2025-04-28,[55] 접착/ 멸균,P3405A-02.75SPC,O2O2 D_Sepia Choco EX,"1,980","2,025",확인
2025-04-28,[45] 하이드레이션/전면검사,P3405A-05.00SPC,O2O2 D_Sepia Choco EX,"1,315","1,343",확인
2025-04-28,[10] 사출조립,R3405-01.75SPC,O2O2 D_Sepia Choco EX,"2,236","2,236",확인
2025-04-28,[10] 사출조립,R3405-01.75SPC,O2O2 D_Sepia Choco EX,"2,236","2,236",확인
2025-04-28,[10] 사출조립,R3405-01.75SPC,O2O2 D_Sepia Choco EX,"2,236","2,236",확인
2025-04-28,[10] 사출조립,R3405-01.75SPC,O2O2 D_Sepia Choco EX,"2,236","2,236",확인
2025-04-28,[10] 사출조립,R3405-01.75SPC,O2O2 D_Sepia Choco EX,"2,236","2,236",확인
2025-04-28,[80] 누수/규격검사,P3405A-03.25SPC,O2O2 D_Sepia Choco EX,"1,660","1,848",확인
2025-04-28,[55] 접착/ 멸균,P3405A-03.25SPC,O2O2 D_Sepia Choco EX,"2,018","2,065",확인
2025-04-28,[10] 사출조립,R3405-01.50SPC,O2O2 D_Sepia Choco EX,"2,236","2,236",확인
2025-04-28,[45] 하이드레이션/전면검사,P3405A-01.00SPC,O2O2 D_Sepia Choco EX,"1,120","1,127",확인
2025-04-28,[45] 하이드레이션/전면검사,P3405A-04.75SPC,O2O2 D_Sepia Choco EX,985,992,확인
2025-04-28,[45] 하이드레이션/전면검사,P3405A-05.50SPC,O2O2 D_Sepia Choco EX,"1,550","1,556",확인
2025-04-28,[80] 누수/규격검사,P3405A-01.00SPC,O2O2 D_Sepia Choco EX,"1,373","1,415",확인
2025-04-28,[80] 누수/규격검사,P3405A-01.00SPC,O2O2 D_Sepia Choco EX,"1,402","1,422",확인
2025-04-28,[80] 누수/규격검사,P3405A-01.00SPC,O2O2 D_Sepia Choco EX,"1,648","1,668",확인
2025-04-28,[55] 접착/ 멸균,P3405A-01.00SPC,O2O2 D_Sepia Choco EX,"1,415","1,475",확인
2025-04-28,[80] 누수/규격검사,P3405A-04.75SPC,O2O2 D_Sepia Choco EX,"2,173","2,193",확인
2025-04-28,[10] 사출조립,R3405-02.00SPC,O2O2 D_Sepia Choco EX,"2,236","2,236",확인
2025-04-28,[10] 사출조립,R3405-02.00SPC,O2O2 D_Sepia Choco EX,"2,236","2,236",확인
2025-04-28,[55] 접착/ 멸균,P3405A-01.00SPC,O2O2 D_Sepia Choco EX,"1,668","1,740",확인
2025-04-28,[55] 접착/ 멸균,P3405A-01.00SPC,O2O2 D_Sepia Choco EX,"1,422","1,485",확인
2025-04-28,[55] 접착/ 멸균,P3405A-04.75SPC,O2O2 D_Sepia Choco EX,"2,193","2,235",확인
2025-04-28,[55] 접착/ 멸균,P3405A-05.50SPC,O2O2 D_Sepia Choco EX,"1,499","1,530",확인
2025-04-28,[45] 하이드레이션/전면검사,P3405A-03.50SPC,O2O2 D_Sepia Choco EX,"2,090","2,103",확인
2025-04-28,[80] 누수/규격검사,P3405A-03.50SPC,O2O2 D_Sepia Choco EX,"2,117","2,137",확인
2025-04-28,[80] 누수/규격검사,P3405A-03.50SPC,O2O2 D_Sepia Choco EX,"1,353","1,373",확인
2025-04-28,[55] 접착/ 멸균,P3405A-03.50SPC,O2O2 D_Sepia Choco EX,"2,137","2,235",확인
2025-04-28,[55] 접착/ 멸균,P3405A-03.50SPC,O2O2 D_Sepia Choco EX,"1,373","1,570",확인
2025-04-28,[45] 하이드레이션/전면검사,P3405A-08.00SPC,O2O2 D_Sepia Choco EX,"1,125","1,132",확인
2025-04-28,[45] 하이드레이션/전면검사,P3405A-08.00SPC,O2O2 D_Sepia Choco EX,485,492,확인
2025-04-28,[45] 하이드레이션/전면검사,P3405A-00.00SPC,O2O2 D_Sepia Choco EX,640,647,확인
2025-04-28,[55] 접착/ 멸균,P3405A-00.00SPC,O2O2 D_Sepia Choco EX,"2,011","2,045",확인
2025-04-28,[55] 접착/ 멸균,P3405A-00.00SPC,O2O2 D_Sepia Choco EX,"1,896","1,930",확인
2025-04-28,[45] 하이드레이션/전면검사,P3405A-02.00SPC,O2O2 D_Sepia Choco EX,"1,325","1,330",확인
2025-04-28,[80] 누수/규격검사,P3405A-00.00SPC,O2O2 D_Sepia Choco EX,"1,866","1,896",확인
2025-04-28,[80] 누수/규격검사,P3405A-00.00SPC,O2O2 D_Sepia Choco EX,"1,991","2,011",확인
2025-04-28,[45] 하이드레이션/전면검사,P3405A-02.25SPC,O2O2 D_Sepia Choco EX,"1,710","1,712",확인
2025-04-28,[45] 하이드레이션/전면검사,P3405A-02.25SPC,O2O2 D_Sepia Choco EX,370,374,확인
2025-04-28,[45] 하이드레이션/전면검사,P3405A-04.25SPC,O2O2 D_Sepia Choco EX,"1,975","1,980",확인
2025-04-28,[80] 누수/규격검사,P3405A-04.50SPC,O2O2 D_Sepia Choco EX,"1,988","2,008",확인
2025-04-28,[80] 누수/규격검사,P3405A-04.50SPC,O2O2 D_Sepia Choco EX,"2,035","2,055",확인
2025-04-28,[45] 하이드레이션/전면검사,P3405A-04.50SPC,O2O2 D_Sepia Choco EX,"1,585","1,591",확인
2025-04-28,[55] 접착/ 멸균,P3405A-04.50SPC,O2O2 D_Sepia Choco EX,"2,055","2,105",확인
2025-04-28,[80] 누수/규격검사,P3405A-04.50SPC,O2O2 D_Sepia Choco EX,"1,817","1,878",확인
2025-04-28,[55] 접착/ 멸균,P3405A-04.50SPC,O2O2 D_Sepia Choco EX,"2,008","2,050",확인
2025-04-28,[55] 접착/ 멸균,P3405A-04.50SPC,O2O2 D_Sepia Choco EX,"2,215","2,260",확인
2025-04-28,[55] 접착/ 멸균,P3405A-04.50SPC,O2O2 D_Sepia Choco EX,"1,697","1,750",확인
2025-04-28,[55] 접착/ 멸균,P3405A-03.00SPC,O2O2 D_Sepia Choco EX,"1,968","2,000",확인
2025-04-28,[55] 접착/ 멸균,P3405A-03.00SPC,O2O2 D_Sepia Choco EX,"1,862","1,895",확인
2025-04-28,[45] 하이드레이션/전면검사,P3405A-03.00SPC,O2O2 D_Sepia Choco EX,"1,910","1,920",확인
2025-04-28,[45] 하이드레이션/전면검사,P3405A-03.00SPC,O2O2 D_Sepia Choco EX,"1,900","1,914",확인
2025-04-28,[45] 하이드레이션/전면검사,P3405A-03.00SPC,O2O2 D_Sepia Choco EX,"2,130","2,136",확인
2025-04-28,[45] 하이드레이션/전면검사,P3405A-03.00SPC,O2O2 D_Sepia Choco EX,"1,895","1,898",확인
2025-04-28,[45] 하이드레이션/전면검사,P3405A-03.00SPC,O2O2 D_Sepia Choco EX,"2,000","2,000",확인
2025-04-28,[45] 하이드레이션/전면검사,P3405A-03.00SPC,O2O2 D_Sepia Choco EX,"1,910","1,916",확인
2025-04-28,[45] 하이드레이션/전면검사,P3405A-03.00SPC,O2O2 D_Sepia Choco EX,"1,875","1,877",확인
2025-04-28,[20] 분리,Q3405-03.50SPC,O2O2 D_Sepia Choco EX,"2,103","2,403",확인
2025-04-28,[55] 접착/ 멸균,P3408A-00.00BRW,O2O2 D_Blending Hazel EX,887,940,확인
2025-04-28,[55] 접착/ 멸균,P3408A-00.00BRW,O2O2 D_Blending Hazel EX,654,670,확인
2025-04-28,[55] 접착/ 멸균,P3408A-00.00BRW,O2O2 D_Blending Hazel EX,507,790,확인
2025-04-28,[55] 접착/ 멸균,P3408A-00.00BRW,O2O2 D_Blending Hazel EX,637,665,확인
2025-04-28,[45] 하이드레이션/전면검사,P3405A-03.75SPC,O2O2 D_Sepia Choco EX,"1,200","1,205",확인
2025-04-28,[45] 하이드레이션/전면검사,P3405A-04.00SPC,O2O2 D_Sepia Choco EX,"1,980","1,985",확인
2025-04-28,[80] 누수/규격검사,P3408A-00.00BRW,O2O2 D_Blending Hazel EX,617,637,확인
2025-04-28,[80] 누수/규격검사,P3408A-00.00BRW,O2O2 D_Blending Hazel EX,876,896,확인
2025-04-28,[80] 누수/규격검사,P3408A-00.00BRW,O2O2 D_Blending Hazel EX,495,515,확인
2025-04-28,[80] 누수/규격검사,P3408A-00.00BRW,O2O2 D_Blending Hazel EX,650,670,확인
2025-04-28,[80] 누수/규격검사,P3408A-00.00BRW,O2O2 D_Blending Hazel EX,493,513,확인
2025-04-28,[80] 누수/규격검사,P3408A-00.00BRW,O2O2 D_Blending Hazel EX,867,887,확인
2025-04-28,[80] 누수/규격검사,P3408A-00.00BRW,O2O2 D_Blending Hazel EX,634,654,확인
2025-04-28,[80] 누수/규격검사,P3408A-00.00BRW,O2O2 D_Blending Hazel EX,800,820,확인
2025-04-28,[80] 누수/규격검사,P3408A-00.00BRW,O2O2 D_Blending Hazel EX,630,707,확인
2025-04-28,[80] 누수/규격검사,P3408A-00.00BRW,O2O2 D_Blending Hazel EX,454,474,확인
2025-04-28,[80] 누수/규격검사,P3408A-00.00BRW,O2O2 D_Blending Hazel EX,672,692,확인
2025-04-28,[80] 누수/규격검사,P3408A-00.00BRW,O2O2 D_Blending Hazel EX,659,679,확인
2025-04-28,[80] 누수/규격검사,P3408A-00.00BRW,O2O2 D_Blending Hazel EX,487,507,확인
2025-04-28,[80] 누수/규격검사,P3408A-00.00BRW,O2O2 D_Blending Hazel EX,745,841,확인
2025-04-28,[80] 누수/규격검사,P3408A-00.00BRW,O2O2 D_Blending Hazel EX,412,470,확인
2025-04-28,[55] 접착/ 멸균,P3408A-00.00BRW,O2O2 D_Blending Hazel EX,513,645,확인
2025-04-28,[55] 접착/ 멸균,P3408A-00.00BRW,O2O2 D_Blending Hazel EX,896,920,확인
2025-04-28,[55] 접착/ 멸균,P3408A-00.00BRW,O2O2 D_Blending Hazel EX,790,815,확인
2025-04-28,[55] 접착/ 멸균,P3408A-00.00BRW,O2O2 D_Blending Hazel EX,625,665,확인
2025-04-28,[55] 접착/ 멸균,P3408A-00.00BRW,O2O2 D_Blending Hazel EX,515,545,확인
2025-04-28,[55] 접착/ 멸균,P3408A-00.00BRW,O2O2 D_Blending Hazel EX,670,815,확인
2025-04-28,[55] 접착/ 멸균,P3408A-00.00BRW,O2O2 D_Blending Hazel EX,474,505,확인
2025-04-28,[55] 접착/ 멸균,P3408A-00.00BRW,O2O2 D_Blending Hazel EX,679,735,확인
2025-04-28,[55] 접착/ 멸균,P3408A-00.00BRW,O2O2 D_Blending Hazel EX,692,755,확인
2025-04-28,[55] 접착/ 멸균,P3408A-00.00BRW,O2O2 D_Blending Hazel EX,0,720,확인
2025-04-28,[55] 접착/ 멸균,P3408A-00.00BRW,O2O2 D_Blending Hazel EX,541,640,확인
2025-04-28,[20] 분리,Q3405-03.00SPC,O2O2 D_Sepia Choco EX,"1,914","2,403",확인
2025-04-28,[20] 분리,Q3405-03.50SPC,O2O2 D_Sepia Choco EX,"1,741","2,403",확인
2025-04-28,[20] 분리,Q3405-03.00SPC,O2O2 D_Sepia Choco EX,"2,046","2,403",확인
2025-04-28,[20] 분리,Q3405-03.00SPC,O2O2 D_Sepia Choco EX,"2,136","2,403",확인
2025-04-28,[20] 분리,Q3405-04.50SPC,O2O2 D_Sepia Choco EX,"1,012","1,232",확인
2025-04-28,[20] 분리,Q3405-04.25SPC,O2O2 D_Sepia Choco EX,"2,127","2,373",확인
2025-04-28,[20] 분리,Q3405-04.25SPC,O2O2 D_Sepia Choco EX,"1,938","2,373",확인
2025-04-28,[20] 분리,Q3405-04.25SPC,O2O2 D_Sepia Choco EX,"1,980","2,373",확인
2025-04-28,[20] 분리,Q3405-04.25SPC,O2O2 D_Sepia Choco EX,888,"1,232",확인
2025-04-28,[20] 분리,Q3405-04.00SPC,O2O2 D_Sepia Choco EX,"1,768","2,373",확인
2025-04-29,[80] 누수/규격검사,P3405A-02.50SPC,O2O2 D_Sepia Choco EX,"1,799","1,819",확인
2025-04-29,[45] 하이드레이션/전면검사,P3405A-02.75SPC,O2O2 D_Sepia Choco EX,"1,840","1,844",확인
2025-04-29,[45] 하이드레이션/전면검사,P3405A-02.75SPC,O2O2 D_Sepia Choco EX,"1,995","1,998",확인
2025-04-29,[45] 하이드레이션/전면검사,P3405A-02.75SPC,O2O2 D_Sepia Choco EX,"1,220","1,222",확인
2025-04-29,[45] 하이드레이션/전면검사,P3405A-02.75SPC,O2O2 D_Sepia Choco EX,760,760,확인
2025-04-29,[80] 누수/규격검사,P3405A-02.75SPC,O2O2 D_Sepia Choco EX,"1,685","1,710",확인
2025-04-29,[80] 누수/규격검사,P3405A-02.75SPC,O2O2 D_Sepia Choco EX,"1,671","1,715",확인
2025-04-29,[80] 누수/규격검사,P3405A-02.75SPC,O2O2 D_Sepia Choco EX,"1,704","1,729",확인
2025-04-29,[80] 누수/규격검사,P3405A-02.75SPC,O2O2 D_Sepia Choco EX,"1,139","1,164",확인
2025-04-29,[80] 누수/규격검사,P3405A-02.75SPC,O2O2 D_Sepia Choco EX,"1,805","1,831",확인
2025-04-29,[80] 누수/규격검사,P3405A-03.25SPC,O2O2 D_Sepia Choco EX,"1,269","1,289",확인
2025-04-29,[80] 누수/규격검사,P3405A-03.25SPC,O2O2 D_Sepia Choco EX,"1,345","1,365",확인
2025-04-29,[55] 접착/ 멸균,P3405A-02.75SPC,O2O2 D_Sepia Choco EX,"1,164","1,260",확인
2025-04-29,[55] 접착/ 멸균,P3405A-02.75SPC,O2O2 D_Sepia Choco EX,"1,715","1,820",확인
2025-04-29,[55] 접착/ 멸균,P3405A-02.75SPC,O2O2 D_Sepia Choco EX,"1,710","1,810",확인
2025-04-29,[55] 접착/ 멸균,P3405A-02.75SPC,O2O2 D_Sepia Choco EX,"1,729","1,820",확인
2025-04-29,[55] 접착/ 멸균,P3405A-03.25SPC,O2O2 D_Sepia Choco EX,"1,365","1,410",확인
2025-04-29,[55] 접착/ 멸균,P3405A-03.25SPC,O2O2 D_Sepia Choco EX,"1,289","1,335",확인
2025-04-29,[45] 하이드레이션/전면검사,P3405A-05.00SPC,O2O2 D_Sepia Choco EX,"2,140","2,148",확인
2025-04-29,[45] 하이드레이션/전면검사,P3405A-05.00SPC,O2O2 D_Sepia Choco EX,"1,520","1,533",확인
2025-04-29,[10] 사출조립,R3405-01.75SPC,O2O2 D_Sepia Choco EX,"2,221","2,221",확인
2025-04-29,[10] 사출조립,R3405-01.75SPC,O2O2 D_Sepia Choco EX,"2,221","2,221",확인
2025-04-29,[10] 사출조립,R3405-01.75SPC,O2O2 D_Sepia Choco EX,"2,221","2,221",확인
2025-04-29,[10] 사출조립,R3405-01.75SPC,O2O2 D_Sepia Choco EX,"2,221","2,221",확인
2025-04-29,[10] 사출조립,R3405-01.75SPC,O2O2 D_Sepia Choco EX,"2,221","2,221",확인
2025-04-29,[10] 사출조립,R3405-01.50SPC,O2O2 D_Sepia Choco EX,"2,221","2,221",확인
2025-04-29,[10] 사출조립,R3405-01.50SPC,O2O2 D_Sepia Choco EX,"2,221","2,221",확인
2025-04-29,[10] 사출조립,R3405-01.50SPC,O2O2 D_Sepia Choco EX,"2,331","2,331",확인
2025-04-29,[10] 사출조립,R3405-02.75SPC,O2O2 D_Sepia Choco EX,"1,102","1,102",확인
2025-04-29,[10] 사출조립,R3405-02.75SPC,O2O2 D_Sepia Choco EX,"1,102","1,102",확인
2025-04-29,[45] 하이드레이션/전면검사,P3405A-01.00SPC,O2O2 D_Sepia Choco EX,"1,525","1,531",확인
2025-04-29,[45] 하이드레이션/전면검사,P3405A-04.75SPC,O2O2 D_Sepia Choco EX,"1,495","1,498",확인
2025-04-29,[80] 누수/규격검사,P3405A-04.75SPC,O2O2 D_Sepia Choco EX,947,967,확인
2025-04-29,[80] 누수/규격검사,P3405A-04.75SPC,O2O2 D_Sepia Choco EX,"1,453","1,473",확인
2025-04-29,[80] 누수/규격검사,P3405A-04.75SPC,O2O2 D_Sepia Choco EX,"1,946","1,971",확인
2025-04-29,[10] 사출조립,R3405-02.00SPC,O2O2 D_Sepia Choco EX,"2,221","2,221",확인
2025-04-29,[80] 누수/규격검사,P3405A-05.50SPC,O2O2 D_Sepia Choco EX,"1,479","1,499",확인
2025-04-29,[55] 접착/ 멸균,P3405A-04.75SPC,O2O2 D_Sepia Choco EX,"1,971","2,025",확인
2025-04-29,[55] 접착/ 멸균,P3405A-04.75SPC,O2O2 D_Sepia Choco EX,"1,473","1,495",확인
2025-04-29,[55] 접착/ 멸균,P3405A-04.75SPC,O2O2 D_Sepia Choco EX,967,985,확인
2025-04-29,[80] 누수/규격검사,P3405A-03.50SPC,O2O2 D_Sepia Choco EX,"1,939","1,964",확인
2025-04-29,[55] 접착/ 멸균,P3405A-03.50SPC,O2O2 D_Sepia Choco EX,"1,964","2,090",확인
2025-04-29,[45] 하이드레이션/전면검사,P3405A-08.00SPC,O2O2 D_Sepia Choco EX,"1,855","1,870",확인
2025-04-29,[45] 하이드레이션/전면검사,P3405A-08.00SPC,O2O2 D_Sepia Choco EX,"2,125","2,131",확인
2025-04-29,[45] 하이드레이션/전면검사,P3405A-08.00SPC,O2O2 D_Sepia Choco EX,"2,030","2,041",확인
2025-04-29,[45] 하이드레이션/전면검사,P3405A-07.50SPC,O2O2 D_Sepia Choco EX,"1,185","1,195",확인
2025-04-29,[10] 사출조립,R3405-01.00SPC,O2O2 D_Sepia Choco EX,"2,331","2,331",확인
2025-04-29,[10] 사출조립,R3405-01.25SPC,O2O2 D_Sepia Choco EX,"2,331","2,331",확인
2025-04-29,[10] 사출조립,R3405-01.25SPC,O2O2 D_Sepia Choco EX,"2,331","2,331",확인
2025-04-29,[10] 사출조립,R3405-01.25SPC,O2O2 D_Sepia Choco EX,"2,331","2,331",확인
2025-04-29,[10] 사출조립,R3405-01.25SPC,O2O2 D_Sepia Choco EX,"2,331","2,331",확인
2025-04-29,[10] 사출조립,R3405-01.25SPC,O2O2 D_Sepia Choco EX,"2,331","2,331",확인
2025-04-29,[10] 사출조립,R3405-01.25SPC,O2O2 D_Sepia Choco EX,0,"2,331",확인
2025-04-29,[45] 하이드레이션/전면검사,P3405A-00.00SPC,O2O2 D_Sepia Choco EX,"1,120","1,129",확인
2025-04-29,[45] 하이드레이션/전면검사,P3405A-00.00SPC,O2O2 D_Sepia Choco EX,"1,340","1,348",확인
2025-04-29,[45] 하이드레이션/전면검사,P3405A-00.00SPC,O2O2 D_Sepia Choco EX,980,986,확인
2025-04-29,[45] 하이드레이션/전면검사,P3405A-00.00SPC,O2O2 D_Sepia Choco EX,920,926,확인
2025-04-29,[45] 하이드레이션/전면검사,P3405A-00.00SPC,O2O2 D_Sepia Choco EX,"1,615","1,621",확인
2025-04-29,[45] 하이드레이션/전면검사,P3405A-00.00SPC,O2O2 D_Sepia Choco EX,"1,475","1,484",확인
2025-04-29,[45] 하이드레이션/전면검사,P3405A-00.00SPC,O2O2 D_Sepia Choco EX,"1,805","1,808",확인
2025-04-29,[45] 하이드레이션/전면검사,P3405A-00.00SPC,O2O2 D_Sepia Choco EX,"1,605","1,617",확인
2025-04-29,[45] 하이드레이션/전면검사,P3405A-01.50SPC,O2O2 D_Sepia Choco EX,"2,230","2,237",확인
2025-04-29,[45] 하이드레이션/전면검사,P3405A-01.50SPC,O2O2 D_Sepia Choco EX,"1,850","1,852",확인
2025-04-29,[45] 하이드레이션/전면검사,P3405A-01.50SPC,O2O2 D_Sepia Choco EX,"1,390","1,396",확인
2025-04-29,[45] 하이드레이션/전면검사,P3405A-01.50SPC,O2O2 D_Sepia Choco EX,"1,635","1,640",확인
2025-04-29,[45] 하이드레이션/전면검사,P3405A-02.00SPC,O2O2 D_Sepia Choco EX,"1,930","1,933",확인
2025-04-29,[45] 하이드레이션/전면검사,P3405A-02.00SPC,O2O2 D_Sepia Choco EX,"1,640","1,643",확인
2025-04-29,[80] 누수/규격검사,P3405A-00.00SPC,O2O2 D_Sepia Choco EX,"1,133","1,162",확인
2025-04-29,[55] 접착/ 멸균,P3405A-00.00SPC,O2O2 D_Sepia Choco EX,"1,162","1,220",확인
2025-04-29,[80] 누수/규격검사,P3405A-02.00SPC,O2O2 D_Sepia Choco EX,"1,211","1,231",확인
2025-04-29,[80] 누수/규격검사,P3405A-02.00SPC,O2O2 D_Sepia Choco EX,389,394,확인
2025-04-29,[45] 하이드레이션/전면검사,P3405A-02.25SPC,O2O2 D_Sepia Choco EX,355,358,확인
2025-04-29,[45] 하이드레이션/전면검사,P3405A-02.25SPC,O2O2 D_Sepia Choco EX,"2,045","2,047",확인
2025-04-29,[45] 하이드레이션/전면검사,P3405A-04.25SPC,O2O2 D_Sepia Choco EX,"1,925","1,938",확인
2025-04-29,[45] 하이드레이션/전면검사,P3405A-04.25SPC,O2O2 D_Sepia Choco EX,"2,075","2,127",확인
2025-04-29,[80] 누수/규격검사,P3405A-02.25SPC,O2O2 D_Sepia Choco EX,363,368,확인
2025-04-29,[80] 누수/규격검사,P3405A-02.25SPC,O2O2 D_Sepia Choco EX,"1,386","1,406",확인
2025-04-29,[80] 누수/규격검사,P3405A-02.25SPC,O2O2 D_Sepia Choco EX,"1,418","1,452",확인
2025-04-29,[80] 누수/규격검사,P3405A-02.25SPC,O2O2 D_Sepia Choco EX,349,354,확인
2025-04-29,[55] 접착/ 멸균,P3405A-02.25SPC,O2O2 D_Sepia Choco EX,"1,452","1,635",확인
2025-04-29,[80] 누수/규격검사,P3405A-04.25SPC,O2O2 D_Sepia Choco EX,"2,012","2,032",확인
2025-04-29,[80] 누수/규격검사,P3405A-04.50SPC,O2O2 D_Sepia Choco EX,"1,920","1,945",확인
2025-04-29,[80] 누수/규격검사,P3405A-04.50SPC,O2O2 D_Sepia Choco EX,"1,963","1,983",확인
2025-04-29,[80] 누수/규격검사,P3405A-04.50SPC,O2O2 D_Sepia Choco EX,"1,768","1,803",확인
2025-04-29,[80] 누수/규격검사,P3405A-04.50SPC,O2O2 D_Sepia Choco EX,"2,190","2,215",확인
2025-04-29,[80] 누수/규격검사,P3405A-04.50SPC,O2O2 D_Sepia Choco EX,"1,677","1,697",확인
2025-04-29,[55] 접착/ 멸균,P3405A-02.25SPC,O2O2 D_Sepia Choco EX,354,390,확인
2025-04-29,[45] 하이드레이션/전면검사,P3405A-04.50SPC,O2O2 D_Sepia Choco EX,"1,230","1,234",확인
2025-04-29,[45] 하이드레이션/전면검사,P3405A-04.50SPC,O2O2 D_Sepia Choco EX,"1,180","1,184",확인
2025-04-29,[45] 하이드레이션/전면검사,P3405A-04.50SPC,O2O2 D_Sepia Choco EX,"1,740","1,743",확인
2025-04-29,[45] 하이드레이션/전면검사,P3405A-04.50SPC,O2O2 D_Sepia Choco EX,"1,485","1,488",확인
2025-04-29,[55] 접착/ 멸균,P3405A-02.00SPC,O2O2 D_Sepia Choco EX,394,420,확인
2025-04-29,[55] 접착/ 멸균,P3405A-04.25SPC,O2O2 D_Sepia Choco EX,"2,032","2,075",확인
2025-04-29,[55] 접착/ 멸균,P3405A-06.00SPC,O2O2 D_Sepia Choco EX,"1,313","1,375",확인
2025-04-29,[80] 누수/규격검사,P3405A-06.00SPC,O2O2 D_Sepia Choco EX,"1,288","1,313",확인
2025-04-29,[55] 접착/ 멸균,P3405A-04.50SPC,O2O2 D_Sepia Choco EX,"1,983","2,065",확인
2025-04-29,[45] 하이드레이션/전면검사,P3405A-06.00SPC,O2O2 D_Sepia Choco EX,"2,070","2,085",확인
2025-04-29,[45] 하이드레이션/전면검사,P3405A-06.00SPC,O2O2 D_Sepia Choco EX,"2,080","2,096",확인
2025-04-29,[55] 접착/ 멸균,P3405A-02.00SPC,O2O2 D_Sepia Choco EX,"1,231","1,255",확인
2025-04-29,[55] 접착/ 멸균,P3405A-02.25SPC,O2O2 D_Sepia Choco EX,"1,406","1,545",확인
2025-04-29,[55] 접착/ 멸균,P3405A-02.25SPC,O2O2 D_Sepia Choco EX,368,380,확인
2025-04-29,[55] 접착/ 멸균,P3405A-04.50SPC,O2O2 D_Sepia Choco EX,"1,803","1,865",확인
2025-04-29,[55] 접착/ 멸균,P3405A-04.50SPC,O2O2 D_Sepia Choco EX,"1,945","2,030",확인
2025-04-29,[80] 누수/규격검사,P3408A-00.00BRW,O2O2 D_Blending Hazel EX,285,290,확인
2025-04-29,[80] 누수/규격검사,P3405A-03.00SPC,O2O2 D_Sepia Choco EX,"1,841","1,861",확인
2025-04-29,[80] 누수/규격검사,P3405A-03.00SPC,O2O2 D_Sepia Choco EX,"1,854","1,874",확인
2025-04-29,[80] 누수/규격검사,P3405A-03.00SPC,O2O2 D_Sepia Choco EX,"1,815","1,840",확인
2025-04-29,[55] 접착/ 멸균,P3405A-03.00SPC,O2O2 D_Sepia Choco EX,"1,874","1,910",확인
2025-04-29,[55] 접착/ 멸균,P3405A-03.00SPC,O2O2 D_Sepia Choco EX,"1,815","1,875",확인
2025-04-29,[55] 접착/ 멸균,P3405A-03.00SPC,O2O2 D_Sepia Choco EX,"1,861","1,900",확인
2025-04-29,[55] 접착/ 멸균,P3405A-03.00SPC,O2O2 D_Sepia Choco EX,"1,840","1,910",확인
2025-04-29,[80] 누수/규격검사,P3405A-03.00SPC,O2O2 D_Sepia Choco EX,"2,016","2,036",확인
2025-04-29,[80] 누수/규격검사,P3405A-03.00SPC,O2O2 D_Sepia Choco EX,"1,839","1,862",확인
2025-04-29,[80] 누수/규격검사,P3405A-03.00SPC,O2O2 D_Sepia Choco EX,"1,948","1,968",확인
2025-04-29,[20] 분리,Q3405-01.50SPC,O2O2 D_Sepia Choco EX,"1,988","2,221",확인
2025-04-29,[20] 분리,Q3405-01.75SPC,O2O2 D_Sepia Choco EX,"1,967","2,236",확인
2025-04-29,[20] 분리,Q3405-01.75SPC,O2O2 D_Sepia Choco EX,"1,883","2,236",확인
2025-04-29,[20] 분리,Q3405-01.75SPC,O2O2 D_Sepia Choco EX,"1,990","2,236",확인
2025-04-29,[20] 분리,Q3405-01.75SPC,O2O2 D_Sepia Choco EX,"2,016","2,221",확인
2025-04-29,[20] 분리,Q3405-02.00SPC,O2O2 D_Sepia Choco EX,"1,809","2,236",확인
2025-04-29,[20] 분리,Q3405-02.00SPC,O2O2 D_Sepia Choco EX,"2,025","2,221",확인
2025-04-29,[20] 분리,Q3405-03.50SPC,O2O2 D_Sepia Choco EX,"1,009","1,102",확인
2025-04-29,[55] 접착/ 멸균,P3405A-03.00SPC,O2O2 D_Sepia Choco EX,"2,036","2,130",확인
2025-04-29,[55] 접착/ 멸균,P3408A-00.00BRW,O2O2 D_Blending Hazel EX,290,325,확인
2025-04-29,[55] 접착/ 멸균,P3408A-00.00BRW,O2O2 D_Blending Hazel EX,771,810,확인
2025-04-29,[55] 접착/ 멸균,P3408A-00.00BRW,O2O2 D_Blending Hazel EX,744,770,확인
2025-04-29,[20] 분리,Q3405-01.50SPC,O2O2 D_Sepia Choco EX,"1,879","2,236",확인
2025-04-29,[20] 분리,Q3405-01.50SPC,O2O2 D_Sepia Choco EX,"1,843","2,221",확인
2025-04-29,[20] 분리,Q3405-01.75SPC,O2O2 D_Sepia Choco EX,"1,563","2,236",확인
2025-04-29,[20] 분리,Q3405-01.75SPC,O2O2 D_Sepia Choco EX,"1,569","2,236",확인
2025-04-29,[20] 분리,Q3405-01.75SPC,O2O2 D_Sepia Choco EX,"1,899","2,221",확인
2025-04-29,[20] 분리,Q3405-01.75SPC,O2O2 D_Sepia Choco EX,"1,989","2,221",확인
2025-04-29,[20] 분리,Q3405-02.00SPC,O2O2 D_Sepia Choco EX,"1,738","2,236",확인
2025-04-29,[45] 하이드레이션/전면검사,P3405A-03.75SPC,O2O2 D_Sepia Choco EX,"1,780","1,786",확인
2025-04-29,[45] 하이드레이션/전면검사,P3405A-03.75SPC,O2O2 D_Sepia Choco EX,"1,565","1,568",확인
2025-04-29,[45] 하이드레이션/전면검사,P3405A-04.00SPC,O2O2 D_Sepia Choco EX,"1,400","1,408",확인
2025-04-29,[45] 하이드레이션/전면검사,P3405A-04.00SPC,O2O2 D_Sepia Choco EX,"1,890","1,898",확인
2025-04-29,[45] 하이드레이션/전면검사,P3405A-04.00SPC,O2O2 D_Sepia Choco EX,"1,900","1,907",확인
2025-04-29,[45] 하이드레이션/전면검사,P3405A-04.00SPC,O2O2 D_Sepia Choco EX,"2,030","2,032",확인
2025-04-29,[45] 하이드레이션/전면검사,P3405A-04.00SPC,O2O2 D_Sepia Choco EX,"1,180","1,187",확인
2025-04-29,[45] 하이드레이션/전면검사,P3405A-04.00SPC,O2O2 D_Sepia Choco EX,"1,865","1,870",확인
2025-04-29,[45] 하이드레이션/전면검사,P3405A-04.00SPC,O2O2 D_Sepia Choco EX,"1,805","1,809",확인
2025-04-29,[80] 누수/규격검사,P3408A-00.00BRW,O2O2 D_Blending Hazel EX,751,771,확인
2025-04-29,[80] 누수/규격검사,P3408A-00.00BRW,O2O2 D_Blending Hazel EX,724,744,확인
2025-04-29,[80] 누수/규격검사,P3408A-00.00BRW,O2O2 D_Blending Hazel EX,778,798,확인
2025-04-29,[80] 누수/규격검사,P3408A-00.00BRW,O2O2 D_Blending Hazel EX,600,625,확인
2025-04-29,[80] 누수/규격검사,P3408A-00.00BRW,O2O2 D_Blending Hazel EX,770,790,확인
2025-04-29,[80] 누수/규격검사,P3408A-00.00BRW,O2O2 D_Blending Hazel EX,536,541,확인
2025-04-29,[55] 접착/ 멸균,P3408A-00.00BRW,O2O2 D_Blending Hazel EX,798,820,확인
2025-04-29,[20] 분리,Q3405-01.75SPC,O2O2 D_Sepia Choco EX,"2,013","2,221",확인
2025-04-29,[10] 사출조립,R3405-03.00SPC,O2O2 D_Sepia Choco EX,"1,102","1,102",확인
2025-04-29,[10] 사출조립,R3405-03.00SPC,O2O2 D_Sepia Choco EX,"1,102","1,102",확인
2025-04-29,[10] 사출조립,R3405-03.50SPC,O2O2 D_Sepia Choco EX,"1,102","1,102",확인
2025-04-29,[20] 분리,Q3405-03.50SPC,O2O2 D_Sepia Choco EX,914,"1,102",확인
2025-04-29,[20] 분리,Q3405-01.75SPC,O2O2 D_Sepia Choco EX,"1,966","2,221",확인
2025-04-29,[20] 분리,Q3405-04.50SPC,O2O2 D_Sepia Choco EX,839,"1,232",확인
2025-04-29,[10] 사출조립,R3405-03.50SPC,O2O2 D_Sepia Choco EX,"1,102","1,102",확인
2025-04-29,[10] 사출조립,R3405-03.50SPC,O2O2 D_Sepia Choco EX,"1,102","1,102",확인
2025-04-29,[10] 사출조립,R3405-03.50SPC,O2O2 D_Sepia Choco EX,0,"1,102",확인
2025-04-29,[20] 분리,Q3405-05.50SPC,O2O2 D_Sepia Choco EX,280,699,확인
2025-04-29,[20] 분리,Q3405-05.50SPC,O2O2 D_Sepia Choco EX,522,699,확인
2025-04-29,[20] 분리,Q3405-05.50SPC,O2O2 D_Sepia Choco EX,483,699,확인
2025-04-29,[20] 분리,Q3405-05.50SPC,O2O2 D_Sepia Choco EX,484,699,확인
2025-04-29,[20] 분리,Q3405-05.50SPC,O2O2 D_Sepia Choco EX,614,699,확인
2025-04-29,[20] 분리,Q3405-04.25SPC,O2O2 D_Sepia Choco EX,"1,125","1,232",확인
2025-04-29,[20] 분리,Q3405-04.25SPC,O2O2 D_Sepia Choco EX,"1,053","1,232",확인
2025-04-30,[80] 누수/규격검사,P3405A-02.50SPC,O2O2 D_Sepia Choco EX,"1,320","1,345",확인
2025-04-30,[55] 접착/ 멸균,P3405A-02.75SPC,O2O2 D_Sepia Choco EX,812,"1,195",확인
2025-04-30,[55] 접착/ 멸균,P3405A-02.75SPC,O2O2 D_Sepia Choco EX,"1,657","1,710",확인
2025-04-30,[55] 접착/ 멸균,P3405A-02.75SPC,O2O2 D_Sepia Choco EX,"1,224","1,290",확인
2025-04-30,[55] 접착/ 멸균,P3405A-02.75SPC,O2O2 D_Sepia Choco EX,"1,675","1,930",확인
2025-04-30,[80] 누수/규격검사,P3405A-02.75SPC,O2O2 D_Sepia Choco EX,"1,881","1,901",확인
2025-04-30,[80] 누수/규격검사,P3405A-02.75SPC,O2O2 D_Sepia Choco EX,"1,630","1,675",확인
2025-04-30,[80] 누수/규격검사,P3405A-02.75SPC,O2O2 D_Sepia Choco EX,"1,197","1,217",확인
2025-04-30,[80] 누수/규격검사,P3405A-02.75SPC,O2O2 D_Sepia Choco EX,"1,257","1,282",확인
2025-04-30,[80] 누수/규격검사,P3405A-02.75SPC,O2O2 D_Sepia Choco EX,"1,467","1,487",확인
2025-04-30,[80] 누수/규격검사,P3405A-02.75SPC,O2O2 D_Sepia Choco EX,"1,567","1,592",확인
2025-04-30,[80] 누수/규격검사,P3405A-02.75SPC,O2O2 D_Sepia Choco EX,"1,637","1,657",확인
2025-04-30,[80] 누수/규격검사,P3405A-02.75SPC,O2O2 D_Sepia Choco EX,"1,776","1,796",확인
2025-04-30,[80] 누수/규격검사,P3405A-02.75SPC,O2O2 D_Sepia Choco EX,792,812,확인
2025-04-30,[80] 누수/규격검사,P3405A-02.75SPC,O2O2 D_Sepia Choco EX,"1,184","1,224",확인
2025-04-30,[80] 누수/규격검사,P3405A-02.75SPC,O2O2 D_Sepia Choco EX,"1,911","1,931",확인
2025-04-30,[45] 하이드레이션/전면검사,P3405A-02.75SPC,O2O2 D_Sepia Choco EX,"1,590","1,602",확인
2025-04-30,[55] 접착/ 멸균,P3405A-02.50SPC,O2O2 D_Sepia Choco EX,"1,345","1,485",확인
2025-04-30,[55] 접착/ 멸균,P3405A-02.75SPC,O2O2 D_Sepia Choco EX,"1,592","1,780",확인
2025-04-30,[55] 접착/ 멸균,P3405A-02.75SPC,O2O2 D_Sepia Choco EX,"1,487","1,590",확인
2025-04-30,[55] 접착/ 멸균,P3405A-02.75SPC,O2O2 D_Sepia Choco EX,"1,133","1,220",확인
2025-04-30,[55] 접착/ 멸균,P3405A-03.25SPC,O2O2 D_Sepia Choco EX,"1,354","1,530",확인
2025-04-30,[55] 접착/ 멸균,P3405A-03.25SPC,O2O2 D_Sepia Choco EX,"1,888","1,945",확인
2025-04-30,[55] 접착/ 멸균,P3405A-02.75SPC,O2O2 D_Sepia Choco EX,"1,901","2,025",확인
2025-04-30,[80] 누수/규격검사,P3405A-03.25SPC,O2O2 D_Sepia Choco EX,"1,474","1,499",확인
2025-04-30,[80] 누수/규격검사,P3405A-03.25SPC,O2O2 D_Sepia Choco EX,"1,334","1,354",확인
2025-04-30,[80] 누수/규격검사,P3405A-03.25SPC,O2O2 D_Sepia Choco EX,"1,491","1,511",확인
2025-04-30,[55] 접착/ 멸균,P3405A-02.75SPC,O2O2 D_Sepia Choco EX,"1,282","1,405",확인
2025-04-30,[55] 접착/ 멸균,P3405A-02.75SPC,O2O2 D_Sepia Choco EX,"1,217","1,250",확인
2025-04-30,[55] 접착/ 멸균,P3405A-02.75SPC,O2O2 D_Sepia Choco EX,"1,931","1,995",확인
2025-04-30,[55] 접착/ 멸균,P3405A-02.75SPC,O2O2 D_Sepia Choco EX,"1,796","1,840",확인
2025-04-30,[45] 하이드레이션/전면검사,P3405A-05.00SPC,O2O2 D_Sepia Choco EX,"1,640","1,648",확인
2025-04-30,[45] 하이드레이션/전면검사,P3405A-05.00SPC,O2O2 D_Sepia Choco EX,"1,200","1,204",확인
2025-04-30,[80] 누수/규격검사,P3405A-05.00SPC,O2O2 D_Sepia Choco EX,"2,085","2,105",확인
2025-04-30,[80] 누수/규격검사,P3405A-03.25SPC,O2O2 D_Sepia Choco EX,"1,347","1,367",확인
2025-04-30,[80] 누수/규격검사,P3405A-03.25SPC,O2O2 D_Sepia Choco EX,"1,833","1,888",확인
2025-04-30,[55] 접착/ 멸균,P3405A-05.00SPC,O2O2 D_Sepia Choco EX,"2,105","2,140",확인
2025-04-30,[55] 접착/ 멸균,P3405A-03.25SPC,O2O2 D_Sepia Choco EX,"1,511","1,605",확인
2025-04-30,[55] 접착/ 멸균,P3405A-03.25SPC,O2O2 D_Sepia Choco EX,"1,367","1,425",확인
2025-04-30,[55] 접착/ 멸균,P3405A-05.00SPC,O2O2 D_Sepia Choco EX,"1,120","1,200",확인
2025-04-30,[55] 접착/ 멸균,P3405A-03.25SPC,O2O2 D_Sepia Choco EX,"1,499","1,555",확인
2025-04-30,[45] 하이드레이션/전면검사,P3405A-05.00SPC,O2O2 D_Sepia Choco EX,"1,510","1,519",확인
2025-04-30,[45] 하이드레이션/전면검사,P3405A-05.00SPC,O2O2 D_Sepia Choco EX,"1,135","1,144",확인
2025-04-30,[45] 하이드레이션/전면검사,P3405A-01.00SPC,O2O2 D_Sepia Choco EX,"1,370","1,370",확인
2025-04-30,[45] 하이드레이션/전면검사,P3405A-04.75SPC,O2O2 D_Sepia Choco EX,"1,455","1,461",확인
2025-04-30,[80] 누수/규격검사,P3405A-01.00SPC,O2O2 D_Sepia Choco EX,"1,460","1,490",확인
2025-04-30,[80] 누수/규격검사,P3405A-01.00SPC,O2O2 D_Sepia Choco EX,"1,190","1,210",확인
2025-04-30,[80] 누수/규격검사,P3405A-01.00SPC,O2O2 D_Sepia Choco EX,"1,290","1,310",확인
2025-04-30,[80] 누수/규격검사,P3405A-01.00SPC,O2O2 D_Sepia Choco EX,"1,058","1,078",확인
2025-04-30,[80] 누수/규격검사,P3405A-01.00SPC,O2O2 D_Sepia Choco EX,"1,459","1,479",확인
2025-04-30,[80] 누수/규격검사,P3405A-05.50SPC,O2O2 D_Sepia Choco EX,"1,492","1,512",확인
2025-04-30,[55] 접착/ 멸균,P3405A-01.00SPC,O2O2 D_Sepia Choco EX,"1,210","1,395",확인
2025-04-30,[45] 하이드레이션/전면검사,P3405A-05.50SPC,O2O2 D_Sepia Choco EX,520,522,확인
2025-04-30,[45] 하이드레이션/전면검사,P3405A-05.50SPC,O2O2 D_Sepia Choco EX,480,483,확인
2025-04-30,[45] 하이드레이션/전면검사,P3405A-05.50SPC,O2O2 D_Sepia Choco EX,610,614,확인
2025-04-30,[45] 하이드레이션/전면검사,P3405A-05.50SPC,O2O2 D_Sepia Choco EX,280,280,확인
2025-04-30,[80] 누수/규격검사,P3405A-05.50SPC,O2O2 D_Sepia Choco EX,197,202,확인
2025-04-30,[80] 누수/규격검사,P3405A-05.50SPC,O2O2 D_Sepia Choco EX,399,404,확인
2025-04-30,[55] 접착/ 멸균,P3405A-05.50SPC,O2O2 D_Sepia Choco EX,608,645,확인
2025-04-30,[55] 접착/ 멸균,P3405A-01.00SPC,O2O2 D_Sepia Choco EX,"1,310","1,350",확인
2025-04-30,[55] 접착/ 멸균,P3405A-01.00SPC,O2O2 D_Sepia Choco EX,"1,479","1,585",확인
2025-04-30,[55] 접착/ 멸균,P3405A-01.00SPC,O2O2 D_Sepia Choco EX,"1,078","1,120",확인
2025-04-30,[55] 접착/ 멸균,P3405A-05.50SPC,O2O2 D_Sepia Choco EX,404,445,확인
2025-04-30,[55] 접착/ 멸균,P3405A-05.50SPC,O2O2 D_Sepia Choco EX,202,210,확인
2025-04-30,[55] 접착/ 멸균,P3405A-01.00SPC,O2O2 D_Sepia Choco EX,"1,490","1,525",확인
2025-04-30,[55] 접착/ 멸균,P3405A-04.75SPC,O2O2 D_Sepia Choco EX,"1,417","1,455",확인
2025-04-30,[55] 접착/ 멸균,P3405A-05.50SPC,O2O2 D_Sepia Choco EX,"1,512","1,550",확인
2025-04-30,[45] 하이드레이션/전면검사,P3405A-03.50SPC,O2O2 D_Sepia Choco EX,"1,730","1,741",확인
2025-04-30,[55] 접착/ 멸균,P3405A-08.00SPC,O2O2 D_Sepia Choco EX,"1,750","1,855",확인
2025-04-30,[55] 접착/ 멸균,P3405A-08.00SPC,O2O2 D_Sepia Choco EX,730,"1,125",확인
2025-04-30,[55] 접착/ 멸균,P3405A-08.00SPC,O2O2 D_Sepia Choco EX,445,485,확인
2025-04-30,[45] 하이드레이션/전면검사,P3405A-06.50SPC,O2O2 D_Sepia Choco EX,"1,760","1,779",확인
2025-04-30,[45] 하이드레이션/전면검사,P3405A-08.00SPC,O2O2 D_Sepia Choco EX,"1,795","1,803",확인
2025-04-30,[45] 하이드레이션/전면검사,P3405A-08.00SPC,O2O2 D_Sepia Choco EX,"1,560","1,567",확인
2025-04-30,[45] 하이드레이션/전면검사,P3405A-07.50SPC,O2O2 D_Sepia Choco EX,"1,265","1,275",확인
2025-04-30,[45] 하이드레이션/전면검사,P3405A-07.50SPC,O2O2 D_Sepia Choco EX,"1,235","1,245",확인
2025-04-30,[45] 하이드레이션/전면검사,P3405A-07.50SPC,O2O2 D_Sepia Choco EX,"1,420","1,428",확인
2025-04-30,[45] 하이드레이션/전면검사,P3405A-07.50SPC,O2O2 D_Sepia Choco EX,"1,515","1,528",확인
2025-04-30,[45] 하이드레이션/전면검사,P3405A-07.50SPC,O2O2 D_Sepia Choco EX,"1,425","1,439",확인
2025-04-30,[80] 누수/규격검사,P3405A-08.00SPC,O2O2 D_Sepia Choco EX,"1,730","1,750",확인
2025-04-30,[80] 누수/규격검사,P3405A-08.00SPC,O2O2 D_Sepia Choco EX,705,730,확인
2025-04-30,[80] 누수/규격검사,P3405A-08.00SPC,O2O2 D_Sepia Choco EX,440,445,확인
2025-04-30,[10] 사출조립,R3405-01.25SPC,O2O2 D_Sepia Choco EX,"1,148","1,148",확인
2025-04-30,[10] 사출조립,R3405-01.25SPC,O2O2 D_Sepia Choco EX,0,"1,148",확인
2025-04-30,[10] 사출조립,R3405-01.25SPC,O2O2 D_Sepia Choco EX,0,"1,148",확인
2025-04-30,[10] 사출조립,R3405-01.25SPC,O2O2 D_Sepia Choco EX,"1,148","1,148",확인
2025-04-30,[10] 사출조립,R3405-01.25SPC,O2O2 D_Sepia Choco EX,"1,148","1,148",확인
2025-04-30,[10] 사출조립,R3405-01.25SPC,O2O2 D_Sepia Choco EX,0,"1,148",확인
2025-04-30,[10] 사출조립,R3405-01.25SPC,O2O2 D_Sepia Choco EX,0,"1,148",확인
2025-04-30,[10] 사출조립,R3405-01.25SPC,O2O2 D_Sepia Choco EX,"1,148","1,148",확인
2025-04-30,[20] 분리,Q3405-02.75SPC,O2O2 D_Sepia Choco EX,969,"1,102",확인
2025-04-30,[45] 하이드레이션/전면검사,P3405A-00.00SPC,O2O2 D_Sepia Choco EX,"1,745","1,762",확인
2025-04-30,[55] 접착/ 멸균,P3405A-00.00SPC,O2O2 D_Sepia Choco EX,"1,772","1,815",확인
2025-04-30,[55] 접착/ 멸균,P3405A-00.00SPC,O2O2 D_Sepia Choco EX,"1,986","2,065",확인
2025-04-30,[55] 접착/ 멸균,P3405A-00.00SPC,O2O2 D_Sepia Choco EX,"1,760","1,805",확인
2025-04-30,[55] 접착/ 멸균,P3405A-00.00SPC,O2O2 D_Sepia Choco EX,"1,300","1,340",확인
2025-04-30,[55] 접착/ 멸균,P3405A-00.00SPC,O2O2 D_Sepia Choco EX,"1,027","1,120",확인
2025-04-30,[55] 접착/ 멸균,P3405A-01.50SPC,O2O2 D_Sepia Choco EX,"1,098","1,170",확인
2025-04-30,[45] 하이드레이션/전면검사,P3405A-00.00SPC,O2O2 D_Sepia Choco EX,"1,630","1,636",확인
2025-04-30,[45] 하이드레이션/전면검사,P3405A-00.00SPC,O2O2 D_Sepia Choco EX,"1,440","1,443",확인
2025-04-30,[45] 하이드레이션/전면검사,P3405A-00.00SPC,O2O2 D_Sepia Choco EX,"1,585","1,590",확인
2025-04-30,[45] 하이드레이션/전면검사,P3405A-00.00SPC,O2O2 D_Sepia Choco EX,"1,410","1,419",확인
2025-04-30,[45] 하이드레이션/전면검사,P3405A-01.50SPC,O2O2 D_Sepia Choco EX,"1,865","1,879",확인
2025-04-30,[45] 하이드레이션/전면검사,P3405A-01.50SPC,O2O2 D_Sepia Choco EX,"1,970","1,988",확인
2025-04-30,[45] 하이드레이션/전면검사,P3405A-01.75SPC,O2O2 D_Sepia Choco EX,"1,875","1,883",확인
2025-04-30,[45] 하이드레이션/전면검사,P3405A-01.75SPC,O2O2 D_Sepia Choco EX,"1,975","1,989",확인
2025-04-30,[45] 하이드레이션/전면검사,P3405A-01.75SPC,O2O2 D_Sepia Choco EX,"2,005","2,013",확인
2025-04-30,[45] 하이드레이션/전면검사,P3405A-01.75SPC,O2O2 D_Sepia Choco EX,"1,555","1,563",확인
2025-04-30,[45] 하이드레이션/전면검사,P3405A-01.75SPC,O2O2 D_Sepia Choco EX,"1,565","1,569",확인
2025-04-30,[45] 하이드레이션/전면검사,P3405A-01.75SPC,O2O2 D_Sepia Choco EX,"1,895","1,899",확인
2025-04-30,[45] 하이드레이션/전면검사,P3405A-01.75SPC,O2O2 D_Sepia Choco EX,"1,960","1,966",확인
2025-04-30,[45] 하이드레이션/전면검사,P3405A-01.75SPC,O2O2 D_Sepia Choco EX,"2,010","2,016",확인
2025-04-30,[80] 누수/규격검사,P3405A-00.00SPC,O2O2 D_Sepia Choco EX,"1,736","1,760",확인
2025-04-30,[80] 누수/규격검사,P3405A-00.00SPC,O2O2 D_Sepia Choco EX,"1,752","1,772",확인
2025-04-30,[80] 누수/규격검사,P3405A-00.00SPC,O2O2 D_Sepia Choco EX,"1,490","1,510",확인
2025-04-30,[80] 누수/규격검사,P3405A-00.00SPC,O2O2 D_Sepia Choco EX,903,923,확인
2025-04-30,[80] 누수/규격검사,P3405A-00.00SPC,O2O2 D_Sepia Choco EX,"1,534","1,559",확인
2025-04-30,[80] 누수/규격검사,P3405A-00.00SPC,O2O2 D_Sepia Choco EX,"1,961","1,986",확인
2025-04-30,[80] 누수/규격검사,P3405A-00.00SPC,O2O2 D_Sepia Choco EX,584,617,확인
2025-04-30,[55] 접착/ 멸균,P3405A-01.50SPC,O2O2 D_Sepia Choco EX,"1,328","1,400",확인
2025-04-30,[80] 누수/규격검사,P3405A-01.50SPC,O2O2 D_Sepia Choco EX,"1,078","1,098",확인
2025-04-30,[80] 누수/규격검사,P3405A-01.50SPC,O2O2 D_Sepia Choco EX,"1,455","1,485",확인
2025-04-30,[80] 누수/규격검사,P3405A-01.50SPC,O2O2 D_Sepia Choco EX,"1,308","1,328",확인
2025-04-30,[80] 누수/규격검사,P3405A-01.50SPC,O2O2 D_Sepia Choco EX,"1,167","1,192",확인
2025-04-30,[80] 누수/규격검사,P3405A-01.50SPC,O2O2 D_Sepia Choco EX,"2,118","2,144",확인
2025-04-30,[80] 누수/규격검사,P3405A-01.75SPC,O2O2 D_Sepia Choco EX,"1,932","1,957",확인
2025-04-30,[80] 누수/규격검사,P3405A-01.75SPC,O2O2 D_Sepia Choco EX,"1,827","1,847",확인
2025-04-30,[80] 누수/규격검사,P3405A-01.75SPC,O2O2 D_Sepia Choco EX,"1,885","1,905",확인
2025-04-30,[45] 하이드레이션/전면검사,P3405A-02.00SPC,O2O2 D_Sepia Choco EX,"1,530","1,546",확인
2025-04-30,[45] 하이드레이션/전면검사,P3405A-02.00SPC,O2O2 D_Sepia Choco EX,"2,020","2,025",확인
2025-04-30,[45] 하이드레이션/전면검사,P3405A-02.00SPC,O2O2 D_Sepia Choco EX,"1,725","1,738",확인
2025-04-30,[45] 하이드레이션/전면검사,P3405A-02.00SPC,O2O2 D_Sepia Choco EX,"1,805","1,809",확인
2025-04-30,[45] 하이드레이션/전면검사,P3405A-02.00SPC,O2O2 D_Sepia Choco EX,370,380,확인
2025-04-30,[45] 하이드레이션/전면검사,P3405A-02.25SPC,O2O2 D_Sepia Choco EX,"1,775","1,785",확인
2025-04-30,[45] 하이드레이션/전면검사,P3405A-02.25SPC,O2O2 D_Sepia Choco EX,"1,465","1,477",확인
2025-04-30,[45] 하이드레이션/전면검사,P3405A-04.25SPC,O2O2 D_Sepia Choco EX,"1,120","1,125",확인
2025-04-30,[45] 하이드레이션/전면검사,P3405A-04.25SPC,O2O2 D_Sepia Choco EX,"1,050","1,053",확인
2025-04-30,[80] 누수/규격검사,P3405A-02.00SPC,O2O2 D_Sepia Choco EX,323,333,확인
2025-04-30,[80] 누수/규격검사,P3405A-02.00SPC,O2O2 D_Sepia Choco EX,866,886,확인
2025-04-30,[80] 누수/규격검사,P3405A-02.00SPC,O2O2 D_Sepia Choco EX,"1,580","1,600",확인
2025-04-30,[80] 누수/규격검사,P3405A-02.00SPC,O2O2 D_Sepia Choco EX,376,381,확인
2025-04-30,[80] 누수/규격검사,P3405A-02.00SPC,O2O2 D_Sepia Choco EX,"1,259","1,279",확인
2025-04-30,[55] 접착/ 멸균,P3405A-02.25SPC,O2O2 D_Sepia Choco EX,372,390,확인
2025-04-30,[80] 누수/규격검사,P3405A-02.25SPC,O2O2 D_Sepia Choco EX,"1,889","1,909",확인
2025-04-30,[80] 누수/규격검사,P3405A-02.25SPC,O2O2 D_Sepia Choco EX,365,370,확인
2025-04-30,[80] 누수/규격검사,P3405A-02.25SPC,O2O2 D_Sepia Choco EX,287,292,확인
2025-04-30,[80] 누수/규격검사,P3405A-02.25SPC,O2O2 D_Sepia Choco EX,"1,588","1,608",확인
2025-04-30,[80] 누수/규격검사,P3405A-02.25SPC,O2O2 D_Sepia Choco EX,"1,724","1,744",확인
2025-04-30,[80] 누수/규격검사,P3405A-02.25SPC,O2O2 D_Sepia Choco EX,332,337,확인
2025-04-30,[80] 누수/규격검사,P3405A-02.25SPC,O2O2 D_Sepia Choco EX,357,372,확인
2025-04-30,[80] 누수/규격검사,P3405A-04.25SPC,O2O2 D_Sepia Choco EX,"1,885","1,909",확인
2025-04-30,[55] 접착/ 멸균,P3405A-04.50SPC,O2O2 D_Sepia Choco EX,"1,315","1,670",확인
2025-04-30,[80] 누수/규격검사,P3405A-04.50SPC,O2O2 D_Sepia Choco EX,"1,703","1,723",확인
2025-04-30,[80] 누수/규격검사,P3405A-04.50SPC,O2O2 D_Sepia Choco EX,"1,922","1,942",확인
2025-04-30,[55] 접착/ 멸균,P3405A-01.50SPC,O2O2 D_Sepia Choco EX,"1,306","1,360",확인
2025-04-30,[55] 접착/ 멸균,P3405A-01.50SPC,O2O2 D_Sepia Choco EX,"1,800","1,850",확인
2025-04-30,[55] 접착/ 멸균,P3405A-01.50SPC,O2O2 D_Sepia Choco EX,"1,364","1,390",확인
2025-04-30,[55] 접착/ 멸균,P3405A-01.50SPC,O2O2 D_Sepia Choco EX,"2,144","2,230",확인
2025-04-30,[55] 접착/ 멸균,P3405A-01.75SPC,O2O2 D_Sepia Choco EX,"1,847","1,895",확인
2025-04-30,[55] 접착/ 멸균,P3405A-01.75SPC,O2O2 D_Sepia Choco EX,"1,905","1,960",확인
2025-04-30,[55] 접착/ 멸균,P3405A-00.00SPC,O2O2 D_Sepia Choco EX,"1,559","1,605",확인
2025-04-30,[55] 접착/ 멸균,P3405A-00.00SPC,O2O2 D_Sepia Choco EX,617,640,확인
2025-04-30,[55] 접착/ 멸균,P3405A-00.00SPC,O2O2 D_Sepia Choco EX,923,980,확인
2025-04-30,[55] 접착/ 멸균,P3405A-00.00SPC,O2O2 D_Sepia Choco EX,"1,510","1,585",확인
2025-04-30,[55] 접착/ 멸균,P3405A-01.50SPC,O2O2 D_Sepia Choco EX,"1,485","1,635",확인
2025-04-30,[55] 접착/ 멸균,P3405A-01.75SPC,O2O2 D_Sepia Choco EX,"1,957","2,010",확인
2025-04-30,[55] 접착/ 멸균,P3405A-02.00SPC,O2O2 D_Sepia Choco EX,333,395,확인
2025-04-30,[55] 접착/ 멸균,P3405A-02.00SPC,O2O2 D_Sepia Choco EX,886,990,확인
2025-04-30,[55] 접착/ 멸균,P3405A-02.00SPC,O2O2 D_Sepia Choco EX,381,415,확인
2025-04-30,[55] 접착/ 멸균,P3405A-02.00SPC,O2O2 D_Sepia Choco EX,"1,279","1,325",확인
2025-04-30,[55] 접착/ 멸균,P3405A-02.25SPC,O2O2 D_Sepia Choco EX,"1,608","1,710",확인
2025-04-30,[55] 접착/ 멸균,P3405A-02.25SPC,O2O2 D_Sepia Choco EX,337,370,확인
2025-04-30,[45] 하이드레이션/전면검사,P3405A-04.25SPC,O2O2 D_Sepia Choco EX,885,888,확인
2025-04-30,[55] 접착/ 멸균,P3405A-01.50SPC,O2O2 D_Sepia Choco EX,"1,192","1,285",확인
2025-04-30,[55] 접착/ 멸균,P3405A-02.00SPC,O2O2 D_Sepia Choco EX,"1,600","1,640",확인
2025-04-30,[55] 접착/ 멸균,P3405A-02.25SPC,O2O2 D_Sepia Choco EX,"1,909","2,045",확인
2025-04-30,[55] 접착/ 멸균,P3405A-02.25SPC,O2O2 D_Sepia Choco EX,"1,744","1,945",확인
2025-04-30,[55] 접착/ 멸균,P3405A-02.25SPC,O2O2 D_Sepia Choco EX,292,355,확인
2025-04-30,[55] 접착/ 멸균,P3405A-04.25SPC,O2O2 D_Sepia Choco EX,"1,909","1,975",확인
2025-04-30,[55] 접착/ 멸균,P3405A-04.50SPC,O2O2 D_Sepia Choco EX,"1,723","1,995",확인
2025-04-30,[55] 접착/ 멸균,P3405A-04.50SPC,O2O2 D_Sepia Choco EX,"1,158","1,180",확인
2025-04-30,[55] 접착/ 멸균,P3405A-04.50SPC,O2O2 D_Sepia Choco EX,"1,197","1,230",확인
2025-04-30,[55] 접착/ 멸균,P3405A-04.50SPC,O2O2 D_Sepia Choco EX,"1,942","2,035",확인
2025-04-30,[55] 접착/ 멸균,P3405A-04.50SPC,O2O2 D_Sepia Choco EX,"1,880","1,965",확인
2025-04-30,[55] 접착/ 멸균,P3405A-04.50SPC,O2O2 D_Sepia Choco EX,"1,040","1,505",확인
2025-04-30,[55] 접착/ 멸균,P3405A-04.50SPC,O2O2 D_Sepia Choco EX,"1,312","1,585",확인
2025-04-30,[80] 누수/규격검사,P3405A-04.50SPC,O2O2 D_Sepia Choco EX,"1,850","1,880",확인
2025-04-30,[80] 누수/규격검사,P3405A-04.50SPC,O2O2 D_Sepia Choco EX,"1,020","1,040",확인
2025-04-30,[80] 누수/규격검사,P3405A-04.50SPC,O2O2 D_Sepia Choco EX,"1,295","1,315",확인
2025-04-30,[80] 누수/규격검사,P3405A-04.50SPC,O2O2 D_Sepia Choco EX,"1,177","1,197",확인
2025-04-30,[80] 누수/규격검사,P3405A-04.50SPC,O2O2 D_Sepia Choco EX,"1,292","1,312",확인
2025-04-30,[80] 누수/규격검사,P3405A-04.50SPC,O2O2 D_Sepia Choco EX,"1,138","1,158",확인
2025-04-30,[45] 하이드레이션/전면검사,P3405A-04.50SPC,O2O2 D_Sepia Choco EX,"1,010","1,012",확인
2025-04-30,[45] 하이드레이션/전면검사,P3405A-04.50SPC,O2O2 D_Sepia Choco EX,"1,695","1,707",확인
2025-04-30,[20] 분리,Q3405-02.75SPC,O2O2 D_Sepia Choco EX,0,"1,102",확인
2025-04-30,[55] 접착/ 멸균,P3405A-02.25SPC,O2O2 D_Sepia Choco EX,370,390,확인
2025-04-30,[55] 접착/ 멸균,P3405A-03.00SPC,O2O2 D_Sepia Choco EX,"1,844","1,955",확인
2025-04-30,[55] 접착/ 멸균,P3405A-03.75SPC,O2O2 D_Sepia Choco EX,"1,538","1,565",확인
2025-04-30,[55] 접착/ 멸균,P3405A-04.00SPC,O2O2 D_Sepia Choco EX,"1,833","1,890",확인
2025-04-30,[55] 접착/ 멸균,P3405A-04.00SPC,O2O2 D_Sepia Choco EX,0,"2,030",확인
2025-04-30,[55] 접착/ 멸균,P3405A-04.00SPC,O2O2 D_Sepia Choco EX,"1,311","1,400",확인
2025-04-30,[55] 접착/ 멸균,P3405A-04.00SPC,O2O2 D_Sepia Choco EX,"1,143","1,180",확인
2025-04-30,[80] 누수/규격검사,P3405A-03.00SPC,O2O2 D_Sepia Choco EX,"1,819","1,844",확인
2025-04-30,[80] 누수/규격검사,P3405A-03.00SPC,O2O2 D_Sepia Choco EX,"1,795","1,815",확인
2025-04-30,[55] 접착/ 멸균,P3405A-03.75SPC,O2O2 D_Sepia Choco EX,"1,497","1,545",확인
2025-04-30,[80] 누수/규격검사,P3405A-03.75SPC,O2O2 D_Sepia Choco EX,"1,518","1,538",확인
2025-04-30,[80] 누수/규격검사,P3405A-03.75SPC,O2O2 D_Sepia Choco EX,"1,144","1,164",확인
2025-04-30,[80] 누수/규격검사,P3405A-04.00SPC,O2O2 D_Sepia Choco EX,"1,123","1,143",확인
2025-04-30,[80] 누수/규격검사,P3405A-04.00SPC,O2O2 D_Sepia Choco EX,"1,674","1,694",확인
2025-04-30,[80] 누수/규격검사,P3405A-04.00SPC,O2O2 D_Sepia Choco EX,"1,873","1,893",확인
2025-04-30,[80] 누수/규격검사,P3405A-04.00SPC,O2O2 D_Sepia Choco EX,668,688,확인
2025-04-30,[80] 누수/규격검사,P3405A-04.00SPC,O2O2 D_Sepia Choco EX,"1,813","1,833",확인
2025-04-30,[45] 하이드레이션/전면검사,P3405A-03.75SPC,O2O2 D_Sepia Choco EX,"1,525","1,536",확인
2025-04-30,[20] 분리,Q3405-01.25SPC,O2O2 D_Sepia Choco EX,"2,072","2,331",확인
2025-04-30,[20] 분리,Q3405-01.25SPC,O2O2 D_Sepia Choco EX,"1,050","2,331",확인
2025-04-30,[20] 분리,Q3405-01.50SPC,O2O2 D_Sepia Choco EX,"1,970","2,331",확인
2025-04-30,[20] 분리,Q3405-03.50SPC,O2O2 D_Sepia Choco EX,970,"1,102",확인
2025-04-30,[55] 접착/ 멸균,P3405A-03.75SPC,O2O2 D_Sepia Choco EX,"1,164","1,200",확인
2025-04-30,[55] 접착/ 멸균,P3405A-03.75SPC,O2O2 D_Sepia Choco EX,"1,596","1,780",확인
2025-04-30,[55] 접착/ 멸균,P3405A-04.00SPC,O2O2 D_Sepia Choco EX,"1,893","1,980",확인
2025-04-30,[55] 접착/ 멸균,P3405A-04.00SPC,O2O2 D_Sepia Choco EX,"1,694","1,900",확인
2025-04-30,[55] 접착/ 멸균,P3405A-04.00SPC,O2O2 D_Sepia Choco EX,688,730,확인
2025-04-30,[20] 분리,Q3405-01.25SPC,O2O2 D_Sepia Choco EX,"1,196","2,331",확인
2025-04-30,[20] 분리,Q3405-01.25SPC,O2O2 D_Sepia Choco EX,"1,825","2,331",확인
2025-04-30,[20] 분리,Q3405-01.25SPC,O2O2 D_Sepia Choco EX,"1,892","2,331",확인
2025-04-30,[45] 하이드레이션/전면검사,P3405A-04.00SPC,O2O2 D_Sepia Choco EX,"1,750","1,768",확인
2025-04-30,[45] 하이드레이션/전면검사,P3405A-04.00SPC,O2O2 D_Sepia Choco EX,730,739,확인
2025-04-30,[45] 하이드레이션/전면검사,P3405A-04.00SPC,O2O2 D_Sepia Choco EX,"1,855","1,860",확인
2025-04-30,[20] 분리,Q3405-03.00SPC,O2O2 D_Sepia Choco EX,952,"1,102",확인
2025-04-30,[20] 분리,Q3405-03.00SPC,O2O2 D_Sepia Choco EX,928,"1,102",확인
2025-05-01,[10] 사출조립,R3405-02.00SPC,O2O2 D_Sepia Choco EX,"1,153","1,153",확인
2025-05-01,[10] 사출조립,R3405-02.00SPC,O2O2 D_Sepia Choco EX,"1,153","1,153",확인
2025-05-01,[55] 접착/ 멸균,P3405A-05.50SPC,O2O2 D_Sepia Choco EX,"1,285","1,315",확인
2025-05-01,[80] 누수/규격검사,P3405A-04.75SPC,O2O2 D_Sepia Choco EX,"1,397","1,417",확인
2025-05-01,[80] 누수/규격검사,P3405A-05.50SPC,O2O2 D_Sepia Choco EX,586,608,확인
2025-05-01,[55] 접착/ 멸균,P3405A-08.00SPC,O2O2 D_Sepia Choco EX,"1,977","2,030",확인
2025-05-01,[10] 사출조립,R3405-01.75SPC,O2O2 D_Sepia Choco EX,"1,153","1,153",확인
2025-05-01,[10] 사출조립,R3405-01.75SPC,O2O2 D_Sepia Choco EX,"1,153","1,153",확인
2025-05-01,[10] 사출조립,R3405-01.75SPC,O2O2 D_Sepia Choco EX,0,"2,369",확인
2025-05-01,[10] 사출조립,R3405-01.75SPC,O2O2 D_Sepia Choco EX,"1,153","1,153",확인
2025-05-01,[10] 사출조립,R3405-01.75SPC,O2O2 D_Sepia Choco EX,"1,153","1,153",확인
2025-05-01,[10] 사출조립,R3405-01.75SPC,O2O2 D_Sepia Choco EX,"1,153","1,153",확인
2025-05-01,[10] 사출조립,R3405-01.75SPC,O2O2 D_Sepia Choco EX,"2,369","2,369",확인
2025-05-01,[10] 사출조립,R3405-01.75SPC,O2O2 D_Sepia Choco EX,0,"2,369",확인
2025-05-01,[10] 사출조립,R3405-01.75SPC,O2O2 D_Sepia Choco EX,0,"2,369",확인
2025-05-01,[45] 하이드레이션/전면검사,P3405A-03.50SPC,O2O2 D_Sepia Choco EX,"2,010","2,024",확인
2025-05-01,[10] 사출조립,R3405-01.50SPC,O2O2 D_Sepia Choco EX,0,"2,245",확인
2025-05-01,[20] 분리,Q3405-01.25SPC,O2O2 D_Sepia Choco EX,"1,040","1,148",확인
2025-05-01,[20] 분리,Q3405-01.25SPC,O2O2 D_Sepia Choco EX,971,"1,148",확인
2025-05-01,[20] 분리,Q3405-01.25SPC,O2O2 D_Sepia Choco EX,"1,929","2,245",확인
2025-05-01,[20] 분리,Q3405-01.25SPC,O2O2 D_Sepia Choco EX,998,"1,148",확인
2025-05-01,[20] 분리,Q3405-01.25SPC,O2O2 D_Sepia Choco EX,"1,004","1,148",확인
2025-05-01,[20] 분리,Q3405-01.25SPC,O2O2 D_Sepia Choco EX,"1,734","2,245",확인
2025-05-01,[20] 분리,Q3405-01.25SPC,O2O2 D_Sepia Choco EX,"1,986","2,245",확인
2025-05-01,[20] 분리,Q3405-01.50SPC,O2O2 D_Sepia Choco EX,"1,973","2,245",확인
2025-05-01,[20] 분리,Q3405-01.00SPC,O2O2 D_Sepia Choco EX,"1,395","2,331",확인
2025-05-01,[20] 분리,Q3405-01.25SPC,O2O2 D_Sepia Choco EX,"1,824","2,245",확인
2025-05-01,[20] 분리,Q3405-01.25SPC,O2O2 D_Sepia Choco EX,"1,878","2,245",확인
2025-05-01,[10] 사출조립,R3405-01.50SPC,O2O2 D_Sepia Choco EX,"2,245","2,245",확인
2025-05-01,[10] 사출조립,R3405-01.50SPC,O2O2 D_Sepia Choco EX,0,"1,153",확인
2025-05-01,[55] 접착/ 멸균,P3405A-00.00SPC,O2O2 D_Sepia Choco EX,"1,391","1,475",확인
2025-05-01,[80] 누수/규격검사,P3405A-00.00SPC,O2O2 D_Sepia Choco EX,"1,502","1,542",확인
2025-05-01,[80] 누수/규격검사,P3405A-00.00SPC,O2O2 D_Sepia Choco EX,"1,364","1,391",확인
2025-05-01,[80] 누수/규격검사,P3405A-00.00SPC,O2O2 D_Sepia Choco EX,853,873,확인
2025-05-01,[80] 누수/규격검사,P3405A-00.00SPC,O2O2 D_Sepia Choco EX,"1,007","1,027",확인
2025-05-01,[80] 누수/규격검사,P3405A-00.00SPC,O2O2 D_Sepia Choco EX,"1,280","1,300",확인
2025-05-01,[10] 사출조립,R3405-01.25SPC,O2O2 D_Sepia Choco EX,"2,245","2,245",확인
2025-05-01,[10] 사출조립,R3405-01.25SPC,O2O2 D_Sepia Choco EX,"2,369","2,369",확인
2025-05-01,[10] 사출조립,R3405-01.25SPC,O2O2 D_Sepia Choco EX,"2,369","2,369",확인
2025-05-01,[10] 사출조립,R3405-01.25SPC,O2O2 D_Sepia Choco EX,"2,369","2,369",확인
2025-05-01,[10] 사출조립,R3405-01.25SPC,O2O2 D_Sepia Choco EX,"2,245","2,245",확인
2025-05-01,[10] 사출조립,R3405-01.25SPC,O2O2 D_Sepia Choco EX,"2,245","2,245",확인
2025-05-01,[10] 사출조립,R3405-01.25SPC,O2O2 D_Sepia Choco EX,"2,245","2,245",확인
2025-05-01,[10] 사출조립,R3405-01.25SPC,O2O2 D_Sepia Choco EX,"2,245","2,245",확인
2025-05-01,[10] 사출조립,R3405-01.25SPC,O2O2 D_Sepia Choco EX,"2,245","2,245",확인
2025-05-01,[10] 사출조립,R3405-01.25SPC,O2O2 D_Sepia Choco EX,"2,369","2,369",확인
2025-05-01,[80] 누수/규격검사,P3405A-01.50SPC,O2O2 D_Sepia Choco EX,"1,780","1,800",확인
2025-05-01,[80] 누수/규격검사,P3405A-01.50SPC,O2O2 D_Sepia Choco EX,"1,344","1,364",확인
2025-05-01,[80] 누수/규격검사,P3405A-01.50SPC,O2O2 D_Sepia Choco EX,"1,286","1,306",확인
2025-05-01,[45] 하이드레이션/전면검사,P3405A-01.75SPC,O2O2 D_Sepia Choco EX,"1,960","1,967",확인
2025-05-01,[80] 누수/규격검사,P3405A-01.75SPC,O2O2 D_Sepia Choco EX,"1,892","1,912",확인
2025-05-01,[80] 누수/규격검사,P3405A-01.75SPC,O2O2 D_Sepia Choco EX,"1,461","1,481",확인
2025-05-01,[80] 누수/규격검사,P3405A-01.75SPC,O2O2 D_Sepia Choco EX,"1,894","1,914",확인
2025-05-01,[55] 접착/ 멸균,P3405A-01.75SPC,O2O2 D_Sepia Choco EX,"1,912","1,980",확인
2025-05-01,[80] 누수/규격검사,P3405A-02.00SPC,O2O2 D_Sepia Choco EX,311,316,확인
2025-05-01,[80] 누수/규격검사,P3405A-02.25SPC,O2O2 D_Sepia Choco EX,"1,695","1,719",확인
2025-05-01,[80] 누수/규격검사,P3405A-04.25SPC,O2O2 D_Sepia Choco EX,"1,809","1,829",확인
2025-05-01,[80] 누수/규격검사,P3405A-04.25SPC,O2O2 D_Sepia Choco EX,"1,031","1,081",확인
2025-05-01,[55] 접착/ 멸균,P3405A-01.75SPC,O2O2 D_Sepia Choco EX,"1,914","1,960",확인
2025-05-01,[55] 접착/ 멸균,P3405A-01.75SPC,O2O2 D_Sepia Choco EX,"1,481","1,565",확인
2025-05-01,[55] 접착/ 멸균,P3405A-02.00SPC,O2O2 D_Sepia Choco EX,316,370,확인
2025-05-01,[55] 접착/ 멸균,P3405A-02.25SPC,O2O2 D_Sepia Choco EX,"1,719","1,775",확인
2025-05-01,[55] 접착/ 멸균,P3405A-04.25SPC,O2O2 D_Sepia Choco EX,"1,829","1,925",확인
2025-05-01,[55] 접착/ 멸균,P3405A-00.00SPC,O2O2 D_Sepia Choco EX,"1,542","1,615",확인
2025-05-01,[55] 접착/ 멸균,P3405A-00.00SPC,O2O2 D_Sepia Choco EX,873,920,확인
2025-05-01,[55] 접착/ 멸균,P3405A-01.50SPC,O2O2 D_Sepia Choco EX,"1,738","1,865",확인
2025-05-01,[55] 접착/ 멸균,P3405A-01.50SPC,O2O2 D_Sepia Choco EX,"1,884","1,970",확인
2025-05-01,[45] 하이드레이션/전면검사,P3405A-01.75SPC,O2O2 D_Sepia Choco EX,"1,980","1,990",확인
2025-05-01,[55] 접착/ 멸균,P3405A-04.50SPC,O2O2 D_Sepia Choco EX,"1,592","1,695",확인
2025-05-01,[80] 누수/규격검사,P3405A-04.50SPC,O2O2 D_Sepia Choco EX,"1,563","1,592",확인
2025-05-01,[55] 접착/ 멸균,P3405A-04.25SPC,O2O2 D_Sepia Choco EX,"1,081","1,120",확인
2025-05-01,[55] 접착/ 멸균,P3405A-06.00SPC,O2O2 D_Sepia Choco EX,"2,007","2,080",확인
2025-05-01,[80] 누수/규격검사,P3405A-05.00SPC,O2O2 D_Sepia Choco EX,"1,100","1,120",확인
2025-05-01,[80] 누수/규격검사,P3405A-05.00SPC,O2O2 D_Sepia Choco EX,"1,539","1,559",확인
2025-05-01,[55] 접착/ 멸균,P3405A-05.00SPC,O2O2 D_Sepia Choco EX,"1,559","1,640",확인
2025-05-01,[55] 접착/ 멸균,P3405A-05.00SPC,O2O2 D_Sepia Choco EX,"1,073","1,135",확인
2025-05-01,[80] 누수/규격검사,P3405A-02.75SPC,O2O2 D_Sepia Choco EX,"1,112","1,133",확인
2025-05-01,[80] 누수/규격검사,P3405A-02.75SPC,O2O2 D_Sepia Choco EX,703,723,확인
2025-05-01,[55] 접착/ 멸균,P3405A-02.75SPC,O2O2 D_Sepia Choco EX,723,760,확인
2025-05-01,[80] 누수/규격검사,P3405A-03.75SPC,O2O2 D_Sepia Choco EX,"1,576","1,596",확인
2025-05-01,[80] 누수/규격검사,P3405A-03.75SPC,O2O2 D_Sepia Choco EX,"1,471","1,497",확인
2025-05-01,[80] 누수/규격검사,P3405A-03.75SPC,O2O2 D_Sepia Choco EX,"1,433","1,463",확인
2025-05-01,[80] 누수/규격검사,P3405A-04.00SPC,O2O2 D_Sepia Choco EX,"1,291","1,311",확인
2025-05-01,[45] 하이드레이션/전면검사,P3405A-03.75SPC,O2O2 D_Sepia Choco EX,"1,515","1,521",확인
2025-05-01,[55] 접착/ 멸균,P3405A-03.75SPC,O2O2 D_Sepia Choco EX,"1,463","1,515",확인
2025-05-01,[55] 접착/ 멸균,P3408A-00.00BRW,O2O2 D_Blending Hazel EX,495,775,확인
2025-05-01,[55] 접착/ 멸균,P3405A-07.50SPC,O2O2 D_Sepia Choco EX,"1,203","1,265",확인
2025-05-01,[80] 누수/규격검사,P3405A-07.50SPC,O2O2 D_Sepia Choco EX,"1,183","1,203",확인
2025-05-02,[10] 사출조립,R3405-02.00SPC,O2O2 D_Sepia Choco EX,0,"1,246",확인
2025-05-02,[10] 사출조립,R3405-02.00SPC,O2O2 D_Sepia Choco EX,"1,246","1,246",확인
2025-05-02,[80] 누수/규격검사,P3405A-08.00SPC,O2O2 D_Sepia Choco EX,"1,957","1,977",확인
2025-05-02,[10] 사출조립,R3405-01.75SPC,O2O2 D_Sepia Choco EX,"1,246","1,246",확인
2025-05-02,[10] 사출조립,R3405-01.75SPC,O2O2 D_Sepia Choco EX,"1,169","1,169",확인
2025-05-02,[10] 사출조립,R3405-01.75SPC,O2O2 D_Sepia Choco EX,"1,169","1,169",확인
2025-05-02,[10] 사출조립,R3405-01.75SPC,O2O2 D_Sepia Choco EX,"1,246","1,246",확인
2025-05-02,[10] 사출조립,R3405-01.75SPC,O2O2 D_Sepia Choco EX,"1,246","1,246",확인
2025-05-02,[10] 사출조립,R3405-01.75SPC,O2O2 D_Sepia Choco EX,"1,246","1,246",확인
2025-05-02,[10] 사출조립,R3405-01.75SPC,O2O2 D_Sepia Choco EX,"1,246","1,246",확인
2025-05-02,[10] 사출조립,R3405-01.75SPC,O2O2 D_Sepia Choco EX,"1,169","1,169",확인
2025-05-02,[10] 사출조립,R3405-01.75SPC,O2O2 D_Sepia Choco EX,"1,169","1,169",확인
2025-05-02,[10] 사출조립,R3405-01.75SPC,O2O2 D_Sepia Choco EX,"1,169","1,169",확인
2025-05-02,[10] 사출조립,R3405-01.75SPC,O2O2 D_Sepia Choco EX,"1,169","1,169",확인
2025-05-02,[10] 사출조립,R3405-01.75SPC,O2O2 D_Sepia Choco EX,0,"1,169",확인
2025-05-02,[10] 사출조립,R3405-02.25SPC,O2O2 D_Sepia Choco EX,"1,147","1,147",확인
2025-05-02,[10] 사출조립,R3405-01.50SPC,O2O2 D_Sepia Choco EX,0,"1,169",확인
2025-05-02,[10] 사출조립,R3405-01.50SPC,O2O2 D_Sepia Choco EX,0,"1,246",확인
2025-05-02,[20] 분리,Q3405-01.25SPC,O2O2 D_Sepia Choco EX,"1,824","2,245",확인
2025-05-02,[20] 분리,Q3405-01.25SPC,O2O2 D_Sepia Choco EX,"2,034","2,369",확인
2025-05-02,[20] 분리,Q3405-01.75SPC,O2O2 D_Sepia Choco EX,954,"1,153",확인
2025-05-02,[10] 사출조립,R3405-01.50SPC,O2O2 D_Sepia Choco EX,"2,399","2,399",확인
2025-05-02,[10] 사출조립,R3405-02.50SPC,O2O2 D_Sepia Choco EX,"1,147","1,147",확인
2025-05-02,[10] 사출조립,R3405-02.50SPC,O2O2 D_Sepia Choco EX,"1,147","1,147",확인
2025-05-02,[10] 사출조립,R3405-02.50SPC,O2O2 D_Sepia Choco EX,"1,147","1,147",확인
2025-05-02,[10] 사출조립,R3405-02.50SPC,O2O2 D_Sepia Choco EX,"1,147","1,147",확인
2025-05-02,[10] 사출조립,R3405-02.50SPC,O2O2 D_Sepia Choco EX,0,"1,042",확인
2025-05-02,[10] 사출조립,R3405-02.50SPC,O2O2 D_Sepia Choco EX,0,"1,042",확인
2025-05-02,[10] 사출조립,R3405-02.50SPC,O2O2 D_Sepia Choco EX,0,"1,042",확인
2025-05-02,[10] 사출조립,R3405-02.50SPC,O2O2 D_Sepia Choco EX,"1,042","1,042",확인
2025-05-02,[10] 사출조립,R3405-02.50SPC,O2O2 D_Sepia Choco EX,"1,147","1,147",확인
2025-05-02,[10] 사출조립,R3405-02.50SPC,O2O2 D_Sepia Choco EX,"1,147","1,147",확인
2025-05-02,[10] 사출조립,R3405-02.50SPC,O2O2 D_Sepia Choco EX,"1,147","1,147",확인
2025-05-02,[10] 사출조립,R3405-02.50SPC,O2O2 D_Sepia Choco EX,"1,042","1,042",확인
2025-05-02,[10] 사출조립,R3405-02.50SPC,O2O2 D_Sepia Choco EX,"1,042","1,042",확인
2025-05-02,[10] 사출조립,R3405-02.50SPC,O2O2 D_Sepia Choco EX,0,"1,042",확인
2025-05-02,[10] 사출조립,R3405-02.75SPC,O2O2 D_Sepia Choco EX,0,"1,042",확인
2025-05-02,[80] 누수/규격검사,P3405A-00.00SPC,O2O2 D_Sepia Choco EX,"1,566","1,586",확인
2025-05-02,[80] 누수/규격검사,P3405A-00.00SPC,O2O2 D_Sepia Choco EX,"1,370","1,390",확인
2025-05-02,[80] 누수/규격검사,P3405A-00.00SPC,O2O2 D_Sepia Choco EX,"1,317","1,337",확인
2025-05-02,[10] 사출조립,R3405-01.25SPC,O2O2 D_Sepia Choco EX,"2,399","2,399",확인
2025-05-02,[10] 사출조립,R3405-01.25SPC,O2O2 D_Sepia Choco EX,"2,399","2,399",확인
2025-05-02,[10] 사출조립,R3405-01.25SPC,O2O2 D_Sepia Choco EX,"2,399","2,399",확인
2025-05-02,[10] 사출조립,R3405-01.25SPC,O2O2 D_Sepia Choco EX,"2,399","2,399",확인
2025-05-02,[10] 사출조립,R3405-01.25SPC,O2O2 D_Sepia Choco EX,"2,399","2,399",확인
2025-05-02,[10] 사출조립,R3405-01.25SPC,O2O2 D_Sepia Choco EX,"2,399","2,399",확인
2025-05-02,[10] 사출조립,R3405-01.25SPC,O2O2 D_Sepia Choco EX,"2,399","2,399",확인
2025-05-02,[80] 누수/규격검사,P3405A-01.50SPC,O2O2 D_Sepia Choco EX,"1,718","1,738",확인
2025-05-02,[80] 누수/규격검사,P3405A-01.50SPC,O2O2 D_Sepia Choco EX,"1,864","1,884",확인
2025-05-02,[80] 누수/규격검사,P3405A-02.00SPC,O2O2 D_Sepia Choco EX,"1,707","1,727",확인
2025-05-02,[55] 접착/ 멸균,P3405A-00.00SPC,O2O2 D_Sepia Choco EX,"1,390","1,440",확인
2025-05-02,[55] 접착/ 멸균,P3405A-00.00SPC,O2O2 D_Sepia Choco EX,"1,337","1,410",확인
2025-05-02,[80] 누수/규격검사,P3405A-02.25SPC,O2O2 D_Sepia Choco EX,"1,329","1,359",확인
2025-05-02,[80] 누수/규격검사,P3405A-04.25SPC,O2O2 D_Sepia Choco EX,843,863,확인
2025-05-02,[55] 접착/ 멸균,P3405A-00.00SPC,O2O2 D_Sepia Choco EX,"1,586","1,630",확인
2025-05-02,[80] 누수/규격검사,P3405A-06.00SPC,O2O2 D_Sepia Choco EX,"1,972","2,007",확인
2025-05-02,[55] 접착/ 멸균,P3405A-02.00SPC,O2O2 D_Sepia Choco EX,"1,727","1,805",확인
2025-05-02,[55] 접착/ 멸균,P3405A-02.25SPC,O2O2 D_Sepia Choco EX,"1,359","1,465",확인
2025-05-02,[55] 접착/ 멸균,P3405A-04.25SPC,O2O2 D_Sepia Choco EX,863,885,확인
2025-05-02,[80] 누수/규격검사,P3405A-05.00SPC,O2O2 D_Sepia Choco EX,"1,053","1,073",확인
2025-05-03,[20] 분리,Q3405-01.25SPC,O2O2 D_Sepia Choco EX,"2,179","2,399",확인
2025-05-03,[20] 분리,Q3405-01.25SPC,O2O2 D_Sepia Choco EX,"2,062","2,399",확인
2025-05-03,[20] 분리,Q3405-01.25SPC,O2O2 D_Sepia Choco EX,"2,130","2,399",확인
2025-05-03,[20] 분리,Q3405-01.25SPC,O2O2 D_Sepia Choco EX,"2,066","2,399",확인
2025-05-03,[20] 분리,Q3405-01.75SPC,O2O2 D_Sepia Choco EX,"1,043","1,153",확인
2025-05-03,[20] 분리,Q3405-01.75SPC,O2O2 D_Sepia Choco EX,"1,870","2,369",확인
2025-05-03,[20] 분리,Q3405-05.50SPC,O2O2 D_Sepia Choco EX,528,699,확인
2025-05-03,[45] 하이드레이션/전면검사,P3405A-01.50SPC,O2O2 D_Sepia Choco EX,"1,960","1,970",확인
2025-05-03,[80] 누수/규격검사,P3405A-01.75SPC,O2O2 D_Sepia Choco EX,"1,879","1,899",확인
2025-05-03,[55] 접착/ 멸균,P3405A-01.75SPC,O2O2 D_Sepia Choco EX,"1,899","1,975",확인
2025-05-03,[45] 하이드레이션/전면검사,P3409A-03.00PIN,O2O2 D_Blending Rose EX,"1,035","1,045",확인
2025-05-03,[20] 분리,Q3405-02.50SPC,O2O2 D_Sepia Choco EX,937,"1,042",확인
2025-05-03,[45] 하이드레이션/전면검사,P3406A-02.75ASB,O2O2 D_Ash Brown EX,"1,540","1,542",확인
2025-05-03,[45] 하이드레이션/전면검사,P3406A-02.75ASB,O2O2 D_Ash Brown EX,"1,835","1,835",확인
2025-05-03,[45] 하이드레이션/전면검사,P3406A-02.75ASB,O2O2 D_Ash Brown EX,"1,690","1,693",확인
2025-05-03,[45] 하이드레이션/전면검사,P3406A-02.75ASB,O2O2 D_Ash Brown EX,"1,285","1,286",확인
2025-05-03,[45] 하이드레이션/전면검사,P3406A-02.75ASB,O2O2 D_Ash Brown EX,"1,790","1,799",확인
2025-05-03,[45] 하이드레이션/전면검사,P3406A-02.75ASB,O2O2 D_Ash Brown EX,"1,740","1,741",확인
2025-05-03,[45] 하이드레이션/전면검사,P3406A-02.75ASB,O2O2 D_Ash Brown EX,"1,880","1,884",확인
2025-05-03,[45] 하이드레이션/전면검사,P3409A-00.00PIN,O2O2 D_Blending Rose EX,"2,125","2,130",확인
2025-05-03,[45] 하이드레이션/전면검사,P3409A-00.00PIN,O2O2 D_Blending Rose EX,"2,155","2,164",확인
2025-05-04,[55] 접착/ 멸균,P3405A-01.00SPC,O2O2 D_Sepia Choco EX,"1,316","1,370",확인
2025-05-04,[55] 접착/ 멸균,P3405A-05.50SPC,O2O2 D_Sepia Choco EX,573,610,확인
2025-05-04,[55] 접착/ 멸균,P3405A-05.50SPC,O2O2 D_Sepia Choco EX,263,280,확인
2025-05-04,[55] 접착/ 멸균,P3405A-05.50SPC,O2O2 D_Sepia Choco EX,436,480,확인
2025-05-04,[45] 하이드레이션/전면검사,P3407A-01.50ASG,O2O2 D_Ash Gray EX,"1,610","1,624",확인
2025-05-04,[45] 하이드레이션/전면검사,P3407A-01.50ASG,O2O2 D_Ash Gray EX,"2,115","2,131",확인
2025-05-04,[55] 접착/ 멸균,P3405A-05.50SPC,O2O2 D_Sepia Choco EX,496,520,확인
2025-05-04,[55] 접착/ 멸균,P3405A-08.00SPC,O2O2 D_Sepia Choco EX,"1,732","1,795",확인
2025-05-04,[80] 누수/규격검사,P3405A-01.00SPC,O2O2 D_Sepia Choco EX,"1,286","1,316",확인
2025-05-04,[80] 누수/규격검사,P3405A-05.50SPC,O2O2 D_Sepia Choco EX,476,496,확인
2025-05-04,[80] 누수/규격검사,P3405A-05.50SPC,O2O2 D_Sepia Choco EX,553,573,확인
2025-05-04,[80] 누수/규격검사,P3405A-05.50SPC,O2O2 D_Sepia Choco EX,258,263,확인
2025-05-04,[80] 누수/규격검사,P3405A-05.50SPC,O2O2 D_Sepia Choco EX,431,436,확인
2025-05-04,[45] 하이드레이션/전면검사,P3407A-01.75ASG,O2O2 D_Ash Gray EX,"1,415","1,421",확인
2025-05-04,[80] 누수/규격검사,P3405A-08.00SPC,O2O2 D_Sepia Choco EX,"1,712","1,732",확인
2025-05-04,[80] 누수/규격검사,P3407A-01.75ASG,O2O2 D_Ash Gray EX,"1,285","1,320",확인
2025-05-04,[55] 접착/ 멸균,P3407A-01.75ASG,O2O2 D_Ash Gray EX,"1,320","1,415",확인
2025-05-04,[20] 분리,Q3405-01.25SPC,O2O2 D_Sepia Choco EX,"1,757","2,369",확인
2025-05-04,[20] 분리,Q3405-01.25SPC,O2O2 D_Sepia Choco EX,"2,081","2,399",확인
2025-05-04,[20] 분리,Q3405-01.50SPC,O2O2 D_Sepia Choco EX,"1,889","2,399",확인
2025-05-04,[20] 분리,Q3405-01.75SPC,O2O2 D_Sepia Choco EX,"1,120","1,246",확인
2025-05-04,[20] 분리,Q3405-01.75SPC,O2O2 D_Sepia Choco EX,"1,009","1,169",확인
2025-05-04,[20] 분리,Q3405-01.75SPC,O2O2 D_Sepia Choco EX,"1,072","1,246",확인
2025-05-04,[20] 분리,Q3405-01.75SPC,O2O2 D_Sepia Choco EX,"1,057","1,169",확인
2025-05-04,[20] 분리,Q3405-01.25SPC,O2O2 D_Sepia Choco EX,"1,782","2,369",확인
2025-05-04,[20] 분리,Q3405-01.25SPC,O2O2 D_Sepia Choco EX,"1,480","2,399",확인
2025-05-04,[20] 분리,Q3405-01.75SPC,O2O2 D_Sepia Choco EX,898,"1,169",확인
2025-05-04,[20] 분리,Q3405-01.75SPC,O2O2 D_Sepia Choco EX,956,"1,169",확인
2025-05-04,[20] 분리,Q3405-01.75SPC,O2O2 D_Sepia Choco EX,994,"1,169",확인
2025-05-04,[80] 누수/규격검사,P3405A-01.50SPC,O2O2 D_Sepia Choco EX,"1,872","1,892",확인
2025-05-04,[55] 접착/ 멸균,P3405A-01.50SPC,O2O2 D_Sepia Choco EX,"1,892","1,960",확인
2025-05-04,[45] 하이드레이션/전면검사,P3409A-05.00PIN,O2O2 D_Blending Rose EX,"1,570","1,578",확인
2025-05-04,[80] 누수/규격검사,P3405A-04.50SPC,O2O2 D_Sepia Choco EX,"1,424","1,444",확인
2025-05-04,[55] 접착/ 멸균,P3405A-04.50SPC,O2O2 D_Sepia Choco EX,"1,444","1,485",확인
2025-05-04,[45] 하이드레이션/전면검사,P3408A-00.50BRW,O2O2 D_Blending Hazel EX,710,717,확인
2025-05-04,[45] 하이드레이션/전면검사,P3408A-00.50BRW,O2O2 D_Blending Hazel EX,570,576,확인
2025-05-04,[45] 하이드레이션/전면검사,P3407A-01.25ASG,O2O2 D_Ash Gray EX,"1,490","1,511",확인
2025-05-04,[45] 하이드레이션/전면검사,P3407A-00.00ASG,O2O2 D_Ash Gray EX,785,792,확인
2025-05-04,[45] 하이드레이션/전면검사,P3407A-00.00ASG,O2O2 D_Ash Gray EX,700,703,확인
2025-05-04,[45] 하이드레이션/전면검사,P3407A-00.00ASG,O2O2 D_Ash Gray EX,"1,460","1,468",확인
2025-05-04,[45] 하이드레이션/전면검사,P3407A-00.00ASG,O2O2 D_Ash Gray EX,"1,120","1,125",확인
2025-05-04,[55] 접착/ 멸균,P3409A-03.25PIN,O2O2 D_Blending Rose EX,975,"1,025",확인
2025-05-04,[80] 누수/규격검사,P3407A-00.00ASG,O2O2 D_Ash Gray EX,"1,720","1,791",확인
2025-05-04,[45] 하이드레이션/전면검사,P3407A-00.00ASG,O2O2 D_Ash Gray EX,895,903,확인
2025-05-04,[45] 하이드레이션/전면검사,P3407A-00.00ASG,O2O2 D_Ash Gray EX,"1,775","1,781",확인
2025-05-04,[45] 하이드레이션/전면검사,P3407A-00.00ASG,O2O2 D_Ash Gray EX,"1,715","1,720",확인
2025-05-04,[45] 하이드레이션/전면검사,P3407A-00.00ASG,O2O2 D_Ash Gray EX,935,941,확인
2025-05-04,[45] 하이드레이션/전면검사,P3407A-00.00ASG,O2O2 D_Ash Gray EX,"1,270","1,340",확인
2025-05-04,[45] 하이드레이션/전면검사,P3407A-00.00ASG,O2O2 D_Ash Gray EX,"1,870","1,905",확인
2025-05-04,[55] 접착/ 멸균,P3407A-00.00ASG,O2O2 D_Ash Gray EX,"1,791","1,870",확인
2025-05-04,[45] 하이드레이션/전면검사,P3409A-03.25PIN,O2O2 D_Blending Rose EX,"1,025","1,028",확인
2025-05-04,[45] 하이드레이션/전면검사,P3409A-03.00PIN,O2O2 D_Blending Rose EX,"1,025","1,031",확인
2025-05-04,[45] 하이드레이션/전면검사,P3409A-03.00PIN,O2O2 D_Blending Rose EX,965,971,확인
2025-05-04,[20] 분리,Q3405-02.25SPC,O2O2 D_Sepia Choco EX,928,"1,147",확인
2025-05-04,[20] 분리,Q3405-02.50SPC,O2O2 D_Sepia Choco EX,917,"1,147",확인
2025-05-04,[80] 누수/규격검사,P3407A-03.25ASG,O2O2 D_Ash Gray EX,"1,932","1,952",확인
2025-05-04,[80] 누수/규격검사,P3407A-03.25ASG,O2O2 D_Ash Gray EX,"1,799","1,902",확인
2025-05-04,[55] 접착/ 멸균,P3407A-03.25ASG,O2O2 D_Ash Gray EX,"1,952","2,080",확인
2025-05-04,[20] 분리,Q3405-02.50SPC,O2O2 D_Sepia Choco EX,899,"1,147",확인
2025-05-04,[20] 분리,Q3405-02.50SPC,O2O2 D_Sepia Choco EX,871,"1,147",확인
2025-05-04,[20] 분리,Q3405-02.50SPC,O2O2 D_Sepia Choco EX,811,"1,042",확인
2025-05-04,[20] 분리,Q3405-02.50SPC,O2O2 D_Sepia Choco EX,955,"1,147",확인
2025-05-04,[45] 하이드레이션/전면검사,P3409A-03.25PIN,O2O2 D_Blending Rose EX,900,905,확인
2025-05-04,[45] 하이드레이션/전면검사,P3409A-03.25PIN,O2O2 D_Blending Rose EX,950,950,확인
2025-05-04,[55] 접착/ 멸균,P3407A-03.25ASG,O2O2 D_Ash Gray EX,"1,902","1,990",확인
2025-05-04,[45] 하이드레이션/전면검사,P3407A-03.25ASG,O2O2 D_Ash Gray EX,"2,080","2,089",확인
2025-05-04,[45] 하이드레이션/전면검사,P3407A-03.25ASG,O2O2 D_Ash Gray EX,"1,990","1,993",확인
2025-05-04,[45] 하이드레이션/전면검사,P3406A-03.00ASB,O2O2 D_Ash Brown EX,"1,635","1,641",확인
2025-05-04,[45] 하이드레이션/전면검사,P3406A-03.00ASB,O2O2 D_Ash Brown EX,"1,520","1,522",확인
2025-05-04,[45] 하이드레이션/전면검사,P3406A-03.00ASB,O2O2 D_Ash Brown EX,"1,635","1,641",확인
2025-05-04,[45] 하이드레이션/전면검사,P3406A-03.25ASB,O2O2 D_Ash Brown EX,"1,490","1,495",확인
2025-05-04,[45] 하이드레이션/전면검사,P3406A-03.25ASB,O2O2 D_Ash Brown EX,"1,750","1,759",확인
2025-05-04,[80] 누수/규격검사,P3406A-02.75ASB,O2O2 D_Ash Brown EX,"1,484","1,505",확인
2025-05-04,[80] 누수/규격검사,P3406A-02.75ASB,O2O2 D_Ash Brown EX,"1,590","1,615",확인
2025-05-04,[80] 누수/규격검사,P3406A-02.75ASB,O2O2 D_Ash Brown EX,"1,613","1,638",확인
2025-05-04,[55] 접착/ 멸균,P3406A-02.75ASB,O2O2 D_Ash Brown EX,"1,615","1,740",확인
2025-05-04,[55] 접착/ 멸균,P3406A-02.75ASB,O2O2 D_Ash Brown EX,"1,827","1,880",확인
2025-05-04,[80] 누수/규격검사,P3406A-02.75ASB,O2O2 D_Ash Brown EX,"1,746","1,766",확인
2025-05-04,[55] 접착/ 멸균,P3406A-02.75ASB,O2O2 D_Ash Brown EX,"1,638","1,690",확인
2025-05-04,[55] 접착/ 멸균,P3406A-02.75ASB,O2O2 D_Ash Brown EX,"1,766","1,835",확인
2025-05-04,[80] 누수/규격검사,P3406A-02.75ASB,O2O2 D_Ash Brown EX,"1,213","1,238",확인
2025-05-04,[55] 접착/ 멸균,P3406A-02.75ASB,O2O2 D_Ash Brown EX,"1,505","1,540",확인
2025-05-04,[55] 접착/ 멸균,P3406A-02.75ASB,O2O2 D_Ash Brown EX,"1,238","1,285",확인
2025-05-04,[45] 하이드레이션/전면검사,P3409A-03.50PIN,O2O2 D_Blending Rose EX,"1,075","1,079",확인
2025-05-04,[80] 누수/규격검사,P3405A-04.00SPC,O2O2 D_Sepia Choco EX,"1,805","1,830",확인
2025-05-04,[80] 누수/규격검사,P3405A-04.00SPC,O2O2 D_Sepia Choco EX,"1,668","1,698",확인
2025-05-04,[80] 누수/규격검사,P3405A-04.00SPC,O2O2 D_Sepia Choco EX,"1,682","1,702",확인
2025-05-04,[55] 접착/ 멸균,P3405A-04.00SPC,O2O2 D_Sepia Choco EX,"1,830","1,865",확인
2025-05-04,[45] 하이드레이션/전면검사,P3408A-00.00BRW,O2O2 D_Blending Hazel EX,760,765,확인
2025-05-04,[45] 하이드레이션/전면검사,P3408A-00.00BRW,O2O2 D_Blending Hazel EX,780,785,확인
2025-05-04,[45] 하이드레이션/전면검사,P3408A-00.00BRW,O2O2 D_Blending Hazel EX,705,709,확인
2025-05-04,[45] 하이드레이션/전면검사,P3408A-00.00BRW,O2O2 D_Blending Hazel EX,450,453,확인
2025-05-04,[55] 접착/ 멸균,P3405A-04.00SPC,O2O2 D_Sepia Choco EX,"1,698","1,750",확인
2025-05-04,[45] 하이드레이션/전면검사,P3409A-04.25PIN,O2O2 D_Blending Rose EX,"1,405","1,408",확인
2025-05-04,[45] 하이드레이션/전면검사,P3407A-02.00ASG,O2O2 D_Ash Gray EX,"2,045","2,050",확인
2025-05-04,[55] 접착/ 멸균,P3405A-04.00SPC,O2O2 D_Sepia Choco EX,"1,702","1,805",확인
2025-05-04,[45] 하이드레이션/전면검사,P3408A-00.00BRW,O2O2 D_Blending Hazel EX,995,999,확인
2025-05-04,[45] 하이드레이션/전면검사,P3408A-00.00BRW,O2O2 D_Blending Hazel EX,755,758,확인
2025-05-04,[45] 하이드레이션/전면검사,P3408A-00.00BRW,O2O2 D_Blending Hazel EX,845,851,확인
2025-05-04,[45] 하이드레이션/전면검사,P3408A-00.00BRW,O2O2 D_Blending Hazel EX,565,573,확인
2025-05-04,[45] 하이드레이션/전면검사,P3407A-02.50ASG,O2O2 D_Ash Gray EX,870,873,확인
2025-05-04,[45] 하이드레이션/전면검사,P3407A-02.50ASG,O2O2 D_Ash Gray EX,370,371,확인
2025-05-04,[45] 하이드레이션/전면검사,P3407A-03.00ASG,O2O2 D_Ash Gray EX,745,745,확인
2025-05-04,[45] 하이드레이션/전면검사,P3406A-02.50ASB,O2O2 D_Ash Brown EX,"1,650","1,665",확인
2025-05-04,[80] 누수/규격검사,P3405A-01.25SPC,O2O2 D_Sepia Choco EX,"1,635","1,700",확인
2025-05-04,[45] 하이드레이션/전면검사,P3405A-01.25SPC,O2O2 D_Sepia Choco EX,"1,870","1,878",확인
2025-05-04,[45] 하이드레이션/전면검사,P3405A-01.25SPC,O2O2 D_Sepia Choco EX,"1,810","1,825",확인
2025-05-04,[55] 접착/ 멸균,P3405A-07.50SPC,O2O2 D_Sepia Choco EX,"1,154","1,185",확인
2025-05-04,[80] 누수/규격검사,P3405A-07.50SPC,O2O2 D_Sepia Choco EX,"1,134","1,154",확인
2025-05-04,[55] 접착/ 멸균,P3405A-01.25SPC,O2O2 D_Sepia Choco EX,"1,700","1,810",확인
2025-05-04,[55] 접착/ 멸균,P3405A-01.25SPC,O2O2 D_Sepia Choco EX,"1,812","1,870",확인
2025-05-05,[55] 접착/ 멸균,P3407A-01.50ASG,O2O2 D_Ash Gray EX,"1,569","1,610",확인
2025-05-05,[45] 하이드레이션/전면검사,P3407A-01.75ASG,O2O2 D_Ash Gray EX,"1,205","1,211",확인
2025-05-05,[45] 하이드레이션/전면검사,P3407A-01.75ASG,O2O2 D_Ash Gray EX,"1,680","1,692",확인
2025-05-05,[45] 하이드레이션/전면검사,P3407A-01.75ASG,O2O2 D_Ash Gray EX,"2,125","2,129",확인
2025-05-05,[80] 누수/규격검사,P3405A-03.50SPC,O2O2 D_Sepia Choco EX,"1,906","1,926",확인
2025-05-05,[55] 접착/ 멸균,P3407A-01.50ASG,O2O2 D_Ash Gray EX,"2,047","2,115",확인
2025-05-05,[80] 누수/규격검사,P3407A-01.50ASG,O2O2 D_Ash Gray EX,"2,022","2,047",확인
2025-05-05,[80] 누수/규격검사,P3407A-01.50ASG,O2O2 D_Ash Gray EX,"1,549","1,569",확인
2025-05-05,[55] 접착/ 멸균,P3405A-03.50SPC,O2O2 D_Sepia Choco EX,"1,926","2,010",확인
2025-05-05,[20] 분리,Q3405-01.25SPC,O2O2 D_Sepia Choco EX,"1,981","2,369",확인
2025-05-05,[20] 분리,Q3405-01.75SPC,O2O2 D_Sepia Choco EX,"1,113","1,246",확인
2025-05-05,[20] 분리,Q3405-01.75SPC,O2O2 D_Sepia Choco EX,"1,159","1,246",확인
2025-05-05,[20] 분리,Q3405-01.75SPC,O2O2 D_Sepia Choco EX,"1,087","1,153",확인
2025-05-05,[20] 분리,Q3405-01.75SPC,O2O2 D_Sepia Choco EX,"1,030","1,169",확인
2025-05-05,[20] 분리,Q3405-01.25SPC,O2O2 D_Sepia Choco EX,"1,286","2,399",확인
2025-05-05,[20] 분리,Q3405-01.75SPC,O2O2 D_Sepia Choco EX,336,"1,246",확인
2025-05-05,[20] 분리,Q3405-01.75SPC,O2O2 D_Sepia Choco EX,983,"1,153",확인
2025-05-05,[20] 분리,Q3405-01.75SPC,O2O2 D_Sepia Choco EX,952,"1,153",확인
2025-05-05,[45] 하이드레이션/전면검사,P3405A-01.50SPC,O2O2 D_Sepia Choco EX,"1,968","1,973",확인
2025-05-05,[80] 누수/규격검사,P3405A-01.75SPC,O2O2 D_Sepia Choco EX,"1,757","1,777",확인
2025-05-05,[55] 접착/ 멸균,P3405A-01.75SPC,O2O2 D_Sepia Choco EX,"1,777","1,875",확인
2025-05-05,[45] 하이드레이션/전면검사,P3405A-01.75SPC,O2O2 D_Sepia Choco EX,950,954,확인
2025-05-05,[45] 하이드레이션/전면검사,P3405A-04.25SPC,O2O2 D_Sepia Choco EX,"1,832","1,836",확인
2025-05-05,[80] 누수/규격검사,P3409A-03.25PIN,O2O2 D_Blending Rose EX,945,975,확인
2025-05-05,[45] 하이드레이션/전면검사,P3407A-00.00ASG,O2O2 D_Ash Gray EX,"1,475","1,480",확인
2025-05-05,[45] 하이드레이션/전면검사,P3407A-00.00ASG,O2O2 D_Ash Gray EX,"1,590","1,637",확인
2025-05-05,[45] 하이드레이션/전면검사,P3407A-00.00ASG,O2O2 D_Ash Gray EX,"1,505","1,532",확인
2025-05-05,[45] 하이드레이션/전면검사,P3407A-00.00ASG,O2O2 D_Ash Gray EX,"1,885","1,912",확인
2025-05-05,[45] 하이드레이션/전면검사,P3407A-00.00ASG,O2O2 D_Ash Gray EX,"1,730","1,760",확인
2025-05-05,[45] 하이드레이션/전면검사,P3407A-00.00ASG,O2O2 D_Ash Gray EX,"1,700","1,740",확인
2025-05-05,[45] 하이드레이션/전면검사,P3407A-00.00ASG,O2O2 D_Ash Gray EX,"1,460","1,474",확인
2025-05-05,[45] 하이드레이션/전면검사,P3407A-00.00ASG,O2O2 D_Ash Gray EX,975,"1,003",확인
2025-05-05,[45] 하이드레이션/전면검사,P3407A-00.00ASG,O2O2 D_Ash Gray EX,"1,865","1,908",확인
2025-05-05,[45] 하이드레이션/전면검사,P3407A-00.00ASG,O2O2 D_Ash Gray EX,725,736,확인
2025-05-05,[45] 하이드레이션/전면검사,P3407A-00.00ASG,O2O2 D_Ash Gray EX,795,804,확인
2025-05-05,[45] 하이드레이션/전면검사,P3407A-00.00ASG,O2O2 D_Ash Gray EX,"1,755","1,764",확인
2025-05-05,[45] 하이드레이션/전면검사,P3407A-00.00ASG,O2O2 D_Ash Gray EX,"2,022","2,038",확인
2025-05-05,[45] 하이드레이션/전면검사,P3407A-00.00ASG,O2O2 D_Ash Gray EX,"1,035","1,042",확인
2025-05-05,[55] 접착/ 멸균,P3407A-00.00ASG,O2O2 D_Ash Gray EX,"1,772","1,865",확인
2025-05-05,[55] 접착/ 멸균,P3407A-00.00ASG,O2O2 D_Ash Gray EX,"1,421","1,460",확인
2025-05-05,[55] 접착/ 멸균,P3407A-00.00ASG,O2O2 D_Ash Gray EX,631,700,확인
2025-05-05,[55] 접착/ 멸균,P3407A-00.00ASG,O2O2 D_Ash Gray EX,908,935,확인
2025-05-05,[55] 접착/ 멸균,P3407A-00.00ASG,O2O2 D_Ash Gray EX,"1,236","1,270",확인
2025-05-05,[55] 접착/ 멸균,P3407A-00.00ASG,O2O2 D_Ash Gray EX,"1,633","1,715",확인
2025-05-05,[80] 누수/규격검사,P3407A-00.00ASG,O2O2 D_Ash Gray EX,"1,728","1,772",확인
2025-05-05,[80] 누수/규격검사,P3407A-00.00ASG,O2O2 D_Ash Gray EX,"1,654","1,674",확인
2025-05-05,[80] 누수/규격검사,P3407A-00.00ASG,O2O2 D_Ash Gray EX,611,631,확인
2025-05-05,[55] 접착/ 멸균,P3407A-00.00ASG,O2O2 D_Ash Gray EX,"1,674","1,755",확인
2025-05-05,[80] 누수/규격검사,P3407A-00.00ASG,O2O2 D_Ash Gray EX,"1,700","1,720",확인
2025-05-05,[80] 누수/규격검사,P3407A-00.00ASG,O2O2 D_Ash Gray EX,"1,401","1,421",확인
2025-05-05,[80] 누수/규격검사,P3407A-00.00ASG,O2O2 D_Ash Gray EX,"1,201","1,236",확인
2025-05-05,[55] 접착/ 멸균,P3407A-00.00ASG,O2O2 D_Ash Gray EX,"1,720","1,775",확인
2025-05-05,[80] 누수/규격검사,P3407A-00.00ASG,O2O2 D_Ash Gray EX,"1,578","1,633",확인
2025-05-05,[45] 하이드레이션/전면검사,P3409A-03.00PIN,O2O2 D_Blending Rose EX,920,929,확인
2025-05-05,[20] 분리,Q3405-02.50SPC,O2O2 D_Sepia Choco EX,"1,023","1,147",확인
2025-05-05,[20] 분리,Q3405-02.50SPC,O2O2 D_Sepia Choco EX,845,"1,042",확인
2025-05-05,[20] 분리,Q3405-02.00SPC,O2O2 D_Sepia Choco EX,"1,009","1,153",확인
2025-05-05,[55] 접착/ 멸균,P3406A-03.00ASB,O2O2 D_Ash Brown EX,"1,464","1,635",확인
2025-05-05,[20] 분리,Q3405-02.50SPC,O2O2 D_Sepia Choco EX,951,"1,147",확인
2025-05-05,[20] 분리,Q3405-02.50SPC,O2O2 D_Sepia Choco EX,830,"1,147",확인
2025-05-05,[55] 접착/ 멸균,P3406A-03.00ASB,O2O2 D_Ash Brown EX,"1,557","1,635",확인
2025-05-05,[80] 누수/규격검사,P3406A-03.00ASB,O2O2 D_Ash Brown EX,"1,429","1,464",확인
2025-05-05,[80] 누수/규격검사,P3406A-03.00ASB,O2O2 D_Ash Brown EX,"1,537","1,557",확인
2025-05-05,[55] 접착/ 멸균,P3406A-03.25ASB,O2O2 D_Ash Brown EX,"1,375","1,490",확인
2025-05-05,[55] 접착/ 멸균,P3406A-03.25ASB,O2O2 D_Ash Brown EX,"1,655","1,750",확인
2025-05-05,[80] 누수/규격검사,P3406A-03.25ASB,O2O2 D_Ash Brown EX,"1,355","1,375",확인
2025-05-05,[45] 하이드레이션/전면검사,P3407A-00.00ASG,O2O2 D_Ash Gray EX,"1,364","1,373",확인
2025-05-05,[45] 하이드레이션/전면검사,P3407A-04.25ASG,O2O2 D_Ash Gray EX,"1,370","1,376",확인
2025-05-05,[45] 하이드레이션/전면검사,P3407A-03.25ASG,O2O2 D_Ash Gray EX,"1,800","1,814",확인
2025-05-05,[20] 분리,Q3405-02.00SPC,O2O2 D_Sepia Choco EX,686,"1,153",확인
2025-05-05,[20] 분리,Q3405-02.00SPC,O2O2 D_Sepia Choco EX,870,"1,246",확인
2025-05-05,[45] 하이드레이션/전면검사,P3406A-03.00ASB,O2O2 D_Ash Brown EX,"1,630","1,638",확인
2025-05-05,[45] 하이드레이션/전면검사,P3406A-03.00ASB,O2O2 D_Ash Brown EX,"1,485","1,486",확인
2025-05-05,[80] 누수/규격검사,P3406A-02.75ASB,O2O2 D_Ash Brown EX,"1,807","1,827",확인
2025-05-05,[45] 하이드레이션/전면검사,P3407A-07.00ASG,O2O2 D_Ash Gray EX,"1,570","1,582",확인
2025-05-05,[45] 하이드레이션/전면검사,P3407A-02.00ASG,O2O2 D_Ash Gray EX,"2,065","2,075",확인
2025-05-05,[45] 하이드레이션/전면검사,P3407A-02.00ASG,O2O2 D_Ash Gray EX,"2,080","2,093",확인
2025-05-05,[80] 누수/규격검사,P3408A-00.00BRW,O2O2 D_Blending Hazel EX,733,753,확인
2025-05-05,[45] 하이드레이션/전면검사,P3408A-00.00BRW,O2O2 D_Blending Hazel EX,870,879,확인
2025-05-05,[45] 하이드레이션/전면검사,P3408A-00.00BRW,O2O2 D_Blending Hazel EX,870,872,확인
2025-05-05,[55] 접착/ 멸균,P3408A-00.00BRW,O2O2 D_Blending Hazel EX,753,870,확인
2025-05-05,[55] 접착/ 멸균,P3407A-02.50ASG,O2O2 D_Ash Gray EX,805,870,확인
2025-05-05,[80] 누수/규격검사,P3407A-02.50ASG,O2O2 D_Ash Gray EX,785,805,확인
2025-05-05,[55] 접착/ 멸균,P3406A-02.50ASB,O2O2 D_Ash Brown EX,"1,587","1,650",확인
2025-05-05,[80] 누수/규격검사,P3406A-02.50ASB,O2O2 D_Ash Brown EX,"1,567","1,587",확인
2025-05-05,[80] 누수/규격검사,P3406A-02.50ASB,O2O2 D_Ash Brown EX,"1,096","1,116",확인
2025-05-05,[45] 하이드레이션/전면검사,P3407A-03.00ASG,O2O2 D_Ash Gray EX,980,982,확인
2025-05-05,[45] 하이드레이션/전면검사,P3407A-03.00ASG,O2O2 D_Ash Gray EX,995,"1,004",확인
2025-05-05,[45] 하이드레이션/전면검사,P3407A-03.00ASG,O2O2 D_Ash Gray EX,840,840,확인
2025-05-05,[55] 접착/ 멸균,P3406A-02.50ASB,O2O2 D_Ash Brown EX,"1,116","1,775",확인
2025-05-05,[45] 하이드레이션/전면검사,P3406A-02.50ASB,O2O2 D_Ash Brown EX,"1,915","1,924",확인
2025-05-05,[45] 하이드레이션/전면검사,P3406A-02.50ASB,O2O2 D_Ash Brown EX,"1,775","1,805",확인
2025-05-05,[55] 접착/ 멸균,P3405A-01.25SPC,O2O2 D_Sepia Choco EX,"1,802","1,880",확인
2025-05-05,[45] 하이드레이션/전면검사,P3409A-00.75PIN,O2O2 D_Blending Rose EX,"1,605","1,610",확인
2025-05-05,[45] 하이드레이션/전면검사,P3405A-01.25SPC,O2O2 D_Sepia Choco EX,"1,880","1,892",확인
2025-05-05,[45] 하이드레이션/전면검사,P3405A-01.25SPC,O2O2 D_Sepia Choco EX,"2,065","2,072",확인
2025-05-05,[45] 하이드레이션/전면검사,P3405A-01.25SPC,O2O2 D_Sepia Choco EX,"1,820","1,824",확인
2025-05-05,[45] 하이드레이션/전면검사,P3405A-01.25SPC,O2O2 D_Sepia Choco EX,"1,190","1,196",확인
2025-05-05,[45] 하이드레이션/전면검사,P3405A-01.25SPC,O2O2 D_Sepia Choco EX,"2,020","2,034",확인
2025-05-05,[45] 하이드레이션/전면검사,P3405A-01.25SPC,O2O2 D_Sepia Choco EX,"1,720","1,734",확인
2025-05-05,[45] 하이드레이션/전면검사,P3405A-01.25SPC,O2O2 D_Sepia Choco EX,995,998,확인
2025-05-05,[45] 하이드레이션/전면검사,P3405A-01.25SPC,O2O2 D_Sepia Choco EX,"1,000","1,004",확인
2025-05-05,[55] 접착/ 멸균,P3405A-01.25SPC,O2O2 D_Sepia Choco EX,"1,866","2,020",확인
2025-05-05,[80] 누수/규격검사,P3405A-01.25SPC,O2O2 D_Sepia Choco EX,"1,714","1,734",확인
2025-05-05,[80] 누수/규격검사,P3405A-01.25SPC,O2O2 D_Sepia Choco EX,"1,782","1,802",확인
2025-05-05,[80] 누수/규격검사,P3405A-01.25SPC,O2O2 D_Sepia Choco EX,"1,712","1,812",확인
2025-05-05,[55] 접착/ 멸균,P3405A-01.25SPC,O2O2 D_Sepia Choco EX,"1,734","1,820",확인
2025-05-06,[45] 하이드레이션/전면검사,P3407A-01.50ASG,O2O2 D_Ash Gray EX,935,937,확인
2025-05-06,[45] 하이드레이션/전면검사,P3407A-01.50ASG,O2O2 D_Ash Gray EX,"1,435","1,451",확인
2025-05-06,[45] 하이드레이션/전면검사,P3407A-01.50ASG,O2O2 D_Ash Gray EX,"1,565","1,570",확인
2025-05-06,[45] 하이드레이션/전면검사,P3405A-01.00SPC,O2O2 D_Sepia Choco EX,"1,390","1,395",확인
2025-05-06,[45] 하이드레이션/전면검사,P3407A-01.50ASG,O2O2 D_Ash Gray EX,"1,015","1,021",확인
2025-05-06,[45] 하이드레이션/전면검사,P3407A-01.75ASG,O2O2 D_Ash Gray EX,"2,095","2,106",확인
2025-05-06,[45] 하이드레이션/전면검사,P3407A-04.00ASG,O2O2 D_Ash Gray EX,975,982,확인
2025-05-06,[45] 하이드레이션/전면검사,P3407A-04.00ASG,O2O2 D_Ash Gray EX,"1,895","1,903",확인
2025-05-06,[45] 하이드레이션/전면검사,P3407A-05.00ASG,O2O2 D_Ash Gray EX,"1,465","1,467",확인
2025-05-06,[45] 하이드레이션/전면검사,P3407A-05.00ASG,O2O2 D_Ash Gray EX,"1,855","1,860",확인
2025-05-06,[45] 하이드레이션/전면검사,P3407A-09.50ASG,O2O2 D_Ash Gray EX,"1,275","1,287",확인
2025-05-06,[80] 누수/규격검사,P3405A-01.50SPC,O2O2 D_Sepia Choco EX,"1,829","1,899",확인
2025-05-06,[55] 접착/ 멸균,P3405A-01.50SPC,O2O2 D_Sepia Choco EX,"1,899","1,968",확인
2025-05-06,[55] 접착/ 멸균,P3405A-04.25SPC,O2O2 D_Sepia Choco EX,"1,786","1,832",확인
2025-05-06,[45] 하이드레이션/전면검사,P3405A-04.50SPC,O2O2 D_Sepia Choco EX,"1,050","1,052",확인
2025-05-06,[80] 누수/규격검사,P3405A-04.25SPC,O2O2 D_Sepia Choco EX,"1,706","1,786",확인
2025-05-06,[45] 하이드레이션/전면검사,P3407A-01.25ASG,O2O2 D_Ash Gray EX,"1,280","1,299",확인
2025-05-06,[45] 하이드레이션/전면검사,P3407A-00.00ASG,O2O2 D_Ash Gray EX,"1,835","1,926",확인
2025-05-06,[45] 하이드레이션/전면검사,P3407A-00.00ASG,O2O2 D_Ash Gray EX,"1,385","1,419",확인
2025-05-06,[45] 하이드레이션/전면검사,P3407A-00.00ASG,O2O2 D_Ash Gray EX,"1,475","1,501",확인
2025-05-06,[45] 하이드레이션/전면검사,P3407A-00.00ASG,O2O2 D_Ash Gray EX,"1,185","1,237",확인
2025-05-06,[45] 하이드레이션/전면검사,P3407A-00.00ASG,O2O2 D_Ash Gray EX,"1,135","1,141",확인
2025-05-06,[45] 하이드레이션/전면검사,P3407A-00.00ASG,O2O2 D_Ash Gray EX,"1,390","1,436",확인
2025-05-06,[45] 하이드레이션/전면검사,P3407A-00.00ASG,O2O2 D_Ash Gray EX,"1,315","1,345",확인
2025-05-06,[45] 하이드레이션/전면검사,P3407A-00.00ASG,O2O2 D_Ash Gray EX,690,692,확인
2025-05-06,[45] 하이드레이션/전면검사,P3407A-00.00ASG,O2O2 D_Ash Gray EX,630,634,확인
2025-05-06,[45] 하이드레이션/전면검사,P3407A-00.00ASG,O2O2 D_Ash Gray EX,"1,790","1,813",확인
2025-05-06,[45] 하이드레이션/전면검사,P3407A-00.00ASG,O2O2 D_Ash Gray EX,"2,000","2,071",확인
2025-05-06,[45] 하이드레이션/전면검사,P3407A-00.00ASG,O2O2 D_Ash Gray EX,"1,510","1,526",확인
2025-05-06,[45] 하이드레이션/전면검사,P3407A-00.00ASG,O2O2 D_Ash Gray EX,"1,235","1,259",확인
2025-05-06,[45] 하이드레이션/전면검사,P3407A-00.00ASG,O2O2 D_Ash Gray EX,"1,375","1,387",확인
2025-05-06,[45] 하이드레이션/전면검사,P3407A-00.00ASG,O2O2 D_Ash Gray EX,"1,075","1,092",확인
2025-05-06,[45] 하이드레이션/전면검사,P3407A-00.00ASG,O2O2 D_Ash Gray EX,"1,170","1,182",확인
2025-05-06,[45] 하이드레이션/전면검사,P3407A-00.00ASG,O2O2 D_Ash Gray EX,"1,170","1,203",확인
2025-05-06,[45] 하이드레이션/전면검사,P3407A-00.00ASG,O2O2 D_Ash Gray EX,"1,460","1,569",확인
2025-05-06,[45] 하이드레이션/전면검사,P3407A-00.00ASG,O2O2 D_Ash Gray EX,"1,280","1,315",확인
2025-05-06,[45] 하이드레이션/전면검사,P3407A-00.00ASG,O2O2 D_Ash Gray EX,915,941,확인
2025-05-06,[45] 하이드레이션/전면검사,P3407A-00.00ASG,O2O2 D_Ash Gray EX,940,984,확인
2025-05-06,[45] 하이드레이션/전면검사,P3407A-00.00ASG,O2O2 D_Ash Gray EX,865,884,확인
2025-05-06,[45] 하이드레이션/전면검사,P3407A-00.00ASG,O2O2 D_Ash Gray EX,"1,270","1,301",확인
2025-05-06,[45] 하이드레이션/전면검사,P3407A-00.00ASG,O2O2 D_Ash Gray EX,"1,030","1,050",확인
2025-05-06,[45] 하이드레이션/전면검사,P3407A-00.00ASG,O2O2 D_Ash Gray EX,780,800,확인
2025-05-06,[45] 하이드레이션/전면검사,P3407A-00.00ASG,O2O2 D_Ash Gray EX,"1,350","1,381",확인
2025-05-06,[45] 하이드레이션/전면검사,P3407A-00.00ASG,O2O2 D_Ash Gray EX,"1,150","1,169",확인
2025-05-06,[45] 하이드레이션/전면검사,P3407A-00.00ASG,O2O2 D_Ash Gray EX,"1,645","1,655",확인
2025-05-06,[45] 하이드레이션/전면검사,P3407A-00.00ASG,O2O2 D_Ash Gray EX,"1,815","1,829",확인
2025-05-06,[45] 하이드레이션/전면검사,P3407A-00.00ASG,O2O2 D_Ash Gray EX,"1,890","1,903",확인
2025-05-06,[45] 하이드레이션/전면검사,P3407A-00.00ASG,O2O2 D_Ash Gray EX,"1,620","1,645",확인
2025-05-06,[80] 누수/규격검사,P3407A-00.00ASG,O2O2 D_Ash Gray EX,"1,122","1,177",확인
2025-05-06,[55] 접착/ 멸균,P3407A-00.00ASG,O2O2 D_Ash Gray EX,"1,177","1,235",확인
2025-05-06,[80] 누수/규격검사,P3407A-00.00ASG,O2O2 D_Ash Gray EX,763,803,확인
2025-05-06,[80] 누수/규격검사,P3407A-00.00ASG,O2O2 D_Ash Gray EX,675,695,확인
2025-05-06,[80] 누수/규격검사,P3407A-00.00ASG,O2O2 D_Ash Gray EX,740,770,확인
2025-05-06,[55] 접착/ 멸균,P3407A-00.00ASG,O2O2 D_Ash Gray EX,803,865,확인
2025-05-06,[80] 누수/규격검사,P3407A-00.00ASG,O2O2 D_Ash Gray EX,702,742,확인
2025-05-06,[80] 누수/규격검사,P3407A-00.00ASG,O2O2 D_Ash Gray EX,989,"1,014",확인
2025-05-06,[80] 누수/규격검사,P3407A-00.00ASG,O2O2 D_Ash Gray EX,"1,423","1,473",확인
2025-05-06,[55] 접착/ 멸균,P3407A-00.00ASG,O2O2 D_Ash Gray EX,742,785,확인
2025-05-06,[80] 누수/규격검사,P3407A-00.00ASG,O2O2 D_Ash Gray EX,863,908,확인
2025-05-06,[55] 접착/ 멸균,P3407A-00.00ASG,O2O2 D_Ash Gray EX,987,"1,075",확인
2025-05-06,[55] 접착/ 멸균,P3407A-00.00ASG,O2O2 D_Ash Gray EX,695,725,확인
2025-05-06,[55] 접착/ 멸균,P3407A-00.00ASG,O2O2 D_Ash Gray EX,"1,014","1,035",확인
2025-05-06,[55] 접착/ 멸균,P3407A-00.00ASG,O2O2 D_Ash Gray EX,"1,473","1,505",확인
2025-05-06,[55] 접착/ 멸균,P3407A-04.25ASG,O2O2 D_Ash Gray EX,"1,350","1,370",확인
2025-05-06,[45] 하이드레이션/전면검사,P3407A-00.00ASG,O2O2 D_Ash Gray EX,"1,865","1,883",확인
2025-05-06,[55] 접착/ 멸균,P3407A-00.00ASG,O2O2 D_Ash Gray EX,770,795,확인
2025-05-06,[80] 누수/규격검사,P3406A-03.25ASB,O2O2 D_Ash Brown EX,"1,635","1,655",확인
2025-05-06,[45] 하이드레이션/전면검사,P3407A-03.25ASG,O2O2 D_Ash Gray EX,"1,425","1,432",확인
2025-05-06,[45] 하이드레이션/전면검사,P3407A-03.25ASG,O2O2 D_Ash Gray EX,"1,940","1,949",확인
2025-05-06,[45] 하이드레이션/전면검사,P3407A-03.25ASG,O2O2 D_Ash Gray EX,935,945,확인
2025-05-06,[45] 하이드레이션/전면검사,P3407A-02.75ASG,O2O2 D_Ash Gray EX,710,713,확인
2025-05-06,[45] 하이드레이션/전면검사,P3407A-06.00ASG,O2O2 D_Ash Gray EX,"1,600","1,620",확인
2025-05-06,[45] 하이드레이션/전면검사,P3407A-06.00ASG,O2O2 D_Ash Gray EX,850,857,확인
2025-05-06,[45] 하이드레이션/전면검사,P3407A-07.00ASG,O2O2 D_Ash Gray EX,"1,120","1,128",확인
2025-05-06,[45] 하이드레이션/전면검사,P3405A-02.75SPC,O2O2 D_Sepia Choco EX,965,969,확인
2025-05-06,[45] 하이드레이션/전면검사,P3408A-00.00BRW,O2O2 D_Blending Hazel EX,745,749,확인
2025-05-06,[45] 하이드레이션/전면검사,P3408A-00.00BRW,O2O2 D_Blending Hazel EX,775,789,확인
2025-05-06,[45] 하이드레이션/전면검사,P3407A-04.75ASG,O2O2 D_Ash Gray EX,"1,470","1,490",확인
2025-05-06,[80] 누수/규격검사,P3407A-02.00ASG,O2O2 D_Ash Gray EX,"1,970","2,000",확인
2025-05-06,[45] 하이드레이션/전면검사,P3407A-04.75ASG,O2O2 D_Ash Gray EX,"1,605","1,616",확인
2025-05-06,[45] 하이드레이션/전면검사,P3407A-04.75ASG,O2O2 D_Ash Gray EX,885,909,확인
2025-05-06,[45] 하이드레이션/전면검사,P3407A-04.75ASG,O2O2 D_Ash Gray EX,"1,350","1,355",확인
2025-05-06,[80] 누수/규격검사,P3408A-00.00BRW,O2O2 D_Blending Hazel EX,519,539,확인
2025-05-06,[55] 접착/ 멸균,P3408A-00.00BRW,O2O2 D_Blending Hazel EX,760,760,확인
2025-05-06,[55] 접착/ 멸균,P3407A-02.00ASG,O2O2 D_Ash Gray EX,"2,000","2,065",확인
2025-05-06,[45] 하이드레이션/전면검사,P3408A-00.00BRW,O2O2 D_Blending Hazel EX,"1,000","1,005",확인
2025-05-06,[55] 접착/ 멸균,P3408A-00.00BRW,O2O2 D_Blending Hazel EX,539,565,확인
2025-05-06,[55] 접착/ 멸균,P3407A-03.00ASG,O2O2 D_Ash Gray EX,976,995,확인
2025-05-06,[45] 하이드레이션/전면검사,P3407A-01.00ASG,O2O2 D_Ash Gray EX,"1,365","1,395",확인
2025-05-06,[80] 누수/규격검사,P3407A-03.00ASG,O2O2 D_Ash Gray EX,951,"1,001",확인
2025-05-06,[80] 누수/규격검사,P3407A-03.00ASG,O2O2 D_Ash Gray EX,956,976,확인
2025-05-06,[55] 접착/ 멸균,P3407A-03.00ASG,O2O2 D_Ash Gray EX,"1,001","1,055",확인
2025-05-06,[45] 하이드레이션/전면검사,P3407A-03.00ASG,O2O2 D_Ash Gray EX,775,784,확인
2025-05-06,[45] 하이드레이션/전면검사,P3407A-03.00ASG,O2O2 D_Ash Gray EX,"1,055","1,072",확인
2025-05-06,[55] 접착/ 멸균,P3405A-01.25SPC,O2O2 D_Sepia Choco EX,"1,120","1,190",확인
2025-05-06,[45] 하이드레이션/전면검사,P3405A-01.25SPC,O2O2 D_Sepia Choco EX,"1,040","1,040",확인
2025-05-06,[45] 하이드레이션/전면검사,P3405A-01.25SPC,O2O2 D_Sepia Choco EX,965,971,확인
2025-05-06,[45] 하이드레이션/전면검사,P3405A-01.25SPC,O2O2 D_Sepia Choco EX,"1,980","1,986",확인
2025-05-06,[45] 하이드레이션/전면검사,P3405A-01.25SPC,O2O2 D_Sepia Choco EX,"1,920","1,929",확인
2025-05-06,[45] 하이드레이션/전면검사,P3405A-01.25SPC,O2O2 D_Sepia Choco EX,"1,815","1,824",확인
2025-05-06,[80] 누수/규격검사,P3405A-01.25SPC,O2O2 D_Sepia Choco EX,"1,100","1,120",확인
2025-05-06,[80] 누수/규격검사,P3405A-01.25SPC,O2O2 D_Sepia Choco EX,938,983,확인
2025-05-06,[55] 접착/ 멸균,P3405A-01.25SPC,O2O2 D_Sepia Choco EX,983,"1,000",확인
2025-05-06,[80] 누수/규격검사,P3405A-01.25SPC,O2O2 D_Sepia Choco EX,"2,003","2,028",확인
2025-05-06,[80] 누수/규격검사,P3405A-01.25SPC,O2O2 D_Sepia Choco EX,"1,846","1,866",확인
2025-05-06,[55] 접착/ 멸균,P3405A-01.25SPC,O2O2 D_Sepia Choco EX,"2,028","2,065",확인
2025-05-07,[45] 하이드레이션/전면검사,P3407A-01.50ASG,O2O2 D_Ash Gray EX,"1,150","1,163",확인
2025-05-07,[55] 접착/ 멸균,P3407A-01.50ASG,O2O2 D_Ash Gray EX,852,935,확인
2025-05-07,[55] 접착/ 멸균,P3407A-01.50ASG,O2O2 D_Ash Gray EX,"1,458","1,565",확인
2025-05-07,[80] 누수/규격검사,P3407A-01.50ASG,O2O2 D_Ash Gray EX,"1,423","1,458",확인
2025-05-07,[55] 접착/ 멸균,P3407A-05.00ASG,O2O2 D_Ash Gray EX,"1,347","1,465",확인
2025-05-07,[80] 누수/규격검사,P3407A-05.00ASG,O2O2 D_Ash Gray EX,"1,302","1,347",확인
2025-05-07,[55] 접착/ 멸균,P3407A-00.00ASG,O2O2 D_Ash Gray EX,677,780,확인
2025-05-07,[80] 누수/규격검사,P3407A-00.00ASG,O2O2 D_Ash Gray EX,967,987,확인
2025-05-07,[45] 하이드레이션/전면검사,P3407A-00.00ASG,O2O2 D_Ash Gray EX,"1,300","1,346",확인
2025-05-07,[45] 하이드레이션/전면검사,P3407A-00.00ASG,O2O2 D_Ash Gray EX,"1,885","1,909",확인
2025-05-07,[45] 하이드레이션/전면검사,P3407A-00.00ASG,O2O2 D_Ash Gray EX,"1,825","1,861",확인
2025-05-07,[45] 하이드레이션/전면검사,P3407A-00.00ASG,O2O2 D_Ash Gray EX,"1,720","1,725",확인
2025-05-07,[55] 접착/ 멸균,P3407A-00.00ASG,O2O2 D_Ash Gray EX,664,690,확인
2025-05-07,[80] 누수/규격검사,P3407A-00.00ASG,O2O2 D_Ash Gray EX,639,664,확인
2025-05-07,[55] 접착/ 멸균,P3407A-00.00ASG,O2O2 D_Ash Gray EX,"1,700","1,815",확인
2025-05-07,[80] 누수/규격검사,P3407A-00.00ASG,O2O2 D_Ash Gray EX,"1,694","1,739",확인
2025-05-07,[55] 접착/ 멸균,P3407A-00.00ASG,O2O2 D_Ash Gray EX,"1,739","1,790",확인
2025-05-07,[80] 누수/규격검사,P3407A-00.00ASG,O2O2 D_Ash Gray EX,657,677,확인
2025-05-07,[80] 누수/규격검사,P3407A-03.25ASG,O2O2 D_Ash Gray EX,"1,303","1,344",확인
2025-05-07,[55] 접착/ 멸균,P3407A-03.25ASG,O2O2 D_Ash Gray EX,"1,344","1,425",확인
2025-05-07,[80] 누수/규격검사,P3407A-06.00ASG,O2O2 D_Ash Gray EX,"1,484","1,522",확인
2025-05-07,[55] 접착/ 멸균,P3407A-06.00ASG,O2O2 D_Ash Gray EX,"1,522","1,600",확인
2025-05-07,[80] 누수/규격검사,P3407A-01.00ASG,O2O2 D_Ash Gray EX,"1,231","1,258",확인
2025-05-07,[55] 접착/ 멸균,P3407A-02.50ASG,O2O2 D_Ash Gray EX,326,370,확인
2025-05-07,[80] 누수/규격검사,P3407A-02.50ASG,O2O2 D_Ash Gray EX,321,326,확인
2025-05-07,[55] 접착/ 멸균,P3407A-01.00ASG,O2O2 D_Ash Gray EX,"1,258","1,365",확인
2025-05-07,[45] 하이드레이션/전면검사,P3407A-03.00ASG,O2O2 D_Ash Gray EX,"1,000","1,003",확인
2025-05-07,[55] 접착/ 멸균,P3405A-01.25SPC,O2O2 D_Sepia Choco EX,"1,802","1,920",확인
2025-05-07,[55] 접착/ 멸균,P3405A-01.25SPC,O2O2 D_Sepia Choco EX,"1,017","1,040",확인
2025-05-07,[55] 접착/ 멸균,P3405A-01.25SPC,O2O2 D_Sepia Choco EX,"1,927","1,980",확인
2025-05-07,[80] 누수/규격검사,P3405A-01.25SPC,O2O2 D_Sepia Choco EX,"1,897","1,927",확인
2025-05-07,[80] 누수/규격검사,P3405A-01.25SPC,O2O2 D_Sepia Choco EX,"1,727","1,802",확인
2025-05-07,[55] 접착/ 멸균,P3405A-01.25SPC,O2O2 D_Sepia Choco EX,892,965,확인
2025-05-08,[80] 누수/규격검사,P3407A-01.50ASG,O2O2 D_Ash Gray EX,812,852,확인
2025-05-08,[55] 접착/ 멸균,P3407A-00.00ASG,O2O2 D_Ash Gray EX,995,"1,170",확인
2025-05-08,[45] 하이드레이션/전면검사,P3407A-00.00ASG,O2O2 D_Ash Gray EX,"1,800","1,803",확인
2025-05-08,[80] 누수/규격검사,P3407A-00.00ASG,O2O2 D_Ash Gray EX,965,995,확인
2025-05-08,[80] 누수/규격검사,P3407A-00.00ASG,O2O2 D_Ash Gray EX,"1,514","1,534",확인
2025-05-08,[45] 하이드레이션/전면검사,P3407A-00.00ASG,O2O2 D_Ash Gray EX,"1,630","1,653",확인
2025-05-08,[45] 하이드레이션/전면검사,P3407A-00.00ASG,O2O2 D_Ash Gray EX,"1,875","1,897",확인
2025-05-08,[45] 하이드레이션/전면검사,P3407A-00.00ASG,O2O2 D_Ash Gray EX,"1,210","1,221",확인
2025-05-08,[45] 하이드레이션/전면검사,P3407A-00.00ASG,O2O2 D_Ash Gray EX,"1,690","1,703",확인
2025-05-08,[55] 접착/ 멸균,P3407A-00.00ASG,O2O2 D_Ash Gray EX,860,940,확인
2025-05-08,[55] 접착/ 멸균,P3407A-04.25ASG,O2O2 D_Ash Gray EX,"1,295","1,350",확인
2025-05-08,[80] 누수/규격검사,P3407A-00.00ASG,O2O2 D_Ash Gray EX,"1,649","1,700",확인
2025-05-08,[80] 누수/규격검사,P3407A-04.25ASG,O2O2 D_Ash Gray EX,"1,265","1,295",확인
2025-05-08,[55] 접착/ 멸균,P3407A-00.00ASG,O2O2 D_Ash Gray EX,"1,534","1,700",확인
2025-05-08,[55] 접착/ 멸균,P3407A-03.25ASG,O2O2 D_Ash Gray EX,878,935,확인
2025-05-08,[45] 하이드레이션/전면검사,P3407A-06.00ASG,O2O2 D_Ash Gray EX,"1,340","1,354",확인
2025-05-08,[55] 접착/ 멸균,P3407A-03.00ASG,O2O2 D_Ash Gray EX,797,840,확인
2025-05-08,[55] 접착/ 멸균,P3407A-03.00ASG,O2O2 D_Ash Gray EX,964,980,확인
2025-05-08,[55] 접착/ 멸균,P3407A-03.00ASG,O2O2 D_Ash Gray EX,924,"1,000",확인
2025-05-08,[80] 누수/규격검사,P3407A-03.00ASG,O2O2 D_Ash Gray EX,939,964,확인
2025-05-08,[80] 누수/규격검사,P3407A-03.00ASG,O2O2 D_Ash Gray EX,777,797,확인
2025-05-08,[80] 누수/규격검사,P3405A-01.25SPC,O2O2 D_Sepia Choco EX,866,892,확인
2025-05-08,[80] 누수/규격검사,P3405A-01.25SPC,O2O2 D_Sepia Choco EX,957,"1,017",확인
2025-05-08,[45] 하이드레이션/전면검사,P3407A-06.50ASG,O2O2 D_Ash Gray EX,"1,620","1,630",확인
2025-05-09,[10] 사출조립,R3405-02.00SPC,O2O2 D_Sepia Choco EX,"2,416","2,416",확인
2025-05-09,[10] 사출조립,R3405-02.00SPC,O2O2 D_Sepia Choco EX,"2,416","2,416",확인
2025-05-09,[45] 하이드레이션/전면검사,P3407A-01.75ASG,O2O2 D_Ash Gray EX,"1,060","1,064",확인
2025-05-09,[80] 누수/규격검사,P3407A-04.00ASG,O2O2 D_Ash Gray EX,861,901,확인
2025-05-09,[55] 접착/ 멸균,P3407A-04.00ASG,O2O2 D_Ash Gray EX,901,975,확인
2025-05-09,[10] 사출조립,R3405-01.75SPC,O2O2 D_Sepia Choco EX,"2,416","2,416",확인
2025-05-09,[10] 사출조립,R3405-01.75SPC,O2O2 D_Sepia Choco EX,"2,416","2,416",확인
2025-05-09,[10] 사출조립,R3405-01.75SPC,O2O2 D_Sepia Choco EX,"2,416","2,416",확인
2025-05-09,[10] 사출조립,R3405-01.75SPC,O2O2 D_Sepia Choco EX,"2,416","2,416",확인
2025-05-09,[10] 사출조립,R3405-01.50SPC,O2O2 D_Sepia Choco EX,"2,416","2,416",확인
2025-05-09,[10] 사출조립,R3405-01.50SPC,O2O2 D_Sepia Choco EX,0,"2,416",확인
2025-05-09,[55] 접착/ 멸균,P3407A-00.00ASG,O2O2 D_Ash Gray EX,516,630,확인
2025-05-09,[80] 누수/규격검사,P3407A-00.00ASG,O2O2 D_Ash Gray EX,"1,913","1,948",확인
2025-05-09,[80] 누수/규격검사,P3407A-00.00ASG,O2O2 D_Ash Gray EX,830,860,확인
2025-05-09,[80] 누수/규격검사,P3407A-00.00ASG,O2O2 D_Ash Gray EX,491,516,확인
2025-05-09,[55] 접착/ 멸균,P3407A-00.00ASG,O2O2 D_Ash Gray EX,"1,948","2,000",확인
2025-05-09,[80] 누수/규격검사,P3407A-03.25ASG,O2O2 D_Ash Gray EX,831,878,확인
2025-05-09,[55] 접착/ 멸균,P3407A-06.00ASG,O2O2 D_Ash Gray EX,728,850,확인
2025-05-09,[80] 누수/규격검사,P3407A-06.00ASG,O2O2 D_Ash Gray EX,708,728,확인
2025-05-09,[55] 접착/ 멸균,P3407A-04.75ASG,O2O2 D_Ash Gray EX,"1,421","1,470",확인
2025-05-09,[80] 누수/규격검사,P3407A-04.75ASG,O2O2 D_Ash Gray EX,"1,396","1,421",확인
2025-05-09,[80] 누수/규격검사,P3407A-03.00ASG,O2O2 D_Ash Gray EX,884,924,확인
2025-05-09,[55] 접착/ 멸균,P3405A-01.25SPC,O2O2 D_Sepia Choco EX,945,995,확인
2025-05-10,[80] 누수/규격검사,P3407A-01.75ASG,O2O2 D_Ash Gray EX,901,960,확인
2025-05-10,[55] 접착/ 멸균,P3407A-01.75ASG,O2O2 D_Ash Gray EX,960,"1,060",확인
2025-05-10,[80] 누수/규격검사,P3407A-06.00ASG,O2O2 D_Ash Gray EX,754,789,확인
2025-05-10,[55] 접착/ 멸균,P3407A-06.00ASG,O2O2 D_Ash Gray EX,789,"1,340",확인
2025-05-11,[55] 접착/ 멸균,P3405A-01.00SPC,O2O2 D_Sepia Choco EX,"1,374","1,390",확인
2025-05-11,[80] 누수/규격검사,P3405A-01.00SPC,O2O2 D_Sepia Choco EX,"1,339","1,374",확인
2025-05-11,[80] 누수/규격검사,P3405A-03.50SPC,O2O2 D_Sepia Choco EX,"1,545","1,655",확인
2025-05-11,[80] 누수/규격검사,P3407A-01.50ASG,O2O2 D_Ash Gray EX,933,968,확인
2025-05-11,[80] 누수/규격검사,P3407A-01.50ASG,O2O2 D_Ash Gray EX,"1,048","1,068",확인
2025-05-11,[80] 누수/규격검사,P3407A-01.75ASG,O2O2 D_Ash Gray EX,"1,827","1,847",확인
2025-05-11,[55] 접착/ 멸균,P3407A-04.00ASG,O2O2 D_Ash Gray EX,"1,768","1,895",확인
2025-05-11,[80] 누수/규격검사,P3407A-04.00ASG,O2O2 D_Ash Gray EX,"1,718","1,768",확인
2025-05-11,[55] 접착/ 멸균,P3405A-03.50SPC,O2O2 D_Sepia Choco EX,"1,655","1,730",확인
2025-05-11,[80] 누수/규격검사,P3407A-05.00ASG,O2O2 D_Ash Gray EX,"1,789","1,809",확인
2025-05-11,[80] 누수/규격검사,P3407A-09.50ASG,O2O2 D_Ash Gray EX,"1,188","1,213",확인
2025-05-11,[55] 접착/ 멸균,P3407A-01.50ASG,O2O2 D_Ash Gray EX,968,"1,015",확인
2025-05-11,[55] 접착/ 멸균,P3407A-01.50ASG,O2O2 D_Ash Gray EX,"1,068","1,150",확인
2025-05-11,[55] 접착/ 멸균,P3407A-01.75ASG,O2O2 D_Ash Gray EX,"1,847","2,095",확인
2025-05-11,[55] 접착/ 멸균,P3407A-05.00ASG,O2O2 D_Ash Gray EX,"1,809","1,855",확인
2025-05-11,[55] 접착/ 멸균,P3407A-09.50ASG,O2O2 D_Ash Gray EX,"1,213","1,275",확인
2025-05-11,[80] 누수/규격검사,P3405A-01.75SPC,O2O2 D_Sepia Choco EX,871,891,확인
2025-05-11,[55] 접착/ 멸균,P3405A-01.75SPC,O2O2 D_Sepia Choco EX,891,950,확인
2025-05-11,[80] 누수/규격검사,P3407A-00.00ASG,O2O2 D_Ash Gray EX,"1,494","1,530",확인
2025-05-11,[80] 누수/규격검사,P3407A-00.00ASG,O2O2 D_Ash Gray EX,"1,270","1,290",확인
2025-05-11,[80] 누수/규격검사,P3407A-00.00ASG,O2O2 D_Ash Gray EX,"1,471","1,521",확인
2025-05-11,[80] 누수/규격검사,P3407A-00.00ASG,O2O2 D_Ash Gray EX,"1,735","1,780",확인
2025-05-11,[80] 누수/규격검사,P3407A-00.00ASG,O2O2 D_Ash Gray EX,"1,176","1,236",확인
2025-05-11,[55] 접착/ 멸균,P3407A-00.00ASG,O2O2 D_Ash Gray EX,"1,169","1,300",확인
2025-05-11,[55] 접착/ 멸균,P3407A-00.00ASG,O2O2 D_Ash Gray EX,"1,616","1,800",확인
2025-05-11,[55] 접착/ 멸균,P3407A-00.00ASG,O2O2 D_Ash Gray EX,"1,102","1,135",확인
2025-05-11,[55] 접착/ 멸균,P3407A-00.00ASG,O2O2 D_Ash Gray EX,"1,662","1,720",확인
2025-05-11,[55] 접착/ 멸균,P3407A-00.00ASG,O2O2 D_Ash Gray EX,"1,530","1,620",확인
2025-05-11,[55] 접착/ 멸균,P3407A-00.00ASG,O2O2 D_Ash Gray EX,"1,290","1,350",확인
2025-05-11,[55] 접착/ 멸균,P3407A-00.00ASG,O2O2 D_Ash Gray EX,"1,098","1,150",확인
2025-05-11,[80] 누수/규격검사,P3405A-05.00SPC,O2O2 D_Sepia Choco EX,"1,337","1,357",확인
2025-05-11,[80] 누수/규격검사,P3407A-00.00ASG,O2O2 D_Ash Gray EX,"1,078","1,098",확인
2025-05-11,[80] 누수/규격검사,P3407A-00.00ASG,O2O2 D_Ash Gray EX,"1,352","1,397",확인
2025-05-11,[80] 누수/규격검사,P3407A-00.00ASG,O2O2 D_Ash Gray EX,"1,737","1,777",확인
2025-05-11,[80] 누수/규격검사,P3407A-00.00ASG,O2O2 D_Ash Gray EX,"1,080","1,120",확인
2025-05-11,[80] 누수/규격검사,P3407A-00.00ASG,O2O2 D_Ash Gray EX,"1,581","1,616",확인
2025-05-11,[80] 누수/규격검사,P3407A-00.00ASG,O2O2 D_Ash Gray EX,"1,061","1,102",확인
2025-05-11,[80] 누수/규격검사,P3407A-00.00ASG,O2O2 D_Ash Gray EX,"1,149","1,169",확인
2025-05-11,[55] 접착/ 멸균,P3407A-00.00ASG,O2O2 D_Ash Gray EX,"1,120","1,280",확인
2025-05-11,[55] 접착/ 멸균,P3407A-00.00ASG,O2O2 D_Ash Gray EX,"1,780","1,835",확인
2025-05-11,[55] 접착/ 멸균,P3407A-00.00ASG,O2O2 D_Ash Gray EX,"1,777","1,865",확인
2025-05-11,[55] 접착/ 멸균,P3407A-00.00ASG,O2O2 D_Ash Gray EX,"1,397","1,460",확인
2025-05-11,[55] 접착/ 멸균,P3407A-00.00ASG,O2O2 D_Ash Gray EX,"1,236","1,270",확인
2025-05-11,[55] 접착/ 멸균,P3407A-00.00ASG,O2O2 D_Ash Gray EX,"1,521","1,590",확인
2025-05-11,[55] 접착/ 멸균,P3405A-05.00SPC,O2O2 D_Sepia Choco EX,"1,357","1,520",확인
2025-05-11,[80] 누수/규격검사,P3407A-03.25ASG,O2O2 D_Ash Gray EX,"1,845","1,889",확인
2025-05-11,[55] 접착/ 멸균,P3407A-03.25ASG,O2O2 D_Ash Gray EX,"1,889","1,940",확인
2025-05-11,[80] 누수/규격검사,P3407A-07.00ASG,O2O2 D_Ash Gray EX,"1,045","1,075",확인
2025-05-11,[55] 접착/ 멸균,P3407A-02.75ASG,O2O2 D_Ash Gray EX,270,710,확인
2025-05-11,[55] 접착/ 멸균,P3407A-07.00ASG,O2O2 D_Ash Gray EX,"1,075","1,120",확인
2025-05-11,[55] 접착/ 멸균,P3407A-02.00ASG,O2O2 D_Ash Gray EX,"1,984","2,080",확인
2025-05-11,[55] 접착/ 멸균,P3405A-04.00SPC,O2O2 D_Sepia Choco EX,"1,765","1,855",확인
2025-05-11,[80] 누수/규격검사,P3405A-04.00SPC,O2O2 D_Sepia Choco EX,"1,610","1,765",확인
2025-05-11,[80] 누수/규격검사,P3407A-02.00ASG,O2O2 D_Ash Gray EX,"1,889","1,984",확인
2025-05-11,[55] 접착/ 멸균,P3407A-04.75ASG,O2O2 D_Ash Gray EX,"1,531","1,605",확인
2025-05-11,[80] 누수/규격검사,P3407A-04.75ASG,O2O2 D_Ash Gray EX,"1,486","1,531",확인
2025-05-11,[80] 누수/규격검사,P3407A-04.75ASG,O2O2 D_Ash Gray EX,729,749,확인
2025-05-11,[55] 접착/ 멸균,P3407A-04.75ASG,O2O2 D_Ash Gray EX,749,885,확인
2025-05-11,[55] 접착/ 멸균,P3407A-03.00ASG,O2O2 D_Ash Gray EX,687,775,확인
2025-05-11,[80] 누수/규격검사,P3407A-03.00ASG,O2O2 D_Ash Gray EX,652,687,확인
2025-05-12,[55] 접착/ 멸균,P3407A-01.50ASG,O2O2 D_Ash Gray EX,"1,348","1,435",확인
2025-05-12,[55] 접착/ 멸균,P3405A-06.50SPC,O2O2 D_Sepia Choco EX,"1,725","1,760",확인
2025-05-12,[55] 접착/ 멸균,P3405A-08.00SPC,O2O2 D_Sepia Choco EX,"1,508","1,560",확인
2025-05-12,[80] 누수/규격검사,P3405A-06.50SPC,O2O2 D_Sepia Choco EX,"1,705","1,725",확인
2025-05-12,[80] 누수/규격검사,P3405A-08.00SPC,O2O2 D_Sepia Choco EX,"1,420","1,440",확인
2025-05-12,[80] 누수/규격검사,P3405A-08.00SPC,O2O2 D_Sepia Choco EX,"1,488","1,508",확인
2025-05-12,[80] 누수/규격검사,P3407A-01.50ASG,O2O2 D_Ash Gray EX,"1,321","1,348",확인
2025-05-12,[55] 접착/ 멸균,P3407A-01.75ASG,O2O2 D_Ash Gray EX,"2,001","2,125",확인
2025-05-12,[80] 누수/규격검사,P3407A-01.75ASG,O2O2 D_Ash Gray EX,"1,134","1,154",확인
2025-05-12,[80] 누수/규격검사,P3407A-01.75ASG,O2O2 D_Ash Gray EX,"1,961","2,001",확인
2025-05-12,[55] 접착/ 멸균,P3407A-01.75ASG,O2O2 D_Ash Gray EX,"1,154","1,205",확인
2025-05-12,[55] 접착/ 멸균,P3405A-08.00SPC,O2O2 D_Sepia Choco EX,"1,440","2,125",확인
2025-05-12,[55] 접착/ 멸균,P3407A-01.75ASG,O2O2 D_Ash Gray EX,"1,538","1,680",확인
2025-05-12,[80] 누수/규격검사,P3405A-00.00SPC,O2O2 D_Sepia Choco EX,"1,669","1,689",확인
2025-05-12,[80] 누수/규격검사,P3405A-01.75SPC,O2O2 D_Sepia Choco EX,"1,458","1,478",확인
2025-05-12,[80] 누수/규격검사,P3405A-01.75SPC,O2O2 D_Sepia Choco EX,"1,944","1,964",확인
2025-05-12,[80] 누수/규격검사,P3405A-02.00SPC,O2O2 D_Sepia Choco EX,"1,377","1,402",확인
2025-05-12,[80] 누수/규격검사,P3405A-02.00SPC,O2O2 D_Sepia Choco EX,"1,650","1,670",확인
2025-05-12,[80] 누수/규격검사,P3405A-02.00SPC,O2O2 D_Sepia Choco EX,"1,861","1,881",확인
2025-05-12,[80] 누수/규격검사,P3405A-02.00SPC,O2O2 D_Sepia Choco EX,"1,877","1,897",확인
2025-05-12,[55] 접착/ 멸균,P3405A-00.00SPC,O2O2 D_Sepia Choco EX,"1,689","1,745",확인
2025-05-12,[80] 누수/규격검사,P3405A-04.25SPC,O2O2 D_Sepia Choco EX,996,"1,021",확인
2025-05-12,[55] 접착/ 멸균,P3405A-01.75SPC,O2O2 D_Sepia Choco EX,"1,964","2,005",확인
2025-05-12,[55] 접착/ 멸균,P3405A-01.75SPC,O2O2 D_Sepia Choco EX,"1,478","1,555",확인
2025-05-12,[55] 접착/ 멸균,P3405A-02.00SPC,O2O2 D_Sepia Choco EX,"1,881","1,930",확인
2025-05-12,[55] 접착/ 멸균,P3405A-02.00SPC,O2O2 D_Sepia Choco EX,"1,670","1,725",확인
2025-05-12,[55] 접착/ 멸균,P3405A-02.00SPC,O2O2 D_Sepia Choco EX,"1,402","1,530",확인
2025-05-12,[55] 접착/ 멸균,P3405A-02.00SPC,O2O2 D_Sepia Choco EX,"1,897","2,020",확인
2025-05-12,[80] 누수/규격검사,P3409A-05.00PIN,O2O2 D_Blending Rose EX,"1,466","1,506",확인
2025-05-12,[80] 누수/규격검사,P3405A-04.50SPC,O2O2 D_Sepia Choco EX,"1,670","1,715",확인
2025-05-12,[80] 누수/규격검사,P3405A-06.00SPC,O2O2 D_Sepia Choco EX,"1,979","1,999",확인
2025-05-12,[55] 접착/ 멸균,P3405A-04.25SPC,O2O2 D_Sepia Choco EX,"1,021","1,050",확인
2025-05-12,[55] 접착/ 멸균,P3408A-00.50BRW,O2O2 D_Blending Hazel EX,519,570,확인
2025-05-12,[55] 접착/ 멸균,P3409A-05.00PIN,O2O2 D_Blending Rose EX,"1,506","1,570",확인
2025-05-12,[55] 접착/ 멸균,P3405A-04.50SPC,O2O2 D_Sepia Choco EX,"1,715","1,740",확인
2025-05-12,[55] 접착/ 멸균,P3405A-04.50SPC,O2O2 D_Sepia Choco EX,979,"1,010",확인
2025-05-12,[55] 접착/ 멸균,P3405A-06.00SPC,O2O2 D_Sepia Choco EX,"1,999","2,070",확인
2025-05-12,[55] 접착/ 멸균,P3405A-04.50SPC,O2O2 D_Sepia Choco EX,"1,016","1,050",확인
2025-05-12,[55] 접착/ 멸균,P3409A-03.25PIN,O2O2 D_Blending Rose EX,820,950,확인
2025-05-12,[55] 접착/ 멸균,P3407A-01.25ASG,O2O2 D_Ash Gray EX,"1,142","1,490",확인
2025-05-12,[55] 접착/ 멸균,P3407A-01.25ASG,O2O2 D_Ash Gray EX,"1,199","1,280",확인
2025-05-12,[80] 누수/규격검사,P3407A-00.00ASG,O2O2 D_Ash Gray EX,"1,119","1,139",확인
2025-05-12,[80] 누수/규격검사,P3407A-00.00ASG,O2O2 D_Ash Gray EX,"1,740","1,790",확인
2025-05-12,[80] 누수/규격검사,P3407A-00.00ASG,O2O2 D_Ash Gray EX,"1,731","1,811",확인
2025-05-12,[80] 누수/규격검사,P3407A-00.00ASG,O2O2 D_Ash Gray EX,"1,383","1,413",확인
2025-05-12,[80] 누수/규격검사,P3407A-00.00ASG,O2O2 D_Ash Gray EX,"1,057","1,087",확인
2025-05-12,[80] 누수/규격검사,P3407A-00.00ASG,O2O2 D_Ash Gray EX,"1,005","1,025",확인
2025-05-12,[80] 누수/규격검사,P3407A-00.00ASG,O2O2 D_Ash Gray EX,807,827,확인
2025-05-12,[80] 누수/규격검사,P3407A-00.00ASG,O2O2 D_Ash Gray EX,882,917,확인
2025-05-12,[80] 누수/규격검사,P3407A-00.00ASG,O2O2 D_Ash Gray EX,"1,286","1,336",확인
2025-05-12,[80] 누수/규격검사,P3407A-00.00ASG,O2O2 D_Ash Gray EX,"1,761","1,846",확인
2025-05-12,[80] 누수/규격검사,P3407A-00.00ASG,O2O2 D_Ash Gray EX,"1,520","1,555",확인
2025-05-12,[80] 누수/규격검사,P3407A-00.00ASG,O2O2 D_Ash Gray EX,"1,709","1,729",확인
2025-05-12,[80] 누수/규격검사,P3407A-00.00ASG,O2O2 D_Ash Gray EX,847,867,확인
2025-05-12,[80] 누수/규격검사,P3407A-00.00ASG,O2O2 D_Ash Gray EX,"1,746","1,766",확인
2025-05-12,[80] 누수/규격검사,P3407A-00.00ASG,O2O2 D_Ash Gray EX,"1,619","1,662",확인
2025-05-12,[55] 접착/ 멸균,P3407A-00.00ASG,O2O2 D_Ash Gray EX,"1,729","1,825",확인
2025-05-12,[55] 접착/ 멸균,P3407A-00.00ASG,O2O2 D_Ash Gray EX,867,915,확인
2025-05-12,[55] 접착/ 멸균,P3407A-00.00ASG,O2O2 D_Ash Gray EX,"1,336","1,390",확인
2025-05-12,[55] 접착/ 멸균,P3407A-00.00ASG,O2O2 D_Ash Gray EX,"1,535","1,690",확인
2025-05-12,[55] 접착/ 멸균,P3407A-00.00ASG,O2O2 D_Ash Gray EX,"1,811","1,875",확인
2025-05-12,[55] 접착/ 멸균,P3407A-00.00ASG,O2O2 D_Ash Gray EX,"1,496","1,630",확인
2025-05-12,[55] 접착/ 멸균,P3407A-00.00ASG,O2O2 D_Ash Gray EX,"1,139","1,210",확인
2025-05-12,[55] 접착/ 멸균,P3407A-00.00ASG,O2O2 D_Ash Gray EX,"1,766","1,885",확인
2025-05-12,[55] 접착/ 멸균,P3407A-00.00ASG,O2O2 D_Ash Gray EX,"1,323","1,385",확인
2025-05-12,[55] 접착/ 멸균,P3407A-00.00ASG,O2O2 D_Ash Gray EX,"1,282","1,375",확인
2025-05-12,[55] 접착/ 멸균,P3407A-00.00ASG,O2O2 D_Ash Gray EX,"1,025","1,185",확인
2025-05-12,[55] 접착/ 멸균,P3407A-00.00ASG,O2O2 D_Ash Gray EX,"1,285","1,364",확인
2025-05-12,[80] 누수/규격검사,P3405A-05.00SPC,O2O2 D_Sepia Choco EX,"1,418","1,438",확인
2025-05-12,[55] 접착/ 멸균,P3407A-00.00ASG,O2O2 D_Ash Gray EX,"1,411","1,475",확인
2025-05-12,[55] 접착/ 멸균,P3407A-00.00ASG,O2O2 D_Ash Gray EX,"1,413","1,510",확인
2025-05-12,[55] 접착/ 멸균,P3407A-00.00ASG,O2O2 D_Ash Gray EX,917,"1,030",확인
2025-05-12,[55] 접착/ 멸균,P3407A-00.00ASG,O2O2 D_Ash Gray EX,"1,103","1,170",확인
2025-05-12,[55] 접착/ 멸균,P3407A-00.00ASG,O2O2 D_Ash Gray EX,"1,846","1,885",확인
2025-05-12,[55] 접착/ 멸균,P3407A-00.00ASG,O2O2 D_Ash Gray EX,"1,087","1,120",확인
2025-05-12,[55] 접착/ 멸균,P3407A-00.00ASG,O2O2 D_Ash Gray EX,827,895,확인
2025-05-12,[55] 접착/ 멸균,P3407A-00.00ASG,O2O2 D_Ash Gray EX,"1,865","2,022",확인
2025-05-12,[55] 접착/ 멸균,P3409A-03.00PIN,O2O2 D_Blending Rose EX,870,920,확인
2025-05-12,[55] 접착/ 멸균,P3409A-03.00PIN,O2O2 D_Blending Rose EX,978,"1,025",확인
2025-05-12,[80] 누수/규격검사,P3409A-03.00PIN,O2O2 D_Blending Rose EX,850,870,확인
2025-05-12,[55] 접착/ 멸균,P3405A-05.00SPC,O2O2 D_Sepia Choco EX,"1,438","1,510",확인
2025-05-12,[55] 접착/ 멸균,P3407A-00.00ASG,O2O2 D_Ash Gray EX,"1,555","1,645",확인
2025-05-12,[55] 접착/ 멸균,P3407A-00.00ASG,O2O2 D_Ash Gray EX,"1,685","1,730",확인
2025-05-12,[55] 접착/ 멸균,P3407A-00.00ASG,O2O2 D_Ash Gray EX,943,975,확인
2025-05-12,[55] 접착/ 멸균,P3407A-00.00ASG,O2O2 D_Ash Gray EX,"1,790","1,890",확인
2025-05-12,[55] 접착/ 멸균,P3407A-00.00ASG,O2O2 D_Ash Gray EX,"1,390","1,460",확인
2025-05-12,[80] 누수/규격검사,P3407A-01.25ASG,O2O2 D_Ash Gray EX,"1,107","1,142",확인
2025-05-12,[80] 누수/규격검사,P3407A-01.25ASG,O2O2 D_Ash Gray EX,"1,154","1,199",확인
2025-05-12,[80] 누수/규격검사,P3407A-03.25ASG,O2O2 D_Ash Gray EX,"1,730","1,755",확인
2025-05-12,[55] 접착/ 멸균,P3409A-03.00PIN,O2O2 D_Blending Rose EX,"1,006","1,035",확인
2025-05-12,[80] 누수/규격검사,P3409A-03.25PIN,O2O2 D_Blending Rose EX,800,820,확인
2025-05-12,[55] 접착/ 멸균,P3407A-03.25ASG,O2O2 D_Ash Gray EX,"1,755","1,800",확인
2025-05-12,[55] 접착/ 멸균,P3406A-03.00ASB,O2O2 D_Ash Brown EX,"1,552","1,630",확인
2025-05-12,[55] 접착/ 멸균,P3406A-03.00ASB,O2O2 D_Ash Brown EX,"1,373","1,485",확인
2025-05-12,[55] 접착/ 멸균,P3406A-03.00ASB,O2O2 D_Ash Brown EX,"1,482","1,520",확인
2025-05-12,[55] 접착/ 멸균,P3406A-02.75ASB,O2O2 D_Ash Brown EX,"1,712","1,790",확인
2025-05-12,[80] 누수/규격검사,P3405A-02.75SPC,O2O2 D_Sepia Choco EX,881,901,확인
2025-05-12,[80] 누수/규격검사,P3406A-02.75ASB,O2O2 D_Ash Brown EX,"1,692","1,712",확인
2025-05-12,[55] 접착/ 멸균,P3405A-02.75SPC,O2O2 D_Sepia Choco EX,901,965,확인
2025-05-12,[55] 접착/ 멸균,P3407A-07.00ASG,O2O2 D_Ash Gray EX,"1,526","1,570",확인
2025-05-12,[80] 누수/규격검사,P3405A-03.75SPC,O2O2 D_Sepia Choco EX,"1,386","1,406",확인
2025-05-12,[55] 접착/ 멸균,P3407A-02.00ASG,O2O2 D_Ash Gray EX,"1,859","2,045",확인
2025-05-12,[55] 접착/ 멸균,P3405A-03.75SPC,O2O2 D_Sepia Choco EX,"1,406","1,525",확인
2025-05-12,[55] 접착/ 멸균,P3409A-04.25PIN,O2O2 D_Blending Rose EX,"1,335","1,405",확인
2025-05-12,[80] 누수/규격검사,P3407A-02.00ASG,O2O2 D_Ash Gray EX,"1,824","1,859",확인
2025-05-12,[55] 접착/ 멸균,P3407A-04.75ASG,O2O2 D_Ash Gray EX,"1,291","1,350",확인
2025-05-12,[80] 누수/규격검사,P3407A-04.75ASG,O2O2 D_Ash Gray EX,"1,246","1,291",확인
2025-05-12,[80] 누수/규격검사,P3408A-00.00BRW,O2O2 D_Blending Hazel EX,954,974,확인
2025-05-12,[80] 누수/규격검사,P3408A-00.00BRW,O2O2 D_Blending Hazel EX,578,623,확인
2025-05-12,[80] 누수/규격검사,P3408A-00.00BRW,O2O2 D_Blending Hazel EX,732,752,확인
2025-05-12,[55] 접착/ 멸균,P3408A-00.00BRW,O2O2 D_Blending Hazel EX,400,450,확인
2025-05-12,[55] 접착/ 멸균,P3408A-00.00BRW,O2O2 D_Blending Hazel EX,932,"1,000",확인
2025-05-12,[55] 접착/ 멸균,P3408A-00.00BRW,O2O2 D_Blending Hazel EX,623,745,확인
2025-05-12,[55] 접착/ 멸균,P3408A-00.00BRW,O2O2 D_Blending Hazel EX,651,705,확인
2025-05-12,[55] 접착/ 멸균,P3408A-00.00BRW,O2O2 D_Blending Hazel EX,824,870,확인
2025-05-12,[55] 접착/ 멸균,P3408A-00.00BRW,O2O2 D_Blending Hazel EX,752,775,확인
2025-05-12,[55] 접착/ 멸균,P3408A-00.00BRW,O2O2 D_Blending Hazel EX,813,845,확인
2025-05-12,[55] 접착/ 멸균,P3408A-00.00BRW,O2O2 D_Blending Hazel EX,974,995,확인
2025-05-12,[80] 누수/규격검사,P3406A-02.50ASB,O2O2 D_Ash Brown EX,"1,773","1,793",확인
2025-05-12,[55] 접착/ 멸균,P3407A-03.00ASG,O2O2 D_Ash Gray EX,687,745,확인
2025-05-12,[55] 접착/ 멸균,P3406A-02.50ASB,O2O2 D_Ash Brown EX,"1,793","1,915",확인
2025-05-12,[55] 접착/ 멸균,P3405A-07.50SPC,O2O2 D_Sepia Choco EX,"1,184","1,235",확인
2025-05-12,[55] 접착/ 멸균,P3405A-07.50SPC,O2O2 D_Sepia Choco EX,"1,338","1,425",확인
2025-05-12,[80] 누수/규격검사,P3405A-01.25SPC,O2O2 D_Sepia Choco EX,"1,719","1,759",확인
2025-05-12,[55] 접착/ 멸균,P3409A-00.75PIN,O2O2 D_Blending Rose EX,"1,534","1,605",확인
2025-05-12,[80] 누수/규격검사,P3409A-00.00PIN,O2O2 D_Blending Rose EX,"1,947","1,972",확인
2025-05-12,[80] 누수/규격검사,P3409A-00.75PIN,O2O2 D_Blending Rose EX,"1,514","1,534",확인
2025-05-12,[55] 접착/ 멸균,P3405A-01.25SPC,O2O2 D_Sepia Choco EX,"1,759","1,815",확인
2025-05-12,[80] 누수/규격검사,P3405A-07.50SPC,O2O2 D_Sepia Choco EX,"1,318","1,338",확인
2025-05-12,[80] 누수/규격검사,P3405A-07.50SPC,O2O2 D_Sepia Choco EX,"1,164","1,184",확인
2025-05-12,[80] 누수/규격검사,P3405A-07.50SPC,O2O2 D_Sepia Choco EX,"1,344","1,364",확인
2025-05-12,[55] 접착/ 멸균,P3405A-07.50SPC,O2O2 D_Sepia Choco EX,"1,364","1,420",확인
2025-05-12,[55] 접착/ 멸균,P3405A-07.50SPC,O2O2 D_Sepia Choco EX,"1,230","1,515",확인
2025-05-12,[55] 접착/ 멸균,P3407A-06.50ASG,O2O2 D_Ash Gray EX,"1,517","1,620",확인
2025-05-12,[55] 접착/ 멸균,P3409A-00.00PIN,O2O2 D_Blending Rose EX,"1,972","2,125",확인
2025-05-12,[55] 접착/ 멸균,P3409A-00.00PIN,O2O2 D_Blending Rose EX,"2,028","2,155",확인
2025-05-13,[80] 누수/규격검사,P3407A-01.75ASG,O2O2 D_Ash Gray EX,"1,518","1,538",확인
2025-05-13,[20] 분리,Q3405-01.50SPC,O2O2 D_Sepia Choco EX,"1,294","2,416",확인
2025-05-13,[20] 분리,Q3405-01.75SPC,O2O2 D_Sepia Choco EX,"1,684","2,416",확인
2025-05-13,[20] 분리,Q3405-01.75SPC,O2O2 D_Sepia Choco EX,"1,962","2,416",확인
2025-05-13,[20] 분리,Q3405-01.75SPC,O2O2 D_Sepia Choco EX,"1,519","2,416",확인
2025-05-13,[20] 분리,Q3405-01.75SPC,O2O2 D_Sepia Choco EX,"1,625","2,416",확인
2025-05-13,[80] 누수/규격검사,P3405A-04.50SPC,O2O2 D_Sepia Choco EX,989,"1,016",확인
2025-05-13,[80] 누수/규격검사,P3405A-04.50SPC,O2O2 D_Sepia Choco EX,959,979,확인
2025-05-13,[55] 접착/ 멸균,P3408A-00.50BRW,O2O2 D_Blending Hazel EX,667,710,확인
2025-05-13,[80] 누수/규격검사,P3408A-00.50BRW,O2O2 D_Blending Hazel EX,647,667,확인
2025-05-13,[80] 누수/규격검사,P3408A-00.50BRW,O2O2 D_Blending Hazel EX,499,519,확인
2025-05-13,[55] 접착/ 멸균,P3409A-03.25PIN,O2O2 D_Blending Rose EX,866,900,확인
2025-05-13,[80] 누수/규격검사,P3409A-03.25PIN,O2O2 D_Blending Rose EX,846,866,확인
2025-05-13,[55] 접착/ 멸균,P3407A-00.00ASG,O2O2 D_Ash Gray EX,"1,242","1,315",확인
2025-05-13,[80] 누수/규격검사,P3407A-00.00ASG,O2O2 D_Ash Gray EX,"1,472","1,535",확인
2025-05-13,[80] 누수/규격검사,P3407A-00.00ASG,O2O2 D_Ash Gray EX,"1,067","1,103",확인
2025-05-13,[80] 누수/규격검사,P3407A-00.00ASG,O2O2 D_Ash Gray EX,"1,262","1,282",확인
2025-05-13,[80] 누수/규격검사,P3407A-00.00ASG,O2O2 D_Ash Gray EX,"1,446","1,496",확인
2025-05-13,[80] 누수/규격검사,P3407A-00.00ASG,O2O2 D_Ash Gray EX,"1,178","1,242",확인
2025-05-13,[80] 누수/규격검사,P3407A-00.00ASG,O2O2 D_Ash Gray EX,"1,143","1,173",확인
2025-05-13,[80] 누수/규격검사,P3407A-00.00ASG,O2O2 D_Ash Gray EX,"1,371","1,411",확인
2025-05-13,[80] 누수/규격검사,P3407A-00.00ASG,O2O2 D_Ash Gray EX,"1,265","1,285",확인
2025-05-13,[80] 누수/규격검사,P3407A-00.00ASG,O2O2 D_Ash Gray EX,"1,370","1,390",확인
2025-05-13,[80] 누수/규격검사,P3407A-00.00ASG,O2O2 D_Ash Gray EX,"1,165","1,323",확인
2025-05-13,[80] 누수/규격검사,P3407A-00.00ASG,O2O2 D_Ash Gray EX,923,943,확인
2025-05-13,[80] 누수/규격검사,P3407A-00.00ASG,O2O2 D_Ash Gray EX,"1,650","1,685",확인
2025-05-13,[55] 접착/ 멸균,P3407A-00.00ASG,O2O2 D_Ash Gray EX,"1,173","1,475",확인
2025-05-13,[80] 누수/규격검사,P3407A-00.00ASG,O2O2 D_Ash Gray EX,"1,845","1,865",확인
2025-05-13,[55] 접착/ 멸균,P3409A-03.00PIN,O2O2 D_Blending Rose EX,927,965,확인
2025-05-13,[80] 누수/규격검사,P3409A-03.00PIN,O2O2 D_Blending Rose EX,958,978,확인
2025-05-13,[80] 누수/규격검사,P3409A-03.00PIN,O2O2 D_Blending Rose EX,986,"1,006",확인
2025-05-13,[80] 누수/규격검사,P3409A-03.00PIN,O2O2 D_Blending Rose EX,907,927,확인
2025-05-13,[80] 누수/규격검사,P3406A-03.00ASB,O2O2 D_Ash Brown EX,"1,462","1,482",확인
2025-05-13,[80] 누수/규격검사,P3406A-03.00ASB,O2O2 D_Ash Brown EX,"1,457","1,552",확인
2025-05-13,[80] 누수/규격검사,P3406A-03.00ASB,O2O2 D_Ash Brown EX,"1,323","1,373",확인
2025-05-13,[20] 분리,Q3405-02.00SPC,O2O2 D_Sepia Choco EX,"1,862","2,416",확인
2025-05-13,[20] 분리,Q3405-02.00SPC,O2O2 D_Sepia Choco EX,"1,901","2,416",확인
2025-05-13,[55] 접착/ 멸균,P3409A-03.50PIN,O2O2 D_Blending Rose EX,0,"1,075",확인
2025-05-13,[80] 누수/규격검사,P3407A-07.00ASG,O2O2 D_Ash Gray EX,"1,506","1,526",확인
2025-05-13,[80] 누수/규격검사,P3408A-00.00BRW,O2O2 D_Blending Hazel EX,789,824,확인
2025-05-13,[80] 누수/규격검사,P3408A-00.00BRW,O2O2 D_Blending Hazel EX,793,813,확인
2025-05-13,[55] 접착/ 멸균,P3408A-00.00BRW,O2O2 D_Blending Hazel EX,750,780,확인
2025-05-13,[80] 누수/규격검사,P3409A-04.25PIN,O2O2 D_Blending Rose EX,"1,315","1,335",확인
2025-05-13,[55] 접착/ 멸균,P3408A-00.00BRW,O2O2 D_Blending Hazel EX,724,755,확인
2025-05-13,[80] 누수/규격검사,P3408A-00.00BRW,O2O2 D_Blending Hazel EX,912,932,확인
2025-05-13,[55] 접착/ 멸균,P3408A-00.00BRW,O2O2 D_Blending Hazel EX,712,760,확인
2025-05-13,[80] 누수/규격검사,P3408A-00.00BRW,O2O2 D_Blending Hazel EX,704,724,확인
2025-05-13,[80] 누수/규격검사,P3408A-00.00BRW,O2O2 D_Blending Hazel EX,720,750,확인
2025-05-13,[80] 누수/규격검사,P3408A-00.00BRW,O2O2 D_Blending Hazel EX,677,712,확인
2025-05-13,[80] 누수/규격검사,P3408A-00.00BRW,O2O2 D_Blending Hazel EX,631,651,확인
2025-05-13,[80] 누수/규격검사,P3408A-00.00BRW,O2O2 D_Blending Hazel EX,395,400,확인
2025-05-13,[80] 누수/규격검사,P3407A-03.00ASG,O2O2 D_Ash Gray EX,667,687,확인
2025-05-13,[80] 누수/규격검사,P3409A-00.00PIN,O2O2 D_Blending Rose EX,"2,008","2,028",확인
2025-05-13,[80] 누수/규격검사,P3405A-01.25SPC,O2O2 D_Sepia Choco EX,"1,625","1,650",확인
2025-05-13,[55] 접착/ 멸균,P3405A-01.25SPC,O2O2 D_Sepia Choco EX,"1,650","1,720",확인
2025-05-13,[80] 누수/규격검사,P3405A-07.50SPC,O2O2 D_Sepia Choco EX,"1,210","1,230",확인
2025-05-13,[80] 누수/규격검사,P3407A-06.50ASG,O2O2 D_Ash Gray EX,"1,307","1,517",확인
2025-05-20,[45] 하이드레이션/전면검사,P3407A-00.00ASG,O2O2 D_Ash Gray EX,"1,895","1,922",확인
2025-05-20,[45] 하이드레이션/전면검사,P3407A-04.25ASG,O2O2 D_Ash Gray EX,"1,865","1,899",확인
2025-05-20,[45] 하이드레이션/전면검사,P3406A-02.25ASB,O2O2 D_Ash Brown EX,"2,005","2,009",확인
2025-05-20,[45] 하이드레이션/전면검사,P3406A-07.50ASB,O2O2 D_Ash Brown EX,"2,005","2,010",확인
2025-05-21,[45] 하이드레이션/전면검사,P3407A-01.50ASG,O2O2 D_Ash Gray EX,"1,740","1,761",확인
2025-05-21,[45] 하이드레이션/전면검사,P3407A-04.00ASG,O2O2 D_Ash Gray EX,"2,095","2,104",확인
2025-05-21,[45] 하이드레이션/전면검사,P3407A-04.00ASG,O2O2 D_Ash Gray EX,"1,800","1,808",확인
2025-05-21,[45] 하이드레이션/전면검사,P3407A-04.00ASG,O2O2 D_Ash Gray EX,"1,730","1,746",확인
2025-05-21,[45] 하이드레이션/전면검사,P3407A-04.00ASG,O2O2 D_Ash Gray EX,"1,930","1,936",확인
2025-05-21,[45] 하이드레이션/전면검사,P3407A-04.00ASG,O2O2 D_Ash Gray EX,"2,065","2,072",확인
2025-05-21,[45] 하이드레이션/전면검사,P3407A-04.00ASG,O2O2 D_Ash Gray EX,"1,470","1,488",확인
2025-05-21,[55] 접착/ 멸균,P3405A-02.00SPC,O2O2 D_Sepia Choco EX,"1,422","1,890",확인
2025-05-21,[45] 하이드레이션/전면검사,P3406A-05.00ASB,O2O2 D_Ash Brown EX,790,792,확인
2025-05-21,[45] 하이드레이션/전면검사,P3405A-01.75SPC,O2O2 D_Sepia Choco EX,"1,510","1,519",확인
2025-05-21,[45] 하이드레이션/전면검사,P3405A-02.00SPC,O2O2 D_Sepia Choco EX,"1,890","1,901",확인
2025-05-21,[45] 하이드레이션/전면검사,P3406A-05.50ASB,O2O2 D_Ash Brown EX,795,795,확인
2025-05-21,[45] 하이드레이션/전면검사,P3406A-05.50ASB,O2O2 D_Ash Brown EX,940,957,확인
2025-05-21,[45] 하이드레이션/전면검사,P3407A-03.75ASG,O2O2 D_Ash Gray EX,"1,930","1,934",확인
2025-05-21,[45] 하이드레이션/전면검사,P3407A-04.25ASG,O2O2 D_Ash Gray EX,"1,950","1,972",확인
2025-05-21,[45] 하이드레이션/전면검사,P3407A-04.25ASG,O2O2 D_Ash Gray EX,"2,040","2,050",확인
2025-05-21,[45] 하이드레이션/전면검사,P3407A-04.25ASG,O2O2 D_Ash Gray EX,"1,965","1,966",확인
2025-05-21,[45] 하이드레이션/전면검사,P3407A-04.25ASG,O2O2 D_Ash Gray EX,"2,190","2,190",확인
2025-05-21,[45] 하이드레이션/전면검사,P3406A-02.25ASB,O2O2 D_Ash Brown EX,"1,975","1,979",확인
2025-05-21,[45] 하이드레이션/전면검사,P3406A-04.75ASB,O2O2 D_Ash Brown EX,825,828,확인
2025-05-22,[55] 접착/ 멸균,P3407A-01.50ASG,O2O2 D_Ash Gray EX,992,"1,740",확인
2025-05-22,[80] 누수/규격검사,P3407A-04.00ASG,O2O2 D_Ash Gray EX,"1,920","1,945",확인
2025-05-22,[80] 누수/규격검사,P3407A-04.00ASG,O2O2 D_Ash Gray EX,"1,597","1,617",확인
2025-05-22,[80] 누수/규격검사,P3407A-04.00ASG,O2O2 D_Ash Gray EX,"1,402","1,422",확인
2025-05-22,[80] 누수/규격검사,P3407A-04.00ASG,O2O2 D_Ash Gray EX,"1,911","1,936",확인
2025-05-22,[55] 접착/ 멸균,P3407A-04.00ASG,O2O2 D_Ash Gray EX,"1,617","1,730",확인
2025-05-22,[55] 접착/ 멸균,P3407A-04.00ASG,O2O2 D_Ash Gray EX,"1,422","1,470",확인
2025-05-22,[55] 접착/ 멸균,P3407A-04.00ASG,O2O2 D_Ash Gray EX,"1,936","2,065",확인
2025-05-22,[55] 접착/ 멸균,P3407A-04.00ASG,O2O2 D_Ash Gray EX,"1,945","2,095",확인
2025-05-22,[80] 누수/규격검사,P3405A-02.00SPC,O2O2 D_Sepia Choco EX,"1,364","1,422",확인
2025-05-22,[45] 하이드레이션/전면검사,P3405A-02.00SPC,O2O2 D_Sepia Choco EX,"1,850","1,862",확인
2025-05-22,[45] 하이드레이션/전면검사,P3407A-00.00ASG,O2O2 D_Ash Gray EX,"1,875","1,943",확인
2025-05-22,[45] 하이드레이션/전면검사,P3407A-00.00ASG,O2O2 D_Ash Gray EX,"1,635","1,645",확인
2025-05-22,[55] 접착/ 멸균,P3407A-00.00ASG,O2O2 D_Ash Gray EX,"1,262","1,895",확인
2025-05-22,[80] 누수/규격검사,P3407A-00.00ASG,O2O2 D_Ash Gray EX,"1,242","1,262",확인
2025-05-22,[80] 누수/규격검사,P3407A-04.25ASG,O2O2 D_Ash Gray EX,"1,880","1,900",확인
2025-05-22,[80] 누수/규격검사,P3407A-04.25ASG,O2O2 D_Ash Gray EX,"1,160","1,180",확인
2025-05-22,[45] 하이드레이션/전면검사,P3406A-07.00ASB,O2O2 D_Ash Brown EX,"1,670","1,685",확인
2025-05-22,[80] 누수/규격검사,P3407A-04.25ASG,O2O2 D_Ash Gray EX,"2,031","2,061",확인
2025-05-22,[55] 접착/ 멸균,P3407A-04.25ASG,O2O2 D_Ash Gray EX,"2,061","2,190",확인
2025-05-22,[55] 접착/ 멸균,P3407A-04.25ASG,O2O2 D_Ash Gray EX,"1,900","2,040",확인
2025-05-22,[55] 접착/ 멸균,P3407A-04.25ASG,O2O2 D_Ash Gray EX,"1,180","1,950",확인
2025-05-22,[45] 하이드레이션/전면검사,P3407A-03.75ASG,O2O2 D_Ash Gray EX,"1,850","1,852",확인
2025-05-22,[45] 하이드레이션/전면검사,P3407A-03.75ASG,O2O2 D_Ash Gray EX,"1,755","1,764",확인
2025-05-22,[45] 하이드레이션/전면검사,P3407A-03.75ASG,O2O2 D_Ash Gray EX,"1,570","1,572",확인
2025-05-22,[45] 하이드레이션/전면검사,P3407A-04.25ASG,O2O2 D_Ash Gray EX,"1,610","1,618",확인
2025-05-22,[45] 하이드레이션/전면검사,P3407A-04.25ASG,O2O2 D_Ash Gray EX,"1,730","1,735",확인
2025-05-22,[45] 하이드레이션/전면검사,P3407A-04.25ASG,O2O2 D_Ash Gray EX,"2,090","2,100",확인
2025-05-22,[80] 누수/규격검사,P3406A-02.25ASB,O2O2 D_Ash Brown EX,"1,886","1,906",확인
2025-05-22,[55] 접착/ 멸균,P3406A-02.25ASB,O2O2 D_Ash Brown EX,"1,906","1,975",확인
2025-05-22,[55] 접착/ 멸균,P3406A-07.50ASB,O2O2 D_Ash Brown EX,"1,951","2,005",확인
2025-05-22,[80] 누수/규격검사,P3406A-07.50ASB,O2O2 D_Ash Brown EX,"1,931","1,951",확인
2025-05-22,[45] 하이드레이션/전면검사,P3407A-02.00ASG,O2O2 D_Ash Gray EX,"2,015","2,033",확인
2025-05-22,[80] 누수/규격검사,P3407A-02.00ASG,O2O2 D_Ash Gray EX,"1,822","1,872",확인
2025-05-22,[55] 접착/ 멸균,P3407A-02.00ASG,O2O2 D_Ash Gray EX,"1,872","2,015",확인
2025-05-22,[45] 하이드레이션/전면검사,P3406A-04.50ASB,O2O2 D_Ash Brown EX,"1,920","1,929",확인
2025-05-22,[45] 하이드레이션/전면검사,P3406A-06.00ASB,O2O2 D_Ash Brown EX,"2,140","2,147",확인
2025-05-22,[45] 하이드레이션/전면검사,P3407A-03.50ASG,O2O2 D_Ash Gray EX,"2,080","2,083",확인
2025-05-22,[45] 하이드레이션/전면검사,P3406A-10.00ASB,O2O2 D_Ash Brown EX,"2,000","2,006",확인
2025-05-23,[45] 하이드레이션/전면검사,P3407A-01.50ASG,O2O2 D_Ash Gray EX,"1,135","1,139",확인
2025-05-23,[45] 하이드레이션/전면검사,P3407A-01.75ASG,O2O2 D_Ash Gray EX,"1,215","1,223",확인
2025-05-23,[80] 누수/규격검사,P3407A-01.50ASG,O2O2 D_Ash Gray EX,972,992,확인
2025-05-23,[45] 하이드레이션/전면검사,P3407A-04.00ASG,O2O2 D_Ash Gray EX,"1,170","1,179",확인
2025-05-23,[55] 접착/ 멸균,P3407A-04.00ASG,O2O2 D_Ash Gray EX,"1,852","1,930",확인
2025-05-23,[55] 접착/ 멸균,P3405A-02.00SPC,O2O2 D_Sepia Choco EX,"1,713","1,850",확인
2025-05-23,[45] 하이드레이션/전면검사,P3405A-01.50SPC,O2O2 D_Sepia Choco EX,"1,285","1,294",확인
2025-05-23,[80] 누수/규격검사,P3405A-02.00SPC,O2O2 D_Sepia Choco EX,"1,693","1,713",확인
2025-05-23,[45] 하이드레이션/전면검사,P3406A-05.00ASB,O2O2 D_Ash Brown EX,875,876,확인
2025-05-23,[45] 하이드레이션/전면검사,P3406A-05.00ASB,O2O2 D_Ash Brown EX,"1,055","1,059",확인
2025-05-23,[45] 하이드레이션/전면검사,P3406A-05.50ASB,O2O2 D_Ash Brown EX,960,961,확인
2025-05-23,[45] 하이드레이션/전면검사,P3405A-01.75SPC,O2O2 D_Sepia Choco EX,"1,680","1,684",확인
2025-05-23,[45] 하이드레이션/전면검사,P3405A-01.75SPC,O2O2 D_Sepia Choco EX,"1,960","1,962",확인
2025-05-23,[80] 누수/규격검사,P3406A-05.50ASB,O2O2 D_Ash Brown EX,"1,802","1,822",확인
2025-05-23,[45] 하이드레이션/전면검사,P3408A-00.50BRW,O2O2 D_Blending Hazel EX,615,620,확인
2025-05-23,[80] 누수/규격검사,P3406A-05.50ASB,O2O2 D_Ash Brown EX,741,761,확인
2025-05-23,[80] 누수/규격검사,P3406A-07.00ASB,O2O2 D_Ash Brown EX,"1,575","1,595",확인
2025-05-23,[55] 접착/ 멸균,P3406A-05.00ASB,O2O2 D_Ash Brown EX,"1,003","1,055",확인
2025-05-23,[55] 접착/ 멸균,P3406A-05.50ASB,O2O2 D_Ash Brown EX,"1,822","1,900",확인
2025-05-23,[55] 접착/ 멸균,P3406A-05.50ASB,O2O2 D_Ash Brown EX,761,795,확인
2025-05-23,[55] 접착/ 멸균,P3406A-07.00ASB,O2O2 D_Ash Brown EX,"1,595","1,670",확인
2025-05-23,[45] 하이드레이션/전면검사,P3407A-00.00ASG,O2O2 D_Ash Gray EX,"1,270","1,281",확인
2025-05-23,[45] 하이드레이션/전면검사,P3407A-00.00ASG,O2O2 D_Ash Gray EX,"1,070","1,114",확인
2025-05-23,[45] 하이드레이션/전면검사,P3407A-00.00ASG,O2O2 D_Ash Gray EX,"1,320","1,346",확인
2025-05-23,[45] 하이드레이션/전면검사,P3407A-00.00ASG,O2O2 D_Ash Gray EX,735,742,확인
2025-05-23,[45] 하이드레이션/전면검사,P3407A-00.00ASG,O2O2 D_Ash Gray EX,"1,405","1,419",확인
2025-05-23,[45] 하이드레이션/전면검사,P3407A-00.00ASG,O2O2 D_Ash Gray EX,"1,120","1,131",확인
2025-05-23,[45] 하이드레이션/전면검사,P3407A-00.00ASG,O2O2 D_Ash Gray EX,"1,065","1,124",확인
2025-05-23,[45] 하이드레이션/전면검사,P3407A-00.00ASG,O2O2 D_Ash Gray EX,955,"1,043",확인
2025-05-23,[45] 하이드레이션/전면검사,P3407A-00.00ASG,O2O2 D_Ash Gray EX,"1,195","1,225",확인
2025-05-23,[45] 하이드레이션/전면검사,P3407A-00.00ASG,O2O2 D_Ash Gray EX,"1,555","1,594",확인
2025-05-23,[45] 하이드레이션/전면검사,P3407A-00.00ASG,O2O2 D_Ash Gray EX,"1,075","1,099",확인
2025-05-23,[45] 하이드레이션/전면검사,P3407A-00.00ASG,O2O2 D_Ash Gray EX,"1,460","1,476",확인
2025-05-23,[45] 하이드레이션/전면검사,P3407A-00.00ASG,O2O2 D_Ash Gray EX,"1,350","1,373",확인
2025-05-23,[45] 하이드레이션/전면검사,P3407A-00.00ASG,O2O2 D_Ash Gray EX,"1,810","1,835",확인
2025-05-23,[55] 접착/ 멸균,P3407A-00.00ASG,O2O2 D_Ash Gray EX,"1,489","1,555",확인
2025-05-23,[80] 누수/규격검사,P3407A-00.00ASG,O2O2 D_Ash Gray EX,"1,117","1,137",확인
2025-05-23,[55] 접착/ 멸균,P3407A-00.00ASG,O2O2 D_Ash Gray EX,"1,774","1,810",확인
2025-05-23,[55] 접착/ 멸균,P3407A-00.00ASG,O2O2 D_Ash Gray EX,"1,137","1,195",확인
2025-05-23,[55] 접착/ 멸균,P3407A-03.75ASG,O2O2 D_Ash Gray EX,"1,820","1,930",확인
2025-05-23,[80] 누수/규격검사,P3407A-03.75ASG,O2O2 D_Ash Gray EX,"1,719","1,739",확인
2025-05-23,[80] 누수/규격검사,P3407A-03.75ASG,O2O2 D_Ash Gray EX,"1,643","1,668",확인
2025-05-23,[80] 누수/규격검사,P3407A-03.75ASG,O2O2 D_Ash Gray EX,"1,800","1,820",확인
2025-05-23,[80] 누수/규격검사,P3407A-03.75ASG,O2O2 D_Ash Gray EX,"1,500","1,520",확인
2025-05-23,[55] 접착/ 멸균,P3407A-03.75ASG,O2O2 D_Ash Gray EX,"1,520","1,570",확인
2025-05-23,[55] 접착/ 멸균,P3407A-03.75ASG,O2O2 D_Ash Gray EX,"1,668","1,755",확인
2025-05-23,[80] 누수/규격검사,P3407A-04.25ASG,O2O2 D_Ash Gray EX,"1,835","1,855",확인
2025-05-23,[80] 누수/규격검사,P3407A-04.25ASG,O2O2 D_Ash Gray EX,"1,680","1,725",확인
2025-05-23,[80] 누수/규격검사,P3407A-04.25ASG,O2O2 D_Ash Gray EX,"1,636","1,671",확인
2025-05-23,[45] 하이드레이션/전면검사,P3406A-05.50ASB,O2O2 D_Ash Brown EX,"1,900","1,909",확인
2025-05-23,[45] 하이드레이션/전면검사,P3406A-07.00ASB,O2O2 D_Ash Brown EX,"1,910","1,925",확인
2025-05-23,[45] 하이드레이션/전면검사,P3406A-07.00ASB,O2O2 D_Ash Brown EX,835,"1,154",확인
2025-05-23,[80] 누수/규격검사,P3407A-04.25ASG,O2O2 D_Ash Gray EX,"1,778","1,798",확인
2025-05-23,[55] 접착/ 멸균,P3407A-00.00ASG,O2O2 D_Ash Gray EX,"1,432","1,460",확인
2025-05-23,[55] 접착/ 멸균,P3407A-00.00ASG,O2O2 D_Ash Gray EX,"1,565","1,635",확인
2025-05-23,[55] 접착/ 멸균,P3407A-03.75ASG,O2O2 D_Ash Gray EX,"1,739","1,850",확인
2025-05-23,[55] 접착/ 멸균,P3407A-04.25ASG,O2O2 D_Ash Gray EX,"1,725","1,855",확인
2025-05-23,[55] 접착/ 멸균,P3407A-04.25ASG,O2O2 D_Ash Gray EX,"1,167","1,245",확인
2025-05-23,[55] 접착/ 멸균,P3407A-04.50ASG,O2O2 D_Ash Gray EX,754,885,확인
2025-05-23,[45] 하이드레이션/전면검사,P3407A-03.75ASG,O2O2 D_Ash Gray EX,265,265,확인
2025-05-23,[45] 하이드레이션/전면검사,P3407A-03.75ASG,O2O2 D_Ash Gray EX,300,303,확인
2025-05-23,[45] 하이드레이션/전면검사,P3407A-03.75ASG,O2O2 D_Ash Gray EX,330,331,확인
2025-05-23,[45] 하이드레이션/전면검사,P3407A-03.75ASG,O2O2 D_Ash Gray EX,350,354,확인
2025-05-23,[45] 하이드레이션/전면검사,P3407A-03.75ASG,O2O2 D_Ash Gray EX,290,293,확인
2025-05-23,[45] 하이드레이션/전면검사,P3407A-04.25ASG,O2O2 D_Ash Gray EX,"1,185","1,198",확인
2025-05-23,[45] 하이드레이션/전면검사,P3407A-04.25ASG,O2O2 D_Ash Gray EX,"1,245","1,253",확인
2025-05-23,[45] 하이드레이션/전면검사,P3407A-04.25ASG,O2O2 D_Ash Gray EX,680,686,확인
2025-05-23,[45] 하이드레이션/전면검사,P3407A-01.25ASG,O2O2 D_Ash Gray EX,"1,555","1,575",확인
2025-05-23,[55] 접착/ 멸균,P3407A-04.25ASG,O2O2 D_Ash Gray EX,0,"1,610",확인
2025-05-23,[55] 접착/ 멸균,P3407A-04.25ASG,O2O2 D_Ash Gray EX,"1,855","1,965",확인
2025-05-23,[55] 접착/ 멸균,P3407A-04.25ASG,O2O2 D_Ash Gray EX,"1,798","1,865",확인
2025-05-23,[45] 하이드레이션/전면검사,P3407A-04.50ASG,O2O2 D_Ash Gray EX,885,890,확인
2025-05-23,[45] 하이드레이션/전면검사,P3407A-04.25ASG,O2O2 D_Ash Gray EX,"1,855","1,866",확인
2025-05-23,[55] 접착/ 멸균,P3407A-04.25ASG,O2O2 D_Ash Gray EX,"1,671","1,730",확인
2025-05-23,[45] 하이드레이션/전면검사,P3406A-03.00ASB,O2O2 D_Ash Brown EX,610,611,확인
2025-05-23,[45] 하이드레이션/전면검사,P3406A-04.25ASB,O2O2 D_Ash Brown EX,735,738,확인
2025-05-23,[45] 하이드레이션/전면검사,P3406A-03.25ASB,O2O2 D_Ash Brown EX,"1,535","1,540",확인
2025-05-23,[80] 누수/규격검사,P3406A-02.25ASB,O2O2 D_Ash Brown EX,"1,831","1,851",확인
2025-05-23,[55] 접착/ 멸균,P3406A-02.25ASB,O2O2 D_Ash Brown EX,"1,851","2,005",확인
2025-05-23,[45] 하이드레이션/전면검사,P3406A-02.75ASB,O2O2 D_Ash Brown EX,715,721,확인
2025-05-23,[45] 하이드레이션/전면검사,P3406A-02.75ASB,O2O2 D_Ash Brown EX,715,719,확인
2025-05-23,[45] 하이드레이션/전면검사,P3406A-07.50ASB,O2O2 D_Ash Brown EX,975,990,확인
2025-05-23,[80] 누수/규격검사,P3407A-02.75ASG,O2O2 D_Ash Gray EX,251,256,확인
2025-05-23,[55] 접착/ 멸균,P3407A-02.75ASG,O2O2 D_Ash Gray EX,256,270,확인
2025-05-23,[55] 접착/ 멸균,P3407A-04.75ASG,O2O2 D_Ash Gray EX,813,870,확인
2025-05-23,[45] 하이드레이션/전면검사,P3407A-04.75ASG,O2O2 D_Ash Gray EX,870,879,확인
2025-05-23,[45] 하이드레이션/전면검사,P3406A-08.50ASB,O2O2 D_Ash Brown EX,990,999,확인
2025-05-23,[45] 하이드레이션/전면검사,P3407A-02.50ASG,O2O2 D_Ash Gray EX,465,465,확인
2025-05-23,[45] 하이드레이션/전면검사,P3407A-03.00ASG,O2O2 D_Ash Gray EX,390,391,확인
2025-05-23,[45] 하이드레이션/전면검사,P3407A-03.00ASG,O2O2 D_Ash Gray EX,890,894,확인
2025-05-23,[45] 하이드레이션/전면검사,P3407A-03.00ASG,O2O2 D_Ash Gray EX,"1,070","1,071",확인
2025-05-23,[55] 접착/ 멸균,P3406A-06.50ASB,O2O2 D_Ash Brown EX,"1,574","1,690",확인
2025-05-23,[45] 하이드레이션/전면검사,P3406A-02.50ASB,O2O2 D_Ash Brown EX,600,602,확인
2025-05-23,[45] 하이드레이션/전면검사,P3406A-02.50ASB,O2O2 D_Ash Brown EX,875,879,확인
2025-05-23,[45] 하이드레이션/전면검사,P3406A-06.50ASB,O2O2 D_Ash Brown EX,"1,690","1,704",확인
2025-05-23,[45] 하이드레이션/전면검사,P3406A-04.50ASB,O2O2 D_Ash Brown EX,815,838,확인
2025-05-23,[55] 접착/ 멸균,P3407A-03.50ASG,O2O2 D_Ash Gray EX,"1,986","2,080",확인
2025-05-23,[80] 누수/규격검사,P3407A-03.50ASG,O2O2 D_Ash Gray EX,"1,951","1,986",확인
2025-05-23,[80] 누수/규격검사,P3406A-04.50ASB,O2O2 D_Ash Brown EX,"1,665","1,705",확인
2025-05-23,[80] 누수/규격검사,P3406A-04.50ASB,O2O2 D_Ash Brown EX,"1,805","1,825",확인
2025-05-23,[80] 누수/규격검사,P3406A-04.75ASB,O2O2 D_Ash Brown EX,764,784,확인
2025-05-23,[80] 누수/규격검사,P3406A-06.00ASB,O2O2 D_Ash Brown EX,"2,015","2,035",확인
2025-05-23,[45] 하이드레이션/전면검사,P3406A-04.50ASB,O2O2 D_Ash Brown EX,"1,760","1,772",확인
2025-05-23,[45] 하이드레이션/전면검사,P3406A-04.75ASB,O2O2 D_Ash Brown EX,"2,055","2,073",확인
2025-05-23,[45] 하이드레이션/전면검사,P3406A-04.75ASB,O2O2 D_Ash Brown EX,"1,700","1,703",확인
2025-05-23,[45] 하이드레이션/전면검사,P3406A-04.75ASB,O2O2 D_Ash Brown EX,780,784,확인
2025-05-23,[45] 하이드레이션/전면검사,P3406A-04.75ASB,O2O2 D_Ash Brown EX,915,925,확인
2025-05-23,[45] 하이드레이션/전면검사,P3406A-04.75ASB,O2O2 D_Ash Brown EX,850,852,확인
2025-05-23,[45] 하이드레이션/전면검사,P3406A-09.50ASB,O2O2 D_Ash Brown EX,"1,025","1,038",확인
2025-05-23,[45] 하이드레이션/전면검사,P3406A-09.50ASB,O2O2 D_Ash Brown EX,980,992,확인
2025-05-23,[45] 하이드레이션/전면검사,P3406A-09.50ASB,O2O2 D_Ash Brown EX,855,862,확인
2025-05-23,[55] 접착/ 멸균,P3406A-04.50ASB,O2O2 D_Ash Brown EX,"1,825","1,920",확인
2025-05-23,[55] 접착/ 멸균,P3406A-04.50ASB,O2O2 D_Ash Brown EX,"1,705","1,760",확인
2025-05-23,[55] 접착/ 멸균,P3406A-04.75ASB,O2O2 D_Ash Brown EX,784,825,확인
2025-05-23,[55] 접착/ 멸균,P3406A-06.00ASB,O2O2 D_Ash Brown EX,"2,035","2,140",확인
2025-05-23,[80] 누수/규격검사,P3406A-10.00ASB,O2O2 D_Ash Brown EX,"1,838","1,863",확인
2025-05-23,[55] 접착/ 멸균,P3406A-10.00ASB,O2O2 D_Ash Brown EX,"1,863","2,000",확인
2025-05-24,[80] 누수/규격검사,P3405A-05.50SPC,O2O2 D_Sepia Choco EX,"1,237","1,262",확인
2025-05-24,[45] 하이드레이션/전면검사,P3406A-01.50ASB,O2O2 D_Ash Brown EX,"1,410","1,414",확인
2025-05-24,[45] 하이드레이션/전면검사,P3406A-01.50ASB,O2O2 D_Ash Brown EX,"1,490","1,493",확인
2025-05-24,[80] 누수/규격검사,P3407A-01.75ASG,O2O2 D_Ash Gray EX,"1,137","1,162",확인
2025-05-24,[80] 누수/규격검사,P3407A-04.00ASG,O2O2 D_Ash Gray EX,"1,103","1,123",확인
2025-05-24,[80] 누수/규격검사,P3407A-04.00ASG,O2O2 D_Ash Gray EX,"1,832","1,852",확인
2025-05-24,[55] 접착/ 멸균,P3405A-05.50SPC,O2O2 D_Sepia Choco EX,"1,262","1,285",확인
2025-05-24,[45] 하이드레이션/전면검사,P3406A-01.00ASB,O2O2 D_Ash Brown EX,"1,230","1,233",확인
2025-05-24,[55] 접착/ 멸균,P3407A-01.75ASG,O2O2 D_Ash Gray EX,"1,162","1,215",확인
2025-05-24,[55] 접착/ 멸균,P3407A-04.00ASG,O2O2 D_Ash Gray EX,"1,123","1,170",확인
2025-05-24,[80] 누수/규격검사,P3405A-01.50SPC,O2O2 D_Sepia Choco EX,"1,188","1,208",확인
2025-05-24,[55] 접착/ 멸균,P3405A-01.75SPC,O2O2 D_Sepia Choco EX,"1,277","1,510",확인
2025-05-24,[80] 누수/규격검사,P3405A-01.75SPC,O2O2 D_Sepia Choco EX,"1,257","1,277",확인
2025-05-24,[80] 누수/규격검사,P3405A-01.75SPC,O2O2 D_Sepia Choco EX,"1,875","1,895",확인
2025-05-24,[45] 하이드레이션/전면검사,P3406A-05.50ASB,O2O2 D_Ash Brown EX,730,736,확인
2025-05-24,[55] 접착/ 멸균,P3405A-01.50SPC,O2O2 D_Sepia Choco EX,"1,208","1,285",확인
2025-05-24,[80] 누수/규격검사,P3406A-05.00ASB,O2O2 D_Ash Brown EX,983,"1,003",확인
2025-05-24,[80] 누수/규격검사,P3406A-05.50ASB,O2O2 D_Ash Brown EX,887,907,확인
2025-05-24,[55] 접착/ 멸균,P3405A-01.75SPC,O2O2 D_Sepia Choco EX,"1,650","1,680",확인
2025-05-24,[55] 접착/ 멸균,P3405A-01.75SPC,O2O2 D_Sepia Choco EX,"1,895","1,960",확인
2025-05-24,[55] 접착/ 멸균,P3406A-05.50ASB,O2O2 D_Ash Brown EX,"1,449","1,520",확인
2025-05-24,[55] 접착/ 멸균,P3406A-07.00ASB,O2O2 D_Ash Brown EX,"1,855","1,910",확인
2025-05-24,[80] 누수/규격검사,P3406A-07.00ASB,O2O2 D_Ash Brown EX,724,744,확인
2025-05-24,[80] 누수/규격검사,P3406A-07.00ASB,O2O2 D_Ash Brown EX,"1,835","1,855",확인
2025-05-24,[55] 접착/ 멸균,P3406A-05.50ASB,O2O2 D_Ash Brown EX,907,960,확인
2025-05-24,[55] 접착/ 멸균,P3406A-05.50ASB,O2O2 D_Ash Brown EX,899,940,확인
2025-05-24,[55] 접착/ 멸균,P3406A-07.00ASB,O2O2 D_Ash Brown EX,744,835,확인
2025-05-24,[55] 접착/ 멸균,P3407A-01.25ASG,O2O2 D_Ash Gray EX,"1,472","1,555",확인
2025-05-24,[55] 접착/ 멸균,P3407A-00.00ASG,O2O2 D_Ash Gray EX,"1,209","1,270",확인
2025-05-24,[80] 누수/규격검사,P3407A-01.25ASG,O2O2 D_Ash Gray EX,"1,452","1,472",확인
2025-05-24,[55] 접착/ 멸균,P3407A-00.00ASG,O2O2 D_Ash Gray EX,830,"1,070",확인
2025-05-24,[55] 접착/ 멸균,P3407A-00.00ASG,O2O2 D_Ash Gray EX,900,"1,065",확인
2025-05-24,[55] 접착/ 멸균,P3407A-00.00ASG,O2O2 D_Ash Gray EX,"1,020","1,075",확인
2025-05-24,[55] 접착/ 멸균,P3407A-00.00ASG,O2O2 D_Ash Gray EX,926,955,확인
2025-05-24,[55] 접착/ 멸균,P3407A-00.00ASG,O2O2 D_Ash Gray EX,"1,038","1,320",확인
2025-05-24,[80] 누수/규격검사,P3407A-00.00ASG,O2O2 D_Ash Gray EX,995,"1,020",확인
2025-05-24,[80] 누수/규격검사,P3407A-00.00ASG,O2O2 D_Ash Gray EX,"1,205","1,225",확인
2025-05-24,[80] 누수/규격검사,P3407A-00.00ASG,O2O2 D_Ash Gray EX,880,900,확인
2025-05-24,[80] 누수/규격검사,P3407A-00.00ASG,O2O2 D_Ash Gray EX,670,690,확인
2025-05-24,[80] 누수/규격검사,P3407A-00.00ASG,O2O2 D_Ash Gray EX,"1,304","1,324",확인
2025-05-24,[80] 누수/규격검사,P3407A-00.00ASG,O2O2 D_Ash Gray EX,901,926,확인
2025-05-24,[80] 누수/규격검사,P3407A-00.00ASG,O2O2 D_Ash Gray EX,"1,412","1,432",확인
2025-05-24,[80] 누수/규격검사,P3407A-00.00ASG,O2O2 D_Ash Gray EX,"1,189","1,209",확인
2025-05-24,[80] 누수/규격검사,P3407A-00.00ASG,O2O2 D_Ash Gray EX,810,830,확인
2025-05-24,[80] 누수/규격검사,P3407A-00.00ASG,O2O2 D_Ash Gray EX,"1,469","1,489",확인
2025-05-24,[80] 누수/규격검사,P3407A-00.00ASG,O2O2 D_Ash Gray EX,"1,041","1,061",확인
2025-05-24,[80] 누수/규격검사,P3407A-00.00ASG,O2O2 D_Ash Gray EX,"1,018","1,038",확인
2025-05-24,[80] 누수/규격검사,P3407A-00.00ASG,O2O2 D_Ash Gray EX,"1,754","1,774",확인
2025-05-24,[80] 누수/규격검사,P3407A-00.00ASG,O2O2 D_Ash Gray EX,"1,545","1,565",확인
2025-05-24,[55] 접착/ 멸균,P3407A-00.00ASG,O2O2 D_Ash Gray EX,"1,609","1,875",확인
2025-05-24,[55] 접착/ 멸균,P3407A-04.25ASG,O2O2 D_Ash Gray EX,"1,130","1,185",확인
2025-05-24,[80] 누수/규격검사,P3407A-03.75ASG,O2O2 D_Ash Gray EX,323,336,확인
2025-05-24,[80] 누수/규격검사,P3407A-03.75ASG,O2O2 D_Ash Gray EX,269,274,확인
2025-05-24,[80] 누수/규격검사,P3407A-03.75ASG,O2O2 D_Ash Gray EX,242,247,확인
2025-05-24,[80] 누수/규격검사,P3407A-03.75ASG,O2O2 D_Ash Gray EX,313,318,확인
2025-05-24,[80] 누수/규격검사,P3407A-04.25ASG,O2O2 D_Ash Gray EX,"1,882","1,902",확인
2025-05-24,[80] 누수/규격검사,P3407A-04.25ASG,O2O2 D_Ash Gray EX,593,613,확인
2025-05-24,[80] 누수/규격검사,P3407A-04.25ASG,O2O2 D_Ash Gray EX,"1,110","1,130",확인
2025-05-24,[80] 누수/규격검사,P3407A-04.25ASG,O2O2 D_Ash Gray EX,"1,147","1,167",확인
2025-05-24,[45] 하이드레이션/전면검사,P3406A-05.50ASB,O2O2 D_Ash Brown EX,"1,520","1,528",확인
2025-05-24,[55] 접착/ 멸균,P3407A-00.00ASG,O2O2 D_Ash Gray EX,690,735,확인
2025-05-24,[55] 접착/ 멸균,P3407A-03.75ASG,O2O2 D_Ash Gray EX,336,350,확인
2025-05-24,[55] 접착/ 멸균,P3407A-03.75ASG,O2O2 D_Ash Gray EX,274,290,확인
2025-05-24,[55] 접착/ 멸균,P3407A-03.75ASG,O2O2 D_Ash Gray EX,247,265,확인
2025-05-24,[55] 접착/ 멸균,P3407A-03.75ASG,O2O2 D_Ash Gray EX,318,330,확인
2025-05-24,[55] 접착/ 멸균,P3407A-00.00ASG,O2O2 D_Ash Gray EX,"1,061","1,120",확인
2025-05-24,[55] 접착/ 멸균,P3407A-00.00ASG,O2O2 D_Ash Gray EX,"1,324","1,405",확인
2025-05-24,[55] 접착/ 멸균,P3407A-00.00ASG,O2O2 D_Ash Gray EX,"1,225","1,350",확인
2025-05-24,[55] 접착/ 멸균,P3407A-04.25ASG,O2O2 D_Ash Gray EX,613,680,확인
2025-05-24,[80] 누수/규격검사,P3407A-04.50ASG,O2O2 D_Ash Gray EX,729,754,확인
2025-05-24,[80] 누수/규격검사,P3406A-03.00ASB,O2O2 D_Ash Brown EX,566,586,확인
2025-05-24,[55] 접착/ 멸균,P3406A-03.00ASB,O2O2 D_Ash Brown EX,586,610,확인
2025-05-24,[80] 누수/규격검사,P3406A-04.25ASB,O2O2 D_Ash Brown EX,684,704,확인
2025-05-24,[55] 접착/ 멸균,P3407A-04.25ASG,O2O2 D_Ash Gray EX,"1,902","2,090",확인
2025-05-24,[55] 접착/ 멸균,P3406A-04.25ASB,O2O2 D_Ash Brown EX,704,735,확인
2025-05-24,[55] 접착/ 멸균,P3406A-03.25ASB,O2O2 D_Ash Brown EX,"1,105","1,535",확인
2025-05-24,[45] 하이드레이션/전면검사,P3406A-04.25ASB,O2O2 D_Ash Brown EX,"1,335","1,337",확인
2025-05-24,[45] 하이드레이션/전면검사,P3406A-04.25ASB,O2O2 D_Ash Brown EX,850,853,확인
2025-05-24,[45] 하이드레이션/전면검사,P3406A-04.25ASB,O2O2 D_Ash Brown EX,"1,380","1,385",확인
2025-05-24,[45] 하이드레이션/전면검사,P3406A-04.25ASB,O2O2 D_Ash Brown EX,"1,225","1,234",확인
2025-05-24,[45] 하이드레이션/전면검사,P3406A-02.25ASB,O2O2 D_Ash Brown EX,"1,680","1,686",확인
2025-05-24,[80] 누수/규격검사,P3406A-03.25ASB,O2O2 D_Ash Brown EX,"1,080","1,105",확인
2025-05-24,[80] 누수/규격검사,P3406A-02.75ASB,O2O2 D_Ash Brown EX,659,679,확인
2025-05-24,[80] 누수/규격검사,P3406A-02.75ASB,O2O2 D_Ash Brown EX,577,597,확인
2025-05-24,[55] 접착/ 멸균,P3406A-02.25ASB,O2O2 D_Ash Brown EX,"1,617","1,680",확인
2025-05-24,[55] 접착/ 멸균,P3406A-02.75ASB,O2O2 D_Ash Brown EX,672,715,확인
2025-05-24,[45] 하이드레이션/전면검사,P3406A-02.25ASB,O2O2 D_Ash Brown EX,"1,880","1,889",확인
2025-05-24,[45] 하이드레이션/전면검사,P3406A-02.75ASB,O2O2 D_Ash Brown EX,655,658,확인
2025-05-24,[45] 하이드레이션/전면검사,P3406A-07.50ASB,O2O2 D_Ash Brown EX,"1,470","1,476",확인
2025-05-24,[80] 누수/규격검사,P3406A-02.75ASB,O2O2 D_Ash Brown EX,647,672,확인
2025-05-24,[55] 접착/ 멸균,P3406A-02.75ASB,O2O2 D_Ash Brown EX,679,715,확인
2025-05-24,[55] 접착/ 멸균,P3406A-02.75ASB,O2O2 D_Ash Brown EX,597,655,확인
2025-05-24,[55] 접착/ 멸균,P3406A-07.50ASB,O2O2 D_Ash Brown EX,929,975,확인
2025-05-24,[80] 누수/규격검사,P3406A-01.25ASB,O2O2 D_Ash Brown EX,"1,325","1,345",확인
2025-05-24,[80] 누수/규격검사,P3406A-08.50ASB,O2O2 D_Ash Brown EX,888,908,확인
2025-05-24,[80] 누수/규격검사,P3406A-08.50ASB,O2O2 D_Ash Brown EX,921,946,확인
2025-05-24,[80] 누수/규격검사,P3407A-04.75ASG,O2O2 D_Ash Gray EX,793,813,확인
2025-05-24,[55] 접착/ 멸균,P3406A-03.50ASB,O2O2 D_Ash Brown EX,"1,545","1,665",확인
2025-05-24,[55] 접착/ 멸균,P3406A-08.50ASB,O2O2 D_Ash Brown EX,946,"1,015",확인
2025-05-24,[55] 접착/ 멸균,P3406A-01.25ASB,O2O2 D_Ash Brown EX,"1,345","1,455",확인
2025-05-24,[55] 접착/ 멸균,P3406A-08.50ASB,O2O2 D_Ash Brown EX,908,990,확인
2025-05-24,[45] 하이드레이션/전면검사,P3406A-01.25ASB,O2O2 D_Ash Brown EX,"1,455","1,464",확인
2025-05-24,[45] 하이드레이션/전면검사,P3406A-03.50ASB,O2O2 D_Ash Brown EX,"1,665","1,668",확인
2025-05-24,[45] 하이드레이션/전면검사,P3406A-08.50ASB,O2O2 D_Ash Brown EX,"1,015","1,025",확인
2025-05-24,[55] 접착/ 멸균,P3407A-03.00ASG,O2O2 D_Ash Gray EX,274,390,확인
2025-05-24,[80] 누수/규격검사,P3406A-02.50ASB,O2O2 D_Ash Brown EX,831,851,확인
2025-05-24,[80] 누수/규격검사,P3406A-02.50ASB,O2O2 D_Ash Brown EX,"1,601","1,621",확인
2025-05-24,[80] 누수/규격검사,P3406A-06.50ASB,O2O2 D_Ash Brown EX,"1,554","1,574",확인
2025-05-24,[55] 접착/ 멸균,P3406A-02.50ASB,O2O2 D_Ash Brown EX,851,875,확인
2025-05-24,[45] 하이드레이션/전면검사,P3406A-02.50ASB,O2O2 D_Ash Brown EX,900,910,확인
2025-05-24,[45] 하이드레이션/전면검사,P3406A-02.50ASB,O2O2 D_Ash Brown EX,"1,655","1,661",확인
2025-05-24,[45] 하이드레이션/전면검사,P3406A-00.00ASB,O2O2 D_Ash Brown EX,"1,030","1,036",확인
2025-05-24,[45] 하이드레이션/전면검사,P3406A-00.00ASB,O2O2 D_Ash Brown EX,"1,260","1,268",확인
2025-05-24,[55] 접착/ 멸균,P3406A-02.50ASB,O2O2 D_Ash Brown EX,"1,621","1,655",확인
2025-05-24,[55] 접착/ 멸균,P3406A-00.00ASB,O2O2 D_Ash Brown EX,"1,360","1,495",확인
2025-05-24,[55] 접착/ 멸균,P3406A-00.00ASB,O2O2 D_Ash Brown EX,"1,609","1,655",확인
2025-05-24,[55] 접착/ 멸균,P3406A-03.75ASB,O2O2 D_Ash Brown EX,"1,153","1,220",확인
2025-05-24,[45] 하이드레이션/전면검사,P3406A-00.00ASB,O2O2 D_Ash Brown EX,"1,495","1,502",확인
2025-05-24,[45] 하이드레이션/전면검사,P3406A-00.00ASB,O2O2 D_Ash Brown EX,"1,655","1,670",확인
2025-05-24,[45] 하이드레이션/전면검사,P3406A-02.00ASB,O2O2 D_Ash Brown EX,"1,810","1,814",확인
2025-05-24,[45] 하이드레이션/전면검사,P3406A-02.00ASB,O2O2 D_Ash Brown EX,"1,250","1,252",확인
2025-05-24,[45] 하이드레이션/전면검사,P3406A-03.75ASB,O2O2 D_Ash Brown EX,"1,500","1,505",확인
2025-05-24,[45] 하이드레이션/전면검사,P3406A-03.75ASB,O2O2 D_Ash Brown EX,"1,220","1,225",확인
2025-05-24,[45] 하이드레이션/전면검사,P3406A-03.75ASB,O2O2 D_Ash Brown EX,610,611,확인
2025-05-24,[45] 하이드레이션/전면검사,P3406A-03.75ASB,O2O2 D_Ash Brown EX,"1,365","1,376",확인
2025-05-24,[45] 하이드레이션/전면검사,P3406A-03.75ASB,O2O2 D_Ash Brown EX,"1,730","1,734",확인
2025-05-24,[45] 하이드레이션/전면검사,P3406A-04.00ASB,O2O2 D_Ash Brown EX,"1,345","1,350",확인
2025-05-24,[45] 하이드레이션/전면검사,P3406A-04.00ASB,O2O2 D_Ash Brown EX,"1,080","1,082",확인
2025-05-24,[45] 하이드레이션/전면검사,P3406A-04.00ASB,O2O2 D_Ash Brown EX,"1,000","1,003",확인
2025-05-24,[45] 하이드레이션/전면검사,P3406A-04.00ASB,O2O2 D_Ash Brown EX,"1,400","1,409",확인
2025-05-24,[45] 하이드레이션/전면검사,P3406A-04.00ASB,O2O2 D_Ash Brown EX,"1,610","1,620",확인
2025-05-24,[45] 하이드레이션/전면검사,P3406A-04.50ASB,O2O2 D_Ash Brown EX,835,836,확인
2025-05-24,[45] 하이드레이션/전면검사,P3406A-04.50ASB,O2O2 D_Ash Brown EX,980,984,확인
2025-05-24,[45] 하이드레이션/전면검사,P3406A-04.50ASB,O2O2 D_Ash Brown EX,"1,500","1,507",확인
2025-05-24,[80] 누수/규격검사,P3406A-00.00ASB,O2O2 D_Ash Brown EX,"1,335","1,360",확인
2025-05-24,[80] 누수/규격검사,P3406A-00.00ASB,O2O2 D_Ash Brown EX,863,883,확인
2025-05-24,[80] 누수/규격검사,P3406A-00.00ASB,O2O2 D_Ash Brown EX,747,767,확인
2025-05-24,[80] 누수/규격검사,P3406A-03.75ASB,O2O2 D_Ash Brown EX,"1,128","1,153",확인
2025-05-24,[80] 누수/규격검사,P3406A-04.50ASB,O2O2 D_Ash Brown EX,580,600,확인
2025-05-24,[80] 누수/규격검사,P3406A-04.50ASB,O2O2 D_Ash Brown EX,767,792,확인
2025-05-24,[80] 누수/규격검사,P3406A-04.75ASB,O2O2 D_Ash Brown EX,844,869,확인
2025-05-24,[80] 누수/규격검사,P3406A-04.75ASB,O2O2 D_Ash Brown EX,800,820,확인
2025-05-24,[80] 누수/규격검사,P3406A-04.75ASB,O2O2 D_Ash Brown EX,"1,591","1,636",확인
2025-05-24,[80] 누수/규격검사,P3406A-04.75ASB,O2O2 D_Ash Brown EX,663,683,확인
2025-05-24,[80] 누수/규격검사,P3406A-04.75ASB,O2O2 D_Ash Brown EX,"1,618","1,638",확인
2025-05-24,[45] 하이드레이션/전면검사,P3406A-06.00ASB,O2O2 D_Ash Brown EX,"1,430","1,440",확인
2025-05-24,[45] 하이드레이션/전면검사,P3406A-06.00ASB,O2O2 D_Ash Brown EX,"1,675","1,676",확인
2025-05-24,[45] 하이드레이션/전면검사,P3406A-06.00ASB,O2O2 D_Ash Brown EX,"1,470","1,474",확인
2025-05-24,[45] 하이드레이션/전면검사,P3406A-08.00ASB,O2O2 D_Ash Brown EX,"1,425","1,435",확인
2025-05-24,[45] 하이드레이션/전면검사,P3406A-08.00ASB,O2O2 D_Ash Brown EX,"1,460","1,466",확인
2025-05-24,[55] 접착/ 멸균,P3406A-04.75ASB,O2O2 D_Ash Brown EX,"1,638","2,055",확인
2025-05-24,[55] 접착/ 멸균,P3406A-09.50ASB,O2O2 D_Ash Brown EX,997,"1,025",확인
2025-05-24,[80] 누수/규격검사,P3405A-01.25SPC,O2O2 D_Sepia Choco EX,870,890,확인
2025-05-24,[55] 접착/ 멸균,P3406A-03.75ASB,O2O2 D_Ash Brown EX,"1,416","1,500",확인
2025-05-24,[55] 접착/ 멸균,P3406A-04.50ASB,O2O2 D_Ash Brown EX,806,835,확인
2025-05-24,[55] 접착/ 멸균,P3406A-04.50ASB,O2O2 D_Ash Brown EX,"1,370","1,500",확인
2025-05-24,[55] 접착/ 멸균,P3406A-04.50ASB,O2O2 D_Ash Brown EX,792,815,확인
2025-05-24,[55] 접착/ 멸균,P3406A-04.75ASB,O2O2 D_Ash Brown EX,"1,636","1,700",확인
2025-05-24,[55] 접착/ 멸균,P3406A-06.00ASB,O2O2 D_Ash Brown EX,"1,509","1,675",확인
2025-05-24,[55] 접착/ 멸균,P3406A-09.50ASB,O2O2 D_Ash Brown EX,795,980,확인
2025-05-24,[55] 접착/ 멸균,P3406A-00.00ASB,O2O2 D_Ash Brown EX,883,"1,030",확인
2025-05-24,[55] 접착/ 멸균,P3406A-00.00ASB,O2O2 D_Ash Brown EX,767,"1,260",확인
2025-05-24,[55] 접착/ 멸균,P3406A-04.50ASB,O2O2 D_Ash Brown EX,600,980,확인
2025-05-24,[55] 접착/ 멸균,P3406A-04.75ASB,O2O2 D_Ash Brown EX,683,780,확인
2025-05-24,[55] 접착/ 멸균,P3406A-04.75ASB,O2O2 D_Ash Brown EX,820,850,확인
2025-05-24,[55] 접착/ 멸균,P3406A-04.75ASB,O2O2 D_Ash Brown EX,869,915,확인
2025-05-24,[80] 누수/규격검사,P3406A-09.50ASB,O2O2 D_Ash Brown EX,775,795,확인
2025-05-24,[80] 누수/규격검사,P3406A-09.50ASB,O2O2 D_Ash Brown EX,977,997,확인
2025-05-24,[55] 접착/ 멸균,P3405A-01.25SPC,O2O2 D_Sepia Choco EX,890,945,확인
2025-05-25,[80] 누수/규격검사,P3406A-01.50ASB,O2O2 D_Ash Brown EX,"1,312","1,332",확인
2025-05-25,[55] 접착/ 멸균,P3406A-01.50ASB,O2O2 D_Ash Brown EX,"1,359","1,490",확인
2025-05-25,[55] 접착/ 멸균,P3406A-01.50ASB,O2O2 D_Ash Brown EX,"1,332","1,410",확인
2025-05-25,[80] 누수/규격검사,P3406A-01.00ASB,O2O2 D_Ash Brown EX,"1,073","1,093",확인
2025-05-25,[55] 접착/ 멸균,P3406A-01.00ASB,O2O2 D_Ash Brown EX,"1,093","1,230",확인
2025-05-25,[55] 접착/ 멸균,P3405A-01.75SPC,O2O2 D_Sepia Choco EX,"1,513","1,615",확인
2025-05-25,[80] 누수/규격검사,P3405A-01.75SPC,O2O2 D_Sepia Choco EX,"1,433","1,513",확인
2025-05-25,[80] 누수/규격검사,P3405A-01.75SPC,O2O2 D_Sepia Choco EX,"1,630","1,650",확인
2025-05-25,[45] 하이드레이션/전면검사,P3405A-01.75SPC,O2O2 D_Sepia Choco EX,"1,055","1,057",확인
2025-05-25,[45] 하이드레이션/전면검사,P3405A-01.75SPC,O2O2 D_Sepia Choco EX,"1,615","1,625",확인
2025-05-25,[80] 누수/규격검사,P3406A-05.50ASB,O2O2 D_Ash Brown EX,"1,429","1,449",확인
2025-05-25,[80] 누수/규격검사,P3406A-05.50ASB,O2O2 D_Ash Brown EX,686,706,확인
2025-05-25,[55] 접착/ 멸균,P3406A-05.50ASB,O2O2 D_Ash Brown EX,706,730,확인
2025-05-25,[80] 누수/규격검사,P3406A-05.50ASB,O2O2 D_Ash Brown EX,879,899,확인
2025-05-25,[45] 하이드레이션/전면검사,P3406A-05.50ASB,O2O2 D_Ash Brown EX,"1,445","1,454",확인
2025-05-25,[45] 하이드레이션/전면검사,P3406A-05.50ASB,O2O2 D_Ash Brown EX,"1,250","1,261",확인
2025-05-25,[45] 하이드레이션/전면검사,P3406A-07.00ASB,O2O2 D_Ash Brown EX,"1,535","1,545",확인
2025-05-25,[55] 접착/ 멸균,P3407A-03.75ASG,O2O2 D_Ash Gray EX,258,270,확인
2025-05-25,[80] 누수/규격검사,P3406A-04.25ASB,O2O2 D_Ash Brown EX,"1,020","1,044",확인
2025-05-25,[80] 누수/규격검사,P3406A-04.25ASB,O2O2 D_Ash Brown EX,"1,315","1,335",확인
2025-05-25,[45] 하이드레이션/전면검사,P3407A-03.75ASG,O2O2 D_Ash Gray EX,260,287,확인
2025-05-25,[45] 하이드레이션/전면검사,P3407A-03.75ASG,O2O2 D_Ash Gray EX,270,273,확인
2025-05-25,[55] 접착/ 멸균,P3406A-04.25ASB,O2O2 D_Ash Brown EX,"1,335","1,380",확인
2025-05-25,[55] 접착/ 멸균,P3406A-04.25ASB,O2O2 D_Ash Brown EX,"1,044","1,360",확인
2025-05-25,[45] 하이드레이션/전면검사,P3406A-04.25ASB,O2O2 D_Ash Brown EX,"1,330","1,340",확인
2025-05-25,[45] 하이드레이션/전면검사,P3406A-04.25ASB,O2O2 D_Ash Brown EX,"1,360","1,367",확인
2025-05-25,[80] 누수/규격검사,P3406A-02.25ASB,O2O2 D_Ash Brown EX,"1,592","1,617",확인
2025-05-25,[55] 접착/ 멸균,P3406A-07.50ASB,O2O2 D_Ash Brown EX,"1,413","1,470",확인
2025-05-25,[45] 하이드레이션/전면검사,P3406A-02.25ASB,O2O2 D_Ash Brown EX,"1,220","1,225",확인
2025-05-25,[45] 하이드레이션/전면검사,P3406A-09.00ASB,O2O2 D_Ash Brown EX,"1,500","1,521",확인
2025-05-25,[80] 누수/규격검사,P3406A-07.50ASB,O2O2 D_Ash Brown EX,909,929,확인
2025-05-25,[80] 누수/규격검사,P3406A-07.50ASB,O2O2 D_Ash Brown EX,"1,393","1,413",확인
2025-05-25,[45] 하이드레이션/전면검사,P3405A-02.50SPC,O2O2 D_Sepia Choco EX,860,871,확인
2025-05-25,[80] 누수/규격검사,P3406A-03.50ASB,O2O2 D_Ash Brown EX,"1,525","1,545",확인
2025-05-25,[80] 누수/규격검사,P3406A-03.50ASB,O2O2 D_Ash Brown EX,"1,243","1,263",확인
2025-05-25,[55] 접착/ 멸균,P3406A-03.50ASB,O2O2 D_Ash Brown EX,"1,263","1,600",확인
2025-05-25,[55] 접착/ 멸균,P3406A-08.50ASB,O2O2 D_Ash Brown EX,901,960,확인
2025-05-25,[45] 하이드레이션/전면검사,P3406A-03.50ASB,O2O2 D_Ash Brown EX,"1,600","1,619",확인
2025-05-25,[45] 하이드레이션/전면검사,P3406A-08.50ASB,O2O2 D_Ash Brown EX,960,987,확인
2025-05-25,[80] 누수/규격검사,P3406A-02.50ASB,O2O2 D_Ash Brown EX,535,565,확인
2025-05-25,[80] 누수/규격검사,P3406A-02.50ASB,O2O2 D_Ash Brown EX,806,826,확인
2025-05-25,[55] 접착/ 멸균,P3406A-02.50ASB,O2O2 D_Ash Brown EX,565,600,확인
2025-05-25,[55] 접착/ 멸균,P3406A-02.50ASB,O2O2 D_Ash Brown EX,826,900,확인
2025-05-25,[55] 접착/ 멸균,P3406A-02.00ASB,O2O2 D_Ash Brown EX,867,"1,250",확인
2025-05-25,[55] 접착/ 멸균,P3406A-03.75ASB,O2O2 D_Ash Brown EX,577,610,확인
2025-05-25,[55] 접착/ 멸균,P3406A-04.00ASB,O2O2 D_Ash Brown EX,"1,641","1,825",확인
2025-05-25,[45] 하이드레이션/전면검사,P3406A-03.75ASB,O2O2 D_Ash Brown EX,"1,375","1,381",확인
2025-05-25,[45] 하이드레이션/전면검사,P3406A-04.00ASB,O2O2 D_Ash Brown EX,"1,825","1,827",확인
2025-05-25,[80] 누수/규격검사,P3406A-00.00ASB,O2O2 D_Ash Brown EX,"1,589","1,609",확인
2025-05-25,[80] 누수/규격검사,P3406A-02.00ASB,O2O2 D_Ash Brown EX,847,867,확인
2025-05-25,[80] 누수/규격검사,P3406A-03.75ASB,O2O2 D_Ash Brown EX,"1,396","1,416",확인
2025-05-25,[80] 누수/규격검사,P3406A-03.75ASB,O2O2 D_Ash Brown EX,557,577,확인
2025-05-25,[80] 누수/규격검사,P3406A-03.75ASB,O2O2 D_Ash Brown EX,"1,234","1,254",확인
2025-05-25,[80] 누수/규격검사,P3406A-04.00ASB,O2O2 D_Ash Brown EX,"1,576","1,641",확인
2025-05-25,[80] 누수/규격검사,P3406A-04.00ASB,O2O2 D_Ash Brown EX,"1,328","1,348",확인
2025-05-25,[80] 누수/규격검사,P3406A-04.00ASB,O2O2 D_Ash Brown EX,844,869,확인
2025-05-25,[80] 누수/규격검사,P3406A-04.00ASB,O2O2 D_Ash Brown EX,"1,363","1,383",확인
2025-05-25,[80] 누수/규격검사,P3406A-04.00ASB,O2O2 D_Ash Brown EX,"1,263","1,283",확인
2025-05-25,[80] 누수/규격검사,P3406A-04.50ASB,O2O2 D_Ash Brown EX,"1,335","1,370",확인
2025-05-25,[80] 누수/규격검사,P3406A-04.50ASB,O2O2 D_Ash Brown EX,786,806,확인
2025-05-25,[80] 누수/규격검사,P3406A-06.00ASB,O2O2 D_Ash Brown EX,"1,489","1,509",확인
2025-05-25,[55] 접착/ 멸균,P3406A-04.00ASB,O2O2 D_Ash Brown EX,"1,283","1,345",확인
2025-05-25,[55] 접착/ 멸균,P3406A-04.00ASB,O2O2 D_Ash Brown EX,"1,348","1,400",확인
2025-05-25,[55] 접착/ 멸균,P3406A-08.00ASB,O2O2 D_Ash Brown EX,"1,327","1,425",확인
2025-05-25,[45] 하이드레이션/전면검사,P3405A-01.25SPC,O2O2 D_Sepia Choco EX,"1,980","1,981",확인
2025-05-25,[55] 접착/ 멸균,P3406A-04.00ASB,O2O2 D_Ash Brown EX,"1,383","1,610",확인
2025-05-25,[80] 누수/규격검사,P3406A-06.00ASB,O2O2 D_Ash Brown EX,"1,179","1,199",확인
2025-05-25,[55] 접착/ 멸균,P3406A-03.75ASB,O2O2 D_Ash Brown EX,"1,020","1,365",확인
2025-05-25,[55] 접착/ 멸균,P3406A-03.75ASB,O2O2 D_Ash Brown EX,"1,254","1,730",확인
2025-05-25,[55] 접착/ 멸균,P3406A-03.75ASB,O2O2 D_Ash Brown EX,"1,283","1,375",확인
2025-05-25,[55] 접착/ 멸균,P3406A-04.00ASB,O2O2 D_Ash Brown EX,869,"1,080",확인
2025-05-25,[55] 접착/ 멸균,P3406A-06.00ASB,O2O2 D_Ash Brown EX,"1,199","1,470",확인
2025-05-25,[80] 누수/규격검사,P3406A-08.00ASB,O2O2 D_Ash Brown EX,"1,267","1,327",확인
2025-05-26,[45] 하이드레이션/전면검사,P3405A-05.50SPC,O2O2 D_Sepia Choco EX,525,528,확인
2025-05-26,[45] 하이드레이션/전면검사,P3405A-05.50SPC,O2O2 D_Sepia Choco EX,475,484,확인
2025-05-26,[80] 누수/규격검사,P3405A-03.50SPC,O2O2 D_Sepia Choco EX,"1,965","2,004",확인
2025-05-26,[55] 접착/ 멸균,P3405A-03.50SPC,O2O2 D_Sepia Choco EX,"1,750","1,795",확인
2025-05-26,[55] 접착/ 멸균,P3405A-03.50SPC,O2O2 D_Sepia Choco EX,"2,004","2,050",확인
2025-05-26,[80] 누수/규격검사,P3405A-03.50SPC,O2O2 D_Sepia Choco EX,"1,725","1,750",확인
2025-05-26,[80] 누수/규격검사,P3406A-01.50ASB,O2O2 D_Ash Brown EX,"1,339","1,359",확인
2025-05-26,[45] 하이드레이션/전면검사,P3405A-03.50SPC,O2O2 D_Sepia Choco EX,"1,795","1,817",확인
2025-05-26,[45] 하이드레이션/전면검사,P3405A-03.50SPC,O2O2 D_Sepia Choco EX,"2,050","2,052",확인
2025-05-26,[55] 접착/ 멸균,P3405A-01.75SPC,O2O2 D_Sepia Choco EX,"1,781","1,855",확인
2025-05-26,[55] 접착/ 멸균,P3405A-01.75SPC,O2O2 D_Sepia Choco EX,"1,093","1,150",확인
2025-05-26,[80] 누수/규격검사,P3405A-01.75SPC,O2O2 D_Sepia Choco EX,"1,761","1,781",확인
2025-05-26,[80] 누수/규격검사,P3405A-01.75SPC,O2O2 D_Sepia Choco EX,"1,053","1,093",확인
2025-05-26,[45] 하이드레이션/전면검사,P3405A-01.50SPC,O2O2 D_Sepia Choco EX,"1,875","1,889",확인
2025-05-26,[55] 접착/ 멸균,P3405A-02.00SPC,O2O2 D_Sepia Choco EX,784,855,확인
2025-05-26,[80] 누수/규격검사,P3405A-02.00SPC,O2O2 D_Sepia Choco EX,759,784,확인
2025-05-26,[45] 하이드레이션/전면검사,P3405A-01.75SPC,O2O2 D_Sepia Choco EX,"1,025","1,030",확인
2025-05-26,[45] 하이드레이션/전면검사,P3405A-01.75SPC,O2O2 D_Sepia Choco EX,945,952,확인
2025-05-26,[45] 하이드레이션/전면검사,P3405A-01.75SPC,O2O2 D_Sepia Choco EX,330,336,확인
2025-05-26,[45] 하이드레이션/전면검사,P3405A-01.75SPC,O2O2 D_Sepia Choco EX,"1,070","1,072",확인
2025-05-26,[45] 하이드레이션/전면검사,P3405A-01.75SPC,O2O2 D_Sepia Choco EX,"1,080","1,087",확인
2025-05-26,[45] 하이드레이션/전면검사,P3405A-01.75SPC,O2O2 D_Sepia Choco EX,"1,040","1,043",확인
2025-05-26,[45] 하이드레이션/전면검사,P3405A-01.75SPC,O2O2 D_Sepia Choco EX,"1,080","1,120",확인
2025-05-26,[45] 하이드레이션/전면검사,P3405A-01.75SPC,O2O2 D_Sepia Choco EX,"1,100","1,113",확인
2025-05-26,[45] 하이드레이션/전면검사,P3405A-01.75SPC,O2O2 D_Sepia Choco EX,890,898,확인
2025-05-26,[45] 하이드레이션/전면검사,P3405A-01.75SPC,O2O2 D_Sepia Choco EX,"1,150","1,159",확인
2025-05-26,[45] 하이드레이션/전면검사,P3405A-01.75SPC,O2O2 D_Sepia Choco EX,945,956,확인
2025-05-26,[45] 하이드레이션/전면검사,P3405A-01.75SPC,O2O2 D_Sepia Choco EX,"1,855","1,870",확인
2025-05-26,[45] 하이드레이션/전면검사,P3405A-02.00SPC,O2O2 D_Sepia Choco EX,"1,005","1,009",확인
2025-05-26,[45] 하이드레이션/전면검사,P3405A-02.00SPC,O2O2 D_Sepia Choco EX,855,870,확인
2025-05-26,[45] 하이드레이션/전면검사,P3405A-02.25SPC,O2O2 D_Sepia Choco EX,915,928,확인
2025-05-26,[45] 하이드레이션/전면검사,P3405A-04.50SPC,O2O2 D_Sepia Choco EX,820,839,확인
2025-05-26,[80] 누수/규격검사,P3406A-05.50ASB,O2O2 D_Ash Brown EX,740,760,확인
2025-05-26,[55] 접착/ 멸균,P3406A-05.50ASB,O2O2 D_Ash Brown EX,760,"1,250",확인
2025-05-26,[80] 누수/규격검사,P3407A-00.00ASG,O2O2 D_Ash Gray EX,"1,139","1,609",확인
2025-05-26,[80] 누수/규격검사,P3407A-03.75ASG,O2O2 D_Ash Gray EX,253,258,확인
2025-05-26,[45] 하이드레이션/전면검사,P3406A-05.50ASB,O2O2 D_Ash Brown EX,925,932,확인
2025-05-26,[45] 하이드레이션/전면검사,P3406A-05.50ASB,O2O2 D_Ash Brown EX,"1,095","1,103",확인
2025-05-26,[80] 누수/규격검사,P3406A-04.25ASB,O2O2 D_Ash Brown EX,"1,096","1,116",확인
2025-05-26,[55] 접착/ 멸균,P3406A-04.25ASB,O2O2 D_Ash Brown EX,"1,116","1,225",확인
2025-05-26,[45] 하이드레이션/전면검사,P3406A-04.25ASB,O2O2 D_Ash Brown EX,635,636,확인
2025-05-26,[45] 하이드레이션/전면검사,P3406A-04.25ASB,O2O2 D_Ash Brown EX,"1,640","1,673",확인
2025-05-26,[80] 누수/규격검사,P3406A-02.25ASB,O2O2 D_Ash Brown EX,"1,088","1,108",확인
2025-05-26,[80] 누수/규격검사,P3405A-02.50SPC,O2O2 D_Sepia Choco EX,786,811,확인
2025-05-26,[55] 접착/ 멸균,P3405A-02.50SPC,O2O2 D_Sepia Choco EX,811,860,확인
2025-05-26,[55] 접착/ 멸균,P3406A-02.25ASB,O2O2 D_Ash Brown EX,"1,108","1,220",확인
2025-05-26,[45] 하이드레이션/전면검사,P3406A-02.25ASB,O2O2 D_Ash Brown EX,"1,620","1,632",확인
2025-05-26,[45] 하이드레이션/전면검사,P3406A-07.50ASB,O2O2 D_Ash Brown EX,"1,440","1,463",확인
2025-05-26,[45] 하이드레이션/전면검사,P3406A-07.50ASB,O2O2 D_Ash Brown EX,"1,310","1,320",확인
2025-05-26,[45] 하이드레이션/전면검사,P3406A-09.00ASB,O2O2 D_Ash Brown EX,"1,405","1,414",확인
2025-05-26,[45] 하이드레이션/전면검사,P3405A-02.50SPC,O2O2 D_Sepia Choco EX,795,811,확인
2025-05-26,[45] 하이드레이션/전면검사,P3405A-02.50SPC,O2O2 D_Sepia Choco EX,910,917,확인
2025-05-26,[45] 하이드레이션/전면검사,P3405A-02.50SPC,O2O2 D_Sepia Choco EX,825,830,확인
2025-05-26,[45] 하이드레이션/전면검사,P3405A-02.50SPC,O2O2 D_Sepia Choco EX,930,937,확인
2025-05-26,[45] 하이드레이션/전면검사,P3405A-02.50SPC,O2O2 D_Sepia Choco EX,950,951,확인
2025-05-26,[45] 하이드레이션/전면검사,P3405A-02.50SPC,O2O2 D_Sepia Choco EX,"1,010","1,023",확인
2025-05-26,[45] 하이드레이션/전면검사,P3405A-03.00SPC,O2O2 D_Sepia Choco EX,"2,055","2,066",확인
2025-05-26,[80] 누수/규격검사,P3406A-08.50ASB,O2O2 D_Ash Brown EX,881,901,확인
2025-05-26,[80] 누수/규격검사,P3407A-03.00ASG,O2O2 D_Ash Gray EX,269,274,확인
2025-05-26,[45] 하이드레이션/전면검사,P3406A-06.50ASB,O2O2 D_Ash Brown EX,915,926,확인
2025-05-26,[45] 하이드레이션/전면검사,P3406A-06.50ASB,O2O2 D_Ash Brown EX,"1,235","1,249",확인
2025-05-26,[80] 누수/규격검사,P3406A-03.75ASB,O2O2 D_Ash Brown EX,"1,263","1,283",확인
2025-05-26,[80] 누수/규격검사,P3406A-03.75ASB,O2O2 D_Ash Brown EX,"1,000","1,020",확인
2025-05-26,[45] 하이드레이션/전면검사,P3406A-04.50ASB,O2O2 D_Ash Brown EX,"1,480","1,501",확인
2025-05-26,[45] 하이드레이션/전면검사,P3406A-06.00ASB,O2O2 D_Ash Brown EX,"1,990","2,009",확인
2025-05-26,[80] 누수/규격검사,P3405A-01.25SPC,O2O2 D_Sepia Choco EX,"1,926","1,961",확인
2025-05-26,[80] 누수/규격검사,P3405A-01.25SPC,O2O2 D_Sepia Choco EX,"1,935","1,970",확인
2025-05-26,[45] 하이드레이션/전면검사,P3405A-01.25SPC,O2O2 D_Sepia Choco EX,"1,045","1,050",확인
2025-05-26,[45] 하이드레이션/전면검사,P3405A-01.25SPC,O2O2 D_Sepia Choco EX,"1,280","1,286",확인
2025-05-26,[45] 하이드레이션/전면검사,P3405A-01.25SPC,O2O2 D_Sepia Choco EX,"2,040","2,062",확인
2025-05-26,[45] 하이드레이션/전면검사,P3405A-01.25SPC,O2O2 D_Sepia Choco EX,"2,075","2,081",확인
2025-05-26,[45] 하이드레이션/전면검사,P3405A-01.25SPC,O2O2 D_Sepia Choco EX,"2,055","2,066",확인
2025-05-26,[45] 하이드레이션/전면검사,P3405A-01.25SPC,O2O2 D_Sepia Choco EX,"1,745","1,757",확인
2025-05-26,[45] 하이드레이션/전면검사,P3405A-01.25SPC,O2O2 D_Sepia Choco EX,"1,475","1,480",확인
2025-05-26,[55] 접착/ 멸균,P3405A-01.25SPC,O2O2 D_Sepia Choco EX,"1,961","2,075",확인
2025-05-26,[55] 접착/ 멸균,P3405A-01.25SPC,O2O2 D_Sepia Choco EX,"1,970","2,040",확인
2025-05-27,[55] 접착/ 멸균,P3407A-01.50ASG,O2O2 D_Ash Gray EX,"1,096","1,135",확인
2025-05-27,[55] 접착/ 멸균,P3405A-05.50SPC,O2O2 D_Sepia Choco EX,469,525,확인
2025-05-27,[80] 누수/규격검사,P3405A-05.50SPC,O2O2 D_Sepia Choco EX,449,469,확인
2025-05-27,[80] 누수/규격검사,P3405A-05.50SPC,O2O2 D_Sepia Choco EX,401,406,확인
2025-05-27,[80] 누수/규격검사,P3407A-01.50ASG,O2O2 D_Ash Gray EX,"1,071","1,096",확인
2025-05-27,[55] 접착/ 멸균,P3405A-05.50SPC,O2O2 D_Sepia Choco EX,406,475,확인
2025-05-27,[55] 접착/ 멸균,P3405A-01.50SPC,O2O2 D_Sepia Choco EX,"1,745","1,835",확인
2025-05-27,[80] 누수/규격검사,P3405A-01.50SPC,O2O2 D_Sepia Choco EX,"1,715","1,745",확인
2025-05-27,[55] 접착/ 멸균,P3405A-01.50SPC,O2O2 D_Sepia Choco EX,"1,834","1,875",확인
2025-05-27,[55] 접착/ 멸균,P3405A-01.75SPC,O2O2 D_Sepia Choco EX,320,330,확인
2025-05-27,[55] 접착/ 멸균,P3405A-01.75SPC,O2O2 D_Sepia Choco EX,971,"1,070",확인
2025-05-27,[55] 접착/ 멸균,P3405A-01.75SPC,O2O2 D_Sepia Choco EX,908,945,확인
2025-05-27,[55] 접착/ 멸균,P3405A-01.75SPC,O2O2 D_Sepia Choco EX,965,"1,025",확인
2025-05-27,[55] 접착/ 멸균,P3405A-01.75SPC,O2O2 D_Sepia Choco EX,909,945,확인
2025-05-27,[55] 접착/ 멸균,P3405A-02.00SPC,O2O2 D_Sepia Choco EX,952,"1,005",확인
2025-05-27,[80] 누수/규격검사,P3405A-01.50SPC,O2O2 D_Sepia Choco EX,"1,789","1,834",확인
2025-05-27,[80] 누수/규격검사,P3405A-01.75SPC,O2O2 D_Sepia Choco EX,"1,028","1,048",확인
2025-05-27,[80] 누수/규격검사,P3405A-01.75SPC,O2O2 D_Sepia Choco EX,888,908,확인
2025-05-27,[80] 누수/규격검사,P3405A-01.75SPC,O2O2 D_Sepia Choco EX,911,956,확인
2025-05-27,[80] 누수/규격검사,P3405A-01.75SPC,O2O2 D_Sepia Choco EX,848,868,확인
2025-05-27,[80] 누수/규격검사,P3405A-01.75SPC,O2O2 D_Sepia Choco EX,995,"1,015",확인
2025-05-27,[80] 누수/규격검사,P3405A-01.75SPC,O2O2 D_Sepia Choco EX,946,971,확인
2025-05-27,[80] 누수/규격검사,P3405A-01.75SPC,O2O2 D_Sepia Choco EX,993,"1,018",확인
2025-05-27,[55] 접착/ 멸균,P3405A-01.75SPC,O2O2 D_Sepia Choco EX,956,975,확인
2025-05-27,[80] 누수/규격검사,P3405A-01.75SPC,O2O2 D_Sepia Choco EX,"1,030","1,050",확인
2025-05-27,[55] 접착/ 멸균,P3405A-01.75SPC,O2O2 D_Sepia Choco EX,"1,015","1,040",확인
2025-05-27,[80] 누수/규격검사,P3405A-01.75SPC,O2O2 D_Sepia Choco EX,315,320,확인
2025-05-27,[45] 하이드레이션/전면검사,P3405A-01.50SPC,O2O2 D_Sepia Choco EX,"1,835","1,843",확인
2025-05-27,[80] 누수/규격검사,P3405A-01.75SPC,O2O2 D_Sepia Choco EX,964,"1,014",확인
2025-05-27,[55] 접착/ 멸균,P3405A-01.75SPC,O2O2 D_Sepia Choco EX,"1,018","1,080",확인
2025-05-27,[80] 누수/규격검사,P3405A-01.75SPC,O2O2 D_Sepia Choco EX,945,965,확인
2025-05-27,[55] 접착/ 멸균,P3405A-01.75SPC,O2O2 D_Sepia Choco EX,868,890,확인
2025-05-27,[80] 누수/규격검사,P3405A-01.75SPC,O2O2 D_Sepia Choco EX,889,909,확인
2025-05-27,[55] 접착/ 멸균,P3405A-01.75SPC,O2O2 D_Sepia Choco EX,"1,050","1,100",확인
2025-05-27,[55] 접착/ 멸균,P3405A-01.75SPC,O2O2 D_Sepia Choco EX,"1,048","1,080",확인
2025-05-27,[55] 접착/ 멸균,P3405A-01.75SPC,O2O2 D_Sepia Choco EX,"1,014","1,055",확인
2025-05-27,[80] 누수/규격검사,P3405A-02.00SPC,O2O2 D_Sepia Choco EX,626,651,확인
2025-05-27,[80] 누수/규격검사,P3405A-02.00SPC,O2O2 D_Sepia Choco EX,932,952,확인
2025-05-27,[55] 접착/ 멸균,P3405A-02.00SPC,O2O2 D_Sepia Choco EX,651,675,확인
2025-05-27,[55] 접착/ 멸균,P3405A-02.25SPC,O2O2 D_Sepia Choco EX,887,915,확인
2025-05-27,[80] 누수/규격검사,P3405A-02.25SPC,O2O2 D_Sepia Choco EX,867,887,확인
2025-05-27,[45] 하이드레이션/전면검사,P3405A-01.75SPC,O2O2 D_Sepia Choco EX,940,994,확인
2025-05-27,[45] 하이드레이션/전면검사,P3405A-01.75SPC,O2O2 D_Sepia Choco EX,975,983,확인
2025-05-27,[45] 하이드레이션/전면검사,P3405A-01.75SPC,O2O2 D_Sepia Choco EX,"1,000","1,009",확인
2025-05-27,[45] 하이드레이션/전면검사,P3405A-02.00SPC,O2O2 D_Sepia Choco EX,675,686,확인
2025-05-27,[55] 접착/ 멸균,P3406A-05.50ASB,O2O2 D_Ash Brown EX,767,925,확인
2025-05-27,[80] 누수/규격검사,P3406A-05.50ASB,O2O2 D_Ash Brown EX,846,866,확인
2025-05-27,[80] 누수/규격검사,P3405A-04.50SPC,O2O2 D_Sepia Choco EX,746,771,확인
2025-05-27,[55] 접착/ 멸균,P3408A-00.50BRW,O2O2 D_Blending Hazel EX,579,615,확인
2025-05-27,[80] 누수/규격검사,P3408A-00.50BRW,O2O2 D_Blending Hazel EX,559,579,확인
2025-05-27,[80] 누수/규격검사,P3406A-05.50ASB,O2O2 D_Ash Brown EX,747,767,확인
2025-05-27,[80] 누수/규격검사,P3406A-05.50ASB,O2O2 D_Ash Brown EX,"1,320","1,365",확인
2025-05-27,[55] 접착/ 멸균,P3405A-04.50SPC,O2O2 D_Sepia Choco EX,771,820,확인
2025-05-27,[55] 접착/ 멸균,P3406A-05.50ASB,O2O2 D_Ash Brown EX,"1,365","1,445",확인
2025-05-27,[55] 접착/ 멸균,P3406A-05.50ASB,O2O2 D_Ash Brown EX,866,"1,095",확인
2025-05-27,[45] 하이드레이션/전면검사,P3407A-00.00ASG,O2O2 D_Ash Gray EX,"1,530","1,541",확인
2025-05-27,[80] 누수/규격검사,P3407A-03.75ASG,O2O2 D_Ash Gray EX,281,286,확인
2025-05-27,[55] 접착/ 멸균,P3407A-03.75ASG,O2O2 D_Ash Gray EX,286,300,확인
2025-05-27,[80] 누수/규격검사,P3406A-04.25ASB,O2O2 D_Ash Brown EX,709,734,확인
2025-05-27,[80] 누수/규격검사,P3406A-04.25ASB,O2O2 D_Ash Brown EX,"1,249","1,269",확인
2025-05-27,[80] 누수/규격검사,P3406A-04.25ASB,O2O2 D_Ash Brown EX,"1,545","1,565",확인
2025-05-27,[80] 누수/규격검사,P3406A-04.25ASB,O2O2 D_Ash Brown EX,"1,245","1,265",확인
2025-05-27,[80] 누수/규격검사,P3406A-04.25ASB,O2O2 D_Ash Brown EX,530,550,확인
2025-05-27,[55] 접착/ 멸균,P3406A-04.25ASB,O2O2 D_Ash Brown EX,"1,269","1,335",확인
2025-05-27,[45] 하이드레이션/전면검사,P3407A-03.75ASG,O2O2 D_Ash Gray EX,265,276,확인
2025-05-27,[55] 접착/ 멸균,P3406A-04.25ASB,O2O2 D_Ash Brown EX,550,635,확인
2025-05-27,[55] 접착/ 멸균,P3406A-04.25ASB,O2O2 D_Ash Brown EX,734,850,확인
2025-05-27,[55] 접착/ 멸균,P3406A-04.25ASB,O2O2 D_Ash Brown EX,"1,265","1,330",확인
2025-05-27,[55] 접착/ 멸균,P3406A-04.25ASB,O2O2 D_Ash Brown EX,"1,565","1,640",확인
2025-05-27,[45] 하이드레이션/전면검사,P3406A-04.25ASB,O2O2 D_Ash Brown EX,"1,445","1,448",확인
2025-05-27,[45] 하이드레이션/전면검사,P3406A-02.25ASB,O2O2 D_Ash Brown EX,"1,380","1,386",확인
2025-05-27,[55] 접착/ 멸균,P3406A-02.25ASB,O2O2 D_Ash Brown EX,"1,586","1,620",확인
2025-05-27,[80] 누수/규격검사,P3406A-02.25ASB,O2O2 D_Ash Brown EX,"1,253","1,273",확인
2025-05-27,[55] 접착/ 멸균,P3406A-02.25ASB,O2O2 D_Ash Brown EX,"1,273","1,380",확인
2025-05-27,[80] 누수/규격검사,P3406A-02.25ASB,O2O2 D_Ash Brown EX,"1,566","1,586",확인
2025-05-27,[45] 하이드레이션/전면검사,P3405A-02.50SPC,O2O2 D_Sepia Choco EX,845,845,확인
2025-05-27,[45] 하이드레이션/전면검사,P3405A-02.50SPC,O2O2 D_Sepia Choco EX,895,899,확인
2025-05-27,[55] 접착/ 멸균,P3405A-02.50SPC,O2O2 D_Sepia Choco EX,807,825,확인
2025-05-27,[55] 접착/ 멸균,P3405A-02.50SPC,O2O2 D_Sepia Choco EX,983,"1,010",확인
2025-05-27,[55] 접착/ 멸균,P3405A-02.50SPC,O2O2 D_Sepia Choco EX,888,910,확인
2025-05-27,[80] 누수/규격검사,P3405A-02.50SPC,O2O2 D_Sepia Choco EX,808,828,확인
2025-05-27,[80] 누수/규격검사,P3405A-02.50SPC,O2O2 D_Sepia Choco EX,753,773,확인
2025-05-27,[80] 누수/규격검사,P3405A-02.50SPC,O2O2 D_Sepia Choco EX,881,901,확인
2025-05-27,[80] 누수/규격검사,P3405A-02.50SPC,O2O2 D_Sepia Choco EX,963,983,확인
2025-05-27,[80] 누수/규격검사,P3405A-02.50SPC,O2O2 D_Sepia Choco EX,868,888,확인
2025-05-27,[55] 접착/ 멸균,P3405A-02.50SPC,O2O2 D_Sepia Choco EX,828,895,확인
2025-05-27,[55] 접착/ 멸균,P3405A-02.50SPC,O2O2 D_Sepia Choco EX,901,930,확인
2025-05-27,[80] 누수/규격검사,P3405A-02.50SPC,O2O2 D_Sepia Choco EX,782,807,확인
2025-05-27,[55] 접착/ 멸균,P3405A-02.50SPC,O2O2 D_Sepia Choco EX,773,795,확인
2025-05-27,[55] 접착/ 멸균,P3406A-07.50ASB,O2O2 D_Ash Brown EX,"1,279","1,440",확인
2025-05-27,[55] 접착/ 멸균,P3406A-09.00ASB,O2O2 D_Ash Brown EX,"1,441","1,500",확인
2025-05-27,[80] 누수/규격검사,P3406A-07.50ASB,O2O2 D_Ash Brown EX,"1,259","1,279",확인
2025-05-27,[80] 누수/규격검사,P3406A-09.00ASB,O2O2 D_Ash Brown EX,"1,411","1,441",확인
2025-05-27,[45] 하이드레이션/전면검사,P3405A-02.50SPC,O2O2 D_Sepia Choco EX,955,955,확인
2025-05-27,[80] 누수/규격검사,P3405A-03.00SPC,O2O2 D_Sepia Choco EX,"1,987","2,012",확인
2025-05-27,[45] 하이드레이션/전면검사,P3405A-03.00SPC,O2O2 D_Sepia Choco EX,945,952,확인
2025-05-27,[55] 접착/ 멸균,P3405A-03.00SPC,O2O2 D_Sepia Choco EX,"2,012","2,055",확인
2025-05-27,[45] 하이드레이션/전면검사,P3406A-01.25ASB,O2O2 D_Ash Brown EX,"1,455","1,459",확인
2025-05-27,[80] 누수/규격검사,P3407A-02.50ASG,O2O2 D_Ash Gray EX,393,403,확인
2025-05-27,[55] 접착/ 멸균,P3407A-02.50ASG,O2O2 D_Ash Gray EX,403,465,확인
2025-05-27,[55] 접착/ 멸균,P3407A-03.00ASG,O2O2 D_Ash Gray EX,"1,031","1,070",확인
2025-05-27,[80] 누수/규격검사,P3407A-03.00ASG,O2O2 D_Ash Gray EX,"1,008","1,031",확인
2025-05-27,[55] 접착/ 멸균,P3406A-02.50ASB,O2O2 D_Ash Brown EX,"1,850","1,880",확인
2025-05-27,[45] 하이드레이션/전면검사,P3406A-04.00ASB,O2O2 D_Ash Brown EX,"1,230","1,238",확인
2025-05-27,[80] 누수/규격검사,P3406A-02.00ASB,O2O2 D_Ash Brown EX,"1,535","1,560",확인
2025-05-27,[55] 접착/ 멸균,P3406A-04.00ASB,O2O2 D_Ash Brown EX,"1,137","1,230",확인
2025-05-27,[80] 누수/규격검사,P3406A-04.00ASB,O2O2 D_Ash Brown EX,"1,112","1,137",확인
2025-05-27,[80] 누수/규격검사,P3406A-04.00ASB,O2O2 D_Ash Brown EX,845,870,확인
2025-05-27,[55] 접착/ 멸균,P3406A-04.50ASB,O2O2 D_Ash Brown EX,"1,442","1,480",확인
2025-05-27,[80] 누수/규격검사,P3406A-04.50ASB,O2O2 D_Ash Brown EX,"1,422","1,442",확인
2025-05-27,[55] 접착/ 멸균,P3406A-06.00ASB,O2O2 D_Ash Brown EX,"1,863","1,990",확인
2025-05-27,[55] 접착/ 멸균,P3406A-08.00ASB,O2O2 D_Ash Brown EX,"1,422","1,460",확인
2025-05-27,[55] 접착/ 멸균,P3406A-09.50ASB,O2O2 D_Ash Brown EX,837,855,확인
2025-05-27,[80] 누수/규격검사,P3405A-01.25SPC,O2O2 D_Sepia Choco EX,"1,563","1,603",확인
2025-05-27,[80] 누수/규격검사,P3405A-01.25SPC,O2O2 D_Sepia Choco EX,"1,692","1,712",확인
2025-05-27,[80] 누수/규격검사,P3405A-01.25SPC,O2O2 D_Sepia Choco EX,"1,987","2,017",확인
2025-05-27,[80] 누수/규격검사,P3405A-01.25SPC,O2O2 D_Sepia Choco EX,"1,218","1,253",확인
2025-05-27,[80] 누수/규격검사,P3405A-01.25SPC,O2O2 D_Sepia Choco EX,"1,902","1,953",확인
2025-05-27,[80] 누수/규격검사,P3405A-01.25SPC,O2O2 D_Sepia Choco EX,"1,422","1,442",확인
2025-05-27,[80] 누수/규격검사,P3405A-01.25SPC,O2O2 D_Sepia Choco EX,969,"1,004",확인
2025-05-27,[55] 접착/ 멸균,P3405A-01.25SPC,O2O2 D_Sepia Choco EX,"2,017","2,055",확인
2025-05-27,[55] 접착/ 멸균,P3405A-01.25SPC,O2O2 D_Sepia Choco EX,"1,953","1,980",확인
2025-05-27,[55] 접착/ 멸균,P3405A-01.25SPC,O2O2 D_Sepia Choco EX,"1,253","1,280",확인
2025-05-27,[55] 접착/ 멸균,P3405A-01.25SPC,O2O2 D_Sepia Choco EX,"1,004","1,045",확인
2025-05-27,[45] 하이드레이션/전면검사,P3405A-01.25SPC,O2O2 D_Sepia Choco EX,"2,125","2,130",확인
2025-05-27,[45] 하이드레이션/전면검사,P3405A-01.25SPC,O2O2 D_Sepia Choco EX,"2,175","2,179",확인
2025-05-27,[45] 하이드레이션/전면검사,P3405A-01.25SPC,O2O2 D_Sepia Choco EX,"1,770","1,782",확인
2025-05-27,[55] 접착/ 멸균,P3406A-04.00ASB,O2O2 D_Ash Brown EX,870,"1,000",확인
2025-05-27,[55] 접착/ 멸균,P3405A-01.25SPC,O2O2 D_Sepia Choco EX,"1,712","1,745",확인
2025-05-27,[80] 누수/규격검사,P3406A-06.00ASB,O2O2 D_Ash Brown EX,"1,843","1,863",확인
2025-05-27,[80] 누수/규격검사,P3406A-08.00ASB,O2O2 D_Ash Brown EX,"1,402","1,422",확인
2025-05-27,[55] 접착/ 멸균,P3406A-02.00ASB,O2O2 D_Ash Brown EX,"1,560","1,810",확인
2025-05-27,[80] 누수/규격검사,P3406A-09.50ASB,O2O2 D_Ash Brown EX,814,837,확인
2025-05-27,[55] 접착/ 멸균,P3405A-01.25SPC,O2O2 D_Sepia Choco EX,"1,603","1,770",확인
2025-05-27,[55] 접착/ 멸균,P3405A-01.25SPC,O2O2 D_Sepia Choco EX,"1,442","1,475",확인
2025-05-28,[55] 접착/ 멸균,P3407A-04.00ASG,O2O2 D_Ash Gray EX,"1,715","1,800",확인
2025-05-28,[45] 하이드레이션/전면검사,P3405A-03.50SPC,O2O2 D_Sepia Choco EX,"1,005","1,009",확인
2025-05-28,[45] 하이드레이션/전면검사,P3405A-03.50SPC,O2O2 D_Sepia Choco EX,910,914,확인
2025-05-28,[45] 하이드레이션/전면검사,P3405A-03.50SPC,O2O2 D_Sepia Choco EX,965,970,확인
2025-05-28,[55] 접착/ 멸균,P3405A-01.75SPC,O2O2 D_Sepia Choco EX,917,940,확인
2025-05-28,[80] 누수/규격검사,P3405A-01.75SPC,O2O2 D_Sepia Choco EX,897,917,확인
2025-05-28,[55] 접착/ 멸균,P3405A-01.75SPC,O2O2 D_Sepia Choco EX,966,"1,000",확인
2025-05-28,[80] 누수/규격검사,P3405A-01.75SPC,O2O2 D_Sepia Choco EX,936,966,확인
2025-05-28,[80] 누수/규격검사,P3406A-05.00ASB,O2O2 D_Ash Brown EX,826,846,확인
2025-05-28,[55] 접착/ 멸균,P3406A-05.00ASB,O2O2 D_Ash Brown EX,846,875,확인
2025-05-28,[80] 누수/규격검사,P3406A-04.25ASB,O2O2 D_Ash Brown EX,"1,374","1,399",확인
2025-05-28,[55] 접착/ 멸균,P3406A-04.25ASB,O2O2 D_Ash Brown EX,"1,399","1,445",확인
2025-05-28,[55] 접착/ 멸균,P3406A-03.25ASB,O2O2 D_Ash Brown EX,"1,176","1,340",확인
2025-05-28,[45] 하이드레이션/전면검사,P3406A-03.25ASB,O2O2 D_Ash Brown EX,"1,340","1,348",확인
2025-05-28,[80] 누수/규격검사,P3405A-02.50SPC,O2O2 D_Sepia Choco EX,899,919,확인
2025-05-28,[55] 접착/ 멸균,P3405A-02.50SPC,O2O2 D_Sepia Choco EX,830,845,확인
2025-05-28,[80] 누수/규격검사,P3405A-02.50SPC,O2O2 D_Sepia Choco EX,790,830,확인
2025-05-28,[80] 누수/규격검사,P3405A-02.50SPC,O2O2 D_Sepia Choco EX,920,940,확인
2025-05-28,[55] 접착/ 멸균,P3406A-07.50ASB,O2O2 D_Ash Brown EX,"1,233","1,310",확인
2025-05-28,[80] 누수/규격검사,P3406A-07.50ASB,O2O2 D_Ash Brown EX,"1,213","1,233",확인
2025-05-28,[55] 접착/ 멸균,P3406A-09.00ASB,O2O2 D_Ash Brown EX,"1,358","1,405",확인
2025-05-28,[80] 누수/규격검사,P3406A-09.00ASB,O2O2 D_Ash Brown EX,"1,303","1,358",확인
2025-05-28,[55] 접착/ 멸균,P3405A-02.50SPC,O2O2 D_Sepia Choco EX,940,950,확인
2025-05-28,[55] 접착/ 멸균,P3405A-02.50SPC,O2O2 D_Sepia Choco EX,919,955,확인
2025-05-28,[55] 접착/ 멸균,P3405A-03.00SPC,O2O2 D_Sepia Choco EX,905,945,확인
2025-05-28,[80] 누수/규격검사,P3405A-03.00SPC,O2O2 D_Sepia Choco EX,885,905,확인
2025-05-28,[80] 누수/규격검사,P3405A-03.00SPC,O2O2 D_Sepia Choco EX,"1,939","1,959",확인
2025-05-28,[45] 하이드레이션/전면검사,P3405A-03.00SPC,O2O2 D_Sepia Choco EX,"2,040","2,046",확인
2025-05-28,[45] 하이드레이션/전면검사,P3405A-03.00SPC,O2O2 D_Sepia Choco EX,925,928,확인
2025-05-28,[55] 접착/ 멸균,P3408A-00.00BRW,O2O2 D_Blending Hazel EX,475,495,확인
2025-05-28,[80] 누수/규격검사,P3406A-01.25ASB,O2O2 D_Ash Brown EX,"1,386","1,406",확인
2025-05-28,[55] 접착/ 멸균,P3406A-01.25ASB,O2O2 D_Ash Brown EX,"1,406","1,455",확인
2025-05-28,[55] 접착/ 멸균,P3406A-03.50ASB,O2O2 D_Ash Brown EX,"1,741","2,090",확인
2025-05-28,[55] 접착/ 멸균,P3405A-03.00SPC,O2O2 D_Sepia Choco EX,"1,959","2,040",확인
2025-05-28,[80] 누수/규격검사,P3408A-00.00BRW,O2O2 D_Blending Hazel EX,470,475,확인
2025-05-28,[45] 하이드레이션/전면검사,P3406A-03.50ASB,O2O2 D_Ash Brown EX,"2,090","2,107",확인
2025-05-28,[55] 접착/ 멸균,P3406A-02.50ASB,O2O2 D_Ash Brown EX,"1,731","1,850",확인
2025-05-28,[80] 누수/규격검사,P3406A-02.50ASB,O2O2 D_Ash Brown EX,"1,703","1,731",확인
2025-05-28,[80] 누수/규격검사,P3406A-06.50ASB,O2O2 D_Ash Brown EX,847,897,확인
2025-05-28,[80] 누수/규격검사,P3406A-06.50ASB,O2O2 D_Ash Brown EX,"1,183","1,203",확인
2025-05-28,[55] 접착/ 멸균,P3406A-06.50ASB,O2O2 D_Ash Brown EX,897,915,확인
2025-05-28,[55] 접착/ 멸균,P3406A-06.50ASB,O2O2 D_Ash Brown EX,"1,203","1,235",확인
2025-05-28,[45] 하이드레이션/전면검사,P3406A-06.00ASB,O2O2 D_Ash Brown EX,"1,340","1,361",확인
2025-05-28,[45] 하이드레이션/전면검사,P3406A-06.00ASB,O2O2 D_Ash Brown EX,"1,495","1,507",확인
2025-05-28,[80] 누수/규격검사,P3405A-01.25SPC,O2O2 D_Sepia Choco EX,"2,103","2,123",확인
2025-05-28,[55] 접착/ 멸균,P3405A-01.25SPC,O2O2 D_Sepia Choco EX,"2,123","2,175",확인
2025-05-29,[80] 누수/규격검사,P3405A-03.50SPC,O2O2 D_Sepia Choco EX,961,986,확인
2025-05-29,[80] 누수/규격검사,P3405A-03.50SPC,O2O2 D_Sepia Choco EX,901,921,확인
2025-05-29,[80] 누수/규격검사,P3407A-04.00ASG,O2O2 D_Ash Gray EX,"1,551","1,571",확인
2025-05-29,[55] 접착/ 멸균,P3405A-03.50SPC,O2O2 D_Sepia Choco EX,921,965,확인
2025-05-29,[55] 접착/ 멸균,P3405A-03.50SPC,O2O2 D_Sepia Choco EX,986,"1,005",확인
2025-05-29,[55] 접착/ 멸균,P3407A-04.00ASG,O2O2 D_Ash Gray EX,"1,571","1,715",확인
2025-05-29,[55] 접착/ 멸균,P3407A-00.00ASG,O2O2 D_Ash Gray EX,"1,423","1,530",확인
2025-05-29,[80] 누수/규격검사,P3407A-00.00ASG,O2O2 D_Ash Gray EX,"1,403","1,423",확인
2025-05-29,[55] 접착/ 멸균,P3407A-03.75ASG,O2O2 D_Ash Gray EX,249,265,확인
2025-05-29,[55] 접착/ 멸균,P3407A-03.75ASG,O2O2 D_Ash Gray EX,250,260,확인
2025-05-29,[80] 누수/규격검사,P3407A-03.75ASG,O2O2 D_Ash Gray EX,245,250,확인
2025-05-29,[80] 누수/규격검사,P3407A-03.75ASG,O2O2 D_Ash Gray EX,244,249,확인
2025-05-29,[80] 누수/규격검사,P3406A-03.25ASB,O2O2 D_Ash Brown EX,"1,156","1,176",확인
2025-05-29,[80] 누수/규격검사,P3405A-03.00SPC,O2O2 D_Sepia Choco EX,883,903,확인
2025-05-29,[80] 누수/규격검사,P3406A-03.50ASB,O2O2 D_Ash Brown EX,"1,721","1,741",확인
2025-05-29,[55] 접착/ 멸균,P3405A-03.00SPC,O2O2 D_Sepia Choco EX,903,925,확인
2025-05-29,[80] 누수/규격검사,P3406A-06.00ASB,O2O2 D_Ash Brown EX,"1,210","1,230",확인
2025-05-29,[55] 접착/ 멸균,P3406A-06.00ASB,O2O2 D_Ash Brown EX,"1,449","1,495",확인
2025-05-29,[55] 접착/ 멸균,P3406A-06.00ASB,O2O2 D_Ash Brown EX,"1,230","1,340",확인
2025-05-29,[80] 누수/규격검사,P3405A-01.25SPC,O2O2 D_Sepia Choco EX,"2,008","2,030",확인
2025-05-29,[80] 누수/규격검사,P3406A-06.00ASB,O2O2 D_Ash Brown EX,"1,429","1,449",확인
2025-05-29,[55] 접착/ 멸균,P3405A-01.25SPC,O2O2 D_Sepia Choco EX,"2,030","2,125",확인
2025-06-01,[55] 접착/ 멸균,P3406A-05.50ASB,O2O2 D_Ash Brown EX,735,790,확인
2025-06-01,[55] 접착/ 멸균,P3405A-03.50SPC,O2O2 D_Sepia Choco EX,865,910,확인
2025-06-02,[20] 분리,Q3408-00.00BRW,O2O2 D_Blending Hazel EX,0,"1,143",확인
2025-06-05,[55] 접착/ 멸균,P3405A-03.50SPC,O2O2 D_Sepia Choco EX,837,865,확인
2025-06-05,[80] 누수/규격검사,P3405A-03.50SPC,O2O2 D_Sepia Choco EX,787,837,확인
2025-06-08,[10] 사출조립,R3408-02.00BRW,O2O2 D_Blending Hazel EX,"1,154","1,154",확인
2025-06-08,[10] 사출조립,R3408-02.00BRW,O2O2 D_Blending Hazel EX,"1,154","1,154",확인
2025-06-08,[10] 사출조립,R3408-02.00BRW,O2O2 D_Blending Hazel EX,"1,154","1,154",확인
2025-06-08,[10] 사출조립,R3408-02.00BRW,O2O2 D_Blending Hazel EX,0,"1,154",확인
2025-06-08,[10] 사출조립,R3408-01.50BRW,O2O2 D_Blending Hazel EX,0,"1,154",확인
2025-06-08,[10] 사출조립,R3408-01.50BRW,O2O2 D_Blending Hazel EX,0,"1,154",확인
2025-06-08,[10] 사출조립,R3408-01.50BRW,O2O2 D_Blending Hazel EX,"1,154","1,154",확인
2025-06-08,[10] 사출조립,R3408-01.75BRW,O2O2 D_Blending Hazel EX,0,"1,154",확인
2025-06-11,[10] 사출조립,R3409-02.50PIN,O2O2 D_Blending Rose EX,0,"2,023",확인
2025-06-11,[10] 사출조립,R3409-02.50PIN,O2O2 D_Blending Rose EX,"2,023","2,023",확인
2025-06-11,[10] 사출조립,R3409-02.50PIN,O2O2 D_Blending Rose EX,"2,023","2,023",확인
2025-06-11,[10] 사출조립,R3409-02.50PIN,O2O2 D_Blending Rose EX,"2,023","2,023",확인
2025-06-11,[10] 사출조립,R3409-01.50PIN,O2O2 D_Blending Rose EX,"2,023","2,023",확인
2025-06-11,[10] 사출조립,R3409-01.50PIN,O2O2 D_Blending Rose EX,"2,023","2,023",확인
2025-06-11,[10] 사출조립,R3409-01.75PIN,O2O2 D_Blending Rose EX,"2,023","2,023",확인
2025-06-11,[10] 사출조립,R3409-01.75PIN,O2O2 D_Blending Rose EX,"2,023","2,023",확인
2025-06-15,[10] 사출조립,R3408-02.75BRW,O2O2 D_Blending Hazel EX,0,"1,168",확인
2025-06-15,[10] 사출조립,R3408-02.50BRW,O2O2 D_Blending Hazel EX,"1,168","1,168",확인
2025-06-15,[10] 사출조립,R3408-02.50BRW,O2O2 D_Blending Hazel EX,0,"1,168",확인
2025-06-15,[10] 사출조립,R3408-02.50BRW,O2O2 D_Blending Hazel EX,0,"1,168",확인
2025-06-15,[10] 사출조립,R3408-03.00BRW,O2O2 D_Blending Hazel EX,0,"1,168",확인
2025-06-15,[10] 사출조립,R3408-03.00BRW,O2O2 D_Blending Hazel EX,"1,168","1,168",확인
2025-06-15,[10] 사출조립,R3408-03.25BRW,O2O2 D_Blending Hazel EX,0,"1,168",확인
2025-06-15,[10] 사출조립,R3408-03.25BRW,O2O2 D_Blending Hazel EX,"1,168","1,168",확인
2025-06-16,[10] 사출조립,R3408-02.75BRW,O2O2 D_Blending Hazel EX,"1,217","1,217",확인
2025-06-16,[10] 사출조립,R3408-05.00BRW,O2O2 D_Blending Hazel EX,0,"1,177",확인
2025-06-16,[10] 사출조립,R3408-05.00BRW,O2O2 D_Blending Hazel EX,"1,177","1,177",확인
2025-06-16,[10] 사출조립,R3408-05.00BRW,O2O2 D_Blending Hazel EX,0,"1,177",확인
2025-06-16,[10] 사출조립,R3408-05.00BRW,O2O2 D_Blending Hazel EX,0,640,확인
2025-06-16,[10] 사출조립,R3408-05.00BRW,O2O2 D_Blending Hazel EX,640,640,확인
2025-06-16,[10] 사출조립,R3408-05.00BRW,O2O2 D_Blending Hazel EX,0,640,확인
2025-06-16,[10] 사출조립,R3408-02.50BRW,O2O2 D_Blending Hazel EX,0,"1,217",확인
2025-06-16,[10] 사출조립,R3408-02.50BRW,O2O2 D_Blending Hazel EX,"1,217","1,217",확인
2025-06-16,[10] 사출조립,R3408-02.50BRW,O2O2 D_Blending Hazel EX,"1,217","1,217",확인
2025-06-16,[10] 사출조립,R3408-06.50BRW,O2O2 D_Blending Hazel EX,0,"1,177",확인
2025-06-16,[10] 사출조립,R3408-06.50BRW,O2O2 D_Blending Hazel EX,640,640,확인
2025-06-16,[10] 사출조립,R3408-06.50BRW,O2O2 D_Blending Hazel EX,640,640,확인
2025-06-16,[10] 사출조립,R3408-06.50BRW,O2O2 D_Blending Hazel EX,640,640,확인
2025-06-16,[10] 사출조립,R3408-06.50BRW,O2O2 D_Blending Hazel EX,"1,177","1,177",확인
2025-06-16,[10] 사출조립,R3408-06.50BRW,O2O2 D_Blending Hazel EX,"1,177","1,177",확인
2025-06-16,[10] 사출조립,R3408-03.25BRW,O2O2 D_Blending Hazel EX,0,"1,217",확인
2025-06-16,[10] 사출조립,R3408-03.25BRW,O2O2 D_Blending Hazel EX,0,"1,217",확인
2025-06-16,[10] 사출조립,R3408-03.25BRW,O2O2 D_Blending Hazel EX,"1,217","1,217",확인
2025-06-16,[10] 사출조립,R3408-03.25BRW,O2O2 D_Blending Hazel EX,"1,217","1,217",확인
2025-06-16,[10] 사출조립,R3408-04.75BRW,O2O2 D_Blending Hazel EX,0,"1,177",확인
2025-06-16,[10] 사출조립,R3408-04.75BRW,O2O2 D_Blending Hazel EX,0,"1,177",확인
2025-06-16,[10] 사출조립,R3408-04.75BRW,O2O2 D_Blending Hazel EX,640,640,확인
2025-06-16,[10] 사출조립,R3408-04.75BRW,O2O2 D_Blending Hazel EX,0,640,확인
2025-06-17,[10] 사출조립,R3408-05.00BRW,O2O2 D_Blending Hazel EX,"1,155","1,155",확인
2025-06-17,[10] 사출조립,R3408-05.00BRW,O2O2 D_Blending Hazel EX,"1,155","1,155",확인
2025-06-17,[10] 사출조립,R3408-06.50BRW,O2O2 D_Blending Hazel EX,"1,155","1,155",확인
2025-06-17,[20] 분리,Q3408-02.50BRW,O2O2 D_Blending Hazel EX,921,"1,217",확인
2025-06-17,[20] 분리,Q3408-02.50BRW,O2O2 D_Blending Hazel EX,983,"1,217",확인
2025-06-17,[10] 사출조립,R3408-06.50BRW,O2O2 D_Blending Hazel EX,"1,155","1,155",확인
2025-06-17,[10] 사출조립,R3408-06.50BRW,O2O2 D_Blending Hazel EX,"1,155","1,155",확인
2025-06-17,[10] 사출조립,R3408-04.75BRW,O2O2 D_Blending Hazel EX,"1,155","1,155",확인
2025-06-17,[10] 사출조립,R3408-04.75BRW,O2O2 D_Blending Hazel EX,"1,155","1,155",확인
2025-06-17,[10] 사출조립,R3408-04.75BRW,O2O2 D_Blending Hazel EX,"1,155","1,155",확인
2025-06-17,[20] 분리,Q3408-03.25BRW,O2O2 D_Blending Hazel EX,855,"1,217",확인
2025-06-17,[20] 분리,Q3408-03.25BRW,O2O2 D_Blending Hazel EX,926,"1,217",확인
2025-06-17,[20] 분리,Q3408-04.75BRW,O2O2 D_Blending Hazel EX,896,"1,155",확인
2025-06-17,[20] 분리,Q3408-04.75BRW,O2O2 D_Blending Hazel EX,978,"1,155",확인
2025-06-17,[20] 분리,Q3408-06.50BRW,O2O2 D_Blending Hazel EX,887,"1,155",확인
2025-06-17,[20] 분리,Q3408-06.50BRW,O2O2 D_Blending Hazel EX,404,640,확인
2025-06-17,[20] 분리,Q3408-06.50BRW,O2O2 D_Blending Hazel EX,353,640,확인
2025-06-17,[20] 분리,Q3408-02.75BRW,O2O2 D_Blending Hazel EX,550,"1,217",확인
2025-06-18,[20] 분리,Q3408-05.00BRW,O2O2 D_Blending Hazel EX,896,"1,177",확인
2025-06-18,[20] 분리,Q3408-05.00BRW,O2O2 D_Blending Hazel EX,"1,021","1,155",확인
2025-06-18,[20] 분리,Q3408-05.00BRW,O2O2 D_Blending Hazel EX,868,"1,155",확인
2025-06-18,[20] 분리,Q3408-04.75BRW,O2O2 D_Blending Hazel EX,"1,015","1,155",확인
2025-06-18,[45] 하이드레이션/전면검사,P3408A-02.50BRW,O2O2 D_Blending Hazel EX,910,921,확인
2025-06-18,[45] 하이드레이션/전면검사,P3408A-02.50BRW,O2O2 D_Blending Hazel EX,970,983,확인
2025-06-18,[45] 하이드레이션/전면검사,P3408A-06.50BRW,O2O2 D_Blending Hazel EX,610,618,확인
2025-06-18,[45] 하이드레이션/전면검사,P3408A-06.50BRW,O2O2 D_Blending Hazel EX,465,474,확인
2025-06-18,[45] 하이드레이션/전면검사,P3408A-06.50BRW,O2O2 D_Blending Hazel EX,880,887,확인
2025-06-18,[20] 분리,Q3408-06.50BRW,O2O2 D_Blending Hazel EX,618,"1,177",확인
2025-06-18,[20] 분리,Q3408-06.50BRW,O2O2 D_Blending Hazel EX,648,"1,155",확인
2025-06-18,[20] 분리,Q3408-06.50BRW,O2O2 D_Blending Hazel EX,474,"1,177",확인
2025-06-18,[20] 분리,Q3408-06.50BRW,O2O2 D_Blending Hazel EX,959,"1,155",확인
2025-06-18,[45] 하이드레이션/전면검사,P3408A-04.75BRW,O2O2 D_Blending Hazel EX,975,978,확인
2025-06-18,[45] 하이드레이션/전면검사,P3408A-04.75BRW,O2O2 D_Blending Hazel EX,890,896,확인
2025-06-18,[45] 하이드레이션/전면검사,P3408A-05.00BRW,O2O2 D_Blending Hazel EX,895,896,확인
2025-06-18,[45] 하이드레이션/전면검사,P3408A-05.00BRW,O2O2 D_Blending Hazel EX,"1,020","1,021",확인
2025-06-19,[20] 분리,Q3409-01.75PIN,O2O2 D_Blending Rose EX,"1,489","2,023",확인
2025-06-19,[20] 분리,Q3409-01.50PIN,O2O2 D_Blending Rose EX,"1,495","2,023",확인
2025-06-19,[80] 누수/규격검사,P3408A-02.50BRW,O2O2 D_Blending Hazel EX,792,812,확인
2025-06-19,[80] 누수/규격검사,P3408A-02.50BRW,O2O2 D_Blending Hazel EX,735,758,확인
2025-06-19,[55] 접착/ 멸균,P3408A-02.50BRW,O2O2 D_Blending Hazel EX,812,970,확인
2025-06-19,[55] 접착/ 멸균,P3408A-02.50BRW,O2O2 D_Blending Hazel EX,758,910,확인
2025-06-19,[80] 누수/규격검사,P3408A-06.50BRW,O2O2 D_Blending Hazel EX,580,600,확인
2025-06-19,[55] 접착/ 멸균,P3408A-06.50BRW,O2O2 D_Blending Hazel EX,449,465,확인
2025-06-19,[55] 접착/ 멸균,P3408A-06.50BRW,O2O2 D_Blending Hazel EX,851,880,확인
2025-06-19,[55] 접착/ 멸균,P3408A-06.50BRW,O2O2 D_Blending Hazel EX,600,610,확인
2025-06-19,[80] 누수/규격검사,P3408A-06.50BRW,O2O2 D_Blending Hazel EX,444,449,확인
2025-06-19,[80] 누수/규격검사,P3408A-06.50BRW,O2O2 D_Blending Hazel EX,825,851,확인
2025-06-19,[20] 분리,Q3409-02.50PIN,O2O2 D_Blending Rose EX,"1,171","2,023",확인
2025-06-19,[80] 누수/규격검사,P3408A-04.75BRW,O2O2 D_Blending Hazel EX,848,870,확인
2025-06-19,[80] 누수/규격검사,P3408A-04.75BRW,O2O2 D_Blending Hazel EX,832,857,확인
2025-06-19,[55] 접착/ 멸균,P3408A-04.75BRW,O2O2 D_Blending Hazel EX,870,975,확인
2025-06-19,[55] 접착/ 멸균,P3408A-04.75BRW,O2O2 D_Blending Hazel EX,857,890,확인
2025-06-19,[80] 누수/규격검사,P3408A-05.00BRW,O2O2 D_Blending Hazel EX,955,989,확인
2025-06-19,[55] 접착/ 멸균,P3408A-05.00BRW,O2O2 D_Blending Hazel EX,870,895,확인
2025-06-19,[55] 접착/ 멸균,P3408A-05.00BRW,O2O2 D_Blending Hazel EX,989,"1,020",확인
2025-06-20,[20] 분리,Q3409-01.75PIN,O2O2 D_Blending Rose EX,679,"2,023",확인
2025-06-20,[20] 분리,Q3408-02.50BRW,O2O2 D_Blending Hazel EX,828,"1,168",확인
2025-06-20,[20] 분리,Q3408-05.00BRW,O2O2 D_Blending Hazel EX,406,640,확인
2025-06-20,[20] 분리,Q3408-03.25BRW,O2O2 D_Blending Hazel EX,700,"1,168",확인
2025-06-20,[20] 분리,Q3408-01.50BRW,O2O2 D_Blending Hazel EX,751,"1,154",확인
2025-06-20,[20] 분리,Q3408-02.00BRW,O2O2 D_Blending Hazel EX,846,"1,154",확인
2025-06-20,[20] 분리,Q3408-02.00BRW,O2O2 D_Blending Hazel EX,768,"1,154",확인
2025-06-20,[20] 분리,Q3408-04.75BRW,O2O2 D_Blending Hazel EX,323,640,확인
2025-06-20,[20] 분리,Q3408-02.00BRW,O2O2 D_Blending Hazel EX,622,"1,154",확인
2025-06-20,[20] 분리,Q3409-01.50PIN,O2O2 D_Blending Rose EX,"1,235","2,023",확인
2025-06-20,[45] 하이드레이션/전면검사,P3409A-01.75PIN,O2O2 D_Blending Rose EX,675,679,확인
2025-06-20,[45] 하이드레이션/전면검사,P3409A-01.75PIN,O2O2 D_Blending Rose EX,"1,485","1,489",확인
2025-06-20,[45] 하이드레이션/전면검사,P3408A-02.50BRW,O2O2 D_Blending Hazel EX,825,828,확인
2025-06-20,[45] 하이드레이션/전면검사,P3408A-06.50BRW,O2O2 D_Blending Hazel EX,395,404,확인
2025-06-20,[45] 하이드레이션/전면검사,P3408A-06.50BRW,O2O2 D_Blending Hazel EX,950,959,확인
2025-06-20,[20] 분리,Q3408-03.00BRW,O2O2 D_Blending Hazel EX,998,"1,168",확인
2025-06-20,[20] 분리,Q3408-06.50BRW,O2O2 D_Blending Hazel EX,289,640,확인
2025-06-20,[45] 하이드레이션/전면검사,P3408A-06.50BRW,O2O2 D_Blending Hazel EX,345,353,확인
2025-06-20,[45] 하이드레이션/전면검사,P3408A-06.50BRW,O2O2 D_Blending Hazel EX,640,648,확인
2025-06-20,[20] 분리,Q3409-02.50PIN,O2O2 D_Blending Rose EX,984,"2,023",확인
2025-06-20,[20] 분리,Q3409-02.50PIN,O2O2 D_Blending Rose EX,"1,561","2,023",확인
2025-06-20,[45] 하이드레이션/전면검사,P3408A-02.75BRW,O2O2 D_Blending Hazel EX,545,550,확인
2025-06-20,[45] 하이드레이션/전면검사,P3408A-04.75BRW,O2O2 D_Blending Hazel EX,"1,010","1,015",확인
2025-06-20,[80] 누수/규격검사,P3408A-04.75BRW,O2O2 D_Blending Hazel EX,505,525,확인
2025-06-20,[55] 접착/ 멸균,P3408A-04.75BRW,O2O2 D_Blending Hazel EX,525,"1,010",확인
2025-06-20,[45] 하이드레이션/전면검사,P3408A-05.00BRW,O2O2 D_Blending Hazel EX,860,868,확인
2025-06-20,[80] 누수/규격검사,P3408A-05.00BRW,O2O2 D_Blending Hazel EX,850,870,확인
2025-06-21,[80] 누수/규격검사,P3408A-02.50BRW,O2O2 D_Blending Hazel EX,740,764,확인
2025-06-21,[55] 접착/ 멸균,P3408A-02.50BRW,O2O2 D_Blending Hazel EX,764,825,확인
2025-06-21,[80] 누수/규격검사,P3409A-01.75PIN,O2O2 D_Blending Rose EX,510,530,확인
2025-06-21,[80] 누수/규격검사,P3409A-01.75PIN,O2O2 D_Blending Rose EX,"1,395","1,415",확인
2025-06-21,[80] 누수/규격검사,P3408A-06.50BRW,O2O2 D_Blending Hazel EX,604,624,확인
2025-06-21,[80] 누수/규격검사,P3408A-06.50BRW,O2O2 D_Blending Hazel EX,325,330,확인
2025-06-21,[80] 누수/규격검사,P3408A-06.50BRW,O2O2 D_Blending Hazel EX,378,383,확인
2025-06-21,[80] 누수/규격검사,P3408A-06.50BRW,O2O2 D_Blending Hazel EX,906,926,확인
2025-06-21,[55] 접착/ 멸균,P3408A-06.50BRW,O2O2 D_Blending Hazel EX,330,345,확인
2025-06-21,[55] 접착/ 멸균,P3408A-06.50BRW,O2O2 D_Blending Hazel EX,926,950,확인
2025-06-21,[55] 접착/ 멸균,P3408A-06.50BRW,O2O2 D_Blending Hazel EX,624,640,확인
2025-06-21,[55] 접착/ 멸균,P3408A-06.50BRW,O2O2 D_Blending Hazel EX,383,395,확인
2025-06-21,[55] 접착/ 멸균,P3409A-01.75PIN,O2O2 D_Blending Rose EX,"1,415","1,485",확인
2025-06-21,[55] 접착/ 멸균,P3409A-01.75PIN,O2O2 D_Blending Rose EX,530,675,확인
2025-06-21,[80] 누수/규격검사,P3408A-02.75BRW,O2O2 D_Blending Hazel EX,455,475,확인
2025-06-21,[55] 접착/ 멸균,P3408A-02.75BRW,O2O2 D_Blending Hazel EX,475,545,확인
2025-06-21,[80] 누수/규격검사,P3408A-05.00BRW,O2O2 D_Blending Hazel EX,819,839,확인
2025-06-21,[55] 접착/ 멸균,P3408A-05.00BRW,O2O2 D_Blending Hazel EX,839,860,확인
2025-06-22,[45] 하이드레이션/전면검사,P3408A-02.00BRW,O2O2 D_Blending Hazel EX,840,846,확인
2025-06-22,[45] 하이드레이션/전면검사,P3408A-02.00BRW,O2O2 D_Blending Hazel EX,765,768,확인
2025-06-22,[45] 하이드레이션/전면검사,P3408A-02.00BRW,O2O2 D_Blending Hazel EX,620,622,확인
2025-06-22,[45] 하이드레이션/전면검사,P3408A-03.00BRW,O2O2 D_Blending Hazel EX,945,998,확인
2025-06-22,[45] 하이드레이션/전면검사,P3408A-06.50BRW,O2O2 D_Blending Hazel EX,280,289,확인
2025-06-22,[45] 하이드레이션/전면검사,P3409A-01.50PIN,O2O2 D_Blending Rose EX,"1,485","1,495",확인
2025-06-22,[45] 하이드레이션/전면검사,P3409A-01.50PIN,O2O2 D_Blending Rose EX,"1,230","1,235",확인
2025-06-22,[45] 하이드레이션/전면검사,P3408A-04.75BRW,O2O2 D_Blending Hazel EX,320,323,확인
2025-06-22,[80] 누수/규격검사,P3409A-02.50PIN,O2O2 D_Blending Rose EX,"1,460","1,480",확인
2025-06-22,[45] 하이드레이션/전면검사,P3408A-01.50BRW,O2O2 D_Blending Hazel EX,750,751,확인
2025-06-22,[45] 하이드레이션/전면검사,P3408A-03.25BRW,O2O2 D_Blending Hazel EX,695,700,확인
2025-06-22,[45] 하이드레이션/전면검사,P3408A-05.00BRW,O2O2 D_Blending Hazel EX,405,406,확인
2025-06-22,[45] 하이드레이션/전면검사,P3409A-02.50PIN,O2O2 D_Blending Rose EX,975,984,확인
2025-06-22,[45] 하이드레이션/전면검사,P3409A-02.50PIN,O2O2 D_Blending Rose EX,"1,160","1,171",확인
2025-06-22,[45] 하이드레이션/전면검사,P3409A-02.50PIN,O2O2 D_Blending Rose EX,"1,555","1,561",확인
2025-06-22,[55] 접착/ 멸균,P3409A-02.50PIN,O2O2 D_Blending Rose EX,"1,480","1,555",확인
2025-06-23,[80] 누수/규격검사,P3406A-05.00ASB,O2O2 D_Ash Brown EX,725,745,확인
2025-06-23,[45] 하이드레이션/전면검사,P3406A-05.00ASB,O2O2 D_Ash Brown EX,790,856,확인
2025-06-23,[80] 누수/규격검사,P3408A-02.00BRW,O2O2 D_Blending Hazel EX,794,819,확인
2025-06-23,[80] 누수/규격검사,P3408A-02.00BRW,O2O2 D_Blending Hazel EX,698,718,확인
2025-06-23,[80] 누수/규격검사,P3408A-02.00BRW,O2O2 D_Blending Hazel EX,577,597,확인
2025-06-23,[55] 접착/ 멸균,P3408A-02.00BRW,O2O2 D_Blending Hazel EX,819,840,확인
2025-06-23,[55] 접착/ 멸균,P3408A-02.00BRW,O2O2 D_Blending Hazel EX,718,765,확인
2025-06-23,[55] 접착/ 멸균,P3408A-02.00BRW,O2O2 D_Blending Hazel EX,597,620,확인
2025-06-23,[55] 접착/ 멸균,P3406A-05.00ASB,O2O2 D_Ash Brown EX,745,790,확인
2025-06-23,[80] 누수/규격검사,P3408A-06.50BRW,O2O2 D_Blending Hazel EX,265,270,확인
2025-06-23,[55] 접착/ 멸균,P3408A-06.50BRW,O2O2 D_Blending Hazel EX,270,280,확인
2025-06-23,[80] 누수/규격검사,P3409A-01.50PIN,O2O2 D_Blending Rose EX,"1,341","1,361",확인
2025-06-23,[80] 누수/규격검사,P3409A-01.50PIN,O2O2 D_Blending Rose EX,"1,147","1,167",확인
2025-06-23,[55] 접착/ 멸균,P3409A-01.50PIN,O2O2 D_Blending Rose EX,"1,361","1,485",확인
2025-06-23,[55] 접착/ 멸균,P3409A-01.50PIN,O2O2 D_Blending Rose EX,"1,167","1,230",확인
2025-06-23,[55] 접착/ 멸균,P3406A-07.50ASB,O2O2 D_Ash Brown EX,"1,450","1,535",확인
2025-06-23,[80] 누수/규격검사,P3408A-04.75BRW,O2O2 D_Blending Hazel EX,299,304,확인
2025-06-23,[55] 접착/ 멸균,P3406A-07.50ASB,O2O2 D_Ash Brown EX,"1,418","1,450",확인
2025-06-23,[55] 접착/ 멸균,P3408A-04.75BRW,O2O2 D_Blending Hazel EX,304,320,확인
2025-06-23,[80] 누수/규격검사,P3406A-07.50ASB,O2O2 D_Ash Brown EX,"1,397","1,418",확인
2025-06-23,[55] 접착/ 멸균,P3407A-03.00ASG,O2O2 D_Ash Gray EX,865,890,확인
2025-06-23,[80] 누수/규격검사,P3409A-02.50PIN,O2O2 D_Blending Rose EX,"1,100","1,130",확인
2025-06-23,[80] 누수/규격검사,P3409A-02.50PIN,O2O2 D_Blending Rose EX,911,931,확인
2025-06-23,[55] 접착/ 멸균,P3409A-02.50PIN,O2O2 D_Blending Rose EX,"1,130","1,160",확인
2025-06-23,[55] 접착/ 멸균,P3409A-02.50PIN,O2O2 D_Blending Rose EX,931,975,확인
2025-06-23,[80] 누수/규격검사,P3408A-01.50BRW,O2O2 D_Blending Hazel EX,710,730,확인
2025-06-23,[80] 누수/규격검사,P3408A-03.25BRW,O2O2 D_Blending Hazel EX,640,660,확인
2025-06-23,[80] 누수/규격검사,P3408A-05.00BRW,O2O2 D_Blending Hazel EX,382,387,확인
2025-06-23,[55] 접착/ 멸균,P3408A-01.50BRW,O2O2 D_Blending Hazel EX,730,750,확인
2025-06-23,[55] 접착/ 멸균,P3408A-03.25BRW,O2O2 D_Blending Hazel EX,660,695,확인
2025-06-23,[55] 접착/ 멸균,P3408A-05.00BRW,O2O2 D_Blending Hazel EX,387,405,확인
2025-06-23,[55] 접착/ 멸균,P3406A-06.50ASB,O2O2 D_Ash Brown EX,"1,380","1,430",확인
2025-06-24,[80] 누수/규격검사,P3406A-05.50ASB,O2O2 D_Ash Brown EX,679,699,확인
2025-06-24,[55] 접착/ 멸균,P3406A-05.50ASB,O2O2 D_Ash Brown EX,699,735,확인
2025-06-24,[80] 누수/규격검사,P3408A-03.00BRW,O2O2 D_Blending Hazel EX,831,851,확인
2025-06-24,[55] 접착/ 멸균,P3408A-03.00BRW,O2O2 D_Blending Hazel EX,851,945,확인
2025-06-24,[55] 접착/ 멸균,P3407A-03.00ASG,O2O2 D_Ash Gray EX,840,865,확인
2025-06-24,[45] 하이드레이션/전면검사,P3408A-03.25BRW,O2O2 D_Blending Hazel EX,925,926,확인
2025-06-24,[80] 누수/규격검사,P3407A-03.00ASG,O2O2 D_Ash Gray EX,820,840,확인
2025-06-24,[80] 누수/규격검사,P3406A-06.50ASB,O2O2 D_Ash Brown EX,"1,257","1,277",확인
2025-06-24,[55] 접착/ 멸균,P3406A-06.50ASB,O2O2 D_Ash Brown EX,"1,277","1,380",확인
2025-06-25,[45] 하이드레이션/전면검사,P3408A-03.25BRW,O2O2 D_Blending Hazel EX,855,855,확인
2025-06-25,[80] 누수/규격검사,P3408A-03.25BRW,O2O2 D_Blending Hazel EX,864,884,확인
2025-06-25,[80] 누수/규격검사,P3408A-03.25BRW,O2O2 D_Blending Hazel EX,754,774,확인
2025-06-25,[55] 접착/ 멸균,P3408A-03.25BRW,O2O2 D_Blending Hazel EX,884,925,확인
2025-06-25,[55] 접착/ 멸균,P3408A-03.25BRW,O2O2 D_Blending Hazel EX,774,855,확인
2025-06-27,[10] 사출조립,R3405-03.25SPC,O2O2 D_Sepia Choco EX,"1,878","1,878",확인
2025-06-27,[10] 사출조립,R3405-03.00SPC,O2O2 D_Sepia Choco EX,"1,878","1,878",확인
2025-06-27,[10] 사출조립,R3405-03.00SPC,O2O2 D_Sepia Choco EX,"1,878","1,878",확인
2025-06-27,[10] 사출조립,R3405-03.00SPC,O2O2 D_Sepia Choco EX,"1,878","1,878",확인
2025-06-27,[10] 사출조립,R3405-03.00SPC,O2O2 D_Sepia Choco EX,"1,878","1,878",확인
2025-06-27,[10] 사출조립,R3405-03.00SPC,O2O2 D_Sepia Choco EX,"1,878","1,878",확인
2025-06-27,[10] 사출조립,R3405-03.50SPC,O2O2 D_Sepia Choco EX,"1,878","1,878",확인
2025-06-27,[10] 사출조립,R3405-03.50SPC,O2O2 D_Sepia Choco EX,"1,878","1,878",확인
2025-06-27,[20] 분리,Q3405-03.25SPC,O2O2 D_Sepia Choco EX,"1,389","1,878",확인
2025-06-27,[20] 분리,Q3405-03.50SPC,O2O2 D_Sepia Choco EX,"1,373","1,878",확인
2025-06-27,[20] 분리,Q3405-03.50SPC,O2O2 D_Sepia Choco EX,"1,395","1,878",확인
2025-06-28,[10] 사출조립,R3405-02.50SPC,O2O2 D_Sepia Choco EX,"1,595","1,595",확인
2025-06-28,[10] 사출조립,R3405-02.50SPC,O2O2 D_Sepia Choco EX,"1,595","1,595",확인
2025-06-28,[10] 사출조립,R3405-02.50SPC,O2O2 D_Sepia Choco EX,"1,595","1,595",확인
2025-06-28,[10] 사출조립,R3405-02.50SPC,O2O2 D_Sepia Choco EX,"1,595","1,595",확인
2025-06-28,[10] 사출조립,R3405-02.50SPC,O2O2 D_Sepia Choco EX,0,"1,595",확인
2025-06-28,[10] 사출조립,R3405-02.50SPC,O2O2 D_Sepia Choco EX,"1,595","1,595",확인
2025-06-28,[10] 사출조립,R3405-02.75SPC,O2O2 D_Sepia Choco EX,"1,595","1,595",확인
2025-06-28,[10] 사출조립,R3405-02.75SPC,O2O2 D_Sepia Choco EX,"1,595","1,595",확인
2025-06-28,[45] 하이드레이션/전면검사,P3405A-03.25SPC,O2O2 D_Sepia Choco EX,"1,375","1,389",확인
2025-06-28,[45] 하이드레이션/전면검사,P3405A-03.50SPC,O2O2 D_Sepia Choco EX,"1,390","1,395",확인
2025-06-28,[45] 하이드레이션/전면검사,P3405A-03.50SPC,O2O2 D_Sepia Choco EX,"1,370","1,373",확인
2025-06-30,[20] 분리,Q3405-03.00SPC,O2O2 D_Sepia Choco EX,"1,167","1,878",확인
2025-06-30,[20] 분리,Q3405-03.00SPC,O2O2 D_Sepia Choco EX,"1,192","1,878",확인
2025-06-30,[20] 분리,Q3405-03.00SPC,O2O2 D_Sepia Choco EX,"1,250","1,878",확인
2025-06-30,[20] 분리,Q3405-03.00SPC,O2O2 D_Sepia Choco EX,"1,446","1,878",확인
2025-06-30,[20] 분리,Q3405-02.75SPC,O2O2 D_Sepia Choco EX,985,"1,595",확인
2025-06-30,[20] 분리,Q3405-02.75SPC,O2O2 D_Sepia Choco EX,"1,293","1,595",확인
2025-06-30,[20] 분리,Q3405-02.50SPC,O2O2 D_Sepia Choco EX,"1,015","1,595",확인
2025-06-30,[80] 누수/규격검사,P3405A-03.25SPC,O2O2 D_Sepia Choco EX,"1,286","1,308",확인
2025-06-30,[55] 접착/ 멸균,P3405A-03.25SPC,O2O2 D_Sepia Choco EX,"1,308","1,375",확인
2025-06-30,[55] 접착/ 멸균,P3405A-03.50SPC,O2O2 D_Sepia Choco EX,"1,313","1,390",확인
2025-06-30,[80] 누수/규격검사,P3405A-03.50SPC,O2O2 D_Sepia Choco EX,"1,291","1,311",확인
2025-06-30,[80] 누수/규격검사,P3405A-03.50SPC,O2O2 D_Sepia Choco EX,"1,293","1,313",확인
2025-06-30,[55] 접착/ 멸균,P3405A-03.50SPC,O2O2 D_Sepia Choco EX,"1,311","1,370",확인
2025-07-01,[20] 분리,Q3405-02.50SPC,O2O2 D_Sepia Choco EX,987,"1,595",확인
2025-07-01,[20] 분리,Q3405-02.50SPC,O2O2 D_Sepia Choco EX,"1,010","1,595",확인
2025-07-01,[20] 분리,Q3405-02.50SPC,O2O2 D_Sepia Choco EX,979,"1,595",확인
2025-07-01,[45] 하이드레이션/전면검사,P3405A-02.75SPC,O2O2 D_Sepia Choco EX,980,985,확인
2025-07-01,[45] 하이드레이션/전면검사,P3405A-03.00SPC,O2O2 D_Sepia Choco EX,"1,440","1,446",확인
2025-07-02,[45] 하이드레이션/전면검사,P3405A-02.50SPC,O2O2 D_Sepia Choco EX,975,987,확인
2025-07-02,[45] 하이드레이션/전면검사,P3405A-02.50SPC,O2O2 D_Sepia Choco EX,"1,010","1,015",확인
2025-07-02,[45] 하이드레이션/전면검사,P3405A-02.50SPC,O2O2 D_Sepia Choco EX,"1,005","1,010",확인
2025-07-02,[45] 하이드레이션/전면검사,P3405A-02.75SPC,O2O2 D_Sepia Choco EX,"1,290","1,293",확인
2025-07-02,[45] 하이드레이션/전면검사,P3405A-02.50SPC,O2O2 D_Sepia Choco EX,975,979,확인
2025-07-02,[55] 접착/ 멸균,P3405A-03.00SPC,O2O2 D_Sepia Choco EX,891,"1,440",확인
2025-07-02,[80] 누수/규격검사,P3405A-03.00SPC,O2O2 D_Sepia Choco EX,856,891,확인
2025-07-02,[45] 하이드레이션/전면검사,P3405A-03.00SPC,O2O2 D_Sepia Choco EX,"1,250","1,250",확인
2025-07-02,[45] 하이드레이션/전면검사,P3405A-03.00SPC,O2O2 D_Sepia Choco EX,"1,190","1,192",확인
2025-07-02,[45] 하이드레이션/전면검사,P3405A-03.00SPC,O2O2 D_Sepia Choco EX,"1,165","1,167",확인
2025-07-03,[10] 사출조립,R3406-02.00ASB,O2O2 D_Ash Brown EX,933,933,확인
2025-07-03,[10] 사출조립,R3406-02.00ASB,O2O2 D_Ash Brown EX,933,933,확인
2025-07-03,[10] 사출조립,R3406-02.00ASB,O2O2 D_Ash Brown EX,933,933,확인
2025-07-03,[10] 사출조립,R3406-02.00ASB,O2O2 D_Ash Brown EX,933,933,확인
2025-07-03,[10] 사출조립,R3406-02.00ASB,O2O2 D_Ash Brown EX,0,653,확인
2025-07-03,[10] 사출조립,R3406-02.25ASB,O2O2 D_Ash Brown EX,933,933,확인
2025-07-03,[10] 사출조립,R3406-02.00ASB,O2O2 D_Ash Brown EX,653,653,확인
2025-07-03,[10] 사출조립,R3406-02.00ASB,O2O2 D_Ash Brown EX,653,653,확인
2025-07-03,[10] 사출조립,R3406-02.00ASB,O2O2 D_Ash Brown EX,0,653,확인
2025-07-03,[10] 사출조립,R3406-02.25ASB,O2O2 D_Ash Brown EX,933,933,확인
2025-07-03,[10] 사출조립,R3406-02.25ASB,O2O2 D_Ash Brown EX,653,653,확인
2025-07-03,[10] 사출조립,R3406-02.25ASB,O2O2 D_Ash Brown EX,0,653,확인
2025-07-03,[10] 사출조립,R3406-02.25ASB,O2O2 D_Ash Brown EX,653,653,확인
2025-07-03,[10] 사출조립,R3406-02.25ASB,O2O2 D_Ash Brown EX,933,933,확인
2025-07-03,[10] 사출조립,R3406-02.25ASB,O2O2 D_Ash Brown EX,653,653,확인
2025-07-03,[10] 사출조립,R3406-02.25ASB,O2O2 D_Ash Brown EX,933,933,확인
2025-07-03,[80] 누수/규격검사,P3405A-02.50SPC,O2O2 D_Sepia Choco EX,885,915,확인
2025-07-03,[55] 접착/ 멸균,P3405A-02.75SPC,O2O2 D_Sepia Choco EX,945,980,확인
2025-07-03,[80] 누수/규격검사,P3405A-02.75SPC,O2O2 D_Sepia Choco EX,925,945,확인
2025-07-03,[55] 접착/ 멸균,P3405A-02.50SPC,O2O2 D_Sepia Choco EX,915,975,확인
2025-07-04,[20] 분리,Q3406-02.25ASB,O2O2 D_Ash Brown EX,561,653,확인
2025-07-04,[20] 분리,Q3406-02.25ASB,O2O2 D_Ash Brown EX,536,653,확인
2025-07-04,[20] 분리,Q3406-02.25ASB,O2O2 D_Ash Brown EX,230,653,확인
2025-07-04,[20] 분리,Q3406-02.00ASB,O2O2 D_Ash Brown EX,435,653,확인
2025-07-04,[20] 분리,Q3406-02.00ASB,O2O2 D_Ash Brown EX,561,653,확인
2025-07-05,[20] 분리,Q3405-03.00SPC,O2O2 D_Sepia Choco EX,750,"1,878",확인
2025-07-05,[10] 사출조립,R3405-03.00SPC,O2O2 D_Sepia Choco EX,"1,151","1,151",확인
2025-07-05,[10] 사출조립,R3405-03.00SPC,O2O2 D_Sepia Choco EX,"1,151","1,151",확인
2025-07-05,[10] 사출조립,R3405-03.00SPC,O2O2 D_Sepia Choco EX,"1,151","1,151",확인
2025-07-05,[10] 사출조립,R3405-03.00SPC,O2O2 D_Sepia Choco EX,"1,151","1,151",확인
2025-07-05,[10] 사출조립,R3405-03.50SPC,O2O2 D_Sepia Choco EX,0,"1,151",확인
2025-07-05,[10] 사출조립,R3405-03.50SPC,O2O2 D_Sepia Choco EX,0,"1,151",확인
2025-07-05,[10] 사출조립,R3405-02.75SPC,O2O2 D_Sepia Choco EX,"1,151","1,151",확인
2025-07-05,[10] 사출조립,R3405-03.25SPC,O2O2 D_Sepia Choco EX,0,"1,151",확인
2025-07-05,[45] 하이드레이션/전면검사,P3406A-02.00ASB,O2O2 D_Ash Brown EX,425,435,확인
2025-07-05,[45] 하이드레이션/전면검사,P3406A-02.00ASB,O2O2 D_Ash Brown EX,525,561,확인
2025-07-05,[45] 하이드레이션/전면검사,P3406A-02.25ASB,O2O2 D_Ash Brown EX,555,561,확인
2025-07-06,[20] 분리,Q3406-02.25ASB,O2O2 D_Ash Brown EX,624,933,확인
2025-07-06,[20] 분리,Q3406-02.00ASB,O2O2 D_Ash Brown EX,507,933,확인
2025-07-06,[20] 분리,Q3406-02.00ASB,O2O2 D_Ash Brown EX,491,933,확인
2025-07-06,[20] 분리,Q3406-02.00ASB,O2O2 D_Ash Brown EX,661,933,확인
2025-07-06,[20] 분리,Q3406-02.25ASB,O2O2 D_Ash Brown EX,585,933,확인
2025-07-06,[20] 분리,Q3406-02.25ASB,O2O2 D_Ash Brown EX,539,933,확인
2025-07-06,[10] 사출조립,R3405-03.50SPC,O2O2 D_Sepia Choco EX,0,"2,315",확인
2025-07-06,[10] 사출조립,R3405-03.50SPC,O2O2 D_Sepia Choco EX,"2,315","2,315",확인
2025-07-06,[10] 사출조립,R3405-03.50SPC,O2O2 D_Sepia Choco EX,"2,315","2,315",확인
2025-07-06,[10] 사출조립,R3405-03.50SPC,O2O2 D_Sepia Choco EX,"2,315","2,315",확인
2025-07-06,[10] 사출조립,R3405-03.50SPC,O2O2 D_Sepia Choco EX,"2,315","2,315",확인
2025-07-06,[10] 사출조립,R3405-03.50SPC,O2O2 D_Sepia Choco EX,0,"2,315",확인
2025-07-06,[10] 사출조립,R3405-03.50SPC,O2O2 D_Sepia Choco EX,"2,315","2,315",확인
2025-07-06,[20] 분리,Q3406-02.25ASB,O2O2 D_Ash Brown EX,678,933,확인
2025-07-06,[20] 분리,Q3406-02.00ASB,O2O2 D_Ash Brown EX,410,933,확인
2025-07-06,[10] 사출조립,R3405-04.25SPC,O2O2 D_Sepia Choco EX,"2,057","2,057",확인
2025-07-06,[10] 사출조립,R3405-04.25SPC,O2O2 D_Sepia Choco EX,"2,057","2,057",확인
2025-07-06,[10] 사출조립,R3405-04.00SPC,O2O2 D_Sepia Choco EX,"2,057","2,057",확인
2025-07-06,[10] 사출조립,R3405-04.25SPC,O2O2 D_Sepia Choco EX,"2,057","2,057",확인
2025-07-06,[10] 사출조립,R3405-03.25SPC,O2O2 D_Sepia Choco EX,0,"2,315",확인
2025-07-06,[10] 사출조립,R3405-04.25SPC,O2O2 D_Sepia Choco EX,"2,057","2,057",확인
2025-07-06,[20] 분리,Q3405-03.00SPC,O2O2 D_Sepia Choco EX,622,"1,151",확인
2025-07-06,[10] 사출조립,R3405-04.00SPC,O2O2 D_Sepia Choco EX,"2,057","2,057",확인
2025-07-06,[20] 분리,Q3405-02.50SPC,O2O2 D_Sepia Choco EX,871,"1,595",확인
2025-07-06,[20] 분리,Q3405-03.00SPC,O2O2 D_Sepia Choco EX,554,"1,151",확인
2025-07-06,[20] 분리,Q3405-03.00SPC,O2O2 D_Sepia Choco EX,593,"1,151",확인
2025-07-06,[20] 분리,Q3405-03.00SPC,O2O2 D_Sepia Choco EX,817,"1,151",확인
2025-07-06,[20] 분리,Q3405-02.75SPC,O2O2 D_Sepia Choco EX,867,"1,151",확인
2025-07-06,[10] 사출조립,R3405-04.50SPC,O2O2 D_Sepia Choco EX,"2,057","2,057",확인
2025-07-06,[10] 사출조립,R3405-04.50SPC,O2O2 D_Sepia Choco EX,"2,057","2,057",확인
2025-07-06,[55] 접착/ 멸균,P3406A-02.00ASB,O2O2 D_Ash Brown EX,498,525,확인
2025-07-06,[55] 접착/ 멸균,P3406A-02.00ASB,O2O2 D_Ash Brown EX,396,425,확인
2025-07-06,[80] 누수/규격검사,P3406A-02.00ASB,O2O2 D_Ash Brown EX,383,498,확인
2025-07-06,[80] 누수/규격검사,P3406A-02.00ASB,O2O2 D_Ash Brown EX,341,396,확인
2025-07-06,[55] 접착/ 멸균,P3406A-02.25ASB,O2O2 D_Ash Brown EX,417,555,확인
2025-07-06,[80] 누수/규격검사,P3406A-02.25ASB,O2O2 D_Ash Brown EX,357,417,확인
2025-07-06,[45] 하이드레이션/전면검사,P3406A-02.25ASB,O2O2 D_Ash Brown EX,225,230,확인
2025-07-06,[45] 하이드레이션/전면검사,P3406A-02.25ASB,O2O2 D_Ash Brown EX,520,536,확인
2025-07-07,[20] 분리,Q3405-04.25SPC,O2O2 D_Sepia Choco EX,"1,075","2,057",확인
2025-07-07,[20] 분리,Q3405-04.25SPC,O2O2 D_Sepia Choco EX,"1,753","2,394",확인
2025-07-07,[20] 분리,Q3405-04.25SPC,O2O2 D_Sepia Choco EX,"1,548","2,057",확인
2025-07-07,[20] 분리,Q3405-03.25SPC,O2O2 D_Sepia Choco EX,"1,265","1,523",확인
2025-07-07,[20] 분리,Q3405-04.25SPC,O2O2 D_Sepia Choco EX,"1,121","2,057",확인
2025-07-07,[20] 분리,Q3405-04.25SPC,O2O2 D_Sepia Choco EX,"1,858","2,394",확인
2025-07-07,[20] 분리,Q3405-05.50SPC,O2O2 D_Sepia Choco EX,"1,763","2,339",확인
2025-07-07,[20] 분리,Q3405-03.00SPC,O2O2 D_Sepia Choco EX,902,"1,523",확인
2025-07-07,[20] 분리,Q3405-04.50SPC,O2O2 D_Sepia Choco EX,"1,283","2,057",확인
2025-07-07,[20] 분리,Q3405-05.50SPC,O2O2 D_Sepia Choco EX,"1,591","2,339",확인
2025-07-07,[10] 사출조립,R3405-03.00SPC,O2O2 D_Sepia Choco EX,0,"1,523",확인
2025-07-07,[20] 분리,Q3405-04.50SPC,O2O2 D_Sepia Choco EX,797,"2,057",확인
2025-07-07,[10] 사출조립,R3405-03.50SPC,O2O2 D_Sepia Choco EX,0,"1,523",확인
2025-07-07,[20] 분리,Q3405-04.00SPC,O2O2 D_Sepia Choco EX,"1,687","2,057",확인
2025-07-07,[20] 분리,Q3405-04.25SPC,O2O2 D_Sepia Choco EX,"1,414","2,057",확인
2025-07-07,[10] 사출조립,R3405-03.50SPC,O2O2 D_Sepia Choco EX,"1,523","1,523",확인
2025-07-07,[10] 사출조립,R3405-03.50SPC,O2O2 D_Sepia Choco EX,"1,523","1,523",확인
2025-07-07,[10] 사출조립,R3405-03.00SPC,O2O2 D_Sepia Choco EX,"1,523","1,523",확인
2025-07-07,[10] 사출조립,R3405-03.50SPC,O2O2 D_Sepia Choco EX,"1,523","1,523",확인
2025-07-07,[10] 사출조립,R3405-05.00SPC,O2O2 D_Sepia Choco EX,"2,339","2,339",확인
2025-07-07,[10] 사출조립,R3405-05.00SPC,O2O2 D_Sepia Choco EX,"2,339","2,339",확인
2025-07-07,[20] 분리,Q3405-03.50SPC,O2O2 D_Sepia Choco EX,"1,833","2,315",확인
2025-07-07,[10] 사출조립,R3405-04.25SPC,O2O2 D_Sepia Choco EX,"2,394","2,394",확인
2025-07-07,[10] 사출조립,R3405-03.25SPC,O2O2 D_Sepia Choco EX,"1,523","1,523",확인
2025-07-07,[20] 분리,Q3405-04.00SPC,O2O2 D_Sepia Choco EX,"2,154","2,394",확인
2025-07-07,[10] 사출조립,R3405-03.25SPC,O2O2 D_Sepia Choco EX,"1,523","1,523",확인
2025-07-07,[20] 분리,Q3405-03.50SPC,O2O2 D_Sepia Choco EX,"1,320","1,523",확인
2025-07-07,[20] 분리,Q3405-03.50SPC,O2O2 D_Sepia Choco EX,"1,711","2,315",확인
2025-07-07,[20] 분리,Q3405-03.50SPC,O2O2 D_Sepia Choco EX,"1,821","2,315",확인
2025-07-07,[20] 분리,Q3405-03.50SPC,O2O2 D_Sepia Choco EX,"1,904","2,315",확인
2025-07-07,[20] 분리,Q3405-03.50SPC,O2O2 D_Sepia Choco EX,978,"2,315",확인
2025-07-07,[10] 사출조립,R3405-05.50SPC,O2O2 D_Sepia Choco EX,0,"2,339",확인
2025-07-07,[10] 사출조립,R3405-04.25SPC,O2O2 D_Sepia Choco EX,"2,394","2,394",확인
2025-07-07,[10] 사출조립,R3405-04.25SPC,O2O2 D_Sepia Choco EX,"2,394","2,394",확인
2025-07-07,[10] 사출조립,R3405-05.50SPC,O2O2 D_Sepia Choco EX,"2,339","2,339",확인
2025-07-07,[10] 사출조립,R3405-05.50SPC,O2O2 D_Sepia Choco EX,0,"2,339",확인
2025-07-07,[10] 사출조립,R3405-05.50SPC,O2O2 D_Sepia Choco EX,"2,339","2,339",확인
2025-07-07,[10] 사출조립,R3405-05.50SPC,O2O2 D_Sepia Choco EX,"2,339","2,339",확인
2025-07-07,[10] 사출조립,R3405-04.25SPC,O2O2 D_Sepia Choco EX,"2,394","2,394",확인
2025-07-07,[10] 사출조립,R3405-04.25SPC,O2O2 D_Sepia Choco EX,"2,394","2,394",확인
2025-07-07,[10] 사출조립,R3405-05.50SPC,O2O2 D_Sepia Choco EX,"2,339","2,339",확인
2025-07-07,[10] 사출조립,R3405-04.00SPC,O2O2 D_Sepia Choco EX,"2,394","2,394",확인
2025-07-07,[10] 사출조립,R3405-04.50SPC,O2O2 D_Sepia Choco EX,0,"2,394",확인
2025-07-07,[10] 사출조립,R3405-04.50SPC,O2O2 D_Sepia Choco EX,"2,394","2,394",확인
2025-07-07,[55] 접착/ 멸균,P3406A-02.25ASB,O2O2 D_Ash Brown EX,340,520,확인
2025-07-07,[80] 누수/규격검사,P3406A-02.25ASB,O2O2 D_Ash Brown EX,319,340,확인
2025-07-07,[80] 누수/규격검사,P3406A-02.25ASB,O2O2 D_Ash Brown EX,165,170,확인
2025-07-07,[55] 접착/ 멸균,P3406A-02.25ASB,O2O2 D_Ash Brown EX,170,225,확인
2025-07-07,[45] 하이드레이션/전면검사,P3405A-03.00SPC,O2O2 D_Sepia Choco EX,750,750,확인
2025-07-08,[20] 분리,Q3405-05.00SPC,O2O2 D_Sepia Choco EX,"1,738","2,339",확인
2025-07-08,[20] 분리,Q3405-03.25SPC,O2O2 D_Sepia Choco EX,996,"1,523",확인
2025-07-08,[20] 분리,Q3405-00.00SPC,O2O2 D_Sepia Choco EX,"1,033","2,186",확인
2025-07-08,[20] 분리,Q3405-00.00SPC,O2O2 D_Sepia Choco EX,972,"2,224",확인
2025-07-08,[20] 분리,Q3405-00.00SPC,O2O2 D_Sepia Choco EX,"1,783","2,186",확인
2025-07-08,[20] 분리,Q3405-00.00SPC,O2O2 D_Sepia Choco EX,"1,983","2,224",확인
2025-07-08,[20] 분리,Q3405-00.00SPC,O2O2 D_Sepia Choco EX,"1,547","2,186",확인
2025-07-08,[20] 분리,Q3405-00.00SPC,O2O2 D_Sepia Choco EX,"1,105","2,186",확인
2025-07-08,[20] 분리,Q3405-00.00SPC,O2O2 D_Sepia Choco EX,"1,494","2,224",확인
2025-07-08,[20] 분리,Q3405-04.25SPC,O2O2 D_Sepia Choco EX,"1,709","2,394",확인
2025-07-08,[20] 분리,Q3405-00.00SPC,O2O2 D_Sepia Choco EX,"1,836","2,224",확인
2025-07-08,[20] 분리,Q3405-00.00SPC,O2O2 D_Sepia Choco EX,"1,117","2,186",확인
2025-07-08,[20] 분리,Q3405-05.50SPC,O2O2 D_Sepia Choco EX,"1,772","2,339",확인
2025-07-08,[20] 분리,Q3405-04.25SPC,O2O2 D_Sepia Choco EX,"2,046","2,394",확인
2025-07-08,[20] 분리,Q3405-00.00SPC,O2O2 D_Sepia Choco EX,"1,738","2,224",확인
2025-07-08,[20] 분리,Q3405-00.00SPC,O2O2 D_Sepia Choco EX,"1,723","2,224",확인
2025-07-08,[20] 분리,Q3405-05.50SPC,O2O2 D_Sepia Choco EX,"2,090","2,339",확인
2025-07-08,[20] 분리,Q3405-04.25SPC,O2O2 D_Sepia Choco EX,"2,102","2,394",확인
2025-07-08,[20] 분리,Q3405-05.00SPC,O2O2 D_Sepia Choco EX,"1,692","2,339",확인
2025-07-08,[20] 분리,Q3405-04.00SPC,O2O2 D_Sepia Choco EX,"1,752","2,057",확인
2025-07-08,[10] 사출조립,R3405-00.00SPC,O2O2 D_Sepia Choco EX,"2,186","2,186",확인
2025-07-08,[10] 사출조립,R3405-00.00SPC,O2O2 D_Sepia Choco EX,0,"2,186",확인
2025-07-08,[10] 사출조립,R3405-00.00SPC,O2O2 D_Sepia Choco EX,0,"2,224",확인
2025-07-08,[10] 사출조립,R3405-00.00SPC,O2O2 D_Sepia Choco EX,"2,224","2,224",확인
2025-07-08,[10] 사출조립,R3405-00.00SPC,O2O2 D_Sepia Choco EX,"2,186","2,186",확인
2025-07-08,[10] 사출조립,R3405-00.00SPC,O2O2 D_Sepia Choco EX,"2,224","2,224",확인
2025-07-08,[10] 사출조립,R3405-00.00SPC,O2O2 D_Sepia Choco EX,"2,224","2,224",확인
2025-07-08,[10] 사출조립,R3405-00.00SPC,O2O2 D_Sepia Choco EX,"2,186","2,186",확인
2025-07-08,[10] 사출조립,R3405-00.00SPC,O2O2 D_Sepia Choco EX,"2,186","2,186",확인
2025-07-08,[10] 사출조립,R3405-00.00SPC,O2O2 D_Sepia Choco EX,0,"2,186",확인
2025-07-08,[10] 사출조립,R3405-00.00SPC,O2O2 D_Sepia Choco EX,0,"2,224",확인
2025-07-08,[20] 분리,Q3405-03.50SPC,O2O2 D_Sepia Choco EX,"1,021","1,523",확인
2025-07-08,[10] 사출조립,R3405-00.00SPC,O2O2 D_Sepia Choco EX,"2,186","2,186",확인
2025-07-08,[10] 사출조립,R3405-00.00SPC,O2O2 D_Sepia Choco EX,"2,224","2,224",확인
2025-07-08,[20] 분리,Q3405-03.50SPC,O2O2 D_Sepia Choco EX,"1,060","1,523",확인
2025-07-08,[10] 사출조립,R3405-00.00SPC,O2O2 D_Sepia Choco EX,"2,224","2,224",확인
2025-07-08,[20] 분리,Q3405-04.50SPC,O2O2 D_Sepia Choco EX,"1,932","2,394",확인
2025-07-08,[10] 사출조립,R3405-00.00SPC,O2O2 D_Sepia Choco EX,"2,224","2,224",확인
2025-07-09,[20] 분리,Q3405-00.00SPC,O2O2 D_Sepia Choco EX,894,"1,250",확인
2025-07-09,[20] 분리,Q3405-00.00SPC,O2O2 D_Sepia Choco EX,731,"1,250",확인
2025-07-09,[20] 분리,Q3405-00.00SPC,O2O2 D_Sepia Choco EX,"1,063","1,250",확인
2025-07-09,[20] 분리,Q3405-00.00SPC,O2O2 D_Sepia Choco EX,313,"1,250",확인
2025-07-09,[20] 분리,Q3405-00.00SPC,O2O2 D_Sepia Choco EX,682,"1,250",확인
2025-07-09,[10] 사출조립,R3405-00.00SPC,O2O2 D_Sepia Choco EX,"1,250","1,250",확인
2025-07-09,[10] 사출조립,R3405-00.00SPC,O2O2 D_Sepia Choco EX,"1,250","1,250",확인
2025-07-09,[10] 사출조립,R3405-00.00SPC,O2O2 D_Sepia Choco EX,0,"1,250",확인
2025-07-09,[10] 사출조립,R3405-00.00SPC,O2O2 D_Sepia Choco EX,"1,250","1,250",확인
2025-07-09,[10] 사출조립,R3405-00.00SPC,O2O2 D_Sepia Choco EX,0,"1,250",확인
2025-07-09,[10] 사출조립,R3405-00.00SPC,O2O2 D_Sepia Choco EX,"1,250","1,250",확인
2025-07-09,[10] 사출조립,R3405-00.00SPC,O2O2 D_Sepia Choco EX,"1,250","1,250",확인
2025-07-09,[45] 하이드레이션/전면검사,P3405A-05.50SPC,O2O2 D_Sepia Choco EX,"1,755","1,772",확인
2025-07-09,[45] 하이드레이션/전면검사,P3405A-05.00SPC,O2O2 D_Sepia Choco EX,"1,725","1,738",확인
2025-07-09,[45] 하이드레이션/전면검사,P3405A-03.25SPC,O2O2 D_Sepia Choco EX,985,996,확인
2025-07-09,[45] 하이드레이션/전면검사,P3405A-00.00SPC,O2O2 D_Sepia Choco EX,"1,115","1,117",확인
2025-07-09,[45] 하이드레이션/전면검사,P3405A-00.00SPC,O2O2 D_Sepia Choco EX,"1,490","1,494",확인
2025-07-09,[45] 하이드레이션/전면검사,P3405A-00.00SPC,O2O2 D_Sepia Choco EX,"1,030","1,033",확인
2025-07-09,[45] 하이드레이션/전면검사,P3405A-04.25SPC,O2O2 D_Sepia Choco EX,"1,540","1,548",확인
2025-07-09,[45] 하이드레이션/전면검사,P3405A-00.00SPC,O2O2 D_Sepia Choco EX,"1,980","1,983",확인
2025-07-09,[45] 하이드레이션/전면검사,P3405A-00.00SPC,O2O2 D_Sepia Choco EX,"1,775","1,783",확인
2025-07-09,[45] 하이드레이션/전면검사,P3405A-04.50SPC,O2O2 D_Sepia Choco EX,"1,920","1,932",확인
2025-07-09,[45] 하이드레이션/전면검사,P3405A-00.00SPC,O2O2 D_Sepia Choco EX,"1,805","1,836",확인
2025-07-09,[45] 하이드레이션/전면검사,P3405A-00.00SPC,O2O2 D_Sepia Choco EX,"1,730","1,738",확인
2025-07-09,[45] 하이드레이션/전면검사,P3405A-00.00SPC,O2O2 D_Sepia Choco EX,"1,705","1,723",확인
2025-07-09,[45] 하이드레이션/전면검사,P3405A-00.00SPC,O2O2 D_Sepia Choco EX,"1,100","1,105",확인
2025-07-09,[45] 하이드레이션/전면검사,P3405A-00.00SPC,O2O2 D_Sepia Choco EX,"1,545","1,547",확인
2025-07-09,[45] 하이드레이션/전면검사,P3405A-04.25SPC,O2O2 D_Sepia Choco EX,"1,075","1,075",확인
2025-07-09,[45] 하이드레이션/전면검사,P3405A-04.25SPC,O2O2 D_Sepia Choco EX,"2,030","2,046",확인
2025-07-09,[45] 하이드레이션/전면검사,P3405A-03.00SPC,O2O2 D_Sepia Choco EX,545,554,확인
2025-07-09,[45] 하이드레이션/전면검사,P3405A-03.50SPC,O2O2 D_Sepia Choco EX,"1,020","1,021",확인
2025-07-09,[45] 하이드레이션/전면검사,P3405A-03.50SPC,O2O2 D_Sepia Choco EX,"1,300","1,320",확인
2025-07-09,[45] 하이드레이션/전면검사,P3405A-03.50SPC,O2O2 D_Sepia Choco EX,"1,060","1,060",확인
2025-07-09,[45] 하이드레이션/전면검사,P3405A-03.50SPC,O2O2 D_Sepia Choco EX,"1,885","1,904",확인
2025-07-09,[80] 누수/규격검사,P3405A-03.00SPC,O2O2 D_Sepia Choco EX,670,715,확인
2025-07-09,[55] 접착/ 멸균,P3405A-03.00SPC,O2O2 D_Sepia Choco EX,715,750,확인
2025-07-09,[45] 하이드레이션/전면검사,P3405A-04.00SPC,O2O2 D_Sepia Choco EX,"1,685","1,687",확인
2025-07-10,[10] 사출조립,R3405-01.50SPC,O2O2 D_Sepia Choco EX,0,990,확인
2025-07-10,[10] 사출조립,R3405-01.50SPC,O2O2 D_Sepia Choco EX,990,990,확인
2025-07-10,[10] 사출조립,R3405-01.50SPC,O2O2 D_Sepia Choco EX,990,990,확인
2025-07-10,[10] 사출조립,R3405-02.00SPC,O2O2 D_Sepia Choco EX,990,990,확인
2025-07-10,[10] 사출조립,R3405-02.00SPC,O2O2 D_Sepia Choco EX,990,990,확인
2025-07-10,[10] 사출조립,R3405-02.00SPC,O2O2 D_Sepia Choco EX,0,990,확인
2025-07-10,[10] 사출조립,R3405-02.00SPC,O2O2 D_Sepia Choco EX,990,990,확인
2025-07-10,[10] 사출조립,R3405-01.50SPC,O2O2 D_Sepia Choco EX,990,990,확인
2025-07-10,[45] 하이드레이션/전면검사,P3405A-05.50SPC,O2O2 D_Sepia Choco EX,"1,760","1,763",확인
2025-07-10,[45] 하이드레이션/전면검사,P3405A-05.50SPC,O2O2 D_Sepia Choco EX,"1,585","1,591",확인
2025-07-10,[55] 접착/ 멸균,P3405A-05.50SPC,O2O2 D_Sepia Choco EX,"1,989","2,075",확인
2025-07-10,[55] 접착/ 멸균,P3405A-05.50SPC,O2O2 D_Sepia Choco EX,"1,684","1,755",확인
2025-07-10,[80] 누수/규격검사,P3405A-05.50SPC,O2O2 D_Sepia Choco EX,"1,587","1,684",확인
2025-07-10,[45] 하이드레이션/전면검사,P3405A-05.50SPC,O2O2 D_Sepia Choco EX,"2,075","2,090",확인
2025-07-10,[80] 누수/규격검사,P3405A-05.50SPC,O2O2 D_Sepia Choco EX,"1,959","1,989",확인
2025-07-10,[45] 하이드레이션/전면검사,P3405A-05.00SPC,O2O2 D_Sepia Choco EX,"1,685","1,692",확인
2025-07-10,[45] 하이드레이션/전면검사,P3406A-02.00ASB,O2O2 D_Ash Brown EX,500,507,확인
2025-07-10,[45] 하이드레이션/전면검사,P3406A-02.00ASB,O2O2 D_Ash Brown EX,485,491,확인
2025-07-10,[45] 하이드레이션/전면검사,P3406A-02.00ASB,O2O2 D_Ash Brown EX,660,661,확인
2025-07-10,[45] 하이드레이션/전면검사,P3406A-02.00ASB,O2O2 D_Ash Brown EX,405,410,확인
2025-07-10,[45] 하이드레이션/전면검사,P3405A-02.50SPC,O2O2 D_Sepia Choco EX,865,871,확인
2025-07-10,[45] 하이드레이션/전면검사,P3405A-02.75SPC,O2O2 D_Sepia Choco EX,860,867,확인
2025-07-10,[45] 하이드레이션/전면검사,P3405A-03.25SPC,O2O2 D_Sepia Choco EX,"1,260","1,265",확인
2025-07-10,[45] 하이드레이션/전면검사,P3406A-02.25ASB,O2O2 D_Ash Brown EX,575,585,확인
2025-07-10,[45] 하이드레이션/전면검사,P3406A-02.25ASB,O2O2 D_Ash Brown EX,620,624,확인
2025-07-10,[80] 누수/규격검사,P3405A-00.00SPC,O2O2 D_Sepia Choco EX,"1,713","1,733",확인
2025-07-10,[55] 접착/ 멸균,P3405A-04.50SPC,O2O2 D_Sepia Choco EX,"1,874","1,920",확인
2025-07-10,[80] 누수/규격검사,P3405A-04.50SPC,O2O2 D_Sepia Choco EX,"1,724","1,874",확인
2025-07-10,[80] 누수/규격검사,P3405A-00.00SPC,O2O2 D_Sepia Choco EX,"1,494","1,514",확인
2025-07-10,[55] 접착/ 멸균,P3405A-04.25SPC,O2O2 D_Sepia Choco EX,"1,933","2,030",확인
2025-07-10,[80] 누수/규격검사,P3405A-04.25SPC,O2O2 D_Sepia Choco EX,"1,782","1,933",확인
2025-07-10,[45] 하이드레이션/전면검사,P3405A-04.25SPC,O2O2 D_Sepia Choco EX,"1,410","1,414",확인
2025-07-10,[55] 접착/ 멸균,P3405A-04.25SPC,O2O2 D_Sepia Choco EX,"1,748","1,855",확인
2025-07-10,[45] 하이드레이션/전면검사,P3406A-02.25ASB,O2O2 D_Ash Brown EX,670,678,확인
2025-07-10,[45] 하이드레이션/전면검사,P3406A-02.25ASB,O2O2 D_Ash Brown EX,520,539,확인
2025-07-10,[45] 하이드레이션/전면검사,P3405A-00.00SPC,O2O2 D_Sepia Choco EX,970,972,확인
2025-07-10,[45] 하이드레이션/전면검사,P3405A-04.25SPC,O2O2 D_Sepia Choco EX,"2,100","2,102",확인
2025-07-10,[80] 누수/규격검사,P3405A-00.00SPC,O2O2 D_Sepia Choco EX,"1,373","1,393",확인
2025-07-10,[45] 하이드레이션/전면검사,P3405A-04.25SPC,O2O2 D_Sepia Choco EX,"1,855","1,858",확인
2025-07-10,[45] 하이드레이션/전면검사,P3405A-04.25SPC,O2O2 D_Sepia Choco EX,"1,115","1,121",확인
2025-07-10,[45] 하이드레이션/전면검사,P3405A-04.25SPC,O2O2 D_Sepia Choco EX,"1,700","1,709",확인
2025-07-10,[80] 누수/규격검사,P3405A-04.25SPC,O2O2 D_Sepia Choco EX,"1,370","1,390",확인
2025-07-10,[45] 하이드레이션/전면검사,P3405A-04.25SPC,O2O2 D_Sepia Choco EX,"1,750","1,753",확인
2025-07-10,[45] 하이드레이션/전면검사,P3405A-04.50SPC,O2O2 D_Sepia Choco EX,795,797,확인
2025-07-10,[45] 하이드레이션/전면검사,P3405A-03.50SPC,O2O2 D_Sepia Choco EX,975,978,확인
2025-07-10,[55] 접착/ 멸균,P3405A-00.00SPC,O2O2 D_Sepia Choco EX,"1,393","1,490",확인
2025-07-10,[55] 접착/ 멸균,P3405A-00.00SPC,O2O2 D_Sepia Choco EX,"1,514","1,545",확인
2025-07-10,[55] 접착/ 멸균,P3405A-00.00SPC,O2O2 D_Sepia Choco EX,"1,733","1,775",확인
2025-07-10,[55] 접착/ 멸균,P3405A-04.25SPC,O2O2 D_Sepia Choco EX,"1,390","1,410",확인
2025-07-10,[45] 하이드레이션/전면검사,P3405A-03.50SPC,O2O2 D_Sepia Choco EX,"1,705","1,711",확인
2025-07-10,[45] 하이드레이션/전면검사,P3405A-03.50SPC,O2O2 D_Sepia Choco EX,"1,825","1,833",확인
2025-07-10,[80] 누수/규격검사,P3405A-03.50SPC,O2O2 D_Sepia Choco EX,"1,754","1,774",확인
2025-07-10,[55] 접착/ 멸균,P3405A-03.50SPC,O2O2 D_Sepia Choco EX,"1,774","1,815",확인
2025-07-10,[45] 하이드레이션/전면검사,P3405A-03.50SPC,O2O2 D_Sepia Choco EX,"1,815","1,821",확인
2025-07-10,[45] 하이드레이션/전면검사,P3405A-03.00SPC,O2O2 D_Sepia Choco EX,900,902,확인
2025-07-10,[45] 하이드레이션/전면검사,P3405A-03.00SPC,O2O2 D_Sepia Choco EX,800,817,확인
2025-07-10,[55] 접착/ 멸균,P3405A-03.50SPC,O2O2 D_Sepia Choco EX,"1,279","1,300",확인
2025-07-10,[80] 누수/규격검사,P3405A-03.50SPC,O2O2 D_Sepia Choco EX,"1,214","1,279",확인
2025-07-10,[55] 접착/ 멸균,P3405A-04.00SPC,O2O2 D_Sepia Choco EX,"2,102","2,145",확인
2025-07-10,[45] 하이드레이션/전면검사,P3405A-03.00SPC,O2O2 D_Sepia Choco EX,615,622,확인
2025-07-10,[45] 하이드레이션/전면검사,P3405A-04.00SPC,O2O2 D_Sepia Choco EX,"2,145","2,154",확인
2025-07-10,[45] 하이드레이션/전면검사,P3405A-03.00SPC,O2O2 D_Sepia Choco EX,590,593,확인
2025-07-10,[45] 하이드레이션/전면검사,P3405A-04.00SPC,O2O2 D_Sepia Choco EX,"1,750","1,752",확인
2025-07-10,[80] 누수/규격검사,P3405A-04.00SPC,O2O2 D_Sepia Choco EX,"2,077","2,102",확인
2025-07-11,[20] 분리,Q3405-01.50SPC,O2O2 D_Sepia Choco EX,667,990,확인
2025-07-11,[20] 분리,Q3405-01.50SPC,O2O2 D_Sepia Choco EX,889,990,확인
2025-07-11,[20] 분리,Q3405-01.50SPC,O2O2 D_Sepia Choco EX,812,990,확인
2025-07-11,[20] 분리,Q3405-02.00SPC,O2O2 D_Sepia Choco EX,895,990,확인
2025-07-11,[20] 분리,Q3405-02.00SPC,O2O2 D_Sepia Choco EX,827,990,확인
2025-07-11,[20] 분리,Q3405-02.00SPC,O2O2 D_Sepia Choco EX,664,990,확인
2025-07-11,[55] 접착/ 멸균,P3406A-02.25ASB,O2O2 D_Ash Brown EX,489,520,확인
2025-07-11,[80] 누수/규격검사,P3406A-02.25ASB,O2O2 D_Ash Brown EX,469,489,확인
2025-07-11,[80] 누수/규격검사,P3405A-00.00SPC,O2O2 D_Sepia Choco EX,"1,669","1,689",확인
2025-07-11,[45] 하이드레이션/전면검사,P3405A-00.00SPC,O2O2 D_Sepia Choco EX,680,682,확인
2025-07-11,[45] 하이드레이션/전면검사,P3405A-00.00SPC,O2O2 D_Sepia Choco EX,890,894,확인
2025-07-11,[45] 하이드레이션/전면검사,P3405A-04.50SPC,O2O2 D_Sepia Choco EX,"1,280","1,283",확인
2025-07-11,[45] 하이드레이션/전면검사,P3405A-00.00SPC,O2O2 D_Sepia Choco EX,"1,060","1,063",확인
2025-07-11,[55] 접착/ 멸균,P3405A-00.00SPC,O2O2 D_Sepia Choco EX,"1,041","1,060",확인
2025-07-11,[45] 하이드레이션/전면검사,P3405A-00.00SPC,O2O2 D_Sepia Choco EX,310,313,확인
2025-07-11,[80] 누수/규격검사,P3405A-00.00SPC,O2O2 D_Sepia Choco EX,"1,021","1,041",확인
2025-07-11,[55] 접착/ 멸균,P3405A-00.00SPC,O2O2 D_Sepia Choco EX,299,310,확인
2025-07-11,[55] 접착/ 멸균,P3405A-00.00SPC,O2O2 D_Sepia Choco EX,"1,689","1,730",확인
2025-07-11,[55] 접착/ 멸균,P3405A-03.50SPC,O2O2 D_Sepia Choco EX,"1,002","1,020",확인
2025-07-11,[55] 접착/ 멸균,P3405A-03.50SPC,O2O2 D_Sepia Choco EX,"1,779","1,825",확인
2025-07-11,[80] 누수/규격검사,P3405A-03.50SPC,O2O2 D_Sepia Choco EX,"1,719","1,779",확인
2025-07-11,[80] 누수/규격검사,P3405A-03.50SPC,O2O2 D_Sepia Choco EX,962,"1,002",확인
2025-07-12,[10] 사출조립,R3405-03.50SPC,O2O2 D_Sepia Choco EX,"2,147","2,147",확인
2025-07-12,[10] 사출조립,R3405-03.50SPC,O2O2 D_Sepia Choco EX,"2,147","2,147",확인
2025-07-12,[10] 사출조립,R3405-03.50SPC,O2O2 D_Sepia Choco EX,"2,147","2,147",확인
2025-07-12,[10] 사출조립,R3405-03.50SPC,O2O2 D_Sepia Choco EX,"2,147","2,147",확인
2025-07-12,[20] 분리,Q3405-03.50SPC,O2O2 D_Sepia Choco EX,"1,038","2,147",확인
2025-07-12,[10] 사출조립,R3405-03.75SPC,O2O2 D_Sepia Choco EX,"2,147","2,147",확인
2025-07-12,[10] 사출조립,R3405-03.75SPC,O2O2 D_Sepia Choco EX,"2,147","2,147",확인
2025-07-12,[10] 사출조립,R3405-04.00SPC,O2O2 D_Sepia Choco EX,"2,147","2,147",확인
2025-07-12,[10] 사출조립,R3405-04.00SPC,O2O2 D_Sepia Choco EX,"2,147","2,147",확인
2025-07-12,[55] 접착/ 멸균,P3406A-02.00ASB,O2O2 D_Ash Brown EX,643,660,확인
2025-07-12,[55] 접착/ 멸균,P3406A-02.00ASB,O2O2 D_Ash Brown EX,387,405,확인
2025-07-12,[80] 누수/규격검사,P3406A-02.00ASB,O2O2 D_Ash Brown EX,382,387,확인
2025-07-12,[80] 누수/규격검사,P3406A-02.00ASB,O2O2 D_Ash Brown EX,623,643,확인
2025-07-12,[80] 누수/규격검사,P3406A-02.00ASB,O2O2 D_Ash Brown EX,427,437,확인
2025-07-12,[80] 누수/규격검사,P3406A-02.00ASB,O2O2 D_Ash Brown EX,459,464,확인
2025-07-12,[55] 접착/ 멸균,P3406A-02.00ASB,O2O2 D_Ash Brown EX,464,500,확인
2025-07-12,[55] 접착/ 멸균,P3406A-02.00ASB,O2O2 D_Ash Brown EX,437,485,확인
2025-07-12,[45] 하이드레이션/전면검사,P3405A-00.00SPC,O2O2 D_Sepia Choco EX,725,731,확인
2025-07-12,[80] 누수/규격검사,P3405A-00.00SPC,O2O2 D_Sepia Choco EX,584,604,확인
2025-07-12,[80] 누수/규격검사,P3405A-00.00SPC,O2O2 D_Sepia Choco EX,294,299,확인
2025-07-12,[55] 접착/ 멸균,P3405A-00.00SPC,O2O2 D_Sepia Choco EX,604,680,확인
2025-07-12,[55] 접착/ 멸균,P3405A-03.00SPC,O2O2 D_Sepia Choco EX,566,615,확인
2025-07-12,[55] 접착/ 멸균,P3405A-03.00SPC,O2O2 D_Sepia Choco EX,542,590,확인
2025-07-12,[55] 접착/ 멸균,P3405A-04.00SPC,O2O2 D_Sepia Choco EX,"1,689","1,750",확인
2025-07-12,[80] 누수/규격검사,P3405A-03.00SPC,O2O2 D_Sepia Choco EX,546,566,확인
2025-07-12,[80] 누수/규격검사,P3405A-03.00SPC,O2O2 D_Sepia Choco EX,517,542,확인
2025-07-12,[80] 누수/규격검사,P3405A-04.00SPC,O2O2 D_Sepia Choco EX,"1,667","1,689",확인
2025-07-13,[10] 사출조립,R3405-03.50SPC,O2O2 D_Sepia Choco EX,"2,223","2,223",확인
2025-07-13,[20] 분리,Q3405-04.00SPC,O2O2 D_Sepia Choco EX,"1,870","2,310",확인
2025-07-13,[20] 분리,Q3405-04.00SPC,O2O2 D_Sepia Choco EX,"1,685","2,310",확인
2025-07-13,[10] 사출조립,R3405-03.50SPC,O2O2 D_Sepia Choco EX,"2,223","2,223",확인
2025-07-13,[10] 사출조립,R3405-03.50SPC,O2O2 D_Sepia Choco EX,"2,223","2,223",확인
2025-07-13,[10] 사출조립,R3405-03.50SPC,O2O2 D_Sepia Choco EX,0,"2,310",확인
2025-07-13,[10] 사출조립,R3405-03.50SPC,O2O2 D_Sepia Choco EX,"2,310","2,310",확인
2025-07-13,[10] 사출조립,R3405-03.50SPC,O2O2 D_Sepia Choco EX,"2,310","2,310",확인
2025-07-13,[10] 사출조립,R3405-03.50SPC,O2O2 D_Sepia Choco EX,"2,223","2,223",확인
2025-07-13,[20] 분리,Q3405-03.50SPC,O2O2 D_Sepia Choco EX,"1,497","2,147",확인
2025-07-13,[20] 분리,Q3405-04.00SPC,O2O2 D_Sepia Choco EX,"1,143","2,147",확인
2025-07-13,[20] 분리,Q3405-04.00SPC,O2O2 D_Sepia Choco EX,480,"2,147",확인
2025-07-13,[20] 분리,Q3405-03.75SPC,O2O2 D_Sepia Choco EX,"1,421","2,147",확인
2025-07-13,[20] 분리,Q3405-03.50SPC,O2O2 D_Sepia Choco EX,"1,566","2,147",확인
2025-07-13,[20] 분리,Q3405-03.50SPC,O2O2 D_Sepia Choco EX,"1,515","2,147",확인
2025-07-13,[20] 분리,Q3405-03.50SPC,O2O2 D_Sepia Choco EX,"2,086","2,310",확인
2025-07-13,[10] 사출조립,R3405-04.00SPC,O2O2 D_Sepia Choco EX,"2,310","2,310",확인
2025-07-13,[10] 사출조립,R3405-04.00SPC,O2O2 D_Sepia Choco EX,"2,310","2,310",확인
2025-07-13,[10] 사출조립,R3405-03.75SPC,O2O2 D_Sepia Choco EX,"2,310","2,310",확인
2025-07-13,[10] 사출조립,R3405-03.25SPC,O2O2 D_Sepia Choco EX,"2,310","2,310",확인
2025-07-13,[10] 사출조립,R3405-04.00SPC,O2O2 D_Sepia Choco EX,"2,223","2,223",확인
2025-07-13,[10] 사출조립,R3405-03.75SPC,O2O2 D_Sepia Choco EX,"2,223","2,223",확인
2025-07-13,[10] 사출조립,R3405-04.00SPC,O2O2 D_Sepia Choco EX,"2,223","2,223",확인
2025-07-13,[10] 사출조립,R3405-03.75SPC,O2O2 D_Sepia Choco EX,"2,310","2,310",확인
2025-07-13,[10] 사출조립,R3405-03.75SPC,O2O2 D_Sepia Choco EX,"2,223","2,223",확인
2025-07-13,[45] 하이드레이션/전면검사,P3405A-02.00SPC,O2O2 D_Sepia Choco EX,890,895,확인
2025-07-13,[45] 하이드레이션/전면검사,P3405A-02.00SPC,O2O2 D_Sepia Choco EX,660,664,확인
2025-07-13,[45] 하이드레이션/전면검사,P3405A-01.50SPC,O2O2 D_Sepia Choco EX,665,667,확인
2025-07-13,[45] 하이드레이션/전면검사,P3405A-01.50SPC,O2O2 D_Sepia Choco EX,885,889,확인
2025-07-13,[45] 하이드레이션/전면검사,P3405A-02.00SPC,O2O2 D_Sepia Choco EX,820,827,확인
2025-07-13,[45] 하이드레이션/전면검사,P3405A-01.50SPC,O2O2 D_Sepia Choco EX,800,812,확인
2025-07-14,[20] 분리,Q3405-03.25SPC,O2O2 D_Sepia Choco EX,"1,789","2,310",확인
2025-07-14,[20] 분리,Q3405-04.00SPC,O2O2 D_Sepia Choco EX,930,"2,223",확인
2025-07-14,[10] 사출조립,R3405-00.75SPC,O2O2 D_Sepia Choco EX,0,"2,291",확인
2025-07-14,[20] 분리,Q3405-04.00SPC,O2O2 D_Sepia Choco EX,"1,578","2,223",확인
2025-07-14,[20] 분리,Q3405-03.75SPC,O2O2 D_Sepia Choco EX,"1,233","2,147",확인
2025-07-14,[10] 사출조립,R3405-00.75SPC,O2O2 D_Sepia Choco EX,"2,291","2,291",확인
2025-07-14,[10] 사출조립,R3405-00.75SPC,O2O2 D_Sepia Choco EX,"2,291","2,291",확인
2025-07-14,[10] 사출조립,R3405-00.75SPC,O2O2 D_Sepia Choco EX,"2,272","2,272",확인
2025-07-14,[10] 사출조립,R3405-00.75SPC,O2O2 D_Sepia Choco EX,"2,272","2,272",확인
2025-07-14,[10] 사출조립,R3405-00.75SPC,O2O2 D_Sepia Choco EX,"2,272","2,272",확인
2025-07-14,[10] 사출조립,R3405-01.00SPC,O2O2 D_Sepia Choco EX,0,"2,291",확인
2025-07-14,[10] 사출조립,R3405-01.00SPC,O2O2 D_Sepia Choco EX,"2,272","2,272",확인
2025-07-14,[10] 사출조립,R3405-01.00SPC,O2O2 D_Sepia Choco EX,"2,272","2,272",확인
2025-07-14,[10] 사출조립,R3405-00.50SPC,O2O2 D_Sepia Choco EX,"2,272","2,272",확인
2025-07-14,[10] 사출조립,R3405-00.50SPC,O2O2 D_Sepia Choco EX,"2,272","2,272",확인
2025-07-14,[10] 사출조립,R3405-00.50SPC,O2O2 D_Sepia Choco EX,"2,272","2,272",확인
2025-07-14,[20] 분리,Q3405-03.50SPC,O2O2 D_Sepia Choco EX,"1,928","2,223",확인
2025-07-14,[10] 사출조립,R3405-01.00SPC,O2O2 D_Sepia Choco EX,0,"2,291",확인
2025-07-14,[10] 사출조립,R3405-00.50SPC,O2O2 D_Sepia Choco EX,"2,291","2,291",확인
2025-07-14,[10] 사출조립,R3405-00.50SPC,O2O2 D_Sepia Choco EX,"2,291","2,291",확인
2025-07-14,[10] 사출조립,R3405-00.50SPC,O2O2 D_Sepia Choco EX,"2,291","2,291",확인
2025-07-14,[45] 하이드레이션/전면검사,P3405A-03.75SPC,O2O2 D_Sepia Choco EX,"1,420","1,421",확인
2025-07-14,[45] 하이드레이션/전면검사,P3405A-04.00SPC,O2O2 D_Sepia Choco EX,"1,685","1,685",확인
2025-07-14,[45] 하이드레이션/전면검사,P3405A-04.00SPC,O2O2 D_Sepia Choco EX,"1,140","1,143",확인
2025-07-15,[20] 분리,Q3405-00.50SPC,O2O2 D_Sepia Choco EX,"1,636","2,272",확인
2025-07-15,[20] 분리,Q3405-00.50SPC,O2O2 D_Sepia Choco EX,"1,655","2,291",확인
2025-07-15,[20] 분리,Q3405-00.50SPC,O2O2 D_Sepia Choco EX,"1,739","2,291",확인
2025-07-15,[20] 분리,Q3405-01.50SPC,O2O2 D_Sepia Choco EX,"1,656","2,277",확인
2025-07-15,[20] 분리,Q3405-03.75SPC,O2O2 D_Sepia Choco EX,"1,750","2,223",확인
2025-07-15,[20] 분리,Q3405-01.50SPC,O2O2 D_Sepia Choco EX,"1,868","2,277",확인
2025-07-15,[20] 분리,Q3405-00.50SPC,O2O2 D_Sepia Choco EX,"1,171","2,272",확인
2025-07-15,[20] 분리,Q3405-03.75SPC,O2O2 D_Sepia Choco EX,"1,187","2,310",확인
2025-07-15,[20] 분리,Q3405-00.50SPC,O2O2 D_Sepia Choco EX,"1,460","2,272",확인
2025-07-15,[20] 분리,Q3405-01.00SPC,O2O2 D_Sepia Choco EX,"1,425","2,272",확인
2025-07-15,[20] 분리,Q3405-02.00SPC,O2O2 D_Sepia Choco EX,"1,950","2,277",확인
2025-07-15,[10] 사출조립,R3405-01.50SPC,O2O2 D_Sepia Choco EX,"2,277","2,277",확인
2025-07-15,[10] 사출조립,R3405-01.50SPC,O2O2 D_Sepia Choco EX,0,"2,277",확인
2025-07-15,[10] 사출조립,R3405-07.00SPC,O2O2 D_Sepia Choco EX,"2,137","2,137",확인
2025-07-15,[10] 사출조립,R3405-07.00SPC,O2O2 D_Sepia Choco EX,"2,137","2,137",확인
2025-07-15,[10] 사출조립,R3405-07.00SPC,O2O2 D_Sepia Choco EX,"2,137","2,137",확인
2025-07-15,[10] 사출조립,R3405-07.00SPC,O2O2 D_Sepia Choco EX,"2,137","2,137",확인
2025-07-15,[20] 분리,Q3405-01.00SPC,O2O2 D_Sepia Choco EX,"1,826","2,272",확인
2025-07-15,[20] 분리,Q3405-00.50SPC,O2O2 D_Sepia Choco EX,"1,710","2,291",확인
2025-07-15,[20] 분리,Q3405-03.75SPC,O2O2 D_Sepia Choco EX,"1,413","2,223",확인
2025-07-15,[20] 분리,Q3405-03.75SPC,O2O2 D_Sepia Choco EX,"1,950","2,310",확인
2025-07-15,[10] 사출조립,R3405-07.00SPC,O2O2 D_Sepia Choco EX,0,"2,137",확인
2025-07-15,[10] 사출조립,R3405-07.00SPC,O2O2 D_Sepia Choco EX,"2,137","2,137",확인
2025-07-15,[20] 분리,Q3405-03.50SPC,O2O2 D_Sepia Choco EX,"1,570","2,223",확인
2025-07-15,[10] 사출조립,R3405-02.00SPC,O2O2 D_Sepia Choco EX,"2,277","2,277",확인
2025-07-15,[10] 사출조립,R3405-07.00SPC,O2O2 D_Sepia Choco EX,"2,137","2,137",확인
2025-07-15,[10] 사출조립,R3405-07.00SPC,O2O2 D_Sepia Choco EX,"2,137","2,137",확인
2025-07-15,[20] 분리,Q3405-02.00SPC,O2O2 D_Sepia Choco EX,"1,890","2,277",확인
2025-07-15,[20] 분리,Q3405-03.50SPC,O2O2 D_Sepia Choco EX,"2,011","2,310",확인
2025-07-15,[20] 분리,Q3405-03.50SPC,O2O2 D_Sepia Choco EX,"2,062","2,223",확인
2025-07-15,[20] 분리,Q3405-03.50SPC,O2O2 D_Sepia Choco EX,"1,931","2,223",확인
2025-07-15,[10] 사출조립,R3405-01.75SPC,O2O2 D_Sepia Choco EX,0,"2,277",확인
2025-07-15,[10] 사출조립,R3405-02.00SPC,O2O2 D_Sepia Choco EX,0,"2,277",확인
2025-07-15,[10] 사출조립,R3405-01.50SPC,O2O2 D_Sepia Choco EX,"2,277","2,277",확인
2025-07-15,[10] 사출조립,R3405-02.00SPC,O2O2 D_Sepia Choco EX,"2,277","2,277",확인
2025-07-15,[10] 사출조립,R3405-02.00SPC,O2O2 D_Sepia Choco EX,"2,277","2,277",확인
2025-07-15,[20] 분리,Q3405-00.75SPC,O2O2 D_Sepia Choco EX,926,"2,272",확인
2025-07-15,[55] 접착/ 멸균,P3405A-05.50SPC,O2O2 D_Sepia Choco EX,"1,599","1,760",확인
2025-07-15,[20] 분리,Q3405-00.75SPC,O2O2 D_Sepia Choco EX,"1,635","2,272",확인
2025-07-15,[20] 분리,Q3405-00.75SPC,O2O2 D_Sepia Choco EX,"1,612","2,272",확인
2025-07-15,[20] 분리,Q3405-00.75SPC,O2O2 D_Sepia Choco EX,"1,498","2,291",확인
2025-07-15,[80] 누수/규격검사,P3405A-05.50SPC,O2O2 D_Sepia Choco EX,"1,579","1,599",확인
2025-07-15,[20] 분리,Q3405-00.75SPC,O2O2 D_Sepia Choco EX,"1,725","2,291",확인
2025-07-15,[45] 하이드레이션/전면검사,P3405A-03.25SPC,O2O2 D_Sepia Choco EX,"1,785","1,789",확인
2025-07-15,[80] 누수/규격검사,P3405A-00.00SPC,O2O2 D_Sepia Choco EX,"1,879","1,929",확인
2025-07-15,[80] 누수/규격검사,P3405A-02.00SPC,O2O2 D_Sepia Choco EX,630,650,확인
2025-07-15,[80] 누수/규격검사,P3405A-00.00SPC,O2O2 D_Sepia Choco EX,"1,048","1,068",확인
2025-07-15,[80] 누수/규격검사,P3405A-00.00SPC,O2O2 D_Sepia Choco EX,"1,638","1,658",확인
2025-07-15,[80] 누수/규격검사,P3405A-02.00SPC,O2O2 D_Sepia Choco EX,737,757,확인
2025-07-15,[80] 누수/규격검사,P3405A-04.25SPC,O2O2 D_Sepia Choco EX,945,965,확인
2025-07-15,[80] 누수/규격검사,P3405A-01.50SPC,O2O2 D_Sepia Choco EX,612,632,확인
2025-07-15,[80] 누수/규격검사,P3405A-00.00SPC,O2O2 D_Sepia Choco EX,512,682,확인
2025-07-15,[55] 접착/ 멸균,P3405A-01.50SPC,O2O2 D_Sepia Choco EX,632,665,확인
2025-07-15,[55] 접착/ 멸균,P3405A-00.00SPC,O2O2 D_Sepia Choco EX,"1,929","1,980",확인
2025-07-15,[80] 누수/규격검사,P3405A-02.00SPC,O2O2 D_Sepia Choco EX,845,865,확인
2025-07-15,[80] 누수/규격검사,P3405A-04.25SPC,O2O2 D_Sepia Choco EX,"1,485","1,515",확인
2025-07-15,[80] 누수/규격검사,P3405A-04.25SPC,O2O2 D_Sepia Choco EX,"1,718","1,748",확인
2025-07-15,[55] 접착/ 멸균,P3405A-01.50SPC,O2O2 D_Sepia Choco EX,781,800,확인
2025-07-15,[55] 접착/ 멸균,P3405A-04.25SPC,O2O2 D_Sepia Choco EX,"1,515","1,540",확인
2025-07-15,[55] 접착/ 멸균,P3405A-00.00SPC,O2O2 D_Sepia Choco EX,682,725,확인
2025-07-15,[55] 접착/ 멸균,P3405A-00.00SPC,O2O2 D_Sepia Choco EX,"1,658","1,705",확인
2025-07-15,[55] 접착/ 멸균,P3405A-00.00SPC,O2O2 D_Sepia Choco EX,"1,068","1,100",확인
2025-07-15,[55] 접착/ 멸균,P3405A-02.00SPC,O2O2 D_Sepia Choco EX,757,820,확인
2025-07-15,[55] 접착/ 멸균,P3405A-04.25SPC,O2O2 D_Sepia Choco EX,965,"1,075",확인
2025-07-15,[55] 접착/ 멸균,P3405A-02.00SPC,O2O2 D_Sepia Choco EX,650,660,확인
2025-07-15,[55] 접착/ 멸균,P3405A-02.00SPC,O2O2 D_Sepia Choco EX,865,890,확인
2025-07-15,[55] 접착/ 멸균,P3405A-01.50SPC,O2O2 D_Sepia Choco EX,864,885,확인
2025-07-15,[45] 하이드레이션/전면검사,P3405A-03.50SPC,O2O2 D_Sepia Choco EX,"1,920","1,928",확인
2025-07-15,[45] 하이드레이션/전면검사,P3405A-03.50SPC,O2O2 D_Sepia Choco EX,"1,510","1,515",확인
2025-07-15,[45] 하이드레이션/전면검사,P3405A-03.50SPC,O2O2 D_Sepia Choco EX,"1,485","1,497",확인
2025-07-15,[45] 하이드레이션/전면검사,P3405A-03.50SPC,O2O2 D_Sepia Choco EX,"1,030","1,038",확인
2025-07-15,[45] 하이드레이션/전면검사,P3405A-03.50SPC,O2O2 D_Sepia Choco EX,"2,085","2,086",확인
2025-07-15,[45] 하이드레이션/전면검사,P3405A-03.50SPC,O2O2 D_Sepia Choco EX,"1,930","1,931",확인
2025-07-15,[45] 하이드레이션/전면검사,P3405A-03.50SPC,O2O2 D_Sepia Choco EX,"1,565","1,566",확인
2025-07-15,[55] 접착/ 멸균,P3405A-03.75SPC,O2O2 D_Sepia Choco EX,929,"1,420",확인
2025-07-15,[80] 누수/규격검사,P3405A-03.75SPC,O2O2 D_Sepia Choco EX,899,929,확인
2025-07-15,[45] 하이드레이션/전면검사,P3405A-03.75SPC,O2O2 D_Sepia Choco EX,"1,750","1,750",확인
2025-07-15,[45] 하이드레이션/전면검사,P3405A-04.00SPC,O2O2 D_Sepia Choco EX,"1,865","1,870",확인
2025-07-15,[45] 하이드레이션/전면검사,P3405A-04.00SPC,O2O2 D_Sepia Choco EX,480,480,확인
2025-07-15,[45] 하이드레이션/전면검사,P3405A-04.00SPC,O2O2 D_Sepia Choco EX,930,930,확인
2025-07-15,[80] 누수/규격검사,P3405A-04.00SPC,O2O2 D_Sepia Choco EX,"1,071","1,091",확인
2025-07-15,[80] 누수/규격검사,P3405A-04.00SPC,O2O2 D_Sepia Choco EX,"1,604","1,627",확인
2025-07-15,[55] 접착/ 멸균,P3405A-04.00SPC,O2O2 D_Sepia Choco EX,"1,091","1,140",확인
2025-07-15,[45] 하이드레이션/전면검사,P3405A-04.00SPC,O2O2 D_Sepia Choco EX,"1,565","1,578",확인
2025-07-15,[55] 접착/ 멸균,P3405A-04.00SPC,O2O2 D_Sepia Choco EX,"1,627","1,685",확인
2025-07-16,[20] 분리,Q3405-07.00SPC,O2O2 D_Sepia Choco EX,"2,050","2,137",확인
2025-07-16,[20] 분리,Q3405-07.00SPC,O2O2 D_Sepia Choco EX,"1,958","2,137",확인
2025-07-16,[20] 분리,Q3405-07.00SPC,O2O2 D_Sepia Choco EX,"1,768","2,137",확인
2025-07-16,[20] 분리,Q3405-07.00SPC,O2O2 D_Sepia Choco EX,"2,000","2,137",확인
2025-07-16,[20] 분리,Q3405-07.00SPC,O2O2 D_Sepia Choco EX,"1,972","2,137",확인
2025-07-16,[20] 분리,Q3405-07.00SPC,O2O2 D_Sepia Choco EX,"1,580","2,137",확인
2025-07-16,[20] 분리,Q3405-02.00SPC,O2O2 D_Sepia Choco EX,"1,919","2,277",확인
2025-07-16,[20] 분리,Q3405-07.00SPC,O2O2 D_Sepia Choco EX,"1,865","2,137",확인
2025-07-16,[45] 하이드레이션/전면검사,P3405A-01.00SPC,O2O2 D_Sepia Choco EX,"1,825","1,826",확인
2025-07-16,[45] 하이드레이션/전면검사,P3405A-01.00SPC,O2O2 D_Sepia Choco EX,"1,420","1,425",확인
2025-07-16,[45] 하이드레이션/전면검사,P3405A-07.00SPC,O2O2 D_Sepia Choco EX,"2,025","2,050",확인
2025-07-16,[45] 하이드레이션/전면검사,P3405A-00.75SPC,O2O2 D_Sepia Choco EX,"1,495","1,498",확인
2025-07-16,[80] 누수/규격검사,P3405A-05.00SPC,O2O2 D_Sepia Choco EX,"1,557","1,577",확인
2025-07-16,[45] 하이드레이션/전면검사,P3405A-00.75SPC,O2O2 D_Sepia Choco EX,"1,605","1,612",확인
2025-07-16,[45] 하이드레이션/전면검사,P3405A-00.75SPC,O2O2 D_Sepia Choco EX,"1,715","1,725",확인
2025-07-16,[45] 하이드레이션/전면검사,P3405A-00.75SPC,O2O2 D_Sepia Choco EX,920,926,확인
2025-07-16,[45] 하이드레이션/전면검사,P3405A-00.75SPC,O2O2 D_Sepia Choco EX,"1,630","1,635",확인
2025-07-16,[55] 접착/ 멸균,P3405A-05.00SPC,O2O2 D_Sepia Choco EX,"1,579","1,725",확인
2025-07-16,[80] 누수/규격검사,P3405A-02.50SPC,O2O2 D_Sepia Choco EX,802,822,확인
2025-07-16,[55] 접착/ 멸균,P3405A-05.00SPC,O2O2 D_Sepia Choco EX,"1,577","1,685",확인
2025-07-16,[55] 접착/ 멸균,P3405A-02.50SPC,O2O2 D_Sepia Choco EX,985,"1,010",확인
2025-07-16,[80] 누수/규격검사,P3405A-03.25SPC,O2O2 D_Sepia Choco EX,"1,705","1,725",확인
2025-07-16,[55] 접착/ 멸균,P3405A-03.25SPC,O2O2 D_Sepia Choco EX,"1,725","1,785",확인
2025-07-16,[55] 접착/ 멸균,P3405A-03.25SPC,O2O2 D_Sepia Choco EX,899,985,확인
2025-07-16,[80] 누수/규격검사,P3405A-03.25SPC,O2O2 D_Sepia Choco EX,857,899,확인
2025-07-16,[55] 접착/ 멸균,P3405A-02.75SPC,O2O2 D_Sepia Choco EX,"1,250","1,290",확인
2025-07-16,[55] 접착/ 멸균,P3405A-02.50SPC,O2O2 D_Sepia Choco EX,985,"1,005",확인
2025-07-16,[55] 접착/ 멸균,P3405A-02.50SPC,O2O2 D_Sepia Choco EX,822,865,확인
2025-07-16,[55] 접착/ 멸균,P3405A-02.50SPC,O2O2 D_Sepia Choco EX,945,975,확인
2025-07-16,[80] 누수/규격검사,P3405A-04.50SPC,O2O2 D_Sepia Choco EX,881,901,확인
2025-07-16,[55] 접착/ 멸균,P3405A-00.00SPC,O2O2 D_Sepia Choco EX,934,970,확인
2025-07-16,[55] 접착/ 멸균,P3405A-04.25SPC,O2O2 D_Sepia Choco EX,"2,030","2,100",확인
2025-07-16,[80] 누수/규격검사,P3405A-04.25SPC,O2O2 D_Sepia Choco EX,"1,650","1,670",확인
2025-07-16,[80] 누수/규격검사,P3405A-01.50SPC,O2O2 D_Sepia Choco EX,842,864,확인
2025-07-16,[45] 하이드레이션/전면검사,P3405A-00.50SPC,O2O2 D_Sepia Choco EX,"1,700","1,710",확인
2025-07-16,[45] 하이드레이션/전면검사,P3405A-00.50SPC,O2O2 D_Sepia Choco EX,"1,450","1,460",확인
2025-07-16,[45] 하이드레이션/전면검사,P3405A-00.50SPC,O2O2 D_Sepia Choco EX,"1,620","1,636",확인
2025-07-16,[45] 하이드레이션/전면검사,P3405A-00.50SPC,O2O2 D_Sepia Choco EX,"1,650","1,655",확인
2025-07-16,[45] 하이드레이션/전면검사,P3405A-00.50SPC,O2O2 D_Sepia Choco EX,"1,735","1,739",확인
2025-07-16,[55] 접착/ 멸균,P3405A-00.00SPC,O2O2 D_Sepia Choco EX,"1,014","1,115",확인
2025-07-16,[45] 하이드레이션/전면검사,P3405A-02.00SPC,O2O2 D_Sepia Choco EX,"1,885","1,890",확인
2025-07-16,[80] 누수/규격검사,P3405A-00.00SPC,O2O2 D_Sepia Choco EX,989,"1,014",확인
2025-07-16,[80] 누수/규격검사,P3405A-00.00SPC,O2O2 D_Sepia Choco EX,914,934,확인
2025-07-16,[80] 누수/규격검사,P3405A-00.00SPC,O2O2 D_Sepia Choco EX,"1,729","1,749",확인
2025-07-16,[80] 누수/규격검사,P3405A-01.50SPC,O2O2 D_Sepia Choco EX,761,781,확인
2025-07-16,[45] 하이드레이션/전면검사,P3405A-01.50SPC,O2O2 D_Sepia Choco EX,"1,860.00","1,868.00",확인
2025-07-16,[45] 하이드레이션/전면검사,P3405A-02.00SPC,O2O2 D_Sepia Choco EX,"1,910","1,919",확인
2025-07-16,[45] 하이드레이션/전면검사,P3405A-01.50SPC,O2O2 D_Sepia Choco EX,"1,645","1,656",확인
2025-07-16,[45] 하이드레이션/전면검사,P3405A-02.00SPC,O2O2 D_Sepia Choco EX,"1,935","1,950",확인
2025-07-16,[45] 하이드레이션/전면검사,P3405A-00.50SPC,O2O2 D_Sepia Choco EX,"1,165","1,171",확인
2025-07-16,[55] 접착/ 멸균,P3405A-00.00SPC,O2O2 D_Sepia Choco EX,"1,749","1,805",확인
2025-07-16,[80] 누수/규격검사,P3405A-03.50SPC,O2O2 D_Sepia Choco EX,"1,636","1,657",확인
2025-07-16,[55] 접착/ 멸균,P3405A-04.25SPC,O2O2 D_Sepia Choco EX,"1,670","1,750",확인
2025-07-16,[55] 접착/ 멸균,P3405A-03.00SPC,O2O2 D_Sepia Choco EX,"1,220","1,250",확인
2025-07-16,[55] 접착/ 멸균,P3405A-04.50SPC,O2O2 D_Sepia Choco EX,901,"1,280",확인
2025-07-16,[55] 접착/ 멸균,P3405A-03.50SPC,O2O2 D_Sepia Choco EX,"1,657","1,705",확인
2025-07-16,[80] 누수/규격검사,P3405A-03.50SPC,O2O2 D_Sepia Choco EX,"1,508","1,528",확인
2025-07-16,[55] 접착/ 멸균,P3405A-03.50SPC,O2O2 D_Sepia Choco EX,"1,528","1,565",확인
2025-07-16,[80] 누수/규격검사,P3405A-03.50SPC,O2O2 D_Sepia Choco EX,955,975,확인
2025-07-16,[80] 누수/규격검사,P3405A-03.50SPC,O2O2 D_Sepia Choco EX,"1,831","1,851",확인
2025-07-16,[55] 접착/ 멸균,P3405A-03.50SPC,O2O2 D_Sepia Choco EX,975,"1,030",확인
2025-07-16,[55] 접착/ 멸균,P3405A-03.50SPC,O2O2 D_Sepia Choco EX,"1,851","1,920",확인
2025-07-16,[45] 하이드레이션/전면검사,P3405A-03.50SPC,O2O2 D_Sepia Choco EX,"2,005","2,011",확인
2025-07-16,[55] 접착/ 멸균,P3405A-03.00SPC,O2O2 D_Sepia Choco EX,130,"1,160",확인
2025-07-16,[55] 접착/ 멸균,P3405A-03.00SPC,O2O2 D_Sepia Choco EX,"1,103","1,130",확인
2025-07-16,[80] 누수/규격검사,P3405A-03.00SPC,O2O2 D_Sepia Choco EX,"1,083","1,103",확인
2025-07-16,[55] 접착/ 멸균,P3405A-03.00SPC,O2O2 D_Sepia Choco EX,"1,130","1,165",확인
2025-07-16,[45] 하이드레이션/전면검사,P3405A-03.50SPC,O2O2 D_Sepia Choco EX,"2,060","2,062",확인
2025-07-16,[55] 접착/ 멸균,P3405A-03.00SPC,O2O2 D_Sepia Choco EX,"1,160","1,190",확인
2025-07-16,[45] 하이드레이션/전면검사,P3405A-03.50SPC,O2O2 D_Sepia Choco EX,"1,570","1,570",확인
2025-07-16,[45] 하이드레이션/전면검사,P3405A-03.75SPC,O2O2 D_Sepia Choco EX,"1,180","1,187",확인
2025-07-16,[45] 하이드레이션/전면검사,P3405A-03.75SPC,O2O2 D_Sepia Choco EX,"1,945","1,950",확인
2025-07-16,[45] 하이드레이션/전면검사,P3405A-03.75SPC,O2O2 D_Sepia Choco EX,"1,410","1,413",확인
2025-07-16,[45] 하이드레이션/전면검사,P3405A-03.75SPC,O2O2 D_Sepia Choco EX,"1,230","1,233",확인
2025-07-16,[80] 누수/규격검사,P3405A-04.00SPC,O2O2 D_Sepia Choco EX,879,899,확인
2025-07-16,[55] 접착/ 멸균,P3405A-04.00SPC,O2O2 D_Sepia Choco EX,899,930,확인
2025-07-16,[55] 접착/ 멸균,P3405A-04.00SPC,O2O2 D_Sepia Choco EX,"1,447","1,565",확인
2025-07-16,[80] 누수/규격검사,P3405A-04.00SPC,O2O2 D_Sepia Choco EX,"1,427","1,447",확인
2025-07-16,[55] 접착/ 멸균,P3405A-04.00SPC,O2O2 D_Sepia Choco EX,"1,640","1,685",확인
2025-07-17,[45] 하이드레이션/전면검사,P3405A-07.00SPC,O2O2 D_Sepia Choco EX,"1,960","1,972",확인
2025-07-17,[45] 하이드레이션/전면검사,P3405A-07.00SPC,O2O2 D_Sepia Choco EX,"1,990","2,000",확인
2025-07-17,[45] 하이드레이션/전면검사,P3405A-07.00SPC,O2O2 D_Sepia Choco EX,"1,855","1,865",확인
2025-07-17,[45] 하이드레이션/전면검사,P3405A-07.00SPC,O2O2 D_Sepia Choco EX,"1,570","1,580",확인
2025-07-17,[55] 접착/ 멸균,P3405A-05.50SPC,O2O2 D_Sepia Choco EX,"1,516","1,585",확인
2025-07-17,[45] 하이드레이션/전면검사,P3405A-07.00SPC,O2O2 D_Sepia Choco EX,"1,950","1,958",확인
2025-07-17,[55] 접착/ 멸균,P3405A-07.00SPC,O2O2 D_Sepia Choco EX,"1,695","1,755",확인
2025-07-17,[55] 접착/ 멸균,P3405A-01.00SPC,O2O2 D_Sepia Choco EX,"1,335","1,420",확인
2025-07-17,[55] 접착/ 멸균,P3405A-07.00SPC,O2O2 D_Sepia Choco EX,"1,931","1,990",확인
2025-07-17,[80] 누수/규격검사,P3405A-05.50SPC,O2O2 D_Sepia Choco EX,"1,471","1,516",확인
2025-07-17,[80] 누수/규격검사,P3405A-07.00SPC,O2O2 D_Sepia Choco EX,"1,911","1,931",확인
2025-07-17,[45] 하이드레이션/전면검사,P3405A-07.00SPC,O2O2 D_Sepia Choco EX,"1,755","1,768",확인
2025-07-17,[80] 누수/규격검사,P3405A-07.00SPC,O2O2 D_Sepia Choco EX,"1,675","1,695",확인
2025-07-17,[55] 접착/ 멸균,P3405A-00.75SPC,O2O2 D_Sepia Choco EX,"1,682","1,715",확인
2025-07-17,[80] 누수/규격검사,P3405A-05.00SPC,O2O2 D_Sepia Choco EX,"1,554","1,579",확인
2025-07-17,[55] 접착/ 멸균,P3405A-02.75SPC,O2O2 D_Sepia Choco EX,"1,208","1,250",확인
2025-07-17,[80] 누수/규격검사,P3405A-02.75SPC,O2O2 D_Sepia Choco EX,"1,188","1,208",확인
2025-07-17,[80] 누수/규격검사,P3405A-04.25SPC,O2O2 D_Sepia Choco EX,"2,005","2,030",확인
2025-07-17,[80] 누수/규격검사,P3405A-02.00SPC,O2O2 D_Sepia Choco EX,"1,634","1,654",확인
2025-07-17,[80] 누수/규격검사,P3405A-02.00SPC,O2O2 D_Sepia Choco EX,"1,813","1,833",확인
2025-07-17,[55] 접착/ 멸균,P3405A-02.00SPC,O2O2 D_Sepia Choco EX,"1,881","1,910",확인
2025-07-17,[80] 누수/규격검사,P3405A-03.50SPC,O2O2 D_Sepia Choco EX,"1,865","1,885",확인
2025-07-17,[55] 접착/ 멸균,P3405A-02.00SPC,O2O2 D_Sepia Choco EX,"1,654","1,935",확인
2025-07-17,[55] 접착/ 멸균,P3405A-02.00SPC,O2O2 D_Sepia Choco EX,"1,833","1,885",확인
2025-07-17,[80] 누수/규격검사,P3405A-03.50SPC,O2O2 D_Sepia Choco EX,957,977,확인
2025-07-17,[55] 접착/ 멸균,P3405A-03.50SPC,O2O2 D_Sepia Choco EX,"1,881","2,060",확인
2025-07-17,[80] 누수/규격검사,P3405A-03.50SPC,O2O2 D_Sepia Choco EX,"1,840","1,881",확인
2025-07-17,[55] 접착/ 멸균,P3405A-03.50SPC,O2O2 D_Sepia Choco EX,977,"1,510",확인
2025-07-17,[55] 접착/ 멸균,P3405A-03.50SPC,O2O2 D_Sepia Choco EX,"1,956","2,005",확인
2025-07-17,[80] 누수/규격검사,P3405A-03.50SPC,O2O2 D_Sepia Choco EX,"1,936","1,956",확인
2025-07-17,[55] 접착/ 멸균,P3405A-03.50SPC,O2O2 D_Sepia Choco EX,"1,885","1,930",확인
2025-07-17,[80] 누수/규격검사,P3405A-04.00SPC,O2O2 D_Sepia Choco EX,"1,593","1,613",확인
2025-07-17,[55] 접착/ 멸균,P3405A-04.00SPC,O2O2 D_Sepia Choco EX,"1,613","1,640",확인
2025-07-18,[80] 누수/규격검사,P3405A-01.00SPC,O2O2 D_Sepia Choco EX,"1,314","1,335",확인
2025-07-18,[55] 접착/ 멸균,P3405A-07.00SPC,O2O2 D_Sepia Choco EX,"1,974","2,025",확인
2025-07-18,[80] 누수/규격검사,P3405A-07.00SPC,O2O2 D_Sepia Choco EX,"1,954","1,974",확인
2025-07-18,[80] 누수/규격검사,P3405A-07.00SPC,O2O2 D_Sepia Choco EX,"1,892","1,913",확인
2025-07-18,[80] 누수/규격검사,P3405A-07.00SPC,O2O2 D_Sepia Choco EX,"1,775","1,795",확인
2025-07-18,[55] 접착/ 멸균,P3405A-07.00SPC,O2O2 D_Sepia Choco EX,"1,795","1,855",확인
2025-07-18,[55] 접착/ 멸균,P3405A-07.00SPC,O2O2 D_Sepia Choco EX,"1,913","1,950",확인
2025-07-18,[80] 누수/규격검사,P3405A-00.75SPC,O2O2 D_Sepia Choco EX,"1,662","1,682",확인
2025-07-18,[80] 누수/규격검사,P3405A-02.50SPC,O2O2 D_Sepia Choco EX,943,963,확인
2025-07-18,[55] 접착/ 멸균,P3405A-02.50SPC,O2O2 D_Sepia Choco EX,963,985,확인
2025-07-18,[55] 접착/ 멸균,P3405A-00.75SPC,O2O2 D_Sepia Choco EX,0,"1,605",확인
2025-07-18,[80] 누수/규격검사,P3405A-00.00SPC,O2O2 D_Sepia Choco EX,812,833,확인
2025-07-18,[80] 누수/규격검사,P3405A-01.50SPC,O2O2 D_Sepia Choco EX,"1,774","1,794",확인
2025-07-18,[55] 접착/ 멸균,P3405A-01.50SPC,O2O2 D_Sepia Choco EX,"1,794","1,860",확인
2025-07-18,[80] 누수/규격검사,P3405A-01.50SPC,O2O2 D_Sepia Choco EX,"1,559","1,579",확인
2025-07-18,[80] 누수/규격검사,P3405A-04.25SPC,O2O2 D_Sepia Choco EX,"1,052","1,072",확인
2025-07-18,[80] 누수/규격검사,P3405A-00.50SPC,O2O2 D_Sepia Choco EX,"1,584","1,604",확인
2025-07-18,[55] 접착/ 멸균,P3405A-00.50SPC,O2O2 D_Sepia Choco EX,"1,641","1,700",확인
2025-07-18,[80] 누수/규격검사,P3405A-00.50SPC,O2O2 D_Sepia Choco EX,"1,621","1,641",확인
2025-07-18,[80] 누수/규격검사,P3405A-02.00SPC,O2O2 D_Sepia Choco EX,"1,861","1,881",확인
2025-07-18,[55] 접착/ 멸균,P3405A-01.50SPC,O2O2 D_Sepia Choco EX,"1,579","1,645",확인
2025-07-18,[80] 누수/규격검사,P3405A-03.50SPC,O2O2 D_Sepia Choco EX,808,833,확인
2025-07-18,[55] 접착/ 멸균,P3405A-00.00SPC,O2O2 D_Sepia Choco EX,833,890,확인
2025-07-18,[55] 접착/ 멸균,P3405A-00.50SPC,O2O2 D_Sepia Choco EX,"1,604","1,650",확인
2025-07-18,[80] 누수/규격검사,P3405A-03.50SPC,O2O2 D_Sepia Choco EX,"1,502","1,522",확인
2025-07-18,[55] 접착/ 멸균,P3405A-03.50SPC,O2O2 D_Sepia Choco EX,833,975,확인
2025-07-18,[55] 접착/ 멸균,P3405A-04.25SPC,O2O2 D_Sepia Choco EX,"1,072","1,115",확인
2025-07-18,[80] 누수/규격검사,P3405A-03.50SPC,O2O2 D_Sepia Choco EX,982,"1,002",확인
2025-07-18,[55] 접착/ 멸균,P3405A-03.50SPC,O2O2 D_Sepia Choco EX,"1,002","1,060",확인
2025-07-18,[55] 접착/ 멸균,P3405A-03.50SPC,O2O2 D_Sepia Choco EX,"1,522","1,570",확인
2025-07-18,[55] 접착/ 멸균,P3405A-03.75SPC,O2O2 D_Sepia Choco EX,"1,822","1,945",확인
2025-07-18,[55] 접착/ 멸균,P3405A-03.75SPC,O2O2 D_Sepia Choco EX,"1,112","1,180",확인
2025-07-18,[80] 누수/규격검사,P3405A-03.75SPC,O2O2 D_Sepia Choco EX,"1,802","1,822",확인
2025-07-18,[80] 누수/규격검사,P3405A-03.75SPC,O2O2 D_Sepia Choco EX,"1,667","1,687",확인
2025-07-18,[55] 접착/ 멸균,P3405A-03.75SPC,O2O2 D_Sepia Choco EX,"1,687","1,750",확인
2025-07-18,[80] 누수/규격검사,P3405A-03.75SPC,O2O2 D_Sepia Choco EX,"1,092","1,112",확인
2025-07-19,[55] 접착/ 멸균,P3405A-07.00SPC,O2O2 D_Sepia Choco EX,"1,513","1,570",확인
2025-07-19,[55] 접착/ 멸균,P3405A-07.00SPC,O2O2 D_Sepia Choco EX,"1,914","1,960",확인
2025-07-19,[80] 누수/규격검사,P3405A-07.00SPC,O2O2 D_Sepia Choco EX,"1,892","1,914",확인
2025-07-19,[55] 접착/ 멸균,P3405A-01.00SPC,O2O2 D_Sepia Choco EX,"1,774","1,825",확인
2025-07-19,[80] 누수/규격검사,P3405A-01.00SPC,O2O2 D_Sepia Choco EX,"1,754","1,774",확인
2025-07-19,[80] 누수/규격검사,P3405A-07.00SPC,O2O2 D_Sepia Choco EX,"1,488","1,513",확인
2025-07-19,[55] 접착/ 멸균,P3405A-00.75SPC,O2O2 D_Sepia Choco EX,"1,333","1,495",확인
2025-07-19,[80] 누수/규격검사,P3405A-00.75SPC,O2O2 D_Sepia Choco EX,"1,543","1,578",확인
2025-07-19,[80] 누수/규격검사,P3405A-00.75SPC,O2O2 D_Sepia Choco EX,865,890,확인
2025-07-19,[80] 누수/규격검사,P3405A-00.75SPC,O2O2 D_Sepia Choco EX,"1,313","1,333",확인
2025-07-19,[55] 접착/ 멸균,P3405A-00.75SPC,O2O2 D_Sepia Choco EX,890,920,확인
2025-07-19,[55] 접착/ 멸균,P3405A-00.75SPC,O2O2 D_Sepia Choco EX,"1,578","1,630",확인
2025-07-19,[55] 접착/ 멸균,P3406A-02.25ASB,O2O2 D_Ash Brown EX,586,620,확인
2025-07-19,[80] 누수/규격검사,P3405A-02.50SPC,O2O2 D_Sepia Choco EX,907,927,확인
2025-07-19,[55] 접착/ 멸균,P3405A-02.50SPC,O2O2 D_Sepia Choco EX,927,985,확인
2025-07-19,[55] 접착/ 멸균,P3406A-02.25ASB,O2O2 D_Ash Brown EX,517,575,확인
2025-07-19,[80] 누수/규격검사,P3405A-02.50SPC,O2O2 D_Sepia Choco EX,868,888,확인
2025-07-19,[55] 접착/ 멸균,P3405A-02.50SPC,O2O2 D_Sepia Choco EX,888,945,확인
2025-07-19,[80] 누수/규격검사,P3406A-02.25ASB,O2O2 D_Ash Brown EX,492,517,확인
2025-07-19,[80] 누수/규격검사,P3406A-02.25ASB,O2O2 D_Ash Brown EX,561,586,확인
2025-07-19,[80] 누수/규격검사,P3406A-02.25ASB,O2O2 D_Ash Brown EX,593,618,확인
2025-07-19,[80] 누수/규격검사,P3405A-00.50SPC,O2O2 D_Sepia Choco EX,"1,648","1,683",확인
2025-07-19,[80] 누수/규격검사,P3405A-00.50SPC,O2O2 D_Sepia Choco EX,"1,498","1,518",확인
2025-07-19,[55] 접착/ 멸균,P3405A-00.50SPC,O2O2 D_Sepia Choco EX,"1,316","1,450",확인
2025-07-19,[80] 누수/규격검사,P3405A-00.50SPC,O2O2 D_Sepia Choco EX,"1,296","1,316",확인
2025-07-19,[80] 누수/규격검사,P3405A-00.50SPC,O2O2 D_Sepia Choco EX,"1,101","1,126",확인
2025-07-19,[80] 누수/규격검사,P3405A-03.50SPC,O2O2 D_Sepia Choco EX,"1,970","1,990",확인
2025-07-19,[55] 접착/ 멸균,P3405A-03.50SPC,O2O2 D_Sepia Choco EX,"1,990","2,085",확인
2025-07-19,[55] 접착/ 멸균,P3406A-02.25ASB,O2O2 D_Ash Brown EX,618,670,확인
2025-07-19,[55] 접착/ 멸균,P3405A-00.50SPC,O2O2 D_Sepia Choco EX,"1,126","1,165",확인
2025-07-19,[55] 접착/ 멸균,P3405A-00.50SPC,O2O2 D_Sepia Choco EX,"1,683","1,735",확인
2025-07-19,[55] 접착/ 멸균,P3405A-00.50SPC,O2O2 D_Sepia Choco EX,"1,518","1,620",확인
2025-07-19,[55] 접착/ 멸균,P3405A-03.50SPC,O2O2 D_Sepia Choco EX,"1,465","1,485",확인
2025-07-19,[80] 누수/규격검사,P3405A-03.50SPC,O2O2 D_Sepia Choco EX,"1,445","1,465",확인
2025-07-19,[80] 누수/규격검사,P3405A-03.00SPC,O2O2 D_Sepia Choco EX,"1,140","1,160",확인
2025-07-19,[55] 접착/ 멸균,P3405A-03.00SPC,O2O2 D_Sepia Choco EX,"1,160","1,220",확인
2025-07-19,[55] 접착/ 멸균,P3405A-03.75SPC,O2O2 D_Sepia Choco EX,"1,385","1,410",확인
2025-07-19,[80] 누수/규격검사,P3405A-03.75SPC,O2O2 D_Sepia Choco EX,"1,365","1,385",확인
2025-07-19,[55] 접착/ 멸균,P3405A-03.75SPC,O2O2 D_Sepia Choco EX,"1,180","1,230",확인
2025-07-19,[80] 누수/규격검사,P3405A-03.75SPC,O2O2 D_Sepia Choco EX,"1,160","1,180",확인
2025-07-19,[80] 누수/규격검사,P3405A-04.00SPC,O2O2 D_Sepia Choco EX,436,441,확인
2025-07-19,[55] 접착/ 멸균,P3405A-04.00SPC,O2O2 D_Sepia Choco EX,441,480,확인
2025-07-19,[80] 누수/규격검사,P3405A-04.00SPC,O2O2 D_Sepia Choco EX,"1,765","1,790",확인
2025-07-19,[55] 접착/ 멸균,P3405A-04.00SPC,O2O2 D_Sepia Choco EX,"1,790","1,865",확인
2025-07-20,[10] 사출조립,R3408-00.00BRW,O2O2 D_Blending Hazel EX,0,"1,068",확인
2025-07-20,[10] 사출조립,R3408-00.00BRW,O2O2 D_Blending Hazel EX,"1,068","1,068",확인
2025-07-20,[10] 사출조립,R3408-00.00BRW,O2O2 D_Blending Hazel EX,0,"1,068",확인
2025-07-20,[10] 사출조립,R3408-00.00BRW,O2O2 D_Blending Hazel EX,"1,068","1,068",확인
2025-07-20,[10] 사출조립,R3405-00.00SPC,O2O2 D_Sepia Choco EX,"2,357","2,357",확인
2025-07-20,[10] 사출조립,R3408-00.00BRW,O2O2 D_Blending Hazel EX,"1,068","1,068",확인
2025-07-20,[10] 사출조립,R3408-00.00BRW,O2O2 D_Blending Hazel EX,0,"1,068",확인
2025-07-20,[10] 사출조립,R3408-00.00BRW,O2O2 D_Blending Hazel EX,"1,068","1,068",확인
2025-07-20,[10] 사출조립,R3408-00.00BRW,O2O2 D_Blending Hazel EX,"1,068","1,068",확인
2025-07-20,[10] 사출조립,R3405-00.00SPC,O2O2 D_Sepia Choco EX,"2,357","2,357",확인
2025-07-20,[10] 사출조립,R3405-00.00SPC,O2O2 D_Sepia Choco EX,"2,357","2,357",확인
2025-07-20,[10] 사출조립,R3405-00.00SPC,O2O2 D_Sepia Choco EX,"2,357","2,357",확인
2025-07-20,[10] 사출조립,R3405-00.00SPC,O2O2 D_Sepia Choco EX,"2,357","2,357",확인
2025-07-20,[10] 사출조립,R3405-00.00SPC,O2O2 D_Sepia Choco EX,"2,357","2,357",확인
2025-07-20,[10] 사출조립,R3405-00.00SPC,O2O2 D_Sepia Choco EX,"2,357","2,357",확인
2025-07-20,[10] 사출조립,R3405-00.00SPC,O2O2 D_Sepia Choco EX,0,"2,357",확인
2025-07-20,[55] 접착/ 멸균,P3405A-02.75SPC,O2O2 D_Sepia Choco EX,846,860,확인
2025-07-20,[80] 누수/규격검사,P3405A-02.75SPC,O2O2 D_Sepia Choco EX,826,846,확인
2025-07-20,[80] 누수/규격검사,P3405A-03.25SPC,O2O2 D_Sepia Choco EX,"1,205","1,225",확인
2025-07-20,[55] 접착/ 멸균,P3405A-03.25SPC,O2O2 D_Sepia Choco EX,"1,225","1,260",확인
2025-07-20,[80] 누수/규격검사,P3405A-04.50SPC,O2O2 D_Sepia Choco EX,730,765,확인
2025-07-20,[55] 접착/ 멸균,P3405A-04.25SPC,O2O2 D_Sepia Choco EX,"1,665","1,700",확인
2025-07-20,[80] 누수/규격검사,P3405A-00.00SPC,O2O2 D_Sepia Choco EX,985,"1,005",확인
2025-07-20,[80] 누수/규격검사,P3405A-04.25SPC,O2O2 D_Sepia Choco EX,"1,640","1,665",확인
2025-07-20,[55] 접착/ 멸균,P3405A-00.00SPC,O2O2 D_Sepia Choco EX,"1,005","1,030",확인
2025-07-20,[55] 접착/ 멸균,P3405A-04.50SPC,O2O2 D_Sepia Choco EX,765,795,확인
2025-07-20,[80] 누수/규격검사,P3405A-03.50SPC,O2O2 D_Sepia Choco EX,"1,819","1,864",확인
2025-07-20,[80] 누수/규격검사,P3405A-03.00SPC,O2O2 D_Sepia Choco EX,491,511,확인
2025-07-20,[55] 접착/ 멸균,P3405A-03.00SPC,O2O2 D_Sepia Choco EX,511,545,확인
2025-07-20,[80] 누수/규격검사,P3405A-03.00SPC,O2O2 D_Sepia Choco EX,855,875,확인
2025-07-20,[55] 접착/ 멸균,P3405A-03.50SPC,O2O2 D_Sepia Choco EX,"1,864","1,885",확인
2025-07-20,[55] 접착/ 멸균,P3405A-03.00SPC,O2O2 D_Sepia Choco EX,875,900,확인
2025-07-20,[55] 접착/ 멸균,P3405A-03.00SPC,O2O2 D_Sepia Choco EX,752,800,확인
2025-07-20,[80] 누수/규격검사,P3405A-03.00SPC,O2O2 D_Sepia Choco EX,727,752,확인
2025-07-21,[20] 분리,Q3405-00.00SPC,O2O2 D_Sepia Choco EX,"1,431","2,357",확인
2025-07-21,[20] 분리,Q3405-00.00SPC,O2O2 D_Sepia Choco EX,"1,825","2,357",확인
2025-07-21,[10] 사출조립,R3408-00.00BRW,O2O2 D_Blending Hazel EX,0,878,확인
2025-07-21,[10] 사출조립,R3408-00.00BRW,O2O2 D_Blending Hazel EX,878,878,확인
2025-07-21,[10] 사출조립,R3408-00.00BRW,O2O2 D_Blending Hazel EX,878,878,확인
2025-07-21,[10] 사출조립,R3408-00.00BRW,O2O2 D_Blending Hazel EX,993,993,확인
2025-07-21,[10] 사출조립,R3408-00.00BRW,O2O2 D_Blending Hazel EX,993,993,확인
2025-07-21,[10] 사출조립,R3408-00.00BRW,O2O2 D_Blending Hazel EX,878,878,확인
2025-07-21,[10] 사출조립,R3408-00.00BRW,O2O2 D_Blending Hazel EX,0,993,확인
2025-07-21,[10] 사출조립,R3408-00.00BRW,O2O2 D_Blending Hazel EX,0,878,확인
2025-07-21,[10] 사출조립,R3408-00.00BRW,O2O2 D_Blending Hazel EX,0,878,확인
2025-07-21,[20] 분리,Q3405-00.00SPC,O2O2 D_Sepia Choco EX,"1,924","2,357",확인
2025-07-21,[10] 사출조립,R3408-00.00BRW,O2O2 D_Blending Hazel EX,0,993,확인
2025-07-21,[10] 사출조립,R3408-00.00BRW,O2O2 D_Blending Hazel EX,993,993,확인
2025-07-21,[10] 사출조립,R3408-00.00BRW,O2O2 D_Blending Hazel EX,0,993,확인
2025-07-21,[10] 사출조립,R3408-00.00BRW,O2O2 D_Blending Hazel EX,993,993,확인
2025-07-21,[10] 사출조립,R3408-00.00BRW,O2O2 D_Blending Hazel EX,878,878,확인
2025-07-21,[10] 사출조립,R3408-00.00BRW,O2O2 D_Blending Hazel EX,0,878,확인
2025-07-21,[10] 사출조립,R3408-00.00BRW,O2O2 D_Blending Hazel EX,0,993,확인
2025-07-21,[10] 사출조립,R3405-05.00SPC,O2O2 D_Sepia Choco EX,"2,144","2,144",확인
2025-07-21,[10] 사출조립,R3405-05.00SPC,O2O2 D_Sepia Choco EX,"2,144","2,144",확인
2025-07-21,[10] 사출조립,R3405-01.00SPC,O2O2 D_Sepia Choco EX,"2,328","2,328",확인
2025-07-21,[10] 사출조립,R3405-01.25SPC,O2O2 D_Sepia Choco EX,0,"2,328",확인
2025-07-21,[10] 사출조립,R3405-01.00SPC,O2O2 D_Sepia Choco EX,"2,328","2,328",확인
2025-07-21,[10] 사출조립,R3405-01.00SPC,O2O2 D_Sepia Choco EX,"2,328","2,328",확인
2025-07-21,[10] 사출조립,R3405-01.00SPC,O2O2 D_Sepia Choco EX,"2,328","2,328",확인
2025-07-21,[10] 사출조립,R3405-01.00SPC,O2O2 D_Sepia Choco EX,"2,328","2,328",확인
2025-07-21,[10] 사출조립,R3405-01.25SPC,O2O2 D_Sepia Choco EX,"2,328","2,328",확인
2025-07-21,[10] 사출조립,R3405-04.25SPC,O2O2 D_Sepia Choco EX,"2,144","2,144",확인
2025-07-21,[10] 사출조립,R3405-05.50SPC,O2O2 D_Sepia Choco EX,"2,144","2,144",확인
2025-07-21,[10] 사출조립,R3405-01.00SPC,O2O2 D_Sepia Choco EX,"2,328","2,328",확인
2025-07-21,[10] 사출조립,R3405-04.25SPC,O2O2 D_Sepia Choco EX,"2,144","2,144",확인
2025-07-21,[10] 사출조립,R3405-04.25SPC,O2O2 D_Sepia Choco EX,"2,144","2,144",확인
2025-07-21,[10] 사출조립,R3405-05.50SPC,O2O2 D_Sepia Choco EX,"2,144","2,144",확인
2025-07-21,[10] 사출조립,R3405-04.00SPC,O2O2 D_Sepia Choco EX,"2,144","2,144",확인
2025-07-22,[20] 분리,Q3408-00.00BRW,O2O2 D_Blending Hazel EX,548,"1,068",확인
2025-07-22,[20] 분리,Q3405-05.00SPC,O2O2 D_Sepia Choco EX,"1,635","2,144",확인
2025-07-22,[20] 분리,Q3405-00.00SPC,O2O2 D_Sepia Choco EX,"1,777","2,357",확인
2025-07-22,[20] 분리,Q3405-01.00SPC,O2O2 D_Sepia Choco EX,"2,110","2,328",확인
2025-07-22,[20] 분리,Q3405-00.00SPC,O2O2 D_Sepia Choco EX,"1,192","2,357",확인
2025-07-22,[20] 분리,Q3408-00.00BRW,O2O2 D_Blending Hazel EX,649,"1,068",확인
2025-07-22,[20] 분리,Q3405-00.00SPC,O2O2 D_Sepia Choco EX,"1,634","2,357",확인
2025-07-22,[20] 분리,Q3405-00.00SPC,O2O2 D_Sepia Choco EX,"1,190","2,357",확인
2025-07-22,[20] 분리,Q3405-04.25SPC,O2O2 D_Sepia Choco EX,"1,322","2,144",확인
2025-07-22,[10] 사출조립,R3405-00.00SPC,O2O2 D_Sepia Choco EX,"2,112","2,112",확인
2025-07-22,[10] 사출조립,R3405-00.00SPC,O2O2 D_Sepia Choco EX,"2,253","2,253",확인
2025-07-22,[20] 분리,Q3408-00.00BRW,O2O2 D_Blending Hazel EX,393,"1,068",확인
2025-07-22,[10] 사출조립,R3405-00.00SPC,O2O2 D_Sepia Choco EX,0,"2,112",확인
2025-07-22,[20] 분리,Q3405-04.00SPC,O2O2 D_Sepia Choco EX,"1,666","2,144",확인
2025-07-22,[10] 사출조립,R3405-00.00SPC,O2O2 D_Sepia Choco EX,"2,253","2,253",확인
2025-07-22,[10] 사출조립,R3405-00.00SPC,O2O2 D_Sepia Choco EX,"2,253","2,253",확인
2025-07-22,[10] 사출조립,R3405-00.00SPC,O2O2 D_Sepia Choco EX,"2,253","2,253",확인
2025-07-22,[10] 사출조립,R3405-00.00SPC,O2O2 D_Sepia Choco EX,"2,253","2,253",확인
2025-07-22,[20] 분리,Q3408-00.00BRW,O2O2 D_Blending Hazel EX,699,"1,068",확인
2025-07-22,[20] 분리,Q3405-01.00SPC,O2O2 D_Sepia Choco EX,"1,843","2,328",확인
2025-07-22,[20] 분리,Q3405-05.50SPC,O2O2 D_Sepia Choco EX,"1,830","2,144",확인
2025-07-22,[10] 사출조립,R3405-00.00SPC,O2O2 D_Sepia Choco EX,"2,253","2,253",확인
2025-07-22,[10] 사출조립,R3405-00.00SPC,O2O2 D_Sepia Choco EX,"2,112","2,112",확인
2025-07-22,[10] 사출조립,R3405-00.00SPC,O2O2 D_Sepia Choco EX,"2,112","2,112",확인
2025-07-22,[20] 분리,Q3405-05.50SPC,O2O2 D_Sepia Choco EX,"1,682","2,144",확인
2025-07-22,[10] 사출조립,R3405-00.00SPC,O2O2 D_Sepia Choco EX,"2,112","2,112",확인
2025-07-22,[20] 분리,Q3405-01.00SPC,O2O2 D_Sepia Choco EX,"1,879","2,328",확인
2025-07-22,[20] 분리,Q3405-04.25SPC,O2O2 D_Sepia Choco EX,506,"2,144",확인
2025-07-22,[20] 분리,Q3405-05.00SPC,O2O2 D_Sepia Choco EX,"1,632","2,144",확인
2025-07-22,[20] 분리,Q3405-01.00SPC,O2O2 D_Sepia Choco EX,"1,990","2,328",확인
2025-07-22,[20] 분리,Q3405-01.00SPC,O2O2 D_Sepia Choco EX,"1,763","2,328",확인
2025-07-22,[20] 분리,Q3405-01.25SPC,O2O2 D_Sepia Choco EX,"1,990","2,328",확인
2025-07-22,[20] 분리,Q3405-04.25SPC,O2O2 D_Sepia Choco EX,"1,927","2,144",확인
2025-07-22,[10] 사출조립,R3405-00.00SPC,O2O2 D_Sepia Choco EX,"2,112","2,112",확인
2025-07-22,[10] 사출조립,R3405-00.00SPC,O2O2 D_Sepia Choco EX,"2,112","2,112",확인
2025-07-22,[10] 사출조립,R3405-00.00SPC,O2O2 D_Sepia Choco EX,"2,112","2,112",확인
2025-07-22,[20] 분리,Q3405-01.00SPC,O2O2 D_Sepia Choco EX,"1,917","2,328",확인
2025-07-22,[20] 분리,Q3408-00.00BRW,O2O2 D_Blending Hazel EX,909,"1,068",확인
2025-07-23,[20] 분리,Q3405-00.00SPC,O2O2 D_Sepia Choco EX,"1,296","2,112",확인
2025-07-23,[20] 분리,Q3405-00.00SPC,O2O2 D_Sepia Choco EX,"1,229","2,112",확인
2025-07-23,[10] 사출조립,R3408-00.00BRW,O2O2 D_Blending Hazel EX,"1,011","1,011",확인
2025-07-23,[10] 사출조립,R3408-00.00BRW,O2O2 D_Blending Hazel EX,"1,174","1,174",확인
2025-07-23,[10] 사출조립,R3408-00.00BRW,O2O2 D_Blending Hazel EX,"1,011","1,011",확인
2025-07-23,[10] 사출조립,R3408-00.00BRW,O2O2 D_Blending Hazel EX,"1,011","1,011",확인
2025-07-23,[10] 사출조립,R3408-00.00BRW,O2O2 D_Blending Hazel EX,"1,174","1,174",확인
2025-07-23,[10] 사출조립,R3405-00.00SPC,O2O2 D_Sepia Choco EX,"1,813","1,813",확인
2025-07-23,[10] 사출조립,R3408-00.00BRW,O2O2 D_Blending Hazel EX,"1,155","1,155",확인
2025-07-23,[10] 사출조립,R3408-00.00BRW,O2O2 D_Blending Hazel EX,"1,011","1,011",확인
2025-07-23,[10] 사출조립,R3408-00.00BRW,O2O2 D_Blending Hazel EX,"1,011","1,011",확인
2025-07-23,[10] 사출조립,R3408-00.00BRW,O2O2 D_Blending Hazel EX,"1,174","1,174",확인
2025-07-23,[10] 사출조립,R3405-00.00SPC,O2O2 D_Sepia Choco EX,"1,813","1,813",확인
2025-07-23,[10] 사출조립,R3405-00.00SPC,O2O2 D_Sepia Choco EX,"1,813","1,813",확인
2025-07-23,[10] 사출조립,R3408-00.00BRW,O2O2 D_Blending Hazel EX,0,"1,174",확인
2025-07-23,[10] 사출조립,R3408-00.00BRW,O2O2 D_Blending Hazel EX,"1,174","1,174",확인
2025-07-23,[10] 사출조립,R3408-00.00BRW,O2O2 D_Blending Hazel EX,"1,155","1,155",확인
2025-07-23,[10] 사출조립,R3408-00.00BRW,O2O2 D_Blending Hazel EX,"1,155","1,155",확인
2025-07-23,[10] 사출조립,R3405-00.00SPC,O2O2 D_Sepia Choco EX,"1,813","1,813",확인
2025-07-23,[10] 사출조립,R3408-00.00BRW,O2O2 D_Blending Hazel EX,"1,011","1,011",확인
2025-07-23,[10] 사출조립,R3408-00.00BRW,O2O2 D_Blending Hazel EX,0,"1,174",확인
2025-07-23,[10] 사출조립,R3408-00.00BRW,O2O2 D_Blending Hazel EX,"1,155","1,155",확인
2025-07-23,[10] 사출조립,R3408-00.00BRW,O2O2 D_Blending Hazel EX,"1,155","1,155",확인
2025-07-23,[10] 사출조립,R3408-00.00BRW,O2O2 D_Blending Hazel EX,"1,155","1,155",확인
2025-07-23,[10] 사출조립,R3408-00.00BRW,O2O2 D_Blending Hazel EX,"1,155","1,155",확인
2025-07-23,[10] 사출조립,R3408-00.00BRW,O2O2 D_Blending Hazel EX,"1,155","1,155",확인
2025-07-23,[10] 사출조립,R3408-00.00BRW,O2O2 D_Blending Hazel EX,"1,011","1,011",확인
2025-07-23,[10] 사출조립,R3408-00.00BRW,O2O2 D_Blending Hazel EX,0,"1,011",확인
2025-07-23,[10] 사출조립,R3408-00.00BRW,O2O2 D_Blending Hazel EX,0,"1,174",확인
2025-07-23,[10] 사출조립,R3408-00.00BRW,O2O2 D_Blending Hazel EX,0,"1,174",확인
2025-07-24,[10] 사출조립,R3408-00.00BRW,O2O2 D_Blending Hazel EX,0,968,확인
2025-07-24,[10] 사출조립,R3408-00.00BRW,O2O2 D_Blending Hazel EX,"1,191","1,191",확인
2025-07-24,[10] 사출조립,R3408-00.00BRW,O2O2 D_Blending Hazel EX,"1,110","1,110",확인
2025-07-24,[10] 사출조립,R3408-00.00BRW,O2O2 D_Blending Hazel EX,"1,191","1,191",확인
2025-07-24,[10] 사출조립,R3408-00.00BRW,O2O2 D_Blending Hazel EX,"1,184","1,184",확인
2025-07-24,[10] 사출조립,R3408-00.00BRW,O2O2 D_Blending Hazel EX,"1,184","1,184",확인
2025-07-24,[10] 사출조립,R3408-00.00BRW,O2O2 D_Blending Hazel EX,"1,184","1,184",확인
2025-07-24,[10] 사출조립,R3408-00.00BRW,O2O2 D_Blending Hazel EX,"1,110","1,110",확인
2025-07-24,[10] 사출조립,R3408-00.00BRW,O2O2 D_Blending Hazel EX,"1,110","1,110",확인
2025-07-24,[10] 사출조립,R3408-00.00BRW,O2O2 D_Blending Hazel EX,968,968,확인
2025-07-24,[10] 사출조립,R3408-00.00BRW,O2O2 D_Blending Hazel EX,0,968,확인
2025-07-24,[10] 사출조립,R3408-00.00BRW,O2O2 D_Blending Hazel EX,"1,191","1,191",확인
2025-07-24,[10] 사출조립,R3408-00.00BRW,O2O2 D_Blending Hazel EX,968,968,확인
2025-07-24,[10] 사출조립,R3408-00.00BRW,O2O2 D_Blending Hazel EX,"1,110","1,110",확인
2025-07-24,[10] 사출조립,R3408-00.00BRW,O2O2 D_Blending Hazel EX,"1,110","1,110",확인
2025-07-24,[10] 사출조립,R3408-00.00BRW,O2O2 D_Blending Hazel EX,"1,110","1,110",확인
2025-07-24,[10] 사출조립,R3408-00.00BRW,O2O2 D_Blending Hazel EX,"1,110","1,110",확인
2025-07-24,[10] 사출조립,R3408-00.00BRW,O2O2 D_Blending Hazel EX,0,968,확인
2025-07-24,[10] 사출조립,R3408-00.00BRW,O2O2 D_Blending Hazel EX,968,968,확인
2025-07-24,[10] 사출조립,R3408-00.00BRW,O2O2 D_Blending Hazel EX,0,968,확인
2025-07-24,[10] 사출조립,R3408-00.00BRW,O2O2 D_Blending Hazel EX,"1,191","1,191",확인
2025-07-24,[10] 사출조립,R3408-00.00BRW,O2O2 D_Blending Hazel EX,"1,184","1,184",확인
2025-07-24,[10] 사출조립,R3408-00.00BRW,O2O2 D_Blending Hazel EX,"1,184","1,184",확인
2025-07-24,[10] 사출조립,R3408-00.00BRW,O2O2 D_Blending Hazel EX,0,"1,184",확인
2025-07-24,[10] 사출조립,R3408-00.00BRW,O2O2 D_Blending Hazel EX,"1,191","1,191",확인
2025-07-24,[10] 사출조립,R3408-00.00BRW,O2O2 D_Blending Hazel EX,"1,191","1,191",확인
2025-07-24,[10] 사출조립,R3408-00.00BRW,O2O2 D_Blending Hazel EX,0,968,확인
2025-07-24,[10] 사출조립,R3408-00.00BRW,O2O2 D_Blending Hazel EX,"1,184","1,184",확인
2025-07-24,[10] 사출조립,R3408-00.00BRW,O2O2 D_Blending Hazel EX,"1,191","1,191",확인
2025-07-24,[10] 사출조립,R3408-00.00BRW,O2O2 D_Blending Hazel EX,"1,191","1,191",확인
2025-07-24,[10] 사출조립,R3408-00.00BRW,O2O2 D_Blending Hazel EX,"1,184","1,184",확인
2025-07-24,[10] 사출조립,R3408-00.00BRW,O2O2 D_Blending Hazel EX,"1,110","1,110",확인
2025-07-24,[45] 하이드레이션/전면검사,P3405A-01.00SPC,O2O2 D_Sepia Choco EX,"1,760","1,763",확인
2025-07-24,[45] 하이드레이션/전면검사,P3405A-05.50SPC,O2O2 D_Sepia Choco EX,"1,825","1,830",확인
2025-07-24,[45] 하이드레이션/전면검사,P3405A-05.50SPC,O2O2 D_Sepia Choco EX,"1,680","1,682",확인
2025-07-24,[55] 접착/ 멸균,P3405A-01.00SPC,O2O2 D_Sepia Choco EX,"1,713","1,760",확인
2025-07-24,[80] 누수/규격검사,P3405A-01.00SPC,O2O2 D_Sepia Choco EX,"1,688","1,713",확인
2025-07-24,[80] 누수/규격검사,P3405A-05.50SPC,O2O2 D_Sepia Choco EX,"1,755","1,775",확인
2025-07-24,[55] 접착/ 멸균,P3405A-05.50SPC,O2O2 D_Sepia Choco EX,"1,775","1,825",확인
2025-07-24,[80] 누수/규격검사,P3405A-05.50SPC,O2O2 D_Sepia Choco EX,"1,585","1,620",확인
2025-07-24,[55] 접착/ 멸균,P3405A-05.50SPC,O2O2 D_Sepia Choco EX,"1,620","1,680",확인
2025-07-24,[55] 접착/ 멸균,P3405A-05.00SPC,O2O2 D_Sepia Choco EX,"1,592","1,630",확인
2025-07-24,[80] 누수/규격검사,P3405A-05.00SPC,O2O2 D_Sepia Choco EX,"1,572","1,592",확인
2025-07-24,[45] 하이드레이션/전면검사,P3405A-05.00SPC,O2O2 D_Sepia Choco EX,"1,630","1,632",확인
2025-07-24,[45] 하이드레이션/전면검사,P3405A-04.25SPC,O2O2 D_Sepia Choco EX,500,506,확인
2025-07-24,[45] 하이드레이션/전면검사,P3405A-00.00SPC,O2O2 D_Sepia Choco EX,"1,620","1,634",확인
2025-07-24,[80] 누수/규격검사,P3405A-04.25SPC,O2O2 D_Sepia Choco EX,447,462,확인
2025-07-24,[80] 누수/규격검사,P3405A-04.25SPC,O2O2 D_Sepia Choco EX,"1,841","1,861",확인
2025-07-24,[80] 누수/규격검사,P3405A-04.25SPC,O2O2 D_Sepia Choco EX,"1,254","1,274",확인
2025-07-24,[80] 누수/규격검사,P3405A-00.00SPC,O2O2 D_Sepia Choco EX,"1,527","1,557",확인
2025-07-24,[45] 하이드레이션/전면검사,P3405A-04.25SPC,O2O2 D_Sepia Choco EX,"1,920","1,927",확인
2025-07-24,[45] 하이드레이션/전면검사,P3405A-04.25SPC,O2O2 D_Sepia Choco EX,"1,315","1,322",확인
2025-07-24,[55] 접착/ 멸균,P3405A-04.25SPC,O2O2 D_Sepia Choco EX,462,500,확인
2025-07-24,[55] 접착/ 멸균,P3405A-04.25SPC,O2O2 D_Sepia Choco EX,"1,861","1,920",확인
2025-07-24,[55] 접착/ 멸균,P3405A-04.25SPC,O2O2 D_Sepia Choco EX,"1,274","1,315",확인
2025-07-24,[55] 접착/ 멸균,P3405A-00.00SPC,O2O2 D_Sepia Choco EX,"1,557","1,620",확인
2025-07-24,[55] 접착/ 멸균,P3405A-03.00SPC,O2O2 D_Sepia Choco EX,118,130,확인
2025-07-24,[80] 누수/규격검사,P3405A-03.00SPC,O2O2 D_Sepia Choco EX,113,118,확인
2025-07-24,[80] 누수/규격검사,P3405A-04.00SPC,O2O2 D_Sepia Choco EX,"1,583","1,613",확인
2025-07-24,[45] 하이드레이션/전면검사,P3405A-04.00SPC,O2O2 D_Sepia Choco EX,"1,660.00","1,666.00",확인
2025-07-24,[55] 접착/ 멸균,P3405A-04.00SPC,O2O2 D_Sepia Choco EX,"1,613","1,660",확인
2025-07-25,[20] 분리,Q3405-00.00SPC,O2O2 D_Sepia Choco EX,"1,798","2,253",확인
2025-07-25,[20] 분리,Q3405-00.00SPC,O2O2 D_Sepia Choco EX,"2,003","2,253",확인
2025-07-25,[20] 분리,Q3405-00.00SPC,O2O2 D_Sepia Choco EX,"1,591","2,253",확인
2025-07-25,[20] 분리,Q3405-00.00SPC,O2O2 D_Sepia Choco EX,983,"2,112",확인
2025-07-25,[20] 분리,Q3405-00.00SPC,O2O2 D_Sepia Choco EX,"1,604","2,253",확인
2025-07-25,[20] 분리,Q3405-00.00SPC,O2O2 D_Sepia Choco EX,"1,592","2,112",확인
2025-07-25,[20] 분리,Q3405-00.00SPC,O2O2 D_Sepia Choco EX,"1,491","2,112",확인
2025-07-25,[20] 분리,Q3405-00.00SPC,O2O2 D_Sepia Choco EX,"1,224","2,112",확인
2025-07-25,[20] 분리,Q3405-00.00SPC,O2O2 D_Sepia Choco EX,"1,989","2,253",확인
2025-07-25,[20] 분리,Q3405-00.00SPC,O2O2 D_Sepia Choco EX,"1,336","2,112",확인
2025-07-25,[20] 분리,Q3405-00.00SPC,O2O2 D_Sepia Choco EX,"1,659","2,253",확인
2025-07-25,[20] 분리,Q3405-00.00SPC,O2O2 D_Sepia Choco EX,"1,568","1,813",확인
2025-07-25,[45] 하이드레이션/전면검사,P3405A-01.00SPC,O2O2 D_Sepia Choco EX,"1,875","1,879",확인
2025-07-25,[45] 하이드레이션/전면검사,P3405A-01.00SPC,O2O2 D_Sepia Choco EX,"1,840","1,843",확인
2025-07-25,[45] 하이드레이션/전면검사,P3405A-01.00SPC,O2O2 D_Sepia Choco EX,"1,910","1,917",확인
2025-07-25,[45] 하이드레이션/전면검사,P3405A-01.00SPC,O2O2 D_Sepia Choco EX,"1,985","1,990",확인
2025-07-25,[45] 하이드레이션/전면검사,P3405A-01.00SPC,O2O2 D_Sepia Choco EX,"2,105","2,110",확인
2025-07-25,[80] 누수/규격검사,P3405A-01.00SPC,O2O2 D_Sepia Choco EX,"1,799","1,819",확인
2025-07-25,[80] 누수/규격검사,P3405A-01.00SPC,O2O2 D_Sepia Choco EX,"2,041","2,061",확인
2025-07-25,[55] 접착/ 멸균,P3405A-01.00SPC,O2O2 D_Sepia Choco EX,"1,819","1,985",확인
2025-07-25,[80] 누수/규격검사,P3405A-01.00SPC,O2O2 D_Sepia Choco EX,"1,741","1,771",확인
2025-07-25,[55] 접착/ 멸균,P3405A-01.00SPC,O2O2 D_Sepia Choco EX,"1,771","1,875",확인
2025-07-25,[55] 접착/ 멸균,P3405A-01.00SPC,O2O2 D_Sepia Choco EX,"1,860","1,910",확인
2025-07-25,[55] 접착/ 멸균,P3405A-01.00SPC,O2O2 D_Sepia Choco EX,"2,061","2,105",확인
2025-07-25,[55] 접착/ 멸균,P3405A-01.25SPC,O2O2 D_Sepia Choco EX,"1,931","1,980",확인
2025-07-25,[80] 누수/규격검사,P3405A-01.25SPC,O2O2 D_Sepia Choco EX,"1,906","1,931",확인
2025-07-25,[45] 하이드레이션/전면검사,P3405A-01.25SPC,O2O2 D_Sepia Choco EX,"1,980","1,990",확인
2025-07-25,[45] 하이드레이션/전면검사,P3405A-05.00SPC,O2O2 D_Sepia Choco EX,"1,625","1,635",확인
2025-07-25,[45] 하이드레이션/전면검사,P3405A-00.00SPC,O2O2 D_Sepia Choco EX,"1,810","1,825",확인
2025-07-25,[45] 하이드레이션/전면검사,P3405A-00.00SPC,O2O2 D_Sepia Choco EX,"1,190","1,192",확인
2025-07-25,[45] 하이드레이션/전면검사,P3405A-00.00SPC,O2O2 D_Sepia Choco EX,"1,765","1,777",확인
2025-07-25,[45] 하이드레이션/전면검사,P3405A-00.00SPC,O2O2 D_Sepia Choco EX,"1,920","1,924",확인
2025-07-25,[45] 하이드레이션/전면검사,P3405A-00.00SPC,O2O2 D_Sepia Choco EX,"1,430","1,431",확인
2025-07-25,[45] 하이드레이션/전면검사,P3405A-00.00SPC,O2O2 D_Sepia Choco EX,"1,190","1,190",확인
2025-07-25,[80] 누수/규격검사,P3405A-00.00SPC,O2O2 D_Sepia Choco EX,"1,694","1,714",확인
2025-07-25,[80] 누수/규격검사,P3405A-00.00SPC,O2O2 D_Sepia Choco EX,"1,851","1,871",확인
2025-07-25,[55] 접착/ 멸균,P3405A-00.00SPC,O2O2 D_Sepia Choco EX,"1,871","1,920",확인
2025-07-25,[55] 접착/ 멸균,P3405A-00.00SPC,O2O2 D_Sepia Choco EX,"1,714","1,765",확인
2025-07-26,[20] 분리,Q3405-00.00SPC,O2O2 D_Sepia Choco EX,"1,232","1,813",확인
2025-07-26,[20] 분리,Q3408-00.00BRW,O2O2 D_Blending Hazel EX,595,"1,155",확인
2025-07-26,[20] 분리,Q3408-00.00BRW,O2O2 D_Blending Hazel EX,704,"1,155",확인
2025-07-26,[20] 분리,Q3408-00.00BRW,O2O2 D_Blending Hazel EX,919,"1,155",확인
2025-07-26,[20] 분리,Q3408-00.00BRW,O2O2 D_Blending Hazel EX,825,"1,155",확인
2025-07-26,[20] 분리,Q3408-00.00BRW,O2O2 D_Blending Hazel EX,797,"1,155",확인
2025-07-26,[20] 분리,Q3408-00.00BRW,O2O2 D_Blending Hazel EX,483,993,확인
2025-07-26,[20] 분리,Q3408-00.00BRW,O2O2 D_Blending Hazel EX,723,993,확인
2025-07-26,[20] 분리,Q3408-00.00BRW,O2O2 D_Blending Hazel EX,742,"1,155",확인
2025-07-26,[20] 분리,Q3408-00.00BRW,O2O2 D_Blending Hazel EX,622,"1,155",확인
2025-07-26,[20] 분리,Q3408-00.00BRW,O2O2 D_Blending Hazel EX,590,"1,174",확인
2025-07-26,[20] 분리,Q3408-00.00BRW,O2O2 D_Blending Hazel EX,637,"1,174",확인
2025-07-26,[20] 분리,Q3408-00.00BRW,O2O2 D_Blending Hazel EX,788,"1,174",확인
2025-07-26,[20] 분리,Q3408-00.00BRW,O2O2 D_Blending Hazel EX,382,"1,174",확인
2025-07-26,[10] 사출조립,R3408-00.00BRW,O2O2 D_Blending Hazel EX,"1,048","1,048",확인
2025-07-26,[10] 사출조립,R3408-00.00BRW,O2O2 D_Blending Hazel EX,"1,048","1,048",확인
2025-07-26,[10] 사출조립,R3408-00.00BRW,O2O2 D_Blending Hazel EX,"1,048","1,048",확인
2025-07-26,[10] 사출조립,R3408-00.00BRW,O2O2 D_Blending Hazel EX,0,"1,048",확인
2025-07-26,[10] 사출조립,R3408-00.00BRW,O2O2 D_Blending Hazel EX,"1,134","1,134",확인
2025-07-26,[10] 사출조립,R3408-00.00BRW,O2O2 D_Blending Hazel EX,"1,134","1,134",확인
2025-07-26,[10] 사출조립,R3408-00.00BRW,O2O2 D_Blending Hazel EX,"1,134","1,134",확인
2025-07-26,[10] 사출조립,R3408-00.00BRW,O2O2 D_Blending Hazel EX,"1,048","1,048",확인
2025-07-26,[10] 사출조립,R3408-00.00BRW,O2O2 D_Blending Hazel EX,"1,048","1,048",확인
2025-07-26,[10] 사출조립,R3408-00.00BRW,O2O2 D_Blending Hazel EX,"1,048","1,048",확인
2025-07-26,[10] 사출조립,R3408-00.00BRW,O2O2 D_Blending Hazel EX,0,"1,134",확인
2025-07-26,[10] 사출조립,R3408-00.00BRW,O2O2 D_Blending Hazel EX,"1,134","1,134",확인
2025-07-26,[20] 분리,Q3408-00.00BRW,O2O2 D_Blending Hazel EX,728,878,확인
2025-07-26,[10] 사출조립,R3408-00.00BRW,O2O2 D_Blending Hazel EX,"1,134","1,134",확인
2025-07-26,[10] 사출조립,R3408-00.00BRW,O2O2 D_Blending Hazel EX,"1,048","1,048",확인
2025-07-26,[10] 사출조립,R3408-00.00BRW,O2O2 D_Blending Hazel EX,"1,134","1,134",확인
2025-07-26,[20] 분리,Q3408-00.00BRW,O2O2 D_Blending Hazel EX,840,968,확인
2025-07-26,[10] 사출조립,R3408-00.00BRW,O2O2 D_Blending Hazel EX,"1,134","1,134",확인
2025-07-26,[20] 분리,Q3408-00.00BRW,O2O2 D_Blending Hazel EX,436,878,확인
2025-07-26,[10] 사출조립,R3408-00.00BRW,O2O2 D_Blending Hazel EX,0,"1,125",확인
2025-07-26,[10] 사출조립,R3408-00.00BRW,O2O2 D_Blending Hazel EX,"1,066","1,066",확인
2025-07-26,[10] 사출조립,R3408-00.00BRW,O2O2 D_Blending Hazel EX,0,"1,125",확인
2025-07-26,[10] 사출조립,R3408-00.00BRW,O2O2 D_Blending Hazel EX,"1,066","1,066",확인
2025-07-26,[10] 사출조립,R3408-00.00BRW,O2O2 D_Blending Hazel EX,0,"1,066",확인
2025-07-26,[10] 사출조립,R3408-00.00BRW,O2O2 D_Blending Hazel EX,"1,125","1,125",확인
2025-07-26,[10] 사출조립,R3408-00.00BRW,O2O2 D_Blending Hazel EX,"1,066","1,066",확인
2025-07-26,[10] 사출조립,R3408-00.00BRW,O2O2 D_Blending Hazel EX,"1,066","1,066",확인
2025-07-26,[10] 사출조립,R3408-00.00BRW,O2O2 D_Blending Hazel EX,"1,036","1,036",확인
2025-07-26,[10] 사출조립,R3408-00.00BRW,O2O2 D_Blending Hazel EX,"1,036","1,036",확인
2025-07-26,[10] 사출조립,R3408-00.00BRW,O2O2 D_Blending Hazel EX,0,"1,036",확인
2025-07-26,[10] 사출조립,R3408-00.00BRW,O2O2 D_Blending Hazel EX,0,"1,125",확인
2025-07-26,[10] 사출조립,R3408-00.00BRW,O2O2 D_Blending Hazel EX,"1,125","1,125",확인
2025-07-26,[10] 사출조립,R3408-00.00BRW,O2O2 D_Blending Hazel EX,"1,125","1,125",확인
2025-07-26,[10] 사출조립,R3408-00.00BRW,O2O2 D_Blending Hazel EX,"1,125","1,125",확인
2025-07-26,[10] 사출조립,R3408-00.00BRW,O2O2 D_Blending Hazel EX,"1,066","1,066",확인
2025-07-26,[10] 사출조립,R3408-00.00BRW,O2O2 D_Blending Hazel EX,0,"1,125",확인
2025-07-26,[10] 사출조립,R3408-00.00BRW,O2O2 D_Blending Hazel EX,"1,066","1,066",확인
2025-07-26,[10] 사출조립,R3408-00.00BRW,O2O2 D_Blending Hazel EX,0,"1,066",확인
2025-07-26,[10] 사출조립,R3408-00.00BRW,O2O2 D_Blending Hazel EX,"1,036","1,036",확인
2025-07-26,[10] 사출조립,R3408-00.00BRW,O2O2 D_Blending Hazel EX,"1,036","1,036",확인
2025-07-26,[10] 사출조립,R3408-00.00BRW,O2O2 D_Blending Hazel EX,"1,036","1,036",확인
2025-07-26,[10] 사출조립,R3408-00.00BRW,O2O2 D_Blending Hazel EX,"1,036","1,036",확인
2025-07-26,[10] 사출조립,R3408-00.00BRW,O2O2 D_Blending Hazel EX,0,"1,036",확인
2025-07-26,[20] 분리,Q3405-00.00SPC,O2O2 D_Sepia Choco EX,923,"1,813",확인
2025-07-26,[20] 분리,Q3405-00.00SPC,O2O2 D_Sepia Choco EX,"1,310","1,813",확인
2025-07-26,[20] 분리,Q3408-00.00BRW,O2O2 D_Blending Hazel EX,472,878,확인
2025-07-26,[80] 누수/규격검사,P3405A-01.00SPC,O2O2 D_Sepia Choco EX,"1,788","1,808",확인
2025-07-26,[55] 접착/ 멸균,P3405A-01.00SPC,O2O2 D_Sepia Choco EX,"1,808","1,840",확인
2025-07-26,[80] 누수/규격검사,P3405A-01.00SPC,O2O2 D_Sepia Choco EX,"1,835","1,860",확인
2025-07-26,[45] 하이드레이션/전면검사,P3405A-00.00SPC,O2O2 D_Sepia Choco EX,"1,590","1,592",확인
2025-07-26,[45] 하이드레이션/전면검사,P3405A-00.00SPC,O2O2 D_Sepia Choco EX,"1,330","1,336",확인
2025-07-26,[80] 누수/규격검사,P3405A-00.00SPC,O2O2 D_Sepia Choco EX,"1,077","1,117",확인
2025-07-26,[80] 누수/규격검사,P3405A-00.00SPC,O2O2 D_Sepia Choco EX,"1,756","1,776",확인
2025-07-26,[45] 하이드레이션/전면검사,P3405A-00.00SPC,O2O2 D_Sepia Choco EX,"1,590","1,591",확인
2025-07-26,[45] 하이드레이션/전면검사,P3405A-00.00SPC,O2O2 D_Sepia Choco EX,"1,790","1,798",확인
2025-07-26,[45] 하이드레이션/전면검사,P3405A-00.00SPC,O2O2 D_Sepia Choco EX,"1,990","2,003",확인
2025-07-26,[45] 하이드레이션/전면검사,P3405A-00.00SPC,O2O2 D_Sepia Choco EX,"1,565","1,568",확인
2025-07-26,[45] 하이드레이션/전면검사,P3405A-00.00SPC,O2O2 D_Sepia Choco EX,"1,650","1,659",확인
2025-07-26,[45] 하이드레이션/전면검사,P3405A-00.00SPC,O2O2 D_Sepia Choco EX,980,983,확인
2025-07-26,[45] 하이드레이션/전면검사,P3405A-00.00SPC,O2O2 D_Sepia Choco EX,"1,220","1,224",확인
2025-07-26,[45] 하이드레이션/전면검사,P3405A-00.00SPC,O2O2 D_Sepia Choco EX,"1,290","1,296",확인
2025-07-26,[45] 하이드레이션/전면검사,P3405A-00.00SPC,O2O2 D_Sepia Choco EX,"1,490","1,491",확인
2025-07-26,[45] 하이드레이션/전면검사,P3405A-00.00SPC,O2O2 D_Sepia Choco EX,"1,595","1,604",확인
2025-07-26,[80] 누수/규격검사,P3405A-00.00SPC,O2O2 D_Sepia Choco EX,972,"1,012",확인
2025-07-26,[45] 하이드레이션/전면검사,P3405A-00.00SPC,O2O2 D_Sepia Choco EX,"1,225","1,229",확인
2025-07-26,[45] 하이드레이션/전면검사,P3405A-00.00SPC,O2O2 D_Sepia Choco EX,"1,985","1,989",확인
2025-07-26,[55] 접착/ 멸균,P3405A-00.00SPC,O2O2 D_Sepia Choco EX,"1,117","1,190",확인
2025-07-26,[55] 접착/ 멸균,P3405A-00.00SPC,O2O2 D_Sepia Choco EX,"1,776","1,810",확인
2025-07-26,[55] 접착/ 멸균,P3405A-00.00SPC,O2O2 D_Sepia Choco EX,"1,012","1,190",확인
2025-07-26,[45] 하이드레이션/전면검사,P3408A-00.00BRW,O2O2 D_Blending Hazel EX,645,649,확인
2025-07-26,[45] 하이드레이션/전면검사,P3408A-00.00BRW,O2O2 D_Blending Hazel EX,695,699,확인
2025-07-26,[45] 하이드레이션/전면검사,P3408A-00.00BRW,O2O2 D_Blending Hazel EX,900,909,확인
2025-07-26,[45] 하이드레이션/전면검사,P3408A-00.00BRW,O2O2 D_Blending Hazel EX,545,548,확인
2025-07-26,[45] 하이드레이션/전면검사,P3408A-00.00BRW,O2O2 D_Blending Hazel EX,390,393,확인
2025-07-27,[20] 분리,Q3408-00.00BRW,O2O2 D_Blending Hazel EX,791,"1,184",확인
2025-07-27,[20] 분리,Q3408-00.00BRW,O2O2 D_Blending Hazel EX,938,"1,125",확인
2025-07-27,[20] 분리,Q3408-00.00BRW,O2O2 D_Blending Hazel EX,"1,067","1,191",확인
2025-07-27,[20] 분리,Q3408-00.00BRW,O2O2 D_Blending Hazel EX,585,"1,191",확인
2025-07-27,[20] 분리,Q3408-00.00BRW,O2O2 D_Blending Hazel EX,541,"1,011",확인
2025-07-27,[20] 분리,Q3408-00.00BRW,O2O2 D_Blending Hazel EX,571,"1,011",확인
2025-07-27,[20] 분리,Q3408-00.00BRW,O2O2 D_Blending Hazel EX,656,"1,036",확인
2025-07-27,[20] 분리,Q3408-00.00BRW,O2O2 D_Blending Hazel EX,689,993,확인
2025-07-27,[20] 분리,Q3408-00.00BRW,O2O2 D_Blending Hazel EX,562,"1,011",확인
2025-07-27,[20] 분리,Q3408-00.00BRW,O2O2 D_Blending Hazel EX,627,"1,110",확인
2025-07-27,[20] 분리,Q3408-00.00BRW,O2O2 D_Blending Hazel EX,826,"1,110",확인
2025-07-27,[20] 분리,Q3408-00.00BRW,O2O2 D_Blending Hazel EX,796,"1,110",확인
2025-07-27,[20] 분리,Q3408-00.00BRW,O2O2 D_Blending Hazel EX,687,"1,110",확인
2025-07-27,[20] 분리,Q3408-00.00BRW,O2O2 D_Blending Hazel EX,878,"1,011",확인
2025-07-27,[20] 분리,Q3408-00.00BRW,O2O2 D_Blending Hazel EX,875,"1,125",확인
2025-07-27,[20] 분리,Q3408-00.00BRW,O2O2 D_Blending Hazel EX,425,"1,011",확인
2025-07-27,[20] 분리,Q3408-00.00BRW,O2O2 D_Blending Hazel EX,894,"1,110",확인
2025-07-27,[20] 분리,Q3408-00.00BRW,O2O2 D_Blending Hazel EX,368,878,확인
2025-07-27,[20] 분리,Q3408-00.00BRW,O2O2 D_Blending Hazel EX,546,"1,011",확인
2025-07-27,[20] 분리,Q3408-00.00BRW,O2O2 D_Blending Hazel EX,393,"1,191",확인
2025-07-27,[20] 분리,Q3408-00.00BRW,O2O2 D_Blending Hazel EX,786,"1,048",확인
2025-07-27,[20] 분리,Q3408-00.00BRW,O2O2 D_Blending Hazel EX,561,"1,184",확인
2025-07-27,[20] 분리,Q3408-00.00BRW,O2O2 D_Blending Hazel EX,714,"1,048",확인
2025-07-27,[20] 분리,Q3408-00.00BRW,O2O2 D_Blending Hazel EX,906,"1,048",확인
2025-07-27,[20] 분리,Q3408-00.00BRW,O2O2 D_Blending Hazel EX,569,"1,036",확인
2025-07-27,[20] 분리,Q3408-00.00BRW,O2O2 D_Blending Hazel EX,708,"1,110",확인
2025-07-27,[20] 분리,Q3408-00.00BRW,O2O2 D_Blending Hazel EX,829,"1,110",확인
2025-07-27,[20] 분리,Q3408-00.00BRW,O2O2 D_Blending Hazel EX,538,"1,191",확인
2025-07-27,[20] 분리,Q3408-00.00BRW,O2O2 D_Blending Hazel EX,965,"1,191",확인
2025-07-27,[20] 분리,Q3408-00.00BRW,O2O2 D_Blending Hazel EX,747,"1,191",확인
2025-07-27,[20] 분리,Q3408-00.00BRW,O2O2 D_Blending Hazel EX,991,"1,191",확인
2025-07-27,[20] 분리,Q3408-00.00BRW,O2O2 D_Blending Hazel EX,791,968,확인
2025-07-27,[20] 분리,Q3408-00.00BRW,O2O2 D_Blending Hazel EX,909,"1,048",확인
2025-07-27,[20] 분리,Q3408-00.00BRW,O2O2 D_Blending Hazel EX,929,"1,110",확인
2025-07-27,[20] 분리,Q3408-00.00BRW,O2O2 D_Blending Hazel EX,731,"1,011",확인
2025-07-27,[20] 분리,Q3408-00.00BRW,O2O2 D_Blending Hazel EX,808,"1,191",확인
2025-07-27,[20] 분리,Q3408-00.00BRW,O2O2 D_Blending Hazel EX,764,993,확인
2025-07-27,[80] 누수/규격검사,P3405A-05.00SPC,O2O2 D_Sepia Choco EX,"1,547","1,567",확인
2025-07-27,[55] 접착/ 멸균,P3405A-05.00SPC,O2O2 D_Sepia Choco EX,"1,567","1,625",확인
2025-07-27,[80] 누수/규격검사,P3405A-00.00SPC,O2O2 D_Sepia Choco EX,"1,686","1,711",확인
2025-07-27,[80] 누수/규격검사,P3405A-00.00SPC,O2O2 D_Sepia Choco EX,"1,529","1,549",확인
2025-07-27,[80] 누수/규격검사,P3405A-00.00SPC,O2O2 D_Sepia Choco EX,"1,924","1,949",확인
2025-07-27,[80] 누수/규격검사,P3405A-00.00SPC,O2O2 D_Sepia Choco EX,"1,880","1,900",확인
2025-07-27,[80] 누수/규격검사,P3405A-00.00SPC,O2O2 D_Sepia Choco EX,"1,059","1,079",확인
2025-07-27,[80] 누수/규격검사,P3405A-00.00SPC,O2O2 D_Sepia Choco EX,"1,503","1,523",확인
2025-07-27,[80] 누수/규격검사,P3405A-00.00SPC,O2O2 D_Sepia Choco EX,"1,406","1,426",확인
2025-07-27,[45] 하이드레이션/전면검사,P3405A-00.00SPC,O2O2 D_Sepia Choco EX,"1,225","1,232",확인
2025-07-27,[45] 하이드레이션/전면검사,P3405A-00.00SPC,O2O2 D_Sepia Choco EX,"1,295","1,310",확인
2025-07-27,[80] 누수/규격검사,P3405A-00.00SPC,O2O2 D_Sepia Choco EX,"1,153","1,173",확인
2025-07-27,[80] 누수/규격검사,P3405A-00.00SPC,O2O2 D_Sepia Choco EX,"1,156","1,176",확인
2025-07-27,[45] 하이드레이션/전면검사,P3405A-00.00SPC,O2O2 D_Sepia Choco EX,920,923,확인
2025-07-27,[80] 누수/규격검사,P3405A-00.00SPC,O2O2 D_Sepia Choco EX,"1,521","1,541",확인
2025-07-27,[80] 누수/규격검사,P3405A-00.00SPC,O2O2 D_Sepia Choco EX,"1,200","1,225",확인
2025-07-27,[80] 누수/규격검사,P3405A-00.00SPC,O2O2 D_Sepia Choco EX,"1,354","1,374",확인
2025-07-27,[80] 누수/규격검사,P3405A-00.00SPC,O2O2 D_Sepia Choco EX,"1,504","1,524",확인
2025-07-27,[80] 누수/규격검사,P3405A-00.00SPC,O2O2 D_Sepia Choco EX,"1,549","1,569",확인
2025-07-27,[55] 접착/ 멸균,P3405A-00.00SPC,O2O2 D_Sepia Choco EX,"1,225","1,330",확인
2025-07-27,[55] 접착/ 멸균,P3405A-00.00SPC,O2O2 D_Sepia Choco EX,"1,541","1,590",확인
2025-07-27,[55] 접착/ 멸균,P3405A-00.00SPC,O2O2 D_Sepia Choco EX,"1,549","1,590",확인
2025-07-27,[55] 접착/ 멸균,P3405A-00.00SPC,O2O2 D_Sepia Choco EX,"1,711","1,790",확인
2025-07-27,[55] 접착/ 멸균,P3405A-00.00SPC,O2O2 D_Sepia Choco EX,"1,949","1,990",확인
2025-07-27,[55] 접착/ 멸균,P3405A-00.00SPC,O2O2 D_Sepia Choco EX,"1,900","1,985",확인
2025-07-27,[55] 접착/ 멸균,P3405A-00.00SPC,O2O2 D_Sepia Choco EX,"1,176","1,295",확인
2025-07-27,[55] 접착/ 멸균,P3405A-00.00SPC,O2O2 D_Sepia Choco EX,"1,173","1,225",확인
2025-07-27,[55] 접착/ 멸균,P3405A-00.00SPC,O2O2 D_Sepia Choco EX,"1,374","1,430",확인
2025-07-27,[55] 접착/ 멸균,P3405A-00.00SPC,O2O2 D_Sepia Choco EX,551,980,확인
2025-07-27,[55] 접착/ 멸균,P3405A-00.00SPC,O2O2 D_Sepia Choco EX,"1,079","1,220",확인
2025-07-27,[55] 접착/ 멸균,P3405A-00.00SPC,O2O2 D_Sepia Choco EX,"1,523","1,595",확인
2025-07-27,[55] 접착/ 멸균,P3405A-00.00SPC,O2O2 D_Sepia Choco EX,"1,426","1,490",확인
2025-07-27,[55] 접착/ 멸균,P3405A-00.00SPC,O2O2 D_Sepia Choco EX,"1,569","1,650",확인
2025-07-27,[55] 접착/ 멸균,P3405A-00.00SPC,O2O2 D_Sepia Choco EX,"1,524","1,565",확인
2025-07-27,[45] 하이드레이션/전면검사,P3408A-00.00BRW,O2O2 D_Blending Hazel EX,820,825,확인
2025-07-27,[45] 하이드레이션/전면검사,P3408A-00.00BRW,O2O2 D_Blending Hazel EX,915,919,확인
2025-07-27,[45] 하이드레이션/전면검사,P3408A-00.00BRW,O2O2 D_Blending Hazel EX,635,637,확인
2025-07-27,[45] 하이드레이션/전면검사,P3408A-00.00BRW,O2O2 D_Blending Hazel EX,380,382,확인
2025-07-27,[45] 하이드레이션/전면검사,P3408A-00.00BRW,O2O2 D_Blending Hazel EX,785,788,확인
2025-07-27,[45] 하이드레이션/전면검사,P3408A-00.00BRW,O2O2 D_Blending Hazel EX,740,742,확인
2025-07-27,[45] 하이드레이션/전면검사,P3408A-00.00BRW,O2O2 D_Blending Hazel EX,590,590,확인
2025-07-27,[45] 하이드레이션/전면검사,P3408A-00.00BRW,O2O2 D_Blending Hazel EX,620,622,확인
2025-07-28,[20] 분리,Q3408-00.00BRW,O2O2 D_Blending Hazel EX,374,"1,184",확인
2025-07-28,[20] 분리,Q3408-00.00BRW,O2O2 D_Blending Hazel EX,812,"1,184",확인
2025-07-28,[20] 분리,Q3408-00.00BRW,O2O2 D_Blending Hazel EX,"1,001","1,184",확인
2025-07-28,[20] 분리,Q3408-00.00BRW,O2O2 D_Blending Hazel EX,743,"1,184",확인
2025-07-28,[20] 분리,Q3408-00.00BRW,O2O2 D_Blending Hazel EX,478,"1,036",확인
2025-07-28,[20] 분리,Q3408-00.00BRW,O2O2 D_Blending Hazel EX,879,"1,066",확인
2025-07-28,[20] 분리,Q3408-00.00BRW,O2O2 D_Blending Hazel EX,943,"1,125",확인
2025-07-28,[20] 분리,Q3408-00.00BRW,O2O2 D_Blending Hazel EX,883,"1,066",확인
2025-07-28,[10] 사출조립,R3408-00.00BRW,O2O2 D_Blending Hazel EX,0,"1,141",확인
2025-07-28,[20] 분리,Q3408-00.00BRW,O2O2 D_Blending Hazel EX,594,"1,066",확인
2025-07-28,[10] 사출조립,R3408-00.00BRW,O2O2 D_Blending Hazel EX,0,"1,141",확인
2025-07-28,[10] 사출조립,R3408-00.00BRW,O2O2 D_Blending Hazel EX,0,"1,141",확인
2025-07-28,[10] 사출조립,R3408-00.00BRW,O2O2 D_Blending Hazel EX,0,"1,141",확인
2025-07-28,[10] 사출조립,R3408-00.00BRW,O2O2 D_Blending Hazel EX,0,"1,141",확인
2025-07-28,[10] 사출조립,R3408-00.00BRW,O2O2 D_Blending Hazel EX,"1,141","1,141",확인
2025-07-28,[10] 사출조립,R3408-00.00BRW,O2O2 D_Blending Hazel EX,"1,219","1,219",확인
2025-07-28,[10] 사출조립,R3408-00.00BRW,O2O2 D_Blending Hazel EX,"1,219","1,219",확인
2025-07-28,[10] 사출조립,R3408-00.00BRW,O2O2 D_Blending Hazel EX,"1,141","1,141",확인
2025-07-28,[10] 사출조립,R3408-00.00BRW,O2O2 D_Blending Hazel EX,"1,219","1,219",확인
2025-07-28,[10] 사출조립,R3408-00.00BRW,O2O2 D_Blending Hazel EX,"1,219","1,219",확인
2025-07-28,[10] 사출조립,R3408-00.00BRW,O2O2 D_Blending Hazel EX,"1,219","1,219",확인
2025-07-28,[20] 분리,Q3408-00.00BRW,O2O2 D_Blending Hazel EX,663,"1,066",확인
2025-07-28,[10] 사출조립,R3408-00.00BRW,O2O2 D_Blending Hazel EX,"1,219","1,219",확인
2025-07-28,[10] 사출조립,R3408-00.00BRW,O2O2 D_Blending Hazel EX,0,"1,219",확인
2025-07-28,[10] 사출조립,R3408-00.00BRW,O2O2 D_Blending Hazel EX,"1,141","1,141",확인
2025-07-28,[10] 사출조립,R3408-00.00BRW,O2O2 D_Blending Hazel EX,"1,219","1,219",확인
2025-07-28,[20] 분리,Q3408-00.00BRW,O2O2 D_Blending Hazel EX,690,"1,066",확인
2025-07-28,[20] 분리,Q3408-00.00BRW,O2O2 D_Blending Hazel EX,867,"1,066",확인
2025-07-28,[20] 분리,Q3408-00.00BRW,O2O2 D_Blending Hazel EX,618,"1,134",확인
2025-07-28,[80] 누수/규격검사,P3405A-00.00SPC,O2O2 D_Sepia Choco EX,"1,181","1,201",확인
2025-07-28,[80] 누수/규격검사,P3405A-00.00SPC,O2O2 D_Sepia Choco EX,"1,227","1,247",확인
2025-07-28,[80] 누수/규격검사,P3405A-00.00SPC,O2O2 D_Sepia Choco EX,531,551,확인
2025-07-28,[80] 누수/규격검사,P3405A-00.00SPC,O2O2 D_Sepia Choco EX,840,860,확인
2025-07-28,[55] 접착/ 멸균,P3405A-00.00SPC,O2O2 D_Sepia Choco EX,"1,201","1,225",확인
2025-07-28,[55] 접착/ 멸균,P3405A-00.00SPC,O2O2 D_Sepia Choco EX,860,920,확인
2025-07-28,[55] 접착/ 멸균,P3405A-00.00SPC,O2O2 D_Sepia Choco EX,"1,247","1,290",확인
2025-07-28,[80] 누수/규격검사,P3408A-00.00BRW,O2O2 D_Blending Hazel EX,740,760,확인
2025-07-28,[80] 누수/규격검사,P3408A-00.00BRW,O2O2 D_Blending Hazel EX,840,860,확인
2025-07-28,[45] 하이드레이션/전면검사,P3408A-00.00BRW,O2O2 D_Blending Hazel EX,625,627,확인
2025-07-28,[45] 하이드레이션/전면검사,P3408A-00.00BRW,O2O2 D_Blending Hazel EX,535,538,확인
2025-07-28,[45] 하이드레이션/전면검사,P3408A-00.00BRW,O2O2 D_Blending Hazel EX,740,747,확인
2025-07-28,[45] 하이드레이션/전면검사,P3408A-00.00BRW,O2O2 D_Blending Hazel EX,545,546,확인
2025-07-28,[80] 누수/규격검사,P3408A-00.00BRW,O2O2 D_Blending Hazel EX,628,648,확인
2025-07-28,[80] 누수/규격검사,P3408A-00.00BRW,O2O2 D_Blending Hazel EX,507,527,확인
2025-07-28,[45] 하이드레이션/전면검사,P3408A-00.00BRW,O2O2 D_Blending Hazel EX,725,728,확인
2025-07-28,[45] 하이드레이션/전면검사,P3408A-00.00BRW,O2O2 D_Blending Hazel EX,990,991,확인
2025-07-28,[45] 하이드레이션/전면검사,P3408A-00.00BRW,O2O2 D_Blending Hazel EX,790,791,확인
2025-07-28,[45] 하이드레이션/전면검사,P3408A-00.00BRW,O2O2 D_Blending Hazel EX,365,368,확인
2025-07-28,[45] 하이드레이션/전면검사,P3408A-00.00BRW,O2O2 D_Blending Hazel EX,570,571,확인
2025-07-28,[80] 누수/규격검사,P3408A-00.00BRW,O2O2 D_Blending Hazel EX,833,853,확인
2025-07-28,[80] 누수/규격검사,P3408A-00.00BRW,O2O2 D_Blending Hazel EX,491,511,확인
2025-07-28,[55] 접착/ 멸균,P3408A-00.00BRW,O2O2 D_Blending Hazel EX,511,545,확인
2025-07-28,[45] 하이드레이션/전면검사,P3408A-00.00BRW,O2O2 D_Blending Hazel EX,"1,065","1,067",확인
2025-07-28,[45] 하이드레이션/전면검사,P3408A-00.00BRW,O2O2 D_Blending Hazel EX,935,938,확인
2025-07-28,[80] 누수/규격검사,P3408A-00.00BRW,O2O2 D_Blending Hazel EX,367,372,확인
2025-07-28,[55] 접착/ 멸균,P3408A-00.00BRW,O2O2 D_Blending Hazel EX,553,620,확인
2025-07-28,[55] 접착/ 멸균,P3408A-00.00BRW,O2O2 D_Blending Hazel EX,372,390,확인
2025-07-28,[55] 접착/ 멸균,P3408A-00.00BRW,O2O2 D_Blending Hazel EX,721,785,확인
2025-07-28,[45] 하이드레이션/전면검사,P3408A-00.00BRW,O2O2 D_Blending Hazel EX,730,731,확인
2025-07-28,[45] 하이드레이션/전면검사,P3408A-00.00BRW,O2O2 D_Blending Hazel EX,425,425,확인
2025-07-28,[45] 하이드레이션/전면검사,P3408A-00.00BRW,O2O2 D_Blending Hazel EX,795,797,확인
2025-07-28,[45] 하이드레이션/전면검사,P3408A-00.00BRW,O2O2 D_Blending Hazel EX,870,878,확인
2025-07-28,[45] 하이드레이션/전면검사,P3408A-00.00BRW,O2O2 D_Blending Hazel EX,685,687,확인
2025-07-28,[45] 하이드레이션/전면검사,P3408A-00.00BRW,O2O2 D_Blending Hazel EX,795,796,확인
2025-07-28,[45] 하이드레이션/전면검사,P3408A-00.00BRW,O2O2 D_Blending Hazel EX,810,812,확인
2025-07-28,[45] 하이드레이션/전면검사,P3408A-00.00BRW,O2O2 D_Blending Hazel EX,470,472,확인
2025-07-28,[45] 하이드레이션/전면검사,P3408A-00.00BRW,O2O2 D_Blending Hazel EX,890,894,확인
2025-07-28,[45] 하이드레이션/전면검사,P3408A-00.00BRW,O2O2 D_Blending Hazel EX,685,689,확인
2025-07-28,[45] 하이드레이션/전면검사,P3408A-00.00BRW,O2O2 D_Blending Hazel EX,560,562,확인
2025-07-28,[55] 접착/ 멸균,P3408A-00.00BRW,O2O2 D_Blending Hazel EX,860,915,확인
2025-07-28,[55] 접착/ 멸균,P3408A-00.00BRW,O2O2 D_Blending Hazel EX,760,820,확인
2025-07-28,[55] 접착/ 멸균,P3408A-00.00BRW,O2O2 D_Blending Hazel EX,853,900,확인
2025-07-28,[80] 누수/규격검사,P3408A-00.00BRW,O2O2 D_Blending Hazel EX,686,706,확인
2025-07-28,[80] 누수/규격검사,P3408A-00.00BRW,O2O2 D_Blending Hazel EX,643,663,확인
2025-07-28,[80] 누수/규격검사,P3408A-00.00BRW,O2O2 D_Blending Hazel EX,817,837,확인
2025-07-28,[45] 하이드레이션/전면검사,P3408A-00.00BRW,O2O2 D_Blending Hazel EX,480,483,확인
2025-07-28,[45] 하이드레이션/전면검사,P3408A-00.00BRW,O2O2 D_Blending Hazel EX,760,764,확인
2025-07-28,[55] 접착/ 멸균,P3408A-00.00BRW,O2O2 D_Blending Hazel EX,527,635,확인
2025-07-28,[55] 접착/ 멸균,P3408A-00.00BRW,O2O2 D_Blending Hazel EX,648,695,확인
2025-07-28,[55] 접착/ 멸균,P3408A-00.00BRW,O2O2 D_Blending Hazel EX,933,960,확인
2025-07-28,[45] 하이드레이션/전면검사,P3408A-00.00BRW,O2O2 D_Blending Hazel EX,825,829,확인
2025-07-28,[45] 하이드레이션/전면검사,P3408A-00.00BRW,O2O2 D_Blending Hazel EX,960,965,확인
2025-07-28,[45] 하이드레이션/전면검사,P3408A-00.00BRW,O2O2 D_Blending Hazel EX,705,708,확인
2025-07-28,[45] 하이드레이션/전면검사,P3408A-00.00BRW,O2O2 D_Blending Hazel EX,785,791,확인
2025-07-28,[45] 하이드레이션/전면검사,P3408A-00.00BRW,O2O2 D_Blending Hazel EX,825,826,확인
2025-07-28,[55] 접착/ 멸균,P3408A-00.00BRW,O2O2 D_Blending Hazel EX,663,685,확인
2025-07-28,[55] 접착/ 멸균,P3408A-00.00BRW,O2O2 D_Blending Hazel EX,837,890,확인
2025-07-28,[55] 접착/ 멸균,P3408A-00.00BRW,O2O2 D_Blending Hazel EX,706,740,확인
2025-07-28,[55] 접착/ 멸균,P3408A-00.00BRW,O2O2 D_Blending Hazel EX,775,795,확인
2025-07-29,[20] 분리,Q3408-00.00BRW,O2O2 D_Blending Hazel EX,830,"1,048",확인
2025-07-29,[20] 분리,Q3408-00.00BRW,O2O2 D_Blending Hazel EX,991,"1,219",확인
2025-07-29,[20] 분리,Q3408-00.00BRW,O2O2 D_Blending Hazel EX,772,"1,036",확인
2025-07-29,[20] 분리,Q3408-00.00BRW,O2O2 D_Blending Hazel EX,604,"1,219",확인
2025-07-29,[20] 분리,Q3408-00.00BRW,O2O2 D_Blending Hazel EX,837,"1,048",확인
2025-07-29,[20] 분리,Q3408-00.00BRW,O2O2 D_Blending Hazel EX,576,"1,048",확인
2025-07-29,[20] 분리,Q3408-00.00BRW,O2O2 D_Blending Hazel EX,808,"1,219",확인
2025-07-29,[20] 분리,Q3408-00.00BRW,O2O2 D_Blending Hazel EX,890,"1,184",확인
2025-07-29,[20] 분리,Q3408-00.00BRW,O2O2 D_Blending Hazel EX,860,"1,125",확인
2025-07-29,[20] 분리,Q3408-00.00BRW,O2O2 D_Blending Hazel EX,666,968,확인
2025-07-29,[20] 분리,Q3408-00.00BRW,O2O2 D_Blending Hazel EX,527,"1,036",확인
2025-07-29,[10] 사출조립,R3408-00.00BRW,O2O2 D_Blending Hazel EX,"1,105","1,105",확인
2025-07-29,[10] 사출조립,R3408-00.00BRW,O2O2 D_Blending Hazel EX,"1,105","1,105",확인
2025-07-29,[20] 분리,Q3408-00.00BRW,O2O2 D_Blending Hazel EX,985,"1,134",확인
2025-07-29,[10] 사출조립,R3408-00.00BRW,O2O2 D_Blending Hazel EX,"1,105","1,105",확인
2025-07-29,[10] 사출조립,R3408-00.00BRW,O2O2 D_Blending Hazel EX,"1,105","1,105",확인
2025-07-29,[20] 분리,Q3408-00.00BRW,O2O2 D_Blending Hazel EX,893,"1,219",확인
2025-07-29,[20] 분리,Q3408-00.00BRW,O2O2 D_Blending Hazel EX,724,"1,134",확인
2025-07-29,[10] 사출조립,R3408-00.00BRW,O2O2 D_Blending Hazel EX,"1,105","1,105",확인
2025-07-29,[20] 분리,Q3408-00.00BRW,O2O2 D_Blending Hazel EX,843,"1,134",확인
2025-07-29,[10] 사출조립,R3408-00.00BRW,O2O2 D_Blending Hazel EX,"1,105","1,105",확인
2025-07-29,[10] 사출조립,R3408-00.00BRW,O2O2 D_Blending Hazel EX,"1,105","1,105",확인
2025-07-29,[20] 분리,Q3408-00.00BRW,O2O2 D_Blending Hazel EX,894,"1,134",확인
2025-07-29,[20] 분리,Q3408-00.00BRW,O2O2 D_Blending Hazel EX,963,"1,134",확인
2025-07-29,[20] 분리,Q3408-00.00BRW,O2O2 D_Blending Hazel EX,"1,024","1,134",확인
2025-07-29,[10] 사출조립,R3408-00.00BRW,O2O2 D_Blending Hazel EX,"1,105","1,105",확인
2025-07-29,[55] 접착/ 멸균,P3408A-00.00BRW,O2O2 D_Blending Hazel EX,530,560,확인
2025-07-29,[55] 접착/ 멸균,P3408A-00.00BRW,O2O2 D_Blending Hazel EX,570,590,확인
2025-07-29,[55] 접착/ 멸균,P3408A-00.00BRW,O2O2 D_Blending Hazel EX,619,645,확인
2025-07-29,[45] 하이드레이션/전면검사,P3408A-00.00BRW,O2O2 D_Blending Hazel EX,435,436,확인
2025-07-29,[45] 하이드레이션/전면검사,P3408A-00.00BRW,O2O2 D_Blending Hazel EX,870,875,확인
2025-07-29,[80] 누수/규격검사,P3408A-00.00BRW,O2O2 D_Blending Hazel EX,587,607,확인
2025-07-29,[80] 누수/규격검사,P3408A-00.00BRW,O2O2 D_Blending Hazel EX,594,619,확인
2025-07-29,[80] 누수/규격검사,P3408A-00.00BRW,O2O2 D_Blending Hazel EX,779,799,확인
2025-07-29,[80] 누수/규격검사,P3408A-00.00BRW,O2O2 D_Blending Hazel EX,550,680,확인
2025-07-29,[80] 누수/규격검사,P3408A-00.00BRW,O2O2 D_Blending Hazel EX,758,778,확인
2025-07-29,[80] 누수/규격검사,P3408A-00.00BRW,O2O2 D_Blending Hazel EX,742,762,확인
2025-07-29,[45] 하이드레이션/전면검사,P3408A-00.00BRW,O2O2 D_Blending Hazel EX,590,594,확인
2025-07-29,[45] 하이드레이션/전면검사,P3408A-00.00BRW,O2O2 D_Blending Hazel EX,710,714,확인
2025-07-29,[45] 하이드레이션/전면검사,P3408A-00.00BRW,O2O2 D_Blending Hazel EX,595,595,확인
2025-07-29,[45] 하이드레이션/전면검사,P3408A-00.00BRW,O2O2 D_Blending Hazel EX,905,906,확인
2025-07-29,[45] 하이드레이션/전면검사,P3408A-00.00BRW,O2O2 D_Blending Hazel EX,700,704,확인
2025-07-29,[45] 하이드레이션/전면검사,P3408A-00.00BRW,O2O2 D_Blending Hazel EX,880,883,확인
2025-07-29,[45] 하이드레이션/전면검사,P3408A-00.00BRW,O2O2 D_Blending Hazel EX,785,786,확인
2025-07-29,[45] 하이드레이션/전면검사,P3408A-00.00BRW,O2O2 D_Blending Hazel EX,560,561,확인
2025-07-29,[45] 하이드레이션/전면검사,P3408A-00.00BRW,O2O2 D_Blending Hazel EX,390,393,확인
2025-07-29,[45] 하이드레이션/전면검사,P3408A-00.00BRW,O2O2 D_Blending Hazel EX,535,541,확인
2025-07-29,[45] 하이드레이션/전면검사,P3408A-00.00BRW,O2O2 D_Blending Hazel EX,580,585,확인
2025-07-29,[80] 누수/규격검사,P3408A-00.00BRW,O2O2 D_Blending Hazel EX,599,619,확인
2025-07-29,[80] 누수/규격검사,P3408A-00.00BRW,O2O2 D_Blending Hazel EX,787,960,확인
2025-07-29,[45] 하이드레이션/전면검사,P3408A-00.00BRW,O2O2 D_Blending Hazel EX,615,618,확인
2025-07-29,[80] 누수/규격검사,P3408A-00.00BRW,O2O2 D_Blending Hazel EX,356,362,확인
2025-07-29,[80] 누수/규격검사,P3408A-00.00BRW,O2O2 D_Blending Hazel EX,836,"1,021",확인
2025-07-29,[45] 하이드레이션/전면검사,P3408A-00.00BRW,O2O2 D_Blending Hazel EX,"1,000","1,001",확인
2025-07-29,[45] 하이드레이션/전면검사,P3408A-00.00BRW,O2O2 D_Blending Hazel EX,735,743,확인
2025-07-29,[45] 하이드레이션/전면검사,P3408A-00.00BRW,O2O2 D_Blending Hazel EX,370,374,확인
2025-07-29,[80] 누수/규격검사,P3408A-00.00BRW,O2O2 D_Blending Hazel EX,542,563,확인
2025-07-29,[80] 누수/규격검사,P3408A-00.00BRW,O2O2 D_Blending Hazel EX,502,522,확인
2025-07-29,[80] 누수/규격검사,P3408A-00.00BRW,O2O2 D_Blending Hazel EX,362,367,확인
2025-07-29,[55] 접착/ 멸균,P3408A-00.00BRW,O2O2 D_Blending Hazel EX,367,390,확인
2025-07-29,[55] 접착/ 멸균,P3408A-00.00BRW,O2O2 D_Blending Hazel EX,522,535,확인
2025-07-29,[80] 누수/규격검사,P3408A-00.00BRW,O2O2 D_Blending Hazel EX,465,504,확인
2025-07-29,[55] 접착/ 멸균,P3408A-00.00BRW,O2O2 D_Blending Hazel EX,563,580,확인
2025-07-29,[80] 누수/규격검사,P3408A-00.00BRW,O2O2 D_Blending Hazel EX,459,464,확인
2025-07-29,[80] 누수/규격검사,P3408A-00.00BRW,O2O2 D_Blending Hazel EX,829,849,확인
2025-07-29,[80] 누수/규격검사,P3408A-00.00BRW,O2O2 D_Blending Hazel EX,719,740,확인
2025-07-29,[80] 누수/규격검사,P3408A-00.00BRW,O2O2 D_Blending Hazel EX,542,570,확인
2025-07-29,[55] 접착/ 멸균,P3408A-00.00BRW,O2O2 D_Blending Hazel EX,464,480,확인
2025-07-29,[80] 누수/규격검사,P3408A-00.00BRW,O2O2 D_Blending Hazel EX,883,903,확인
2025-07-29,[55] 접착/ 멸균,P3408A-00.00BRW,O2O2 D_Blending Hazel EX,903,925,확인
2025-07-29,[45] 하이드레이션/전면검사,P3408A-00.00BRW,O2O2 D_Blending Hazel EX,905,909,확인
2025-07-29,[45] 하이드레이션/전면검사,P3408A-00.00BRW,O2O2 D_Blending Hazel EX,925,929,확인
2025-07-29,[80] 누수/규격검사,P3408A-00.00BRW,O2O2 D_Blending Hazel EX,765,785,확인
2025-07-29,[80] 누수/규격검사,P3408A-00.00BRW,O2O2 D_Blending Hazel EX,741,761,확인
2025-07-29,[80] 누수/규격검사,P3408A-00.00BRW,O2O2 D_Blending Hazel EX,641,661,확인
2025-07-29,[80] 누수/규격검사,P3408A-00.00BRW,O2O2 D_Blending Hazel EX,736,835,확인
2025-07-29,[55] 접착/ 멸균,P3408A-00.00BRW,O2O2 D_Blending Hazel EX,761,795,확인
2025-07-29,[45] 하이드레이션/전면검사,P3408A-00.00BRW,O2O2 D_Blending Hazel EX,860,867,확인
2025-07-29,[45] 하이드레이션/전면검사,P3408A-00.00BRW,O2O2 D_Blending Hazel EX,650,656,확인
2025-07-29,[45] 하이드레이션/전면검사,P3408A-00.00BRW,O2O2 D_Blending Hazel EX,840,840,확인
2025-07-29,[45] 하이드레이션/전면검사,P3408A-00.00BRW,O2O2 D_Blending Hazel EX,805,808,확인
2025-07-29,[45] 하이드레이션/전면검사,P3408A-00.00BRW,O2O2 D_Blending Hazel EX,720,723,확인
2025-07-29,[80] 누수/규격검사,P3408A-00.00BRW,O2O2 D_Blending Hazel EX,435,440,확인
2025-07-29,[80] 누수/규격검사,P3408A-00.00BRW,O2O2 D_Blending Hazel EX,762,782,확인
2025-07-29,[80] 누수/규격검사,P3408A-00.00BRW,O2O2 D_Blending Hazel EX,480,530,확인
2025-07-29,[55] 접착/ 멸균,P3408A-00.00BRW,O2O2 D_Blending Hazel EX,440,470,확인
2025-07-29,[55] 접착/ 멸균,P3408A-00.00BRW,O2O2 D_Blending Hazel EX,619,725,확인
2025-07-29,[80] 누수/규격검사,P3408A-00.00BRW,O2O2 D_Blending Hazel EX,529,549,확인
2025-07-29,[55] 접착/ 멸균,P3408A-00.00BRW,O2O2 D_Blending Hazel EX,549,570,확인
2025-07-29,[55] 접착/ 멸균,P3408A-00.00BRW,O2O2 D_Blending Hazel EX,362,380,확인
2025-07-29,[55] 접착/ 멸균,P3408A-00.00BRW,O2O2 D_Blending Hazel EX,849,870,확인
2025-07-29,[80] 누수/규격검사,P3408A-00.00BRW,O2O2 D_Blending Hazel EX,528,553,확인
2025-07-29,[55] 접착/ 멸균,P3408A-00.00BRW,O2O2 D_Blending Hazel EX,740,760,확인
2025-07-29,[55] 접착/ 멸균,P3408A-00.00BRW,O2O2 D_Blending Hazel EX,607,625,확인
2025-07-29,[80] 누수/규격검사,P3408A-00.00BRW,O2O2 D_Blending Hazel EX,456,486,확인
2025-07-29,[80] 누수/규격검사,P3408A-00.00BRW,O2O2 D_Blending Hazel EX,886,933,확인
2025-07-29,[80] 누수/규격검사,P3408A-00.00BRW,O2O2 D_Blending Hazel EX,700,720,확인
2025-07-29,[55] 접착/ 멸균,P3408A-00.00BRW,O2O2 D_Blending Hazel EX,762,785,확인
2025-07-29,[55] 접착/ 멸균,P3408A-00.00BRW,O2O2 D_Blending Hazel EX,486,535,확인
2025-07-29,[55] 접착/ 멸균,P3408A-00.00BRW,O2O2 D_Blending Hazel EX,720,740,확인
2025-07-29,[55] 접착/ 멸균,P3408A-00.00BRW,O2O2 D_Blending Hazel EX,799,825,확인
2025-07-29,[55] 접착/ 멸균,P3408A-00.00BRW,O2O2 D_Blending Hazel EX,778,825,확인
2025-07-29,[80] 누수/규격검사,P3408A-00.00BRW,O2O2 D_Blending Hazel EX,701,721,확인
2025-07-29,[55] 접착/ 멸균,P3408A-00.00BRW,O2O2 D_Blending Hazel EX,782,810,확인
2025-07-29,[55] 접착/ 멸균,P3408A-00.00BRW,O2O2 D_Blending Hazel EX,785,805,확인
2025-07-29,[80] 누수/규격검사,P3408A-00.00BRW,O2O2 D_Blending Hazel EX,737,775,확인
2025-07-29,[55] 접착/ 멸균,P3408A-00.00BRW,O2O2 D_Blending Hazel EX,661,685,확인
2025-07-29,[55] 접착/ 멸균,P3408A-00.00BRW,O2O2 D_Blending Hazel EX,680,705,확인
2025-07-29,[55] 접착/ 멸균,P3408A-00.00BRW,O2O2 D_Blending Hazel EX,504,545,확인
2025-07-29,[55] 접착/ 멸균,P3408A-00.00BRW,O2O2 D_Blending Hazel EX,"1,021","1,065",확인
2025-07-29,[55] 접착/ 멸균,P3408A-00.00BRW,O2O2 D_Blending Hazel EX,895,935,확인
2025-07-29,[55] 접착/ 멸균,P3408A-00.00BRW,O2O2 D_Blending Hazel EX,960,990,확인
2025-07-29,[55] 접착/ 멸균,P3408A-00.00BRW,O2O2 D_Blending Hazel EX,835,870,확인
2025-07-30,[20] 분리,Q3408-00.00BRW,O2O2 D_Blending Hazel EX,"1,036","1,209",확인
2025-07-30,[20] 분리,Q3408-00.00BRW,O2O2 D_Blending Hazel EX,882,"1,219",확인
2025-07-30,[20] 분리,Q3408-00.00BRW,O2O2 D_Blending Hazel EX,945,"1,219",확인
2025-07-30,[20] 분리,Q3408-00.00BRW,O2O2 D_Blending Hazel EX,715,"1,036",확인
2025-07-30,[20] 분리,Q3408-00.00BRW,O2O2 D_Blending Hazel EX,730,"1,105",확인
2025-07-30,[20] 분리,Q3408-00.00BRW,O2O2 D_Blending Hazel EX,732,"1,141",확인
2025-07-30,[20] 분리,Q3408-00.00BRW,O2O2 D_Blending Hazel EX,800,"1,209",확인
2025-07-30,[20] 분리,Q3408-00.00BRW,O2O2 D_Blending Hazel EX,520,"1,105",확인
2025-07-30,[20] 분리,Q3408-00.00BRW,O2O2 D_Blending Hazel EX,766,"1,209",확인
2025-07-30,[10] 사출조립,R3408-00.00BRW,O2O2 D_Blending Hazel EX,0,"1,209",확인
2025-07-30,[10] 사출조립,R3408-00.00BRW,O2O2 D_Blending Hazel EX,"1,209","1,209",확인
2025-07-30,[20] 분리,Q3408-00.00BRW,O2O2 D_Blending Hazel EX,896,"1,141",확인
2025-07-30,[20] 분리,Q3408-00.00BRW,O2O2 D_Blending Hazel EX,983,"1,209",확인
2025-07-30,[10] 사출조립,R3408-00.00BRW,O2O2 D_Blending Hazel EX,"1,193","1,193",확인
2025-07-30,[10] 사출조립,R3408-00.00BRW,O2O2 D_Blending Hazel EX,"1,209","1,209",확인
2025-07-30,[10] 사출조립,R3408-00.00BRW,O2O2 D_Blending Hazel EX,"1,209","1,209",확인
2025-07-30,[10] 사출조립,R3408-00.00BRW,O2O2 D_Blending Hazel EX,0,"1,209",확인
2025-07-30,[10] 사출조립,R3408-00.00BRW,O2O2 D_Blending Hazel EX,0,"1,209",확인
2025-07-30,[10] 사출조립,R3408-00.00BRW,O2O2 D_Blending Hazel EX,"1,209","1,209",확인
2025-07-30,[10] 사출조립,R3408-00.00BRW,O2O2 D_Blending Hazel EX,"1,193","1,193",확인
2025-07-30,[20] 분리,Q3408-00.00BRW,O2O2 D_Blending Hazel EX,703,"1,209",확인
2025-07-30,[10] 사출조립,R3408-00.00BRW,O2O2 D_Blending Hazel EX,"1,193","1,193",확인
2025-07-30,[10] 사출조립,R3408-00.00BRW,O2O2 D_Blending Hazel EX,"1,193","1,193",확인
2025-07-30,[10] 사출조립,R3408-00.00BRW,O2O2 D_Blending Hazel EX,"1,193","1,193",확인
2025-07-30,[10] 사출조립,R3408-00.00BRW,O2O2 D_Blending Hazel EX,0,"1,193",확인
2025-07-30,[10] 사출조립,R3408-00.00BRW,O2O2 D_Blending Hazel EX,"1,209","1,209",확인
2025-07-30,[10] 사출조립,R3408-00.00BRW,O2O2 D_Blending Hazel EX,0,"1,209",확인
2025-07-30,[10] 사출조립,R3408-00.00BRW,O2O2 D_Blending Hazel EX,"1,209","1,209",확인
2025-07-30,[10] 사출조립,R3408-00.00BRW,O2O2 D_Blending Hazel EX,0,"1,193",확인
2025-07-30,[10] 사출조립,R3408-00.00BRW,O2O2 D_Blending Hazel EX,"1,193","1,193",확인
2025-07-30,[10] 사출조립,R3408-00.00BRW,O2O2 D_Blending Hazel EX,"1,209","1,209",확인
2025-07-30,[20] 분리,Q3408-00.00BRW,O2O2 D_Blending Hazel EX,"1,054","1,209",확인
2025-07-30,[20] 분리,Q3408-00.00BRW,O2O2 D_Blending Hazel EX,711,"1,105",확인
2025-07-30,[10] 사출조립,R3408-00.00BRW,O2O2 D_Blending Hazel EX,0,"1,209",확인
2025-07-30,[10] 사출조립,R3408-00.00BRW,O2O2 D_Blending Hazel EX,"1,209","1,209",확인
2025-07-30,[10] 사출조립,R3408-00.00BRW,O2O2 D_Blending Hazel EX,"1,209","1,209",확인
2025-07-30,[10] 사출조립,R3408-00.00BRW,O2O2 D_Blending Hazel EX,0,"1,209",확인
2025-07-30,[10] 사출조립,R3408-00.00BRW,O2O2 D_Blending Hazel EX,0,"1,209",확인
2025-07-30,[20] 분리,Q3408-00.00BRW,O2O2 D_Blending Hazel EX,416,"1,105",확인
2025-07-30,[20] 분리,Q3408-00.00BRW,O2O2 D_Blending Hazel EX,642,"1,105",확인
2025-07-30,[20] 분리,Q3408-00.00BRW,O2O2 D_Blending Hazel EX,816,"1,105",확인
2025-07-30,[20] 분리,Q3408-00.00BRW,O2O2 D_Blending Hazel EX,862,"1,141",확인
2025-07-30,[20] 분리,Q3408-00.00BRW,O2O2 D_Blending Hazel EX,926,"1,105",확인
2025-07-30,[20] 분리,Q3408-00.00BRW,O2O2 D_Blending Hazel EX,982,"1,105",확인
2025-07-30,[55] 접착/ 멸균,P3408A-00.00BRW,O2O2 D_Blending Hazel EX,665,730,확인
2025-07-30,[55] 접착/ 멸균,P3408A-00.00BRW,O2O2 D_Blending Hazel EX,760,790,확인
2025-07-30,[55] 접착/ 멸균,P3408A-00.00BRW,O2O2 D_Blending Hazel EX,340,365,확인
2025-07-30,[80] 누수/규격검사,P3408A-00.00BRW,O2O2 D_Blending Hazel EX,542,562,확인
2025-07-30,[80] 누수/규격검사,P3408A-00.00BRW,O2O2 D_Blending Hazel EX,614,634,확인
2025-07-30,[80] 누수/규격검사,P3408A-00.00BRW,O2O2 D_Blending Hazel EX,842,862,확인
2025-07-30,[80] 누수/규격검사,P3408A-00.00BRW,O2O2 D_Blending Hazel EX,658,678,확인
2025-07-30,[45] 하이드레이션/전면검사,P3408A-00.00BRW,O2O2 D_Blending Hazel EX,825,830,확인
2025-07-30,[45] 하이드레이션/전면검사,P3408A-00.00BRW,O2O2 D_Blending Hazel EX,890,893,확인
2025-07-30,[45] 하이드레이션/전면검사,P3408A-00.00BRW,O2O2 D_Blending Hazel EX,720,724,확인
2025-07-30,[55] 접착/ 멸균,P3408A-00.00BRW,O2O2 D_Blending Hazel EX,824,840,확인
2025-07-30,[45] 하이드레이션/전면검사,P3408A-00.00BRW,O2O2 D_Blending Hazel EX,860,862,확인
2025-07-30,[45] 하이드레이션/전면검사,P3408A-00.00BRW,O2O2 D_Blending Hazel EX,600,604,확인
2025-07-30,[45] 하이드레이션/전면검사,P3408A-00.00BRW,O2O2 D_Blending Hazel EX,710,715,확인
2025-07-30,[45] 하이드레이션/전면검사,P3408A-00.00BRW,O2O2 D_Blending Hazel EX,875,879,확인
2025-07-30,[45] 하이드레이션/전면검사,P3408A-00.00BRW,O2O2 D_Blending Hazel EX,835,837,확인
2025-07-30,[45] 하이드레이션/전면검사,P3408A-00.00BRW,O2O2 D_Blending Hazel EX,575,576,확인
2025-07-30,[80] 누수/규격검사,P3408A-00.00BRW,O2O2 D_Blending Hazel EX,671,691,확인
2025-07-30,[80] 누수/규격검사,P3408A-00.00BRW,O2O2 D_Blending Hazel EX,905,931,확인
2025-07-30,[45] 하이드레이션/전면검사,P3408A-00.00BRW,O2O2 D_Blending Hazel EX,990,991,확인
2025-07-30,[45] 하이드레이션/전면검사,P3408A-00.00BRW,O2O2 D_Blending Hazel EX,765,772,확인
2025-07-30,[80] 누수/규격검사,P3408A-00.00BRW,O2O2 D_Blending Hazel EX,391,411,확인
2025-07-30,[80] 누수/규격검사,P3408A-00.00BRW,O2O2 D_Blending Hazel EX,396,401,확인
2025-07-30,[55] 접착/ 멸균,P3408A-00.00BRW,O2O2 D_Blending Hazel EX,634,700,확인
2025-07-30,[45] 하이드레이션/전면검사,P3408A-00.00BRW,O2O2 D_Blending Hazel EX,835,843,확인
2025-07-30,[80] 누수/규격검사,P3408A-00.00BRW,O2O2 D_Blending Hazel EX,804,824,확인
2025-07-30,[45] 하이드레이션/전면검사,P3408A-00.00BRW,O2O2 D_Blending Hazel EX,885,894,확인
2025-07-30,[45] 하이드레이션/전면검사,P3408A-00.00BRW,O2O2 D_Blending Hazel EX,950,963,확인
2025-07-30,[45] 하이드레이션/전면검사,P3408A-00.00BRW,O2O2 D_Blending Hazel EX,660,666,확인
2025-07-30,[45] 하이드레이션/전면검사,P3408A-00.00BRW,O2O2 D_Blending Hazel EX,"1,020","1,024",확인
2025-07-30,[55] 접착/ 멸균,P3408A-00.00BRW,O2O2 D_Blending Hazel EX,411,560,확인
2025-07-30,[45] 하이드레이션/전면검사,P3408A-00.00BRW,O2O2 D_Blending Hazel EX,890,890,확인
2025-07-30,[45] 하이드레이션/전면검사,P3408A-00.00BRW,O2O2 D_Blending Hazel EX,805,808,확인
2025-07-30,[45] 하이드레이션/전면검사,P3408A-00.00BRW,O2O2 D_Blending Hazel EX,525,527,확인
2025-07-30,[45] 하이드레이션/전면검사,P3408A-00.00BRW,O2O2 D_Blending Hazel EX,690,690,확인
2025-07-30,[55] 접착/ 멸균,P3408A-00.00BRW,O2O2 D_Blending Hazel EX,678,710,확인
2025-07-30,[55] 접착/ 멸균,P3408A-00.00BRW,O2O2 D_Blending Hazel EX,562,595,확인
2025-07-30,[55] 접착/ 멸균,P3408A-00.00BRW,O2O2 D_Blending Hazel EX,931,"1,000",확인
2025-07-30,[55] 접착/ 멸균,P3408A-00.00BRW,O2O2 D_Blending Hazel EX,691,735,확인
2025-07-30,[45] 하이드레이션/전면검사,P3408A-00.00BRW,O2O2 D_Blending Hazel EX,860,860,확인
2025-07-30,[55] 접착/ 멸균,P3408A-00.00BRW,O2O2 D_Blending Hazel EX,862,905,확인
2025-07-30,[45] 하이드레이션/전면검사,P3408A-00.00BRW,O2O2 D_Blending Hazel EX,565,569,확인
2025-07-30,[45] 하이드레이션/전면검사,P3408A-00.00BRW,O2O2 D_Blending Hazel EX,940,943,확인
2025-07-30,[55] 접착/ 멸균,P3408A-00.00BRW,O2O2 D_Blending Hazel EX,401,435,확인
2025-07-30,[55] 접착/ 멸균,P3408A-00.00BRW,O2O2 D_Blending Hazel EX,805,860,확인
2025-07-30,[55] 접착/ 멸균,P3408A-00.00BRW,O2O2 D_Blending Hazel EX,405,425,확인
2025-07-31,[80] 누수/규격검사,P3408A-00.00BRW,O2O2 D_Blending Hazel EX,788,808,확인
2025-07-31,[80] 누수/규격검사,P3408A-00.00BRW,O2O2 D_Blending Hazel EX,845,870,확인
2025-07-31,[45] 하이드레이션/전면검사,P3408A-00.00BRW,O2O2 D_Blending Hazel EX,970,982,확인
2025-07-31,[45] 하이드레이션/전면검사,P3408A-00.00BRW,O2O2 D_Blending Hazel EX,"1,050","1,054",확인
2025-07-31,[45] 하이드레이션/전면검사,P3408A-00.00BRW,O2O2 D_Blending Hazel EX,700,711,확인
2025-07-31,[45] 하이드레이션/전면검사,P3408A-00.00BRW,O2O2 D_Blending Hazel EX,415,416,확인
2025-07-31,[45] 하이드레이션/전면검사,P3408A-00.00BRW,O2O2 D_Blending Hazel EX,980,983,확인
2025-07-31,[45] 하이드레이션/전면검사,P3408A-00.00BRW,O2O2 D_Blending Hazel EX,765,766,확인
2025-07-31,[45] 하이드레이션/전면검사,P3408A-00.00BRW,O2O2 D_Blending Hazel EX,985,985,확인
2025-07-31,[45] 하이드레이션/전면검사,P3408A-00.00BRW,O2O2 D_Blending Hazel EX,940,945,확인
2025-07-31,[45] 하이드레이션/전면검사,P3408A-00.00BRW,O2O2 D_Blending Hazel EX,875,882,확인
2025-07-31,[45] 하이드레이션/전면검사,P3408A-00.00BRW,O2O2 D_Blending Hazel EX,815,816,확인
2025-07-31,[80] 누수/규격검사,P3408A-00.00BRW,O2O2 D_Blending Hazel EX,657,682,확인
2025-07-31,[80] 누수/규격검사,P3408A-00.00BRW,O2O2 D_Blending Hazel EX,557,577,확인
2025-07-31,[80] 누수/규격검사,P3408A-00.00BRW,O2O2 D_Blending Hazel EX,829,849,확인
2025-07-31,[80] 누수/규격검사,P3408A-00.00BRW,O2O2 D_Blending Hazel EX,821,841,확인
2025-07-31,[80] 누수/규격검사,P3408A-00.00BRW,O2O2 D_Blending Hazel EX,945,975,확인
2025-07-31,[80] 누수/규격검사,P3408A-00.00BRW,O2O2 D_Blending Hazel EX,816,836,확인
2025-07-31,[80] 누수/규격검사,P3408A-00.00BRW,O2O2 D_Blending Hazel EX,721,786,확인
2025-07-31,[80] 누수/규격검사,P3408A-00.00BRW,O2O2 D_Blending Hazel EX,652,687,확인
2025-07-31,[80] 누수/규격검사,P3408A-00.00BRW,O2O2 D_Blending Hazel EX,790,815,확인
2025-07-31,[80] 누수/규격검사,P3408A-00.00BRW,O2O2 D_Blending Hazel EX,589,609,확인
2025-07-31,[45] 하이드레이션/전면검사,P3408A-00.00BRW,O2O2 D_Blending Hazel EX,695,703,확인
2025-07-31,[45] 하이드레이션/전면검사,P3408A-00.00BRW,O2O2 D_Blending Hazel EX,515,520,확인
2025-07-31,[55] 접착/ 멸균,P3408A-00.00BRW,O2O2 D_Blending Hazel EX,815,835,확인
2025-07-31,[80] 누수/규격검사,P3408A-00.00BRW,O2O2 D_Blending Hazel EX,447,467,확인
2025-07-31,[80] 누수/규격검사,P3408A-00.00BRW,O2O2 D_Blending Hazel EX,348,353,확인
2025-07-31,[80] 누수/규격검사,P3408A-00.00BRW,O2O2 D_Blending Hazel EX,940,960,확인
2025-07-31,[45] 하이드레이션/전면검사,P3408A-00.00BRW,O2O2 D_Blending Hazel EX,475,478,확인
2025-07-31,[45] 하이드레이션/전면검사,P3408A-00.00BRW,O2O2 D_Blending Hazel EX,"1,030","1,036",확인
2025-07-31,[80] 누수/규격검사,P3408A-00.00BRW,O2O2 D_Blending Hazel EX,666,686,확인
2025-07-31,[80] 누수/규격검사,P3408A-00.00BRW,O2O2 D_Blending Hazel EX,859,879,확인
2025-07-31,[80] 누수/규격검사,P3408A-00.00BRW,O2O2 D_Blending Hazel EX,620,640,확인
2025-07-31,[80] 누수/규격검사,P3408A-00.00BRW,O2O2 D_Blending Hazel EX,777,797,확인
2025-07-31,[80] 누수/규격검사,P3408A-00.00BRW,O2O2 D_Blending Hazel EX,699,720,확인
2025-07-31,[80] 누수/규격검사,P3408A-00.00BRW,O2O2 D_Blending Hazel EX,896,916,확인
2025-07-31,[80] 누수/규격검사,P3408A-00.00BRW,O2O2 D_Blending Hazel EX,262,267,확인
2025-07-31,[45] 하이드레이션/전면검사,P3408A-00.00BRW,O2O2 D_Blending Hazel EX,730,732,확인
2025-07-31,[45] 하이드레이션/전면검사,P3408A-00.00BRW,O2O2 D_Blending Hazel EX,890,896,확인
2025-07-31,[80] 누수/규격검사,P3408A-00.00BRW,O2O2 D_Blending Hazel EX,390,395,확인
2025-07-31,[80] 누수/규격검사,P3408A-00.00BRW,O2O2 D_Blending Hazel EX,852,872,확인
2025-07-31,[80] 누수/규격검사,P3408A-00.00BRW,O2O2 D_Blending Hazel EX,602,622,확인
2025-07-31,[80] 누수/규격검사,P3408A-00.00BRW,O2O2 D_Blending Hazel EX,891,911,확인
2025-07-31,[80] 누수/규격검사,P3408A-00.00BRW,O2O2 D_Blending Hazel EX,785,805,확인
2025-07-31,[45] 하이드레이션/전면검사,P3408A-00.00BRW,O2O2 D_Blending Hazel EX,920,926,확인
2025-07-31,[45] 하이드레이션/전면검사,P3408A-00.00BRW,O2O2 D_Blending Hazel EX,800,800,확인
2025-07-31,[45] 하이드레이션/전면검사,P3408A-00.00BRW,O2O2 D_Blending Hazel EX,640,642,확인
2025-07-31,[80] 누수/규격검사,P3408A-00.00BRW,O2O2 D_Blending Hazel EX,825,845,확인
2025-07-31,[80] 누수/규격검사,P3408A-00.00BRW,O2O2 D_Blending Hazel EX,747,772,확인
2025-07-31,[55] 접착/ 멸균,P3408A-00.00BRW,O2O2 D_Blending Hazel EX,267,340,확인
2025-07-31,[55] 접착/ 멸균,P3408A-00.00BRW,O2O2 D_Blending Hazel EX,0,590,확인
2025-07-31,[55] 접착/ 멸균,P3408A-00.00BRW,O2O2 D_Blending Hazel EX,808,825,확인
2025-07-31,[55] 접착/ 멸균,P3408A-00.00BRW,O2O2 D_Blending Hazel EX,870,890,확인
2025-07-31,[55] 접착/ 멸균,P3408A-00.00BRW,O2O2 D_Blending Hazel EX,467,475,확인
2025-07-31,[55] 접착/ 멸균,P3408A-00.00BRW,O2O2 D_Blending Hazel EX,353,370,확인
2025-07-31,[55] 접착/ 멸균,P3408A-00.00BRW,O2O2 D_Blending Hazel EX,960,990,확인
2025-07-31,[55] 접착/ 멸균,P3408A-00.00BRW,O2O2 D_Blending Hazel EX,682,710,확인
2025-07-31,[55] 접착/ 멸균,P3408A-00.00BRW,O2O2 D_Blending Hazel EX,849,880,확인
2025-07-31,[55] 접착/ 멸균,P3408A-00.00BRW,O2O2 D_Blending Hazel EX,975,985,확인
2025-07-31,[55] 접착/ 멸균,P3408A-00.00BRW,O2O2 D_Blending Hazel EX,916,940,확인
2025-07-31,[55] 접착/ 멸균,P3408A-00.00BRW,O2O2 D_Blending Hazel EX,836,860,확인
2025-07-31,[55] 접착/ 멸균,P3408A-00.00BRW,O2O2 D_Blending Hazel EX,841,875,확인
2025-07-31,[55] 접착/ 멸균,P3408A-00.00BRW,O2O2 D_Blending Hazel EX,577,600,확인
2025-07-31,[55] 접착/ 멸균,P3408A-00.00BRW,O2O2 D_Blending Hazel EX,687,765,확인
2025-07-31,[55] 접착/ 멸균,P3408A-00.00BRW,O2O2 D_Blending Hazel EX,786,815,확인
2025-07-31,[55] 접착/ 멸균,P3408A-00.00BRW,O2O2 D_Blending Hazel EX,609,615,확인
2025-07-31,[55] 접착/ 멸균,P3408A-00.00BRW,O2O2 D_Blending Hazel EX,0,785,확인
2025-07-31,[55] 접착/ 멸균,P3408A-00.00BRW,O2O2 D_Blending Hazel EX,686,760,확인
2025-07-31,[55] 접착/ 멸균,P3408A-00.00BRW,O2O2 D_Blending Hazel EX,640,665,확인
2025-07-31,[55] 접착/ 멸균,P3408A-00.00BRW,O2O2 D_Blending Hazel EX,879,905,확인
2025-07-31,[55] 접착/ 멸균,P3408A-00.00BRW,O2O2 D_Blending Hazel EX,797,890,확인
2025-07-31,[55] 접착/ 멸균,P3408A-00.00BRW,O2O2 D_Blending Hazel EX,720,730,확인
2025-07-31,[55] 접착/ 멸균,P3408A-00.00BRW,O2O2 D_Blending Hazel EX,845,890,확인
2025-07-31,[55] 접착/ 멸균,P3408A-00.00BRW,O2O2 D_Blending Hazel EX,772,805,확인
2025-07-31,[55] 접착/ 멸균,P3408A-00.00BRW,O2O2 D_Blending Hazel EX,395,405,확인
2025-07-31,[55] 접착/ 멸균,P3408A-00.00BRW,O2O2 D_Blending Hazel EX,622,650,확인
2025-07-31,[55] 접착/ 멸균,P3408A-00.00BRW,O2O2 D_Blending Hazel EX,872,885,확인
2025-07-31,[55] 접착/ 멸균,P3408A-00.00BRW,O2O2 D_Blending Hazel EX,911,950,확인
2025-08-01,[10] 사출조립,R3408-00.00BRW,O2O2 D_Blending Hazel EX,"1,212","1,212",확인
2025-08-01,[10] 사출조립,R3408-00.00BRW,O2O2 D_Blending Hazel EX,"1,212","1,212",확인
2025-08-01,[10] 사출조립,R3408-00.00BRW,O2O2 D_Blending Hazel EX,0,"1,212",확인
2025-08-01,[10] 사출조립,R3408-00.00BRW,O2O2 D_Blending Hazel EX,"1,181","1,181",확인
2025-08-01,[10] 사출조립,R3408-00.00BRW,O2O2 D_Blending Hazel EX,"1,207","1,207",확인
2025-08-01,[10] 사출조립,R3408-00.00BRW,O2O2 D_Blending Hazel EX,"1,207","1,207",확인
2025-08-01,[10] 사출조립,R3408-00.00BRW,O2O2 D_Blending Hazel EX,0,"1,163",확인
2025-08-01,[10] 사출조립,R3408-00.00BRW,O2O2 D_Blending Hazel EX,"1,212","1,212",확인
2025-08-01,[10] 사출조립,R3408-00.00BRW,O2O2 D_Blending Hazel EX,"1,181","1,181",확인
2025-08-01,[10] 사출조립,R3408-00.00BRW,O2O2 D_Blending Hazel EX,0,"1,207",확인
2025-08-01,[10] 사출조립,R3408-00.00BRW,O2O2 D_Blending Hazel EX,"1,163","1,163",확인
2025-08-01,[10] 사출조립,R3408-00.00BRW,O2O2 D_Blending Hazel EX,"1,163","1,163",확인
2025-08-01,[10] 사출조립,R3408-00.00BRW,O2O2 D_Blending Hazel EX,"1,207","1,207",확인
2025-08-01,[10] 사출조립,R3408-00.00BRW,O2O2 D_Blending Hazel EX,"1,181","1,181",확인
2025-08-01,[10] 사출조립,R3408-00.00BRW,O2O2 D_Blending Hazel EX,"1,207","1,207",확인
2025-08-01,[10] 사출조립,R3408-00.00BRW,O2O2 D_Blending Hazel EX,"1,163","1,163",확인
2025-08-01,[10] 사출조립,R3408-00.00BRW,O2O2 D_Blending Hazel EX,"1,212","1,212",확인
2025-08-01,[10] 사출조립,R3408-00.00BRW,O2O2 D_Blending Hazel EX,"1,212","1,212",확인
2025-08-01,[10] 사출조립,R3408-00.00BRW,O2O2 D_Blending Hazel EX,"1,212","1,212",확인
2025-08-01,[10] 사출조립,R3408-00.00BRW,O2O2 D_Blending Hazel EX,"1,181","1,181",확인
2025-08-01,[10] 사출조립,R3408-00.00BRW,O2O2 D_Blending Hazel EX,"1,181","1,181",확인
2025-08-01,[10] 사출조립,R3408-00.00BRW,O2O2 D_Blending Hazel EX,"1,207","1,207",확인
2025-08-01,[10] 사출조립,R3408-00.00BRW,O2O2 D_Blending Hazel EX,"1,207","1,207",확인
2025-08-01,[10] 사출조립,R3408-00.00BRW,O2O2 D_Blending Hazel EX,"1,163","1,163",확인
2025-08-01,[10] 사출조립,R3408-00.00BRW,O2O2 D_Blending Hazel EX,"1,163","1,163",확인
2025-08-01,[10] 사출조립,R3408-00.00BRW,O2O2 D_Blending Hazel EX,0,"1,163",확인
2025-08-01,[10] 사출조립,R3408-00.00BRW,O2O2 D_Blending Hazel EX,"1,043","1,043",확인
2025-08-01,[10] 사출조립,R3408-00.00BRW,O2O2 D_Blending Hazel EX,"1,212","1,212",확인
2025-08-01,[10] 사출조립,R3408-00.00BRW,O2O2 D_Blending Hazel EX,"1,181","1,181",확인
2025-08-01,[10] 사출조립,R3408-00.00BRW,O2O2 D_Blending Hazel EX,"1,207","1,207",확인
2025-08-01,[10] 사출조립,R3408-00.00BRW,O2O2 D_Blending Hazel EX,"1,163","1,163",확인
2025-08-01,[10] 사출조립,R3408-00.00BRW,O2O2 D_Blending Hazel EX,"1,043","1,043",확인
2025-08-01,[10] 사출조립,R3408-00.00BRW,O2O2 D_Blending Hazel EX,0,"1,181",확인
2025-08-01,[10] 사출조립,R3408-00.00BRW,O2O2 D_Blending Hazel EX,0,"1,181",확인
2025-08-01,[10] 사출조립,R3408-00.00BRW,O2O2 D_Blending Hazel EX,"1,043","1,043",확인
2025-08-01,[10] 사출조립,R3408-00.00BRW,O2O2 D_Blending Hazel EX,"1,043","1,043",확인
2025-08-01,[10] 사출조립,R3408-00.00BRW,O2O2 D_Blending Hazel EX,"1,043","1,043",확인
2025-08-01,[10] 사출조립,R3408-00.00BRW,O2O2 D_Blending Hazel EX,"1,043","1,043",확인
2025-08-01,[10] 사출조립,R3408-00.00BRW,O2O2 D_Blending Hazel EX,0,"1,043",확인
2025-08-01,[10] 사출조립,R3408-00.00BRW,O2O2 D_Blending Hazel EX,0,"1,043",확인
2025-08-01,[20] 분리,Q3408-00.00BRW,O2O2 D_Blending Hazel EX,740,"1,193",확인
2025-08-01,[20] 분리,Q3408-00.00BRW,O2O2 D_Blending Hazel EX,579,"1,209",확인
2025-08-01,[20] 분리,Q3408-00.00BRW,O2O2 D_Blending Hazel EX,860,"1,193",확인
2025-08-01,[20] 분리,Q3408-00.00BRW,O2O2 D_Blending Hazel EX,834,"1,193",확인
2025-08-01,[20] 분리,Q3408-00.00BRW,O2O2 D_Blending Hazel EX,942,"1,207",확인
2025-08-01,[20] 분리,Q3408-00.00BRW,O2O2 D_Blending Hazel EX,746,"1,193",확인
2025-08-01,[20] 분리,Q3408-00.00BRW,O2O2 D_Blending Hazel EX,848,"1,209",확인
2025-08-01,[20] 분리,Q3408-00.00BRW,O2O2 D_Blending Hazel EX,834,"1,207",확인
2025-08-01,[20] 분리,Q3408-00.00BRW,O2O2 D_Blending Hazel EX,"1,032","1,193",확인
2025-08-01,[80] 누수/규격검사,P3408A-00.00BRW,O2O2 D_Blending Hazel EX,627,647,확인
2025-08-01,[80] 누수/규격검사,P3408A-00.00BRW,O2O2 D_Blending Hazel EX,431,436,확인
2025-08-01,[80] 누수/규격검사,P3408A-00.00BRW,O2O2 D_Blending Hazel EX,595,615,확인
2025-08-01,[80] 누수/규격검사,P3408A-00.00BRW,O2O2 D_Blending Hazel EX,674,694,확인
2025-08-01,[45] 하이드레이션/전면검사,P3408A-00.00BRW,O2O2 D_Blending Hazel EX,660,663,확인
2025-08-01,[80] 누수/규격검사,P3408A-00.00BRW,O2O2 D_Blending Hazel EX,528,548,확인
2025-08-01,[80] 누수/규격검사,P3408A-00.00BRW,O2O2 D_Blending Hazel EX,611,631,확인
2025-08-01,[80] 누수/규격검사,P3408A-00.00BRW,O2O2 D_Blending Hazel EX,"1,005","1,026",확인
2025-08-01,[80] 누수/규격검사,P3408A-00.00BRW,O2O2 D_Blending Hazel EX,666,686,확인
2025-08-01,[80] 누수/규격검사,P3408A-00.00BRW,O2O2 D_Blending Hazel EX,913,933,확인
2025-08-01,[80] 누수/규격검사,P3408A-00.00BRW,O2O2 D_Blending Hazel EX,820,840,확인
2025-08-01,[80] 누수/규격검사,P3408A-00.00BRW,O2O2 D_Blending Hazel EX,680,700,확인
2025-08-01,[80] 누수/규격검사,P3408A-00.00BRW,O2O2 D_Blending Hazel EX,849,879,확인
2025-08-01,[80] 누수/규격검사,P3408A-00.00BRW,O2O2 D_Blending Hazel EX,600,621,확인
2025-08-01,[80] 누수/규격검사,P3408A-00.00BRW,O2O2 D_Blending Hazel EX,829,849,확인
2025-08-01,[80] 누수/규격검사,P3408A-00.00BRW,O2O2 D_Blending Hazel EX,867,912,확인
2025-08-01,[80] 누수/규격검사,P3408A-00.00BRW,O2O2 D_Blending Hazel EX,703,723,확인
2025-08-01,[80] 누수/규격검사,P3408A-00.00BRW,O2O2 D_Blending Hazel EX,946,966,확인
2025-08-01,[80] 누수/규격검사,P3408A-00.00BRW,O2O2 D_Blending Hazel EX,968,988,확인
2025-08-01,[80] 누수/규격검사,P3408A-00.00BRW,O2O2 D_Blending Hazel EX,481,501,확인
2025-08-01,[80] 누수/규격검사,P3408A-00.00BRW,O2O2 D_Blending Hazel EX,753,773,확인
2025-08-01,[55] 접착/ 멸균,P3408A-00.00BRW,O2O2 D_Blending Hazel EX,548,565,확인
2025-08-01,[80] 누수/규격검사,P3408A-00.00BRW,O2O2 D_Blending Hazel EX,789,809,확인
2025-08-01,[80] 누수/규격검사,P3408A-00.00BRW,O2O2 D_Blending Hazel EX,392,397,확인
2025-08-01,[80] 누수/규격검사,P3408A-00.00BRW,O2O2 D_Blending Hazel EX,675,699,확인
2025-08-01,[45] 하이드레이션/전면검사,P3408A-00.00BRW,O2O2 D_Blending Hazel EX,725,730,확인
2025-08-01,[55] 접착/ 멸균,P3408A-00.00BRW,O2O2 D_Blending Hazel EX,631,660,확인
2025-08-01,[55] 접착/ 멸균,P3408A-00.00BRW,O2O2 D_Blending Hazel EX,"1,026","1,050",확인
2025-08-01,[55] 접착/ 멸균,P3408A-00.00BRW,O2O2 D_Blending Hazel EX,723,765,확인
2025-08-01,[55] 접착/ 멸균,P3408A-00.00BRW,O2O2 D_Blending Hazel EX,988,"1,030",확인
2025-08-01,[55] 접착/ 멸균,P3408A-00.00BRW,O2O2 D_Blending Hazel EX,809,835,확인
2025-08-01,[55] 접착/ 멸균,P3408A-00.00BRW,O2O2 D_Blending Hazel EX,912,940,확인
2025-08-01,[55] 접착/ 멸균,P3408A-00.00BRW,O2O2 D_Blending Hazel EX,849,875,확인
2025-08-01,[55] 접착/ 멸균,P3408A-00.00BRW,O2O2 D_Blending Hazel EX,475,980,확인
2025-08-01,[55] 접착/ 멸균,P3408A-00.00BRW,O2O2 D_Blending Hazel EX,700,725,확인
2025-08-01,[55] 접착/ 멸균,P3408A-00.00BRW,O2O2 D_Blending Hazel EX,879,920,확인
2025-08-01,[55] 접착/ 멸균,P3408A-00.00BRW,O2O2 D_Blending Hazel EX,966,"1,020",확인
2025-08-01,[55] 접착/ 멸균,P3408A-00.00BRW,O2O2 D_Blending Hazel EX,621,660,확인
2025-08-01,[55] 접착/ 멸균,P3408A-00.00BRW,O2O2 D_Blending Hazel EX,397,415,확인
2025-08-01,[55] 접착/ 멸균,P3408A-00.00BRW,O2O2 D_Blending Hazel EX,699,720,확인
2025-08-01,[55] 접착/ 멸균,P3408A-00.00BRW,O2O2 D_Blending Hazel EX,686,700,확인
2025-08-01,[55] 접착/ 멸균,P3408A-00.00BRW,O2O2 D_Blending Hazel EX,933,970,확인
2025-08-01,[55] 접착/ 멸균,P3408A-00.00BRW,O2O2 D_Blending Hazel EX,840,860,확인
2025-08-01,[55] 접착/ 멸균,P3408A-00.00BRW,O2O2 D_Blending Hazel EX,436,475,확인
2025-08-01,[55] 접착/ 멸균,P3408A-00.00BRW,O2O2 D_Blending Hazel EX,647,690,확인
2025-08-01,[55] 접착/ 멸균,P3408A-00.00BRW,O2O2 D_Blending Hazel EX,501,525,확인
2025-08-01,[55] 접착/ 멸균,P3408A-00.00BRW,O2O2 D_Blending Hazel EX,694,720,확인
2025-08-01,[55] 접착/ 멸균,P3408A-00.00BRW,O2O2 D_Blending Hazel EX,615,640,확인
2025-08-01,[55] 접착/ 멸균,P3408A-00.00BRW,O2O2 D_Blending Hazel EX,773,800,확인
2025-08-01,[80] 누수/규격검사,P3408A-00.00BRW,O2O2 D_Blending Hazel EX,833,853,확인
2025-08-01,[80] 누수/규격검사,P3408A-00.00BRW,O2O2 D_Blending Hazel EX,539,559,확인
2025-08-01,[80] 누수/규격검사,P3408A-00.00BRW,O2O2 D_Blending Hazel EX,660,680,확인
2025-08-01,[55] 접착/ 멸균,P3408A-00.00BRW,O2O2 D_Blending Hazel EX,853,895,확인
2025-08-01,[55] 접착/ 멸균,P3408A-00.00BRW,O2O2 D_Blending Hazel EX,559,575,확인
2025-08-01,[55] 접착/ 멸균,P3408A-00.00BRW,O2O2 D_Blending Hazel EX,680,695,확인
2025-08-01,[55] 접착/ 멸균,P3408A-00.00BRW,O2O2 D_Blending Hazel EX,0,515,확인
2025-08-02,[20] 분리,Q3408-00.00BRW,O2O2 D_Blending Hazel EX,524,"1,043",확인
2025-08-02,[20] 분리,Q3408-00.00BRW,O2O2 D_Blending Hazel EX,"1,016","1,163",확인
2025-08-02,[20] 분리,Q3408-00.00BRW,O2O2 D_Blending Hazel EX,"1,069","1,207",확인
2025-08-02,[20] 분리,Q3408-00.00BRW,O2O2 D_Blending Hazel EX,924,"1,163",확인
2025-08-02,[20] 분리,Q3408-00.00BRW,O2O2 D_Blending Hazel EX,577,"1,181",확인
2025-08-02,[20] 분리,Q3408-00.00BRW,O2O2 D_Blending Hazel EX,"1,020","1,181",확인
2025-08-02,[20] 분리,Q3408-00.00BRW,O2O2 D_Blending Hazel EX,"1,059","1,163",확인
2025-08-02,[20] 분리,Q3408-00.00BRW,O2O2 D_Blending Hazel EX,"1,010","1,163",확인
2025-08-02,[20] 분리,Q3408-00.00BRW,O2O2 D_Blending Hazel EX,698,"1,207",확인
2025-08-02,[20] 분리,Q3408-00.00BRW,O2O2 D_Blending Hazel EX,"1,047","1,209",확인
2025-08-02,[55] 접착/ 멸균,P3408A-00.00BRW,O2O2 D_Blending Hazel EX,808,825,확인
2025-08-02,[80] 누수/규격검사,P3408A-00.00BRW,O2O2 D_Blending Hazel EX,788,808,확인
2025-08-02,[45] 하이드레이션/전면검사,P3408A-00.00BRW,O2O2 D_Blending Hazel EX,"1,065","1,069",확인
2025-08-02,[55] 접착/ 멸균,P3408A-00.00BRW,O2O2 D_Blending Hazel EX,998,"1,030",확인
2025-08-02,[80] 누수/규격검사,P3408A-00.00BRW,O2O2 D_Blending Hazel EX,978,998,확인
2025-08-02,[80] 누수/규격검사,P3408A-00.00BRW,O2O2 D_Blending Hazel EX,"1,020","1,040",확인
2025-08-02,[55] 접착/ 멸균,P3408A-00.00BRW,O2O2 D_Blending Hazel EX,"1,040","1,065",확인
2025-08-02,[55] 접착/ 멸균,P3408A-00.00BRW,O2O2 D_Blending Hazel EX,807,845,확인
2025-08-02,[55] 접착/ 멸균,P3408A-00.00BRW,O2O2 D_Blending Hazel EX,668,695,확인
2025-08-02,[80] 누수/규격검사,P3408A-00.00BRW,O2O2 D_Blending Hazel EX,648,668,확인
2025-08-02,[80] 누수/규격검사,P3408A-00.00BRW,O2O2 D_Blending Hazel EX,694,714,확인
2025-08-02,[55] 접착/ 멸균,P3408A-00.00BRW,O2O2 D_Blending Hazel EX,714,740,확인
2025-08-02,[45] 하이드레이션/전면검사,P3408A-00.00BRW,O2O2 D_Blending Hazel EX,830,834,확인
2025-08-02,[45] 하이드레이션/전면검사,P3408A-00.00BRW,O2O2 D_Blending Hazel EX,"1,030","1,032",확인
2025-08-02,[45] 하이드레이션/전면검사,P3408A-00.00BRW,O2O2 D_Blending Hazel EX,855,860,확인
2025-08-02,[45] 하이드레이션/전면검사,P3408A-00.00BRW,O2O2 D_Blending Hazel EX,825,834,확인
2025-08-02,[45] 하이드레이션/전면검사,P3408A-00.00BRW,O2O2 D_Blending Hazel EX,845,848,확인
2025-08-02,[45] 하이드레이션/전면검사,P3408A-00.00BRW,O2O2 D_Blending Hazel EX,745,746,확인
2025-08-02,[45] 하이드레이션/전면검사,P3408A-00.00BRW,O2O2 D_Blending Hazel EX,940,942,확인
2025-08-02,[45] 하이드레이션/전면검사,P3408A-00.00BRW,O2O2 D_Blending Hazel EX,"1,045","1,047",확인
2025-08-02,[45] 하이드레이션/전면검사,P3408A-00.00BRW,O2O2 D_Blending Hazel EX,695,698,확인
2025-08-02,[45] 하이드레이션/전면검사,P3408A-00.00BRW,O2O2 D_Blending Hazel EX,740,740,확인
2025-08-02,[55] 접착/ 멸균,P3408A-00.00BRW,O2O2 D_Blending Hazel EX,702,745,확인
2025-08-03,[10] 사출조립,R3408-00.00BRW,O2O2 D_Blending Hazel EX,"1,189","1,189",확인
2025-08-03,[10] 사출조립,R3408-00.00BRW,O2O2 D_Blending Hazel EX,"1,201","1,201",확인
2025-08-03,[10] 사출조립,R3408-00.00BRW,O2O2 D_Blending Hazel EX,"1,201","1,201",확인
2025-08-03,[10] 사출조립,R3408-00.00BRW,O2O2 D_Blending Hazel EX,"1,201","1,201",확인
2025-08-03,[10] 사출조립,R3408-00.00BRW,O2O2 D_Blending Hazel EX,"1,201","1,201",확인
2025-08-03,[10] 사출조립,R3408-00.00BRW,O2O2 D_Blending Hazel EX,"1,201","1,201",확인
2025-08-03,[10] 사출조립,R3408-00.00BRW,O2O2 D_Blending Hazel EX,"1,201","1,201",확인
2025-08-03,[10] 사출조립,R3408-00.00BRW,O2O2 D_Blending Hazel EX,0,"1,201",확인
2025-08-03,[10] 사출조립,R3408-00.00BRW,O2O2 D_Blending Hazel EX,"1,189","1,189",확인
2025-08-03,[10] 사출조립,R3408-00.00BRW,O2O2 D_Blending Hazel EX,"1,201","1,201",확인
2025-08-03,[10] 사출조립,R3408-00.00BRW,O2O2 D_Blending Hazel EX,"1,189","1,189",확인
2025-08-03,[10] 사출조립,R3408-00.00BRW,O2O2 D_Blending Hazel EX,"1,189","1,189",확인
2025-08-03,[10] 사출조립,R3408-00.00BRW,O2O2 D_Blending Hazel EX,"1,189","1,189",확인
2025-08-03,[10] 사출조립,R3408-00.00BRW,O2O2 D_Blending Hazel EX,"1,189","1,189",확인
2025-08-03,[10] 사출조립,R3408-00.00BRW,O2O2 D_Blending Hazel EX,0,"1,189",확인
2025-08-03,[10] 사출조립,R3408-00.00BRW,O2O2 D_Blending Hazel EX,"1,189","1,189",확인
2025-08-03,[10] 사출조립,R3408-05.00BRW,O2O2 D_Blending Hazel EX,"1,035","1,035",확인
2025-08-03,[10] 사출조립,R3408-04.00BRW,O2O2 D_Blending Hazel EX,"1,035","1,035",확인
2025-08-03,[10] 사출조립,R3408-05.00BRW,O2O2 D_Blending Hazel EX,"1,077","1,077",확인
2025-08-03,[10] 사출조립,R3408-04.25BRW,O2O2 D_Blending Hazel EX,"1,035","1,035",확인
2025-08-03,[10] 사출조립,R3408-04.25BRW,O2O2 D_Blending Hazel EX,"1,035","1,035",확인
2025-08-03,[10] 사출조립,R3408-05.50BRW,O2O2 D_Blending Hazel EX,"1,035","1,035",확인
2025-08-03,[10] 사출조립,R3408-04.25BRW,O2O2 D_Blending Hazel EX,"1,077","1,077",확인
2025-08-03,[10] 사출조립,R3408-04.00BRW,O2O2 D_Blending Hazel EX,"1,077","1,077",확인
2025-08-03,[10] 사출조립,R3408-05.50BRW,O2O2 D_Blending Hazel EX,"1,077","1,077",확인
2025-08-03,[10] 사출조립,R3408-05.00BRW,O2O2 D_Blending Hazel EX,"1,077","1,077",확인
2025-08-03,[10] 사출조립,R3408-05.50BRW,O2O2 D_Blending Hazel EX,"1,035","1,035",확인
2025-08-03,[10] 사출조립,R3408-05.50BRW,O2O2 D_Blending Hazel EX,"1,077","1,077",확인
2025-08-03,[10] 사출조립,R3408-04.00BRW,O2O2 D_Blending Hazel EX,"1,035","1,035",확인
2025-08-03,[10] 사출조립,R3408-04.00BRW,O2O2 D_Blending Hazel EX,0,"1,077",확인
2025-08-03,[10] 사출조립,R3408-05.00BRW,O2O2 D_Blending Hazel EX,"1,035","1,035",확인
2025-08-03,[10] 사출조립,R3408-04.25BRW,O2O2 D_Blending Hazel EX,0,"1,077",확인
2025-08-03,[20] 분리,Q3408-00.00BRW,O2O2 D_Blending Hazel EX,600,"1,043",확인
2025-08-03,[20] 분리,Q3408-00.00BRW,O2O2 D_Blending Hazel EX,940,"1,189",확인
2025-08-03,[20] 분리,Q3408-00.00BRW,O2O2 D_Blending Hazel EX,391,"1,043",확인
2025-08-03,[20] 분리,Q3408-00.00BRW,O2O2 D_Blending Hazel EX,990,"1,181",확인
2025-08-03,[20] 분리,Q3408-00.00BRW,O2O2 D_Blending Hazel EX,754,"1,201",확인
2025-08-03,[20] 분리,Q3408-00.00BRW,O2O2 D_Blending Hazel EX,689,"1,212",확인
2025-08-03,[20] 분리,Q3408-00.00BRW,O2O2 D_Blending Hazel EX,839,"1,043",확인
2025-08-03,[20] 분리,Q3408-00.00BRW,O2O2 D_Blending Hazel EX,694,"1,163",확인
2025-08-03,[20] 분리,Q3408-00.00BRW,O2O2 D_Blending Hazel EX,837,"1,043",확인
2025-08-03,[20] 분리,Q3408-00.00BRW,O2O2 D_Blending Hazel EX,894,"1,163",확인
2025-08-03,[20] 분리,Q3408-00.00BRW,O2O2 D_Blending Hazel EX,"1,063","1,212",확인
2025-08-03,[20] 분리,Q3408-00.00BRW,O2O2 D_Blending Hazel EX,880,"1,207",확인
2025-08-03,[20] 분리,Q3408-00.00BRW,O2O2 D_Blending Hazel EX,580,"1,043",확인
2025-08-03,[20] 분리,Q3408-00.00BRW,O2O2 D_Blending Hazel EX,886,"1,207",확인
2025-08-03,[20] 분리,Q3408-00.00BRW,O2O2 D_Blending Hazel EX,932,"1,212",확인
2025-08-03,[55] 접착/ 멸균,P3408A-00.00BRW,O2O2 D_Blending Hazel EX,784,855,확인
2025-08-03,[55] 접착/ 멸균,P3408A-00.00BRW,O2O2 D_Blending Hazel EX,793,830,확인
2025-08-03,[45] 하이드레이션/전면검사,P3408A-00.00BRW,O2O2 D_Blending Hazel EX,875,880,확인
2025-08-03,[45] 하이드레이션/전면검사,P3408A-00.00BRW,O2O2 D_Blending Hazel EX,935,940,확인
2025-08-03,[45] 하이드레이션/전면검사,P3408A-00.00BRW,O2O2 D_Blending Hazel EX,"1,015","1,016",확인
2025-08-03,[45] 하이드레이션/전면검사,P3408A-00.00BRW,O2O2 D_Blending Hazel EX,885,886,확인
2025-08-03,[45] 하이드레이션/전면검사,P3408A-00.00BRW,O2O2 D_Blending Hazel EX,580,580,확인
2025-08-03,[45] 하이드레이션/전면검사,P3408A-00.00BRW,O2O2 D_Blending Hazel EX,520,524,확인
2025-08-03,[55] 접착/ 멸균,P3408A-00.00BRW,O2O2 D_Blending Hazel EX,976,"1,045",확인
2025-08-03,[55] 접착/ 멸균,P3408A-00.00BRW,O2O2 D_Blending Hazel EX,906,940,확인
2025-08-03,[80] 누수/규격검사,P3408A-00.00BRW,O2O2 D_Blending Hazel EX,970,990,확인
2025-08-03,[80] 누수/규격검사,P3408A-00.00BRW,O2O2 D_Blending Hazel EX,959,979,확인
2025-08-03,[45] 하이드레이션/전면검사,P3408A-00.00BRW,O2O2 D_Blending Hazel EX,"1,060","1,063",확인
2025-08-03,[45] 하이드레이션/전면검사,P3408A-00.00BRW,O2O2 D_Blending Hazel EX,920,924,확인
2025-08-03,[45] 하이드레이션/전면검사,P3408A-00.00BRW,O2O2 D_Blending Hazel EX,890,894,확인
2025-08-03,[45] 하이드레이션/전면검사,P3408A-00.00BRW,O2O2 D_Blending Hazel EX,600,600,확인
2025-08-03,[45] 하이드레이션/전면검사,P3408A-00.00BRW,O2O2 D_Blending Hazel EX,575,577,확인
2025-08-03,[45] 하이드레이션/전면검사,P3408A-00.00BRW,O2O2 D_Blending Hazel EX,"1,015","1,020",확인
2025-08-03,[45] 하이드레이션/전면검사,P3408A-00.00BRW,O2O2 D_Blending Hazel EX,"1,005","1,010",확인
2025-08-03,[45] 하이드레이션/전면검사,P3408A-00.00BRW,O2O2 D_Blending Hazel EX,"1,055","1,059",확인
2025-08-03,[55] 접착/ 멸균,P3408A-00.00BRW,O2O2 D_Blending Hazel EX,979,"1,005",확인
2025-08-03,[55] 접착/ 멸균,P3408A-00.00BRW,O2O2 D_Blending Hazel EX,990,"1,015",확인
2025-08-03,[80] 누수/규격검사,P3408A-00.00BRW,O2O2 D_Blending Hazel EX,773,793,확인
2025-08-03,[80] 누수/규격검사,P3408A-00.00BRW,O2O2 D_Blending Hazel EX,764,784,확인
2025-08-03,[80] 누수/규격검사,P3408A-00.00BRW,O2O2 D_Blending Hazel EX,787,807,확인
2025-08-03,[80] 누수/규격검사,P3408A-00.00BRW,O2O2 D_Blending Hazel EX,956,976,확인
2025-08-03,[80] 누수/규격검사,P3408A-00.00BRW,O2O2 D_Blending Hazel EX,886,906,확인
2025-08-03,[80] 누수/규격검사,P3408A-00.00BRW,O2O2 D_Blending Hazel EX,682,702,확인
2025-08-04,[10] 사출조립,R3408-04.00BRW,O2O2 D_Blending Hazel EX,"1,190","1,190",확인
2025-08-04,[10] 사출조립,R3408-05.00BRW,O2O2 D_Blending Hazel EX,"1,190","1,190",확인
2025-08-04,[10] 사출조립,R3408-05.50BRW,O2O2 D_Blending Hazel EX,500,"1,190",확인
2025-08-04,[10] 사출조립,R3408-04.25BRW,O2O2 D_Blending Hazel EX,"1,190","1,190",확인
2025-08-04,[10] 사출조립,R3408-04.25BRW,O2O2 D_Blending Hazel EX,"1,190","1,190",확인
2025-08-04,[10] 사출조립,R3408-05.00BRW,O2O2 D_Blending Hazel EX,"1,157","1,157",확인
2025-08-04,[10] 사출조립,R3408-05.50BRW,O2O2 D_Blending Hazel EX,"1,190","1,190",확인
2025-08-04,[10] 사출조립,R3408-05.00BRW,O2O2 D_Blending Hazel EX,"1,157","1,157",확인
2025-08-04,[10] 사출조립,R3408-04.00BRW,O2O2 D_Blending Hazel EX,"1,190","1,190",확인
2025-08-04,[10] 사출조립,R3408-04.00BRW,O2O2 D_Blending Hazel EX,"1,157","1,157",확인
2025-08-04,[10] 사출조립,R3408-04.00BRW,O2O2 D_Blending Hazel EX,"1,157","1,157",확인
2025-08-04,[10] 사출조립,R3408-05.00BRW,O2O2 D_Blending Hazel EX,"1,190","1,190",확인
2025-08-04,[10] 사출조립,R3408-04.25BRW,O2O2 D_Blending Hazel EX,0,"1,157",확인
2025-08-04,[10] 사출조립,R3408-05.50BRW,O2O2 D_Blending Hazel EX,"1,157","1,157",확인
2025-08-04,[10] 사출조립,R3408-05.50BRW,O2O2 D_Blending Hazel EX,0,"1,157",확인
2025-08-04,[10] 사출조립,R3408-04.25BRW,O2O2 D_Blending Hazel EX,"1,157","1,157",확인
2025-08-04,[20] 분리,Q3408-05.50BRW,O2O2 D_Blending Hazel EX,956,"1,035",확인
2025-08-04,[20] 분리,Q3408-05.00BRW,O2O2 D_Blending Hazel EX,920,"1,035",확인
2025-08-04,[20] 분리,Q3408-00.00BRW,O2O2 D_Blending Hazel EX,962,"1,189",확인
2025-08-04,[20] 분리,Q3408-00.00BRW,O2O2 D_Blending Hazel EX,"1,012","1,212",확인
2025-08-04,[20] 분리,Q3408-00.00BRW,O2O2 D_Blending Hazel EX,733,"1,181",확인
2025-08-04,[20] 분리,Q3408-00.00BRW,O2O2 D_Blending Hazel EX,844,"1,189",확인
2025-08-04,[20] 분리,Q3408-00.00BRW,O2O2 D_Blending Hazel EX,918,"1,207",확인
2025-08-04,[20] 분리,Q3408-00.00BRW,O2O2 D_Blending Hazel EX,"1,066","1,201",확인
2025-08-04,[20] 분리,Q3408-00.00BRW,O2O2 D_Blending Hazel EX,949,"1,189.00",확인
2025-08-04,[20] 분리,Q3408-00.00BRW,O2O2 D_Blending Hazel EX,806,"1,181",확인
2025-08-04,[20] 분리,Q3408-00.00BRW,O2O2 D_Blending Hazel EX,972,"1,181",확인
2025-08-04,[20] 분리,Q3408-00.00BRW,O2O2 D_Blending Hazel EX,927,"1,201",확인
2025-08-04,[20] 분리,Q3408-00.00BRW,O2O2 D_Blending Hazel EX,836,"1,189",확인
2025-08-04,[20] 분리,Q3408-00.00BRW,O2O2 D_Blending Hazel EX,656,"1,189",확인
2025-08-04,[20] 분리,Q3408-00.00BRW,O2O2 D_Blending Hazel EX,944,"1,212",확인
2025-08-04,[80] 누수/규격검사,P3408A-00.00BRW,O2O2 D_Blending Hazel EX,650,670,확인
2025-08-04,[45] 하이드레이션/전면검사,P3408A-00.00BRW,O2O2 D_Blending Hazel EX,840,844,확인
2025-08-04,[45] 하이드레이션/전면검사,P3408A-00.00BRW,O2O2 D_Blending Hazel EX,750,754,확인
2025-08-04,[80] 누수/규격검사,P3408A-00.00BRW,O2O2 D_Blending Hazel EX,652,672,확인
2025-08-04,[55] 접착/ 멸균,P3408A-00.00BRW,O2O2 D_Blending Hazel EX,863,885,확인
2025-08-04,[55] 접착/ 멸균,P3408A-00.00BRW,O2O2 D_Blending Hazel EX,406,520,확인
2025-08-04,[55] 접착/ 멸균,P3408A-00.00BRW,O2O2 D_Blending Hazel EX,567,600,확인
2025-08-04,[80] 누수/규격검사,P3408A-00.00BRW,O2O2 D_Blending Hazel EX,"1,001","1,021",확인
2025-08-04,[80] 누수/규격검사,P3408A-00.00BRW,O2O2 D_Blending Hazel EX,456,476,확인
2025-08-04,[45] 하이드레이션/전면검사,P3408A-00.00BRW,O2O2 D_Blending Hazel EX,915,918,확인
2025-08-04,[45] 하이드레이션/전면검사,P3408A-00.00BRW,O2O2 D_Blending Hazel EX,930,932,확인
2025-08-04,[80] 누수/규격검사,P3408A-00.00BRW,O2O2 D_Blending Hazel EX,714,734,확인
2025-08-04,[80] 누수/규격검사,P3408A-00.00BRW,O2O2 D_Blending Hazel EX,796,816,확인
2025-08-04,[80] 누수/규격검사,P3408A-00.00BRW,O2O2 D_Blending Hazel EX,894,914,확인
2025-08-04,[80] 누수/규격검사,P3408A-00.00BRW,O2O2 D_Blending Hazel EX,906,926,확인
2025-08-04,[80] 누수/규격검사,P3408A-00.00BRW,O2O2 D_Blending Hazel EX,547,567,확인
2025-08-04,[80] 누수/규격검사,P3408A-00.00BRW,O2O2 D_Blending Hazel EX,838,863,확인
2025-08-04,[80] 누수/규격검사,P3408A-00.00BRW,O2O2 D_Blending Hazel EX,386,406,확인
2025-08-04,[55] 접착/ 멸균,P3408A-00.00BRW,O2O2 D_Blending Hazel EX,672,890,확인
2025-08-04,[80] 누수/규격검사,P3408A-00.00BRW,O2O2 D_Blending Hazel EX,984,"1,004",확인
2025-08-04,[45] 하이드레이션/전면검사,P3408A-00.00BRW,O2O2 D_Blending Hazel EX,835,836,확인
2025-08-04,[45] 하이드레이션/전면검사,P3408A-00.00BRW,O2O2 D_Blending Hazel EX,685,689,확인
2025-08-04,[55] 접착/ 멸균,P3408A-00.00BRW,O2O2 D_Blending Hazel EX,0,835,확인
2025-08-04,[55] 접착/ 멸균,P3408A-00.00BRW,O2O2 D_Blending Hazel EX,"1,021","1,060",확인
2025-08-04,[55] 접착/ 멸균,P3408A-00.00BRW,O2O2 D_Blending Hazel EX,476,920,확인
2025-08-04,[45] 하이드레이션/전면검사,P3408A-00.00BRW,O2O2 D_Blending Hazel EX,970,972,확인
2025-08-04,[45] 하이드레이션/전면검사,P3408A-00.00BRW,O2O2 D_Blending Hazel EX,575,579,확인
2025-08-04,[45] 하이드레이션/전면검사,P3408A-00.00BRW,O2O2 D_Blending Hazel EX,690,694,확인
2025-08-04,[45] 하이드레이션/전면검사,P3408A-00.00BRW,O2O2 D_Blending Hazel EX,835,839,확인
2025-08-04,[45] 하이드레이션/전면검사,P3408A-00.00BRW,O2O2 D_Blending Hazel EX,805,806,확인
2025-08-04,[45] 하이드레이션/전면검사,P3408A-00.00BRW,O2O2 D_Blending Hazel EX,940,944,확인
2025-08-04,[55] 접착/ 멸균,P3408A-00.00BRW,O2O2 D_Blending Hazel EX,816,875,확인
2025-08-04,[55] 접착/ 멸균,P3408A-00.00BRW,O2O2 D_Blending Hazel EX,734,750,확인
2025-08-04,[55] 접착/ 멸균,P3408A-00.00BRW,O2O2 D_Blending Hazel EX,914,935,확인
2025-08-04,[55] 접착/ 멸균,P3408A-00.00BRW,O2O2 D_Blending Hazel EX,926,"1,015",확인
2025-08-04,[45] 하이드레이션/전면검사,P3408A-00.00BRW,O2O2 D_Blending Hazel EX,835,837,확인
2025-08-04,[45] 하이드레이션/전면검사,P3408A-00.00BRW,O2O2 D_Blending Hazel EX,655,656,확인
2025-08-04,[55] 접착/ 멸균,P3408A-00.00BRW,O2O2 D_Blending Hazel EX,0,575,확인
2025-08-04,[55] 접착/ 멸균,P3408A-00.00BRW,O2O2 D_Blending Hazel EX,"1,004","1,055",확인
2025-08-04,[55] 접착/ 멸균,P3408A-00.00BRW,O2O2 D_Blending Hazel EX,670,685,확인
2025-08-04,[55] 접착/ 멸균,P3408A-00.00BRW,O2O2 D_Blending Hazel EX,783,835,확인
2025-08-05,[20] 분리,Q3408-05.50BRW,O2O2 D_Blending Hazel EX,903,"1,035",확인
2025-08-05,[20] 분리,Q3408-05.50BRW,O2O2 D_Blending Hazel EX,867,"1,157",확인
2025-08-05,[20] 분리,Q3408-05.00BRW,O2O2 D_Blending Hazel EX,559,"1,190",확인
2025-08-05,[20] 분리,Q3408-05.00BRW,O2O2 D_Blending Hazel EX,"1,022","1,157",확인
2025-08-05,[20] 분리,Q3408-05.50BRW,O2O2 D_Blending Hazel EX,"1,060","1,190",확인
2025-08-05,[20] 분리,Q3408-05.00BRW,O2O2 D_Blending Hazel EX,931,"1,157",확인
2025-08-05,[20] 분리,Q3408-05.00BRW,O2O2 D_Blending Hazel EX,740,"1,035",확인
2025-08-05,[20] 분리,Q3408-05.00BRW,O2O2 D_Blending Hazel EX,891,"1,190",확인
2025-08-05,[20] 분리,Q3408-04.00BRW,O2O2 D_Blending Hazel EX,981,"1,190",확인
2025-08-05,[20] 분리,Q3408-04.25BRW,O2O2 D_Blending Hazel EX,784,"1,035",확인
2025-08-05,[20] 분리,Q3408-04.25BRW,O2O2 D_Blending Hazel EX,834,"1,035",확인
2025-08-05,[20] 분리,Q3408-04.00BRW,O2O2 D_Blending Hazel EX,934,"1,190",확인
2025-08-05,[20] 분리,Q3408-04.00BRW,O2O2 D_Blending Hazel EX,893,"1,157",확인
2025-08-05,[20] 분리,Q3408-04.25BRW,O2O2 D_Blending Hazel EX,926,"1,157",확인
2025-08-05,[20] 분리,Q3408-04.25BRW,O2O2 D_Blending Hazel EX,"1,090","1,190",확인
2025-08-05,[20] 분리,Q3408-04.25BRW,O2O2 D_Blending Hazel EX,"1,101","1,190",확인
2025-08-05,[45] 하이드레이션/전면검사,P3408A-04.00BRW,O2O2 D_Blending Hazel EX,640,648,확인
2025-08-05,[20] 분리,Q3408-04.00BRW,O2O2 D_Blending Hazel EX,648,"1,035",확인
2025-08-05,[20] 분리,Q3408-00.00BRW,O2O2 D_Blending Hazel EX,760,"1,201",확인
2025-08-05,[20] 분리,Q3408-00.00BRW,O2O2 D_Blending Hazel EX,926,"1,201",확인
2025-08-05,[20] 분리,Q3408-04.00BRW,O2O2 D_Blending Hazel EX,877,"1,035",확인
2025-08-05,[20] 분리,Q3408-00.00BRW,O2O2 D_Blending Hazel EX,"1,000","1,201",확인
2025-08-05,[20] 분리,Q3408-00.00BRW,O2O2 D_Blending Hazel EX,995,"1,189",확인
2025-08-05,[20] 분리,Q3408-00.00BRW,O2O2 D_Blending Hazel EX,776,"1,212",확인
2025-08-05,[20] 분리,Q3408-00.00BRW,O2O2 D_Blending Hazel EX,"1,012","1,201",확인
2025-08-05,[20] 분리,Q3408-00.00BRW,O2O2 D_Blending Hazel EX,919,"1,212",확인
2025-08-05,[45] 하이드레이션/전면검사,P3408A-05.50BRW,O2O2 D_Blending Hazel EX,955,956,확인
2025-08-05,[80] 누수/규격검사,P3408A-00.00BRW,O2O2 D_Blending Hazel EX,774,794,확인
2025-08-05,[80] 누수/규격검사,P3408A-00.00BRW,O2O2 D_Blending Hazel EX,899,919,확인
2025-08-05,[45] 하이드레이션/전면검사,P3408A-00.00BRW,O2O2 D_Blending Hazel EX,"1,010","1,012",확인
2025-08-05,[80] 누수/규격검사,P3408A-00.00BRW,O2O2 D_Blending Hazel EX,792,812,확인
2025-08-05,[80] 누수/규격검사,P3408A-00.00BRW,O2O2 D_Blending Hazel EX,844,864,확인
2025-08-05,[80] 누수/규격검사,P3408A-00.00BRW,O2O2 D_Blending Hazel EX,894,914,확인
2025-08-05,[80] 누수/규격검사,P3408A-00.00BRW,O2O2 D_Blending Hazel EX,615,635,확인
2025-08-05,[45] 하이드레이션/전면검사,P3408A-00.00BRW,O2O2 D_Blending Hazel EX,925,927,확인
2025-08-05,[55] 접착/ 멸균,P3408A-00.00BRW,O2O2 D_Blending Hazel EX,919,970,확인
2025-08-05,[55] 접착/ 멸균,P3408A-00.00BRW,O2O2 D_Blending Hazel EX,0,690,확인
2025-08-05,[55] 접착/ 멸균,P3408A-00.00BRW,O2O2 D_Blending Hazel EX,428,575,확인
2025-08-05,[45] 하이드레이션/전면검사,P3408A-00.00BRW,O2O2 D_Blending Hazel EX,945,949,확인
2025-08-05,[80] 누수/규격검사,P3408A-00.00BRW,O2O2 D_Blending Hazel EX,753,773,확인
2025-08-05,[80] 누수/규격검사,P3408A-00.00BRW,O2O2 D_Blending Hazel EX,860,880,확인
2025-08-05,[80] 누수/규격검사,P3408A-00.00BRW,O2O2 D_Blending Hazel EX,408,428,확인
2025-08-05,[55] 접착/ 멸균,P3408A-00.00BRW,O2O2 D_Blending Hazel EX,812,840,확인
2025-08-05,[45] 하이드레이션/전면검사,P3408A-00.00BRW,O2O2 D_Blending Hazel EX,"1,065","1,066",확인
2025-08-05,[45] 하이드레이션/전면검사,P3408A-00.00BRW,O2O2 D_Blending Hazel EX,385,391,확인
2025-08-05,[55] 접착/ 멸균,P3408A-00.00BRW,O2O2 D_Blending Hazel EX,635,655,확인
2025-08-05,[55] 접착/ 멸균,P3408A-00.00BRW,O2O2 D_Blending Hazel EX,880,940,확인
2025-08-05,[55] 접착/ 멸균,P3408A-00.00BRW,O2O2 D_Blending Hazel EX,773,805,확인
2025-08-05,[55] 접착/ 멸균,P3408A-00.00BRW,O2O2 D_Blending Hazel EX,864,915,확인
2025-08-05,[55] 접착/ 멸균,P3408A-00.00BRW,O2O2 D_Blending Hazel EX,538,580,확인
2025-08-05,[55] 접착/ 멸균,P3408A-00.00BRW,O2O2 D_Blending Hazel EX,914,930,확인
2025-08-05,[45] 하이드레이션/전면검사,P3408A-00.00BRW,O2O2 D_Blending Hazel EX,725,733,확인
2025-08-05,[55] 접착/ 멸균,P3408A-00.00BRW,O2O2 D_Blending Hazel EX,794,835,확인
2025-08-05,[80] 누수/규격검사,P3408A-00.00BRW,O2O2 D_Blending Hazel EX,763,783,확인
2025-08-05,[80] 누수/규격검사,P3408A-00.00BRW,O2O2 D_Blending Hazel EX,518,538,확인
2025-08-05,[45] 하이드레이션/전면검사,P3408A-00.00BRW,O2O2 D_Blending Hazel EX,960,962,확인
2025-08-05,[45] 하이드레이션/전면검사,P3408A-05.00BRW,O2O2 D_Blending Hazel EX,920,920,확인
2025-08-06,[80] 누수/규격검사,P3408A-04.00BRW,O2O2 D_Blending Hazel EX,480,585,확인
2025-08-06,[20] 분리,Q3408-05.50BRW,O2O2 D_Blending Hazel EX,923,"1,077",확인
2025-08-06,[20] 분리,Q3408-05.00BRW,O2O2 D_Blending Hazel EX,853,"1,077",확인
2025-08-06,[20] 분리,Q3408-05.50BRW,O2O2 D_Blending Hazel EX,819,"1,077",확인
2025-08-06,[20] 분리,Q3408-05.00BRW,O2O2 D_Blending Hazel EX,836,"1,077",확인
2025-08-06,[80] 누수/규격검사,P3408A-04.25BRW,O2O2 D_Blending Hazel EX,718,743,확인
2025-08-06,[45] 하이드레이션/전면검사,P3408A-04.00BRW,O2O2 D_Blending Hazel EX,885,893,확인
2025-08-06,[20] 분리,Q3408-04.00BRW,O2O2 D_Blending Hazel EX,392,"1,077",확인
2025-08-06,[20] 분리,Q3408-04.25BRW,O2O2 D_Blending Hazel EX,960,"1,077",확인
2025-08-06,[45] 하이드레이션/전면검사,P3408A-04.00BRW,O2O2 D_Blending Hazel EX,965,981,확인
2025-08-06,[20] 분리,Q3408-04.00BRW,O2O2 D_Blending Hazel EX,874,"1,157",확인
2025-08-06,[45] 하이드레이션/전면검사,P3408A-04.25BRW,O2O2 D_Blending Hazel EX,830,834,확인
2025-08-06,[45] 하이드레이션/전면검사,P3408A-04.25BRW,O2O2 D_Blending Hazel EX,780,784,확인
2025-08-06,[55] 접착/ 멸균,P3408A-04.00BRW,O2O2 D_Blending Hazel EX,585,640,확인
2025-08-06,[45] 하이드레이션/전면검사,P3408A-04.00BRW,O2O2 D_Blending Hazel EX,870,877,확인
2025-08-06,[45] 하이드레이션/전면검사,P3408A-04.00BRW,O2O2 D_Blending Hazel EX,930,934,확인
2025-08-06,[45] 하이드레이션/전면검사,P3408A-04.25BRW,O2O2 D_Blending Hazel EX,925,926,확인
2025-08-06,[45] 하이드레이션/전면검사,P3408A-04.25BRW,O2O2 D_Blending Hazel EX,"1,095","1,101",확인
2025-08-06,[45] 하이드레이션/전면검사,P3408A-04.25BRW,O2O2 D_Blending Hazel EX,"1,075","1,090",확인
2025-08-06,[55] 접착/ 멸균,P3408A-04.25BRW,O2O2 D_Blending Hazel EX,743,780,확인
2025-08-06,[45] 하이드레이션/전면검사,P3408A-05.50BRW,O2O2 D_Blending Hazel EX,"1,055","1,060",확인
2025-08-06,[45] 하이드레이션/전면검사,P3408A-05.50BRW,O2O2 D_Blending Hazel EX,860,867,확인
2025-08-06,[45] 하이드레이션/전면검사,P3408A-05.50BRW,O2O2 D_Blending Hazel EX,900,903,확인
2025-08-06,[55] 접착/ 멸균,P3408A-00.00BRW,O2O2 D_Blending Hazel EX,968,"1,000",확인
2025-08-06,[45] 하이드레이션/전면검사,P3408A-00.00BRW,O2O2 D_Blending Hazel EX,"1,000","1,000",확인
2025-08-06,[45] 하이드레이션/전면검사,P3408A-00.00BRW,O2O2 D_Blending Hazel EX,755,760,확인
2025-08-06,[80] 누수/규격검사,P3408A-00.00BRW,O2O2 D_Blending Hazel EX,948,968,확인
2025-08-06,[45] 하이드레이션/전면검사,P3408A-00.00BRW,O2O2 D_Blending Hazel EX,775,776,확인
2025-08-06,[45] 하이드레이션/전면검사,P3408A-00.00BRW,O2O2 D_Blending Hazel EX,"1,005","1,012",확인
2025-08-06,[45] 하이드레이션/전면검사,P3408A-00.00BRW,O2O2 D_Blending Hazel EX,990,995,확인
2025-08-06,[45] 하이드레이션/전면검사,P3408A-00.00BRW,O2O2 D_Blending Hazel EX,925,926,확인
2025-08-06,[45] 하이드레이션/전면검사,P3408A-00.00BRW,O2O2 D_Blending Hazel EX,915,919,확인
2025-08-06,[55] 접착/ 멸균,P3408A-05.00BRW,O2O2 D_Blending Hazel EX,847,890,확인
2025-08-06,[55] 접착/ 멸균,P3408A-05.00BRW,O2O2 D_Blending Hazel EX,693,740,확인
2025-08-06,[55] 접착/ 멸균,P3408A-00.00BRW,O2O2 D_Blending Hazel EX,975,"1,005",확인
2025-08-06,[80] 누수/규격검사,P3408A-05.00BRW,O2O2 D_Blending Hazel EX,673,693,확인
2025-08-06,[80] 누수/규격검사,P3408A-05.00BRW,O2O2 D_Blending Hazel EX,822,847,확인
2025-08-06,[45] 하이드레이션/전면검사,P3408A-05.00BRW,O2O2 D_Blending Hazel EX,890,891,확인
2025-08-06,[45] 하이드레이션/전면검사,P3408A-05.00BRW,O2O2 D_Blending Hazel EX,925,931,확인
2025-08-06,[45] 하이드레이션/전면검사,P3408A-05.00BRW,O2O2 D_Blending Hazel EX,555,559,확인
2025-08-06,[45] 하이드레이션/전면검사,P3408A-05.00BRW,O2O2 D_Blending Hazel EX,"1,020","1,022",확인
2025-08-06,[45] 하이드레이션/전면검사,P3408A-05.00BRW,O2O2 D_Blending Hazel EX,740,740,확인
2025-08-07,[55] 접착/ 멸균,P3408A-04.00BRW,O2O2 D_Blending Hazel EX,926,965,확인
2025-08-07,[55] 접착/ 멸균,P3408A-04.25BRW,O2O2 D_Blending Hazel EX,"1,026","1,075",확인
2025-08-07,[55] 접착/ 멸균,P3408A-04.25BRW,O2O2 D_Blending Hazel EX,"1,056","1,095",확인
2025-08-07,[55] 접착/ 멸균,P3408A-04.00BRW,O2O2 D_Blending Hazel EX,822,870,확인
2025-08-07,[80] 누수/규격검사,P3408A-04.00BRW,O2O2 D_Blending Hazel EX,802,822,확인
2025-08-07,[55] 접착/ 멸균,P3408A-04.00BRW,O2O2 D_Blending Hazel EX,896,930,확인
2025-08-07,[55] 접착/ 멸균,P3408A-04.25BRW,O2O2 D_Blending Hazel EX,890,925,확인
2025-08-07,[80] 누수/규격검사,P3408A-04.25BRW,O2O2 D_Blending Hazel EX,870,890,확인
2025-08-07,[55] 접착/ 멸균,P3408A-04.00BRW,O2O2 D_Blending Hazel EX,823,885,확인
2025-08-07,[80] 누수/규격검사,P3408A-04.00BRW,O2O2 D_Blending Hazel EX,802,823,확인
2025-08-07,[80] 누수/규격검사,P3408A-04.25BRW,O2O2 D_Blending Hazel EX,"1,006","1,026",확인
2025-08-07,[80] 누수/규격검사,P3408A-04.25BRW,O2O2 D_Blending Hazel EX,"1,035","1,056",확인
2025-08-07,[55] 접착/ 멸균,P3408A-05.50BRW,O2O2 D_Blending Hazel EX,917,955,확인
2025-08-07,[55] 접착/ 멸균,P3408A-05.50BRW,O2O2 D_Blending Hazel EX,858,900,확인
2025-08-07,[80] 누수/규격검사,P3408A-05.50BRW,O2O2 D_Blending Hazel EX,838,858,확인
2025-08-07,[55] 접착/ 멸균,P3408A-05.50BRW,O2O2 D_Blending Hazel EX,"1,020","1,055",확인
2025-08-07,[80] 누수/규격검사,P3408A-05.50BRW,O2O2 D_Blending Hazel EX,"1,000","1,020",확인
2025-08-07,[55] 접착/ 멸균,P3408A-05.50BRW,O2O2 D_Blending Hazel EX,817,860,확인
2025-08-07,[80] 누수/규격검사,P3408A-05.50BRW,O2O2 D_Blending Hazel EX,797,817,확인
2025-08-07,[45] 하이드레이션/전면검사,P3408A-04.00BRW,O2O2 D_Blending Hazel EX,865,874,확인
2025-08-07,[45] 하이드레이션/전면검사,P3408A-04.00BRW,O2O2 D_Blending Hazel EX,390,392,확인
2025-08-07,[45] 하이드레이션/전면검사,P3408A-04.25BRW,O2O2 D_Blending Hazel EX,960,960,확인
2025-08-07,[45] 하이드레이션/전면검사,P3408A-05.50BRW,O2O2 D_Blending Hazel EX,915,923,확인
2025-08-07,[45] 하이드레이션/전면검사,P3408A-05.50BRW,O2O2 D_Blending Hazel EX,815,819,확인
2025-08-07,[45] 하이드레이션/전면검사,P3408A-00.00BRW,O2O2 D_Blending Hazel EX,985,990,확인
2025-08-07,[80] 누수/규격검사,P3408A-00.00BRW,O2O2 D_Blending Hazel EX,954,974,확인
2025-08-07,[55] 접착/ 멸균,P3408A-00.00BRW,O2O2 D_Blending Hazel EX,974,"1,010",확인
2025-08-07,[80] 누수/규격검사,P3408A-00.00BRW,O2O2 D_Blending Hazel EX,"1,004","1,034",확인
2025-08-07,[80] 누수/규격검사,P3408A-00.00BRW,O2O2 D_Blending Hazel EX,874,894,확인
2025-08-07,[80] 누수/규격검사,P3408A-00.00BRW,O2O2 D_Blending Hazel EX,942,962,확인
2025-08-07,[80] 누수/규격검사,P3408A-00.00BRW,O2O2 D_Blending Hazel EX,735,755,확인
2025-08-07,[80] 누수/규격검사,P3408A-00.00BRW,O2O2 D_Blending Hazel EX,857,877,확인
2025-08-07,[80] 누수/규격검사,P3408A-00.00BRW,O2O2 D_Blending Hazel EX,890,910,확인
2025-08-07,[55] 접착/ 멸균,P3408A-00.00BRW,O2O2 D_Blending Hazel EX,370,985,확인
2025-08-07,[55] 접착/ 멸균,P3408A-00.00BRW,O2O2 D_Blending Hazel EX,361,385,확인
2025-08-07,[55] 접착/ 멸균,P3408A-00.00BRW,O2O2 D_Blending Hazel EX,"1,034","1,065",확인
2025-08-07,[55] 접착/ 멸균,P3408A-00.00BRW,O2O2 D_Blending Hazel EX,894,915,확인
2025-08-07,[55] 접착/ 멸균,P3408A-00.00BRW,O2O2 D_Blending Hazel EX,697,725,확인
2025-08-07,[45] 하이드레이션/전면검사,P3408A-05.00BRW,O2O2 D_Blending Hazel EX,835,836,확인
2025-08-07,[55] 접착/ 멸균,P3408A-00.00BRW,O2O2 D_Blending Hazel EX,962,990,확인
2025-08-07,[55] 접착/ 멸균,P3408A-00.00BRW,O2O2 D_Blending Hazel EX,910,945,확인
2025-08-07,[55] 접착/ 멸균,P3408A-00.00BRW,O2O2 D_Blending Hazel EX,755,775,확인
2025-08-07,[55] 접착/ 멸균,P3408A-05.00BRW,O2O2 D_Blending Hazel EX,540,555,확인
2025-08-07,[80] 누수/규격검사,P3408A-00.00BRW,O2O2 D_Blending Hazel EX,920,940,확인
2025-08-07,[55] 접착/ 멸균,P3408A-00.00BRW,O2O2 D_Blending Hazel EX,940,960,확인
2025-08-07,[45] 하이드레이션/전면검사,P3408A-05.00BRW,O2O2 D_Blending Hazel EX,850,853,확인
2025-08-07,[80] 누수/규격검사,P3408A-00.00BRW,O2O2 D_Blending Hazel EX,677,697,확인
2025-08-07,[80] 누수/규격검사,P3408A-00.00BRW,O2O2 D_Blending Hazel EX,945,975,확인
2025-08-07,[80] 누수/규격검사,P3408A-05.00BRW,O2O2 D_Blending Hazel EX,520,540,확인
2025-08-07,[55] 접착/ 멸균,P3408A-00.00BRW,O2O2 D_Blending Hazel EX,877,925,확인
2025-08-07,[55] 접착/ 멸균,P3408A-05.00BRW,O2O2 D_Blending Hazel EX,870,920,확인
2025-08-07,[80] 누수/규격검사,P3408A-00.00BRW,O2O2 D_Blending Hazel EX,341,361,확인
2025-08-07,[80] 누수/규격검사,P3408A-05.00BRW,O2O2 D_Blending Hazel EX,821,885,확인
2025-08-07,[55] 접착/ 멸균,P3408A-05.00BRW,O2O2 D_Blending Hazel EX,885,925,확인
2025-08-07,[55] 접착/ 멸균,P3408A-05.00BRW,O2O2 D_Blending Hazel EX,987,"1,020",확인
2025-08-07,[80] 누수/규격검사,P3408A-05.00BRW,O2O2 D_Blending Hazel EX,967,987,확인
2025-08-07,[80] 누수/규격검사,P3408A-05.00BRW,O2O2 D_Blending Hazel EX,850,870,확인
2025-08-08,[55] 접착/ 멸균,P3408A-04.25BRW,O2O2 D_Blending Hazel EX,798,830,확인
2025-08-08,[80] 누수/규격검사,P3408A-04.00BRW,O2O2 D_Blending Hazel EX,796,816,확인
2025-08-08,[55] 접착/ 멸균,P3408A-04.00BRW,O2O2 D_Blending Hazel EX,816,865,확인
2025-08-08,[80] 누수/규격검사,P3408A-04.00BRW,O2O2 D_Blending Hazel EX,906,926,확인
2025-08-08,[55] 접착/ 멸균,P3408A-04.25BRW,O2O2 D_Blending Hazel EX,926,960,확인
2025-08-08,[80] 누수/규격검사,P3408A-04.00BRW,O2O2 D_Blending Hazel EX,861,896,확인
2025-08-08,[80] 누수/규격검사,P3408A-04.00BRW,O2O2 D_Blending Hazel EX,344,349,확인
2025-08-08,[55] 접착/ 멸균,P3408A-04.00BRW,O2O2 D_Blending Hazel EX,349,390,확인
2025-08-08,[80] 누수/규격검사,P3408A-04.25BRW,O2O2 D_Blending Hazel EX,906,926,확인
2025-08-08,[80] 누수/규격검사,P3408A-05.50BRW,O2O2 D_Blending Hazel EX,897,917,확인
2025-08-08,[55] 접착/ 멸균,P3408A-05.50BRW,O2O2 D_Blending Hazel EX,789,815,확인
2025-08-08,[80] 누수/규격검사,P3408A-05.50BRW,O2O2 D_Blending Hazel EX,769,789,확인
2025-08-08,[80] 누수/규격검사,P3408A-04.25BRW,O2O2 D_Blending Hazel EX,778,798,확인
2025-08-08,[80] 누수/규격검사,P3408A-05.50BRW,O2O2 D_Blending Hazel EX,855,885,확인
2025-08-08,[55] 접착/ 멸균,P3408A-05.50BRW,O2O2 D_Blending Hazel EX,885,915,확인
2025-08-08,[80] 누수/규격검사,P3408A-00.00BRW,O2O2 D_Blending Hazel EX,878,898,확인
2025-08-08,[80] 누수/규격검사,P3408A-00.00BRW,O2O2 D_Blending Hazel EX,720,740,확인
2025-08-08,[55] 접착/ 멸균,P3408A-00.00BRW,O2O2 D_Blending Hazel EX,740,755,확인
2025-08-08,[55] 접착/ 멸균,P3408A-00.00BRW,O2O2 D_Blending Hazel EX,898,925,확인
2025-08-08,[80] 누수/규격검사,P3408A-00.00BRW,O2O2 D_Blending Hazel EX,335,340,확인
2025-08-08,[55] 접착/ 멸균,P3408A-00.00BRW,O2O2 D_Blending Hazel EX,340,370,확인
2025-08-08,[55] 접착/ 멸균,P3408A-05.00BRW,O2O2 D_Blending Hazel EX,800,835,확인
2025-08-08,[55] 접착/ 멸균,P3408A-05.00BRW,O2O2 D_Blending Hazel EX,804,850,확인
2025-08-08,[80] 누수/규격검사,P3408A-05.00BRW,O2O2 D_Blending Hazel EX,784,804,확인
2025-08-09,[10] 사출조립,R3408-00.00BRW,O2O2 D_Blending Hazel EX,972,972,확인
2025-08-09,[10] 사출조립,R3408-00.00BRW,O2O2 D_Blending Hazel EX,972,972,확인
2025-08-09,[10] 사출조립,R3408-00.00BRW,O2O2 D_Blending Hazel EX,0,"1,126",확인
2025-08-09,[10] 사출조립,R3408-00.00BRW,O2O2 D_Blending Hazel EX,"1,126","1,126",확인
2025-08-09,[10] 사출조립,R3408-00.00BRW,O2O2 D_Blending Hazel EX,0,"1,126",확인
2025-08-09,[10] 사출조립,R3408-00.00BRW,O2O2 D_Blending Hazel EX,"1,126","1,126",확인
2025-08-09,[10] 사출조립,R3408-00.00BRW,O2O2 D_Blending Hazel EX,972,972,확인
2025-08-09,[10] 사출조립,R3408-00.00BRW,O2O2 D_Blending Hazel EX,"1,126","1,126",확인
2025-08-09,[10] 사출조립,R3408-00.00BRW,O2O2 D_Blending Hazel EX,"1,126","1,126",확인
2025-08-09,[10] 사출조립,R3408-00.00BRW,O2O2 D_Blending Hazel EX,972,972,확인
2025-08-09,[10] 사출조립,R3408-00.00BRW,O2O2 D_Blending Hazel EX,972,972,확인
2025-08-09,[10] 사출조립,R3408-00.00BRW,O2O2 D_Blending Hazel EX,0,972,확인
2025-08-09,[10] 사출조립,R3408-00.00BRW,O2O2 D_Blending Hazel EX,972,972,확인
2025-08-09,[10] 사출조립,R3408-00.00BRW,O2O2 D_Blending Hazel EX,"1,126","1,126",확인
2025-08-09,[10] 사출조립,R3408-00.00BRW,O2O2 D_Blending Hazel EX,972,972,확인
2025-08-09,[10] 사출조립,R3408-00.00BRW,O2O2 D_Blending Hazel EX,"1,126","1,126",확인
2025-08-09,[20] 분리,Q3408-00.00BRW,O2O2 D_Blending Hazel EX,0,"1,219",확인
2025-08-09,[80] 누수/규격검사,P3408A-05.00BRW,O2O2 D_Blending Hazel EX,780,800,확인
2025-08-10,[20] 분리,Q3408-00.00BRW,O2O2 D_Blending Hazel EX,830,"1,126",확인
2025-08-10,[20] 분리,Q3408-00.00BRW,O2O2 D_Blending Hazel EX,738,972,확인
2025-08-10,[20] 분리,Q3408-00.00BRW,O2O2 D_Blending Hazel EX,687,972,확인
2025-08-10,[20] 분리,Q3408-00.00BRW,O2O2 D_Blending Hazel EX,857,"1,126",확인
2025-08-10,[20] 분리,Q3408-00.00BRW,O2O2 D_Blending Hazel EX,614,972,확인
2025-08-10,[20] 분리,Q3408-00.00BRW,O2O2 D_Blending Hazel EX,695,972,확인
2025-08-10,[20] 분리,Q3408-00.00BRW,O2O2 D_Blending Hazel EX,591,"1,126",확인
2025-08-10,[20] 분리,Q3408-00.00BRW,O2O2 D_Blending Hazel EX,691,"1,126",확인
2025-08-11,[20] 분리,Q3408-00.00BRW,O2O2 D_Blending Hazel EX,793,972,확인
2025-08-11,[20] 분리,Q3408-00.00BRW,O2O2 D_Blending Hazel EX,732,972,확인
2025-08-11,[20] 분리,Q3408-00.00BRW,O2O2 D_Blending Hazel EX,931,"1,126",확인
2025-08-11,[20] 분리,Q3408-00.00BRW,O2O2 D_Blending Hazel EX,918,"1,126",확인
2025-08-11,[20] 분리,Q3408-00.00BRW,O2O2 D_Blending Hazel EX,604,972,확인
2025-08-11,[45] 하이드레이션/전면검사,P3408A-00.00BRW,O2O2 D_Blending Hazel EX,590,591,확인
2025-08-11,[45] 하이드레이션/전면검사,P3408A-00.00BRW,O2O2 D_Blending Hazel EX,610,614,확인
2025-08-11,[45] 하이드레이션/전면검사,P3408A-00.00BRW,O2O2 D_Blending Hazel EX,850,857,확인
2025-08-11,[45] 하이드레이션/전면검사,P3408A-00.00BRW,O2O2 D_Blending Hazel EX,690,691,확인
2025-08-12,[45] 하이드레이션/전면검사,P3408A-00.00BRW,O2O2 D_Blending Hazel EX,695,695,확인
2025-08-12,[45] 하이드레이션/전면검사,P3408A-00.00BRW,O2O2 D_Blending Hazel EX,915,918,확인
2025-08-12,[45] 하이드레이션/전면검사,P3408A-00.00BRW,O2O2 D_Blending Hazel EX,685,687,확인
2025-08-12,[45] 하이드레이션/전면검사,P3408A-00.00BRW,O2O2 D_Blending Hazel EX,600,604,확인
2025-08-12,[45] 하이드레이션/전면검사,P3408A-00.00BRW,O2O2 D_Blending Hazel EX,735,738,확인
2025-08-12,[45] 하이드레이션/전면검사,P3408A-00.00BRW,O2O2 D_Blending Hazel EX,930,931,확인
2025-08-12,[45] 하이드레이션/전면검사,P3408A-00.00BRW,O2O2 D_Blending Hazel EX,830,830,확인
2025-08-12,[45] 하이드레이션/전면검사,P3408A-00.00BRW,O2O2 D_Blending Hazel EX,790,793,확인
2025-08-12,[45] 하이드레이션/전면검사,P3408A-00.00BRW,O2O2 D_Blending Hazel EX,730,732,확인
2025-08-13,[80] 누수/규격검사,P3408A-00.00BRW,O2O2 D_Blending Hazel EX,540,560,확인
2025-08-13,[55] 접착/ 멸균,P3408A-00.00BRW,O2O2 D_Blending Hazel EX,269,690,확인
2025-08-13,[80] 누수/규격검사,P3408A-00.00BRW,O2O2 D_Blending Hazel EX,630,650,확인
2025-08-13,[80] 누수/규격검사,P3408A-00.00BRW,O2O2 D_Blending Hazel EX,810,830,확인
2025-08-13,[80] 누수/규격검사,P3408A-00.00BRW,O2O2 D_Blending Hazel EX,249,269,확인
2025-08-13,[55] 접착/ 멸균,P3408A-00.00BRW,O2O2 D_Blending Hazel EX,877,915,확인
2025-08-13,[80] 누수/규격검사,P3408A-00.00BRW,O2O2 D_Blending Hazel EX,215,235,확인
2025-08-13,[80] 누수/규격검사,P3408A-00.00BRW,O2O2 D_Blending Hazel EX,842,862,확인
2025-08-13,[80] 누수/규격검사,P3408A-00.00BRW,O2O2 D_Blending Hazel EX,775,795,확인
2025-08-13,[55] 접착/ 멸균,P3408A-00.00BRW,O2O2 D_Blending Hazel EX,830,850,확인
2025-08-13,[55] 접착/ 멸균,P3408A-00.00BRW,O2O2 D_Blending Hazel EX,650,685,확인
2025-08-13,[80] 누수/규격검사,P3408A-00.00BRW,O2O2 D_Blending Hazel EX,852,877,확인
2025-08-13,[55] 접착/ 멸균,P3408A-00.00BRW,O2O2 D_Blending Hazel EX,235,735,확인
2025-08-13,[55] 접착/ 멸균,P3408A-00.00BRW,O2O2 D_Blending Hazel EX,795,830,확인
2025-08-13,[55] 접착/ 멸균,P3408A-00.00BRW,O2O2 D_Blending Hazel EX,862,930,확인
2025-08-13,[55] 접착/ 멸균,P3408A-00.00BRW,O2O2 D_Blending Hazel EX,560,590,확인
2025-08-13,[80] 누수/규격검사,P3408A-00.00BRW,O2O2 D_Blending Hazel EX,689,709,확인
2025-08-13,[55] 접착/ 멸균,P3408A-00.00BRW,O2O2 D_Blending Hazel EX,709,730,확인
2025-08-14,[80] 누수/규격검사,P3408A-00.00BRW,O2O2 D_Blending Hazel EX,523,543,확인
2025-08-14,[55] 접착/ 멸균,P3408A-00.00BRW,O2O2 D_Blending Hazel EX,580,610,확인
2025-08-14,[80] 누수/규격검사,P3408A-00.00BRW,O2O2 D_Blending Hazel EX,560,580,확인
2025-08-14,[80] 누수/규격검사,P3408A-00.00BRW,O2O2 D_Blending Hazel EX,657,677,확인
2025-08-14,[55] 접착/ 멸균,P3408A-00.00BRW,O2O2 D_Blending Hazel EX,677,695,확인
2025-08-14,[55] 접착/ 멸균,P3408A-00.00BRW,O2O2 D_Blending Hazel EX,543,600,확인
2025-08-14,[80] 누수/규격검사,P3408A-00.00BRW,O2O2 D_Blending Hazel EX,746,767,확인
2025-08-14,[55] 접착/ 멸균,P3408A-00.00BRW,O2O2 D_Blending Hazel EX,767,790,확인
2025-09-16,[20] 분리,Q3408-00.00BRW,O2O2 D_Blending Hazel EX,0,"1,193",확인
2025-09-19,[20] 분리,Q3408-00.00BRW,O2O2 D_Blending Hazel EX,0,"1,155",확인
2025-09-19,[20] 분리,Q3408-05.50BRW,O2O2 D_Blending Hazel EX,0,500,확인
2025-09-30,[27] 재작업,P3405A-03.00SPC,O2O2 D_Sepia Choco EX,25,25,확인
2025-09-30,[27] 재작업,P3405A-03.00SPC,O2O2 D_Sepia Choco EX,15,15,확인
2025-09-30,[27] 재작업,P3405A-01.75SPC,O2O2 D_Sepia Choco EX,10,10,확인
2025-09-30,[27] 재작업,P3405A-01.00SPC,O2O2 D_Sepia Choco EX,15,15,확인
2025-09-30,[27] 재작업,P3405A-01.00SPC,O2O2 D_Sepia Choco EX,10,10,확인
2025-09-30,[27] 재작업,P3405A-01.00SPC,O2O2 D_Sepia Choco EX,5,5,확인
2025-09-30,[27] 재작업,P3405A-03.50SPC,O2O2 D_Sepia Choco EX,15,15,확인
2025-09-30,[27] 재작업,P3405A-03.50SPC,O2O2 D_Sepia Choco EX,15,15,확인
2025-09-30,[27] 재작업,P3405A-03.50SPC,O2O2 D_Sepia Choco EX,25,25,확인
2025-09-30,[27] 재작업,P3405A-03.50SPC,O2O2 D_Sepia Choco EX,20,20,확인
2025-09-30,[27] 재작업,P3405A-03.50SPC,O2O2 D_Sepia Choco EX,10,10,확인
2025-09-30,[27] 재작업,P3405A-03.50SPC,O2O2 D_Sepia Choco EX,10,10,확인
2025-09-30,[27] 재작업,P3405A-03.50SPC,O2O2 D_Sepia Choco EX,20,20,확인
2025-09-30,[27] 재작업,P3405A-03.50SPC,O2O2 D_Sepia Choco EX,15,15,확인
2025-09-30,[27] 재작업,P3405A-01.25SPC,O2O2 D_Sepia Choco EX,15,15,확인
2025-09-30,[27] 재작업,P3405A-01.25SPC,O2O2 D_Sepia Choco EX,25,25,확인
2025-09-30,[27] 재작업,P3405A-02.25SPC,O2O2 D_Sepia Choco EX,20,20,확인
2025-09-30,[27] 재작업,P3405A-02.25SPC,O2O2 D_Sepia Choco EX,10,10,확인
2025-09-30,[27] 재작업,P3405A-02.25SPC,O2O2 D_Sepia Choco EX,10,10,확인
2025-09-30,[27] 재작업,P3405A-02.25SPC,O2O2 D_Sepia Choco EX,10,10,확인
2025-09-30,[27] 재작업,P3405A-02.25SPC,O2O2 D_Sepia Choco EX,5,5,확인
2025-09-30,[27] 재작업,P3405A-02.25SPC,O2O2 D_Sepia Choco EX,25,25,확인
2025-09-30,[27] 재작업,P3405A-06.00SPC,O2O2 D_Sepia Choco EX,15,15,확인
2025-10-10,[27] 재작업,P3406A-00.75ASB,O2O2 D_Ash Brown EX,10,10,확인
2025-10-10,[27] 재작업,P3406A-04.00ASB,O2O2 D_Ash Brown EX,20,20,확인
2025-10-10,[27] 재작업,P3406A-04.00ASB,O2O2 D_Ash Brown EX,20,20,확인
2025-10-10,[27] 재작업,P3406A-04.00ASB,O2O2 D_Ash Brown EX,25,25,확인
2025-10-10,[27] 재작업,P3406A-04.00ASB,O2O2 D_Ash Brown EX,20,20,확인
2025-10-10,[27] 재작업,P3406A-04.00ASB,O2O2 D_Ash Brown EX,10,10,확인
2025-10-10,[27] 재작업,P3406A-04.00ASB,O2O2 D_Ash Brown EX,10,10,확인
2025-10-10,[27] 재작업,P3406A-04.00ASB,O2O2 D_Ash Brown EX,20,20,확인
2025-10-10,[27] 재작업,P3406A-04.00ASB,O2O2 D_Ash Brown EX,20,20,확인
2025-10-10,[27] 재작업,P3406A-04.00ASB,O2O2 D_Ash Brown EX,20,20,확인
2025-10-10,[27] 재작업,P3406A-04.00ASB,O2O2 D_Ash Brown EX,20,20,확인
2025-10-11,[27] 재작업,P3406A-04.25ASB,O2O2 D_Ash Brown EX,20,20,확인
2025-10-11,[27] 재작업,P3406A-04.25ASB,O2O2 D_Ash Brown EX,20,20,확인
2025-10-11,[27] 재작업,P3406A-04.25ASB,O2O2 D_Ash Brown EX,10,10,확인
2025-10-11,[27] 재작업,P3405A-05.00SPC,O2O2 D_Sepia Choco EX,5,5,확인
2025-10-11,[27] 재작업,P3405A-01.75SPC,O2O2 D_Sepia Choco EX,10,10,확인
2025-10-11,[27] 재작업,P3405A-02.25SPC,O2O2 D_Sepia Choco EX,20,20,확인
2025-10-11,[27] 재작업,P3405A-04.50SPC,O2O2 D_Sepia Choco EX,10,10,확인
2025-10-11,[27] 재작업,P3406A-01.00ASB,O2O2 D_Ash Brown EX,10,10,확인
2025-10-11,[27] 재작업,P3406A-01.75ASB,O2O2 D_Ash Brown EX,15,15,확인
2025-10-11,[27] 재작업,P3405A-03.50SPC,O2O2 D_Sepia Choco EX,20,20,확인
2025-10-11,[27] 재작업,P3405A-04.75SPC,O2O2 D_Sepia Choco EX,25,25,확인
2025-10-11,[27] 재작업,P3405A-04.00SPC,O2O2 D_Sepia Choco EX,20,20,확인
2025-10-12,[27] 재작업,P3408A-00.00BRW,O2O2 D_Blending Hazel EX,5,5,확인
2025-10-12,[27] 재작업,P3408A-00.00BRW,O2O2 D_Blending Hazel EX,20,20,확인
2025-10-12,[27] 재작업,P3408A-00.00BRW,O2O2 D_Blending Hazel EX,15,15,확인
2025-10-12,[27] 재작업,P3408A-00.00BRW,O2O2 D_Blending Hazel EX,20,20,확인
2025-10-12,[27] 재작업,P3408A-00.00BRW,O2O2 D_Blending Hazel EX,25,25,확인
2025-10-12,[27] 재작업,P3408A-00.00BRW,O2O2 D_Blending Hazel EX,20,20,확인
2025-10-12,[27] 재작업,P3408A-00.00BRW,O2O2 D_Blending Hazel EX,25,25,확인
2025-10-12,[27] 재작업,P3408A-00.00BRW,O2O2 D_Blending Hazel EX,10,10,확인
2025-10-12,[27] 재작업,P3408A-00.00BRW,O2O2 D_Blending Hazel EX,25,25,확인
2025-10-12,[27] 재작업,P3408A-00.00BRW,O2O2 D_Blending Hazel EX,10,10,확인
2025-10-12,[27] 재작업,P3408A-00.00BRW,O2O2 D_Blending Hazel EX,20,20,확인
2025-11-03,[27] 재작업,P3405A-00.00SPC,O2O2 D_Sepia Choco EX,15,15,확인
2025-11-03,[27] 재작업,P3405A-00.00SPC,O2O2 D_Sepia Choco EX,15,15,확인
2025-11-03,[27] 재작업,P3405A-00.00SPC,O2O2 D_Sepia Choco EX,5,5,확인
2025-11-03,[27] 재작업,P3405A-00.00SPC,O2O2 D_Sepia Choco EX,5,5,확인
2025-11-03,[27] 재작업,P3405A-00.00SPC,O2O2 D_Sepia Choco EX,15,15,확인
2025-11-03,[27] 재작업,P3405A-00.00SPC,O2O2 D_Sepia Choco EX,20,20,확인
2025-11-03,[27] 재작업,P3405A-00.00SPC,O2O2 D_Sepia Choco EX,10,10,확인
2025-11-03,[27] 재작업,P3405A-00.00SPC,O2O2 D_Sepia Choco EX,10,10,확인
2025-11-03,[27] 재작업,P3405A-00.00SPC,O2O2 D_Sepia Choco EX,20,20,확인
2025-11-03,[27] 재작업,P3405A-00.00SPC,O2O2 D_Sepia Choco EX,20,20,확인
2025-11-03,[27] 재작업,P3405A-00.00SPC,O2O2 D_Sepia Choco EX,15,15,확인
2025-11-03,[27] 재작업,P3405A-00.00SPC,O2O2 D_Sepia Choco EX,25,25,확인
2025-11-03,[27] 재작업,P3405A-00.00SPC,O2O2 D_Sepia Choco EX,15,15,확인
2025-11-03,[27] 재작업,P3405A-01.75SPC,O2O2 D_Sepia Choco EX,20,20,확인
2025-11-03,[27] 재작업,P3405A-01.75SPC,O2O2 D_Sepia Choco EX,10,10,확인
2025-11-03,[27] 재작업,P3405A-01.75SPC,O2O2 D_Sepia Choco EX,15,15,확인
2025-11-03,[27] 재작업,P3405A-01.75SPC,O2O2 D_Sepia Choco EX,10,10,확인
2025-11-03,[27] 재작업,P3405A-01.75SPC,O2O2 D_Sepia Choco EX,5,5,확인
2025-11-03,[27] 재작업,P3405A-01.75SPC,O2O2 D_Sepia Choco EX,15,15,확인
2025-11-03,[27] 재작업,P3405A-01.75SPC,O2O2 D_Sepia Choco EX,20,20,확인
2025-11-03,[27] 재작업,P3405A-01.75SPC,O2O2 D_Sepia Choco EX,25,25,확인
2025-11-03,[27] 재작업,P3405A-01.75SPC,O2O2 D_Sepia Choco EX,15,15,확인
2025-11-03,[27] 재작업,P3405A-01.75SPC,O2O2 D_Sepia Choco EX,25,25,확인
2025-11-03,[27] 재작업,P3405A-01.75SPC,O2O2 D_Sepia Choco EX,5,5,확인
2025-11-03,[27] 재작업,P3405A-02.25SPC,O2O2 D_Sepia Choco EX,15,15,확인
2025-11-03,[27] 재작업,P3405A-02.25SPC,O2O2 D_Sepia Choco EX,5,5,확인
2025-11-03,[27] 재작업,P3405A-04.25SPC,O2O2 D_Sepia Choco EX,15,15,확인
2025-11-03,[27] 재작업,P3405A-06.00SPC,O2O2 D_Sepia Choco EX,10,10,확인
2025-11-03,[27] 재작업,P3405A-06.00SPC,O2O2 D_Sepia Choco EX,10,10,확인
2025-11-03,[27] 재작업,P3405A-03.50SPC,O2O2 D_Sepia Choco EX,25,25,확인
2025-11-03,[27] 재작업,P3405A-03.50SPC,O2O2 D_Sepia Choco EX,25,25,확인
2025-11-03,[27] 재작업,P3405A-03.50SPC,O2O2 D_Sepia Choco EX,25,25,확인
2025-11-03,[27] 재작업,P3405A-03.50SPC,O2O2 D_Sepia Choco EX,5,5,확인
2025-11-03,[27] 재작업,P3405A-03.50SPC,O2O2 D_Sepia Choco EX,20,20,확인
2025-11-03,[27] 재작업,P3405A-03.50SPC,O2O2 D_Sepia Choco EX,5,5,확인
2025-11-03,[27] 재작업,P3405A-03.50SPC,O2O2 D_Sepia Choco EX,5,5,확인
2025-11-03,[27] 재작업,P3405A-03.50SPC,O2O2 D_Sepia Choco EX,15,15,확인
2025-11-03,[27] 재작업,P3405A-01.00SPC,O2O2 D_Sepia Choco EX,10,10,확인
2025-11-03,[27] 재작업,P3405A-01.00SPC,O2O2 D_Sepia Choco EX,10,10,확인
2025-11-03,[27] 재작업,P3405A-01.00SPC,O2O2 D_Sepia Choco EX,25,25,확인
2025-11-03,[27] 재작업,P3405A-05.50SPC,O2O2 D_Sepia Choco EX,15,15,확인
2025-11-03,[27] 재작업,P3405A-05.50SPC,O2O2 D_Sepia Choco EX,25,25,확인
2025-11-03,[27] 재작업,P3405A-05.50SPC,O2O2 D_Sepia Choco EX,15,15,확인
2025-11-03,[27] 재작업,P3405A-05.50SPC,O2O2 D_Sepia Choco EX,15,15,확인
2025-11-03,[27] 재작업,P3405A-02.50SPC,O2O2 D_Sepia Choco EX,10,10,확인
2025-11-03,[27] 재작업,P3405A-02.50SPC,O2O2 D_Sepia Choco EX,10,10,확인
2025-11-03,[27] 재작업,P3405A-02.50SPC,O2O2 D_Sepia Choco EX,25,25,확인
2025-11-03,[27] 재작업,P3405A-02.50SPC,O2O2 D_Sepia Choco EX,5,5,확인
2025-11-03,[27] 재작업,P3405A-02.50SPC,O2O2 D_Sepia Choco EX,15,15,확인
2025-11-03,[27] 재작업,P3405A-02.50SPC,O2O2 D_Sepia Choco EX,5,5,확인
2025-11-03,[27] 재작업,P3405A-02.75SPC,O2O2 D_Sepia Choco EX,10,10,확인
2025-11-03,[27] 재작업,P3405A-03.25SPC,O2O2 D_Sepia Choco EX,25,25,확인
2025-11-03,[27] 재작업,P3405A-03.25SPC,O2O2 D_Sepia Choco EX,25,25,확인
2025-11-03,[27] 재작업,P3405A-03.25SPC,O2O2 D_Sepia Choco EX,25,25,확인
2025-11-03,[27] 재작업,P3405A-03.25SPC,O2O2 D_Sepia Choco EX,10,10,확인
2025-11-03,[27] 재작업,P3405A-03.25SPC,O2O2 D_Sepia Choco EX,25,25,확인
2025-11-03,[27] 재작업,P3405A-03.25SPC,O2O2 D_Sepia Choco EX,25,25,확인
2025-11-03,[27] 재작업,P3405A-03.25SPC,O2O2 D_Sepia Choco EX,25,25,확인
2025-11-03,[27] 재작업,P3405A-01.25SPC,O2O2 D_Sepia Choco EX,25,25,확인
2025-11-03,[27] 재작업,P3405A-01.25SPC,O2O2 D_Sepia Choco EX,20,20,확인
2025-11-03,[27] 재작업,P3405A-01.25SPC,O2O2 D_Sepia Choco EX,20,20,확인
2025-11-03,[27] 재작업,P3405A-01.25SPC,O2O2 D_Sepia Choco EX,5,5,확인
2025-11-03,[27] 재작업,P3405A-01.25SPC,O2O2 D_Sepia Choco EX,25,25,확인
2025-11-03,[27] 재작업,P3405A-01.25SPC,O2O2 D_Sepia Choco EX,15,15,확인
2025-11-03,[27] 재작업,P3405A-01.25SPC,O2O2 D_Sepia Choco EX,10,10,확인
2025-11-03,[27] 재작업,P3405A-03.00SPC,O2O2 D_Sepia Choco EX,20,20,확인
2025-11-03,[27] 재작업,P3405A-03.00SPC,O2O2 D_Sepia Choco EX,5,5,확인
2025-11-03,[27] 재작업,P3405A-03.00SPC,O2O2 D_Sepia Choco EX,25,25,확인
2025-11-03,[27] 재작업,P3405A-03.00SPC,O2O2 D_Sepia Choco EX,15,15,확인
2025-11-03,[27] 재작업,P3405A-03.00SPC,O2O2 D_Sepia Choco EX,25,25,확인
2025-11-03,[27] 재작업,P3405A-03.00SPC,O2O2 D_Sepia Choco EX,5,5,확인
2025-11-03,[27] 재작업,P3405A-03.00SPC,O2O2 D_Sepia Choco EX,5,5,확인
2025-11-03,[27] 재작업,P3405A-03.00SPC,O2O2 D_Sepia Choco EX,10,10,확인
2025-11-03,[27] 재작업,P3405A-03.00SPC,O2O2 D_Sepia Choco EX,20,20,확인
2025-11-03,[27] 재작업,P3405A-04.00SPC,O2O2 D_Sepia Choco EX,5,5,확인
2025-11-03,[27] 재작업,P3405A-04.00SPC,O2O2 D_Sepia Choco EX,10,10,확인
2025-11-03,[27] 재작업,P3405A-04.00SPC,O2O2 D_Sepia Choco EX,25,25,확인
2025-12-10,[10] 사출조립,R3408-01.00BRW,O2O2 D_Blending Hazel EX,"1,154","1,154",확인
2025-12-10,[10] 사출조립,R3408-02.00BRW,O2O2 D_Blending Hazel EX,"1,154","1,154",확인
2025-12-10,[10] 사출조립,R3408-02.25BRW,O2O2 D_Blending Hazel EX,"1,154","1,154",확인
2025-12-10,[10] 사출조립,R3408-01.00BRW,O2O2 D_Blending Hazel EX,"1,154","1,154",확인
2025-12-10,[10] 사출조립,R3408-02.00BRW,O2O2 D_Blending Hazel EX,"1,154","1,154",확인
2025-12-10,[10] 사출조립,R3408-02.25BRW,O2O2 D_Blending Hazel EX,0,"1,154",확인
2025-12-10,[10] 사출조립,R3408-01.00BRW,O2O2 D_Blending Hazel EX,"1,154","1,154",확인
2025-12-10,[10] 사출조립,R3408-02.00BRW,O2O2 D_Blending Hazel EX,"1,154","1,154",확인
2025-12-10,[10] 사출조립,R3405-09.50SPC,O2O2 D_Sepia Choco EX,0,"2,192",확인
2025-12-10,[10] 사출조립,R3408-05.00BRW,O2O2 D_Blending Hazel EX,"1,122","1,122",확인
2025-12-10,[10] 사출조립,R3408-06.50BRW,O2O2 D_Blending Hazel EX,"1,122","1,122",확인
2025-12-10,[10] 사출조립,R3405-10.00SPC,O2O2 D_Sepia Choco EX,"2,192","2,192",확인
2025-12-10,[10] 사출조립,R3408-07.00BRW,O2O2 D_Blending Hazel EX,"1,122","1,122",확인
2025-12-10,[10] 사출조립,R3405-09.50SPC,O2O2 D_Sepia Choco EX,"2,192","2,192",확인
2025-12-10,[10] 사출조립,R3408-06.50BRW,O2O2 D_Blending Hazel EX,"1,122","1,122",확인
2025-12-10,[10] 사출조립,R3405-09.50SPC,O2O2 D_Sepia Choco EX,0,"2,192",확인
2025-12-10,[10] 사출조립,R3405-09.50SPC,O2O2 D_Sepia Choco EX,"2,192","2,192",확인
2025-12-10,[10] 사출조립,R3405-10.00SPC,O2O2 D_Sepia Choco EX,"2,192","2,192",확인
2025-12-10,[10] 사출조립,R3405-09.50SPC,O2O2 D_Sepia Choco EX,0,"2,192",확인
2025-12-10,[10] 사출조립,R3408-05.50BRW,O2O2 D_Blending Hazel EX,"1,122","1,122",확인
2025-12-10,[10] 사출조립,R3405-09.50SPC,O2O2 D_Sepia Choco EX,0,"2,192",확인
2025-12-10,[10] 사출조립,R3408-05.00BRW,O2O2 D_Blending Hazel EX,"1,122","1,122",확인
2025-12-10,[10] 사출조립,R3408-07.00BRW,O2O2 D_Blending Hazel EX,0,"1,122",확인
2025-12-10,[10] 사출조립,R3408-05.50BRW,O2O2 D_Blending Hazel EX,0,"1,122",확인
2025-12-11,[10] 사출조립,R3408-08.50BRW,O2O2 D_Blending Hazel EX,835,835,확인
2025-12-11,[10] 사출조립,R3408-06.00BRW,O2O2 D_Blending Hazel EX,835,835,확인
2025-12-11,[10] 사출조립,R3408-06.00BRW,O2O2 D_Blending Hazel EX,"1,001","1,001",확인
2025-12-11,[10] 사출조립,R3408-06.00BRW,O2O2 D_Blending Hazel EX,835,835,확인
2025-12-11,[10] 사출조립,R3408-08.50BRW,O2O2 D_Blending Hazel EX,835,835,확인
2025-12-11,[10] 사출조립,R3408-04.50BRW,O2O2 D_Blending Hazel EX,"1,001","1,001",확인
2025-12-11,[10] 사출조립,R3408-07.00BRW,O2O2 D_Blending Hazel EX,"1,001","1,001",확인
2025-12-11,[10] 사출조립,R3408-04.50BRW,O2O2 D_Blending Hazel EX,"1,001","1,001",확인
2025-12-11,[10] 사출조립,R3408-04.75BRW,O2O2 D_Blending Hazel EX,"1,001","1,001",확인
2025-12-11,[10] 사출조립,R3408-07.00BRW,O2O2 D_Blending Hazel EX,"1,001","1,001",확인
2025-12-11,[10] 사출조립,R3408-06.00BRW,O2O2 D_Blending Hazel EX,"1,001","1,001",확인
2025-12-11,[10] 사출조립,R3408-06.00BRW,O2O2 D_Blending Hazel EX,835,835,확인
2025-12-11,[10] 사출조립,R3408-08.50BRW,O2O2 D_Blending Hazel EX,835,835,확인
2025-12-11,[10] 사출조립,R3408-06.00BRW,O2O2 D_Blending Hazel EX,0,835,확인
2025-12-11,[10] 사출조립,R3408-08.50BRW,O2O2 D_Blending Hazel EX,835,835,확인
2025-12-11,[10] 사출조립,R3408-04.50BRW,O2O2 D_Blending Hazel EX,"1,001","1,001",확인
2025-12-12,[10] 사출조립,R3408-05.50BRW,O2O2 D_Blending Hazel EX,"1,163","1,163",확인
2025-12-12,[10] 사출조립,R3408-05.50BRW,O2O2 D_Blending Hazel EX,"1,163","1,163",확인
2025-12-12,[10] 사출조립,R3405-02.25SPC,O2O2 D_Sepia Choco EX,"2,059","2,059",확인
2025-12-12,[10] 사출조립,R3409-05.50PIN,O2O2 D_Blending Rose EX,"2,050","2,050",확인
2025-12-12,[10] 사출조립,R3405-01.00SPC,O2O2 D_Sepia Choco EX,"2,059","2,059",확인
2025-12-12,[10] 사출조립,R3409-05.50PIN,O2O2 D_Blending Rose EX,"2,050","2,050",확인
2025-12-12,[10] 사출조립,R3405-02.25SPC,O2O2 D_Sepia Choco EX,0,"2,059",확인
2025-12-12,[10] 사출조립,R3405-02.25SPC,O2O2 D_Sepia Choco EX,"2,059","2,059",확인
2025-12-12,[10] 사출조립,R3408-03.50BRW,O2O2 D_Blending Hazel EX,"1,163","1,163",확인
2025-12-12,[10] 사출조립,R3408-05.50BRW,O2O2 D_Blending Hazel EX,"1,163","1,163",확인
2025-12-12,[10] 사출조립,R3409-03.75PIN,O2O2 D_Blending Rose EX,"2,050","2,050",확인
2025-12-12,[10] 사출조립,R3405-02.25SPC,O2O2 D_Sepia Choco EX,"2,059","2,059",확인
2025-12-12,[10] 사출조립,R3405-01.00SPC,O2O2 D_Sepia Choco EX,"2,059","2,059",확인
2025-12-12,[20] 분리,Q3405-09.50SPC,O2O2 D_Sepia Choco EX,"1,462","2,192",확인
2025-12-12,[10] 사출조립,R3409-03.75PIN,O2O2 D_Blending Rose EX,"2,050","2,050",확인
2025-12-12,[10] 사출조립,R3409-05.50PIN,O2O2 D_Blending Rose EX,0,"2,050",확인
2025-12-12,[10] 사출조립,R3409-03.75PIN,O2O2 D_Blending Rose EX,"2,050","2,050",확인
2025-12-12,[10] 사출조립,R3409-03.75PIN,O2O2 D_Blending Rose EX,"2,050","2,050",확인
2025-12-12,[10] 사출조립,R3409-05.50PIN,O2O2 D_Blending Rose EX,0,"2,050",확인
2025-12-12,[10] 사출조립,R3408-03.75BRW,O2O2 D_Blending Hazel EX,"1,163","1,163",확인
2025-12-12,[10] 사출조립,R3408-03.50BRW,O2O2 D_Blending Hazel EX,"1,163","1,163",확인
2025-12-12,[10] 사출조립,R3405-01.00SPC,O2O2 D_Sepia Choco EX,0,"2,059",확인
2025-12-12,[10] 사출조립,R3405-02.25SPC,O2O2 D_Sepia Choco EX,0,"2,059",확인
2025-12-12,[10] 사출조립,R3408-03.75BRW,O2O2 D_Blending Hazel EX,"1,163","1,163",확인
2025-12-13,[20] 분리,Q3408-08.50BRW,O2O2 D_Blending Hazel EX,675,835,확인
2025-12-13,[20] 분리,Q3405-09.50SPC,O2O2 D_Sepia Choco EX,"1,464","2,192",확인
2025-12-13,[20] 분리,Q3408-08.50BRW,O2O2 D_Blending Hazel EX,645,835,확인
2025-12-13,[20] 분리,Q3408-06.00BRW,O2O2 D_Blending Hazel EX,537,835,확인
2025-12-13,[20] 분리,Q3408-06.00BRW,O2O2 D_Blending Hazel EX,501,835,확인
2025-12-13,[20] 분리,Q3408-06.00BRW,O2O2 D_Blending Hazel EX,652,835,확인
2025-12-13,[20] 분리,Q3409-05.50PIN,O2O2 D_Blending Rose EX,"1,674","2,050",확인
2025-12-13,[20] 분리,Q3405-02.25SPC,O2O2 D_Sepia Choco EX,"1,208","2,059",확인
2025-12-13,[20] 분리,Q3408-08.50BRW,O2O2 D_Blending Hazel EX,515,835,확인
2025-12-13,[20] 분리,Q3408-07.00BRW,O2O2 D_Blending Hazel EX,804,"1,122",확인
2025-12-13,[20] 분리,Q3405-02.25SPC,O2O2 D_Sepia Choco EX,"1,511","2,059",확인
2025-12-13,[20] 분리,Q3408-01.00BRW,O2O2 D_Blending Hazel EX,503,"1,154",확인
2025-12-13,[10] 사출조립,R3408-03.75BRW,O2O2 D_Blending Hazel EX,"1,155","1,155",확인
2025-12-13,[10] 사출조립,R3408-03.75BRW,O2O2 D_Blending Hazel EX,0,"1,155",확인
2025-12-13,[10] 사출조립,R3408-03.75BRW,O2O2 D_Blending Hazel EX,"1,155","1,155",확인
2025-12-13,[10] 사출조립,R3408-03.75BRW,O2O2 D_Blending Hazel EX,"1,155","1,155",확인
2025-12-13,[10] 사출조립,R3408-04.75BRW,O2O2 D_Blending Hazel EX,"1,155","1,155",확인
2025-12-13,[10] 사출조립,R3408-04.75BRW,O2O2 D_Blending Hazel EX,"1,155","1,155",확인
2025-12-13,[10] 사출조립,R3408-05.00BRW,O2O2 D_Blending Hazel EX,"1,155","1,155",확인
2025-12-13,[10] 사출조립,R3408-05.00BRW,O2O2 D_Blending Hazel EX,"1,155","1,155",확인
2025-12-14,[20] 분리,Q3408-05.50BRW,O2O2 D_Blending Hazel EX,693,"1,122",확인
2025-12-14,[20] 분리,Q3408-06.50BRW,O2O2 D_Blending Hazel EX,467,"1,122",확인
2025-12-14,[20] 분리,Q3408-06.50BRW,O2O2 D_Blending Hazel EX,772,"1,122",확인
2025-12-14,[20] 분리,Q3408-03.75BRW,O2O2 D_Blending Hazel EX,858,"1,163",확인
2025-12-14,[20] 분리,Q3408-05.00BRW,O2O2 D_Blending Hazel EX,528,"1,122",확인
2025-12-14,[20] 분리,Q3405-10.00SPC,O2O2 D_Sepia Choco EX,"1,409","2,192",확인
2025-12-14,[20] 분리,Q3408-08.50BRW,O2O2 D_Blending Hazel EX,645,835,확인
2025-12-14,[20] 분리,Q3408-04.50BRW,O2O2 D_Blending Hazel EX,601,"1,001",확인
2025-12-14,[10] 사출조립,R3408-09.50BRW,O2O2 D_Blending Hazel EX,0,968,확인
2025-12-14,[10] 사출조립,R3408-09.50BRW,O2O2 D_Blending Hazel EX,968,968,확인
2025-12-14,[10] 사출조립,R3408-09.50BRW,O2O2 D_Blending Hazel EX,968,968,확인
2025-12-14,[10] 사출조립,R3408-09.50BRW,O2O2 D_Blending Hazel EX,968,968,확인
2025-12-14,[10] 사출조립,R3408-10.00BRW,O2O2 D_Blending Hazel EX,968,968,확인
2025-12-14,[10] 사출조립,R3408-10.00BRW,O2O2 D_Blending Hazel EX,968,968,확인
2025-12-14,[10] 사출조립,R3408-10.00BRW,O2O2 D_Blending Hazel EX,968,968,확인
2025-12-14,[10] 사출조립,R3408-10.00BRW,O2O2 D_Blending Hazel EX,968,968,확인
2025-12-14,[10] 사출조립,R3405-01.00SPC,O2O2 D_Sepia Choco EX,"1,964","1,964",확인
2025-12-14,[10] 사출조립,R3405-01.00SPC,O2O2 D_Sepia Choco EX,"1,964","1,964",확인
2025-12-14,[10] 사출조립,R3405-01.00SPC,O2O2 D_Sepia Choco EX,"1,964","1,964",확인
2025-12-14,[10] 사출조립,R3405-02.25SPC,O2O2 D_Sepia Choco EX,"1,964","1,964",확인
2025-12-14,[10] 사출조립,R3405-02.25SPC,O2O2 D_Sepia Choco EX,"1,964","1,964",확인
2025-12-14,[10] 사출조립,R3405-02.25SPC,O2O2 D_Sepia Choco EX,"1,964","1,964",확인
2025-12-14,[10] 사출조립,R3405-02.25SPC,O2O2 D_Sepia Choco EX,"1,964","1,964",확인
2025-12-14,[10] 사출조립,R3405-02.25SPC,O2O2 D_Sepia Choco EX,"1,964","1,964",확인
2025-12-15,[45] 하이드레이션/전면검사,P3409A-05.50PIN,O2O2 D_Blending Rose EX,"1,667","1,674",확인
2025-12-15,[45] 하이드레이션/전면검사,P3405A-02.25SPC,O2O2 D_Sepia Choco EX,"1,505","1,511",확인
2025-12-15,[45] 하이드레이션/전면검사,P3408A-01.00BRW,O2O2 D_Blending Hazel EX,503,503,확인
2025-12-15,[45] 하이드레이션/전면검사,P3405A-02.25SPC,O2O2 D_Sepia Choco EX,"1,203","1,208",확인
2025-12-15,[45] 하이드레이션/전면검사,P3408A-03.75BRW,O2O2 D_Blending Hazel EX,858,858,확인
2025-12-15,[45] 하이드레이션/전면검사,P3408A-05.50BRW,O2O2 D_Blending Hazel EX,689,693,확인
2025-12-15,[45] 하이드레이션/전면검사,P3408A-04.50BRW,O2O2 D_Blending Hazel EX,598,601,확인
2025-12-15,[45] 하이드레이션/전면검사,P3408A-06.00BRW,O2O2 D_Blending Hazel EX,532,537,확인
2025-12-15,[45] 하이드레이션/전면검사,P3408A-08.50BRW,O2O2 D_Blending Hazel EX,510,515,확인
2025-12-15,[45] 하이드레이션/전면검사,P3408A-06.00BRW,O2O2 D_Blending Hazel EX,494,501,확인
2025-12-15,[45] 하이드레이션/전면검사,P3408A-06.50BRW,O2O2 D_Blending Hazel EX,461,467,확인
2025-12-15,[45] 하이드레이션/전면검사,P3408A-08.50BRW,O2O2 D_Blending Hazel EX,675,675,확인
2025-12-15,[45] 하이드레이션/전면검사,P3408A-06.00BRW,O2O2 D_Blending Hazel EX,647,652,확인
2025-12-15,[45] 하이드레이션/전면검사,P3408A-07.00BRW,O2O2 D_Blending Hazel EX,791,804,확인
2025-12-15,[45] 하이드레이션/전면검사,P3408A-06.50BRW,O2O2 D_Blending Hazel EX,766,772,확인
2025-12-15,[45] 하이드레이션/전면검사,P3408A-08.50BRW,O2O2 D_Blending Hazel EX,640,645,확인
2025-12-15,[45] 하이드레이션/전면검사,P3408A-08.50BRW,O2O2 D_Blending Hazel EX,640,645,확인
2025-12-15,[20] 분리,Q3405-10.00SPC,O2O2 D_Sepia Choco EX,"1,436","2,192",확인
2025-12-15,[20] 분리,Q3405-01.00SPC,O2O2 D_Sepia Choco EX,"1,335","1,964",확인
2025-12-15,[20] 분리,Q3405-02.25SPC,O2O2 D_Sepia Choco EX,"1,441","2,059",확인
2025-12-15,[20] 분리,Q3405-01.00SPC,O2O2 D_Sepia Choco EX,"1,639","2,059",확인
2025-12-15,[20] 분리,Q3405-01.00SPC,O2O2 D_Sepia Choco EX,"1,582","2,059",확인
2025-12-15,[20] 분리,Q3405-02.25SPC,O2O2 D_Sepia Choco EX,737,"1,964",확인
2025-12-15,[20] 분리,Q3408-10.00BRW,O2O2 D_Blending Hazel EX,739,968,확인
2025-12-15,[10] 사출조립,R3405-01.00SPC,O2O2 D_Sepia Choco EX,"2,209","2,209",확인
2025-12-15,[10] 사출조립,R3405-01.00SPC,O2O2 D_Sepia Choco EX,"2,209","2,209",확인
2025-12-15,[10] 사출조립,R3405-01.25SPC,O2O2 D_Sepia Choco EX,"2,209","2,209",확인
2025-12-15,[10] 사출조립,R3405-02.25SPC,O2O2 D_Sepia Choco EX,"2,209","2,209",확인
2025-12-15,[10] 사출조립,R3405-02.25SPC,O2O2 D_Sepia Choco EX,"2,209","2,209",확인
2025-12-15,[10] 사출조립,R3405-02.25SPC,O2O2 D_Sepia Choco EX,"2,209","2,209",확인
2025-12-15,[10] 사출조립,R3405-02.25SPC,O2O2 D_Sepia Choco EX,"2,209","2,209",확인
2025-12-15,[10] 사출조립,R3405-02.25SPC,O2O2 D_Sepia Choco EX,"2,209","2,209",확인
2025-12-16,[55] 접착/ 멸균,P3405A-02.25SPC,O2O2 D_Sepia Choco EX,"1,460","1,505",확인
2025-12-16,[55] 접착/ 멸균,P3405A-02.25SPC,O2O2 D_Sepia Choco EX,"1,150","1,203",확인
2025-12-16,[55] 접착/ 멸균,P3409A-05.50PIN,O2O2 D_Blending Rose EX,"1,575","1,667",확인
2025-12-16,[55] 접착/ 멸균,P3408A-03.75BRW,O2O2 D_Blending Hazel EX,820,858,확인
2025-12-16,[45] 하이드레이션/전면검사,P3408A-05.00BRW,O2O2 D_Blending Hazel EX,525,528,확인
2025-12-16,[45] 하이드레이션/전면검사,P3405A-01.00SPC,O2O2 D_Sepia Choco EX,"1,639","1,639",확인
2025-12-16,[45] 하이드레이션/전면검사,P3405A-01.00SPC,O2O2 D_Sepia Choco EX,"1,330","1,335",확인
2025-12-16,[45] 하이드레이션/전면검사,P3405A-02.25SPC,O2O2 D_Sepia Choco EX,"1,113","1,172",확인
2025-12-16,[45] 하이드레이션/전면검사,P3405A-02.25SPC,O2O2 D_Sepia Choco EX,"1,438","1,441",확인
2025-12-16,[80] 누수/규격검사,P3408A-03.75BRW,O2O2 D_Blending Hazel EX,820,820,확인
2025-12-16,[45] 하이드레이션/전면검사,P3405A-10.00SPC,O2O2 D_Sepia Choco EX,"1,453","1,464",확인
2025-12-16,[45] 하이드레이션/전면검사,P3405A-10.00SPC,O2O2 D_Sepia Choco EX,"1,401","1,409",확인
2025-12-16,[45] 하이드레이션/전면검사,P3405A-10.00SPC,O2O2 D_Sepia Choco EX,"1,430","1,436",확인
2025-12-16,[80] 누수/규격검사,P3409A-05.50PIN,O2O2 D_Blending Rose EX,"1,575","1,575",확인
2025-12-16,[80] 누수/규격검사,P3405A-02.25SPC,O2O2 D_Sepia Choco EX,"1,220","1,460",확인
2025-12-16,[20] 분리,Q3405-02.25SPC,O2O2 D_Sepia Choco EX,"1,294","1,964",확인
2025-12-16,[20] 분리,Q3405-02.25SPC,O2O2 D_Sepia Choco EX,"1,397","2,209",확인
2025-12-16,[20] 분리,Q3405-02.25SPC,O2O2 D_Sepia Choco EX,"1,294","1,964",확인
2025-12-16,[20] 분리,Q3405-02.25SPC,O2O2 D_Sepia Choco EX,"1,642","2,209",확인
2025-12-16,[20] 분리,Q3405-02.25SPC,O2O2 D_Sepia Choco EX,"1,270","2,209",확인
2025-12-16,[20] 분리,Q3405-02.25SPC,O2O2 D_Sepia Choco EX,"1,327","2,209",확인
2025-12-16,[20] 분리,Q3408-09.50BRW,O2O2 D_Blending Hazel EX,812,968,확인
2025-12-16,[20] 분리,Q3408-09.50BRW,O2O2 D_Blending Hazel EX,498,968,확인
2025-12-16,[20] 분리,Q3405-01.00SPC,O2O2 D_Sepia Choco EX,"1,422","2,209",확인
2025-12-16,[20] 분리,Q3405-01.25SPC,O2O2 D_Sepia Choco EX,"1,482","2,209",확인
2025-12-16,[20] 분리,Q3405-01.00SPC,O2O2 D_Sepia Choco EX,"1,446","1,964",확인
2025-12-16,[20] 분리,Q3405-01.00SPC,O2O2 D_Sepia Choco EX,"1,529","1,964",확인
2025-12-16,[20] 분리,Q3405-02.25SPC,O2O2 D_Sepia Choco EX,"1,291","1,964",확인
2025-12-16,[20] 분리,Q3405-01.00SPC,O2O2 D_Sepia Choco EX,"1,451","2,209",확인
2025-12-16,[20] 분리,Q3408-04.75BRW,O2O2 D_Blending Hazel EX,982,"1,155",확인
2025-12-17,[55] 접착/ 멸균,P3408A-06.50BRW,O2O2 D_Blending Hazel EX,755,766,확인
2025-12-17,[55] 접착/ 멸균,P3408A-08.50BRW,O2O2 D_Blending Hazel EX,625,640,확인
2025-12-17,[55] 접착/ 멸균,P3408A-08.50BRW,O2O2 D_Blending Hazel EX,625,640,확인
2025-12-17,[55] 접착/ 멸균,P3408A-08.50BRW,O2O2 D_Blending Hazel EX,490,510,확인
2025-12-17,[55] 접착/ 멸균,P3405A-10.00SPC,O2O2 D_Sepia Choco EX,"1,335","1,401",확인
2025-12-17,[55] 접착/ 멸균,P3405A-10.00SPC,O2O2 D_Sepia Choco EX,"1,370","1,453",확인
2025-12-17,[20] 분리,Q3405-02.25SPC,O2O2 D_Sepia Choco EX,"1,341","2,209",확인
2025-12-17,[45] 하이드레이션/전면검사,P3405A-02.25SPC,O2O2 D_Sepia Choco EX,"1,292","1,294",확인
2025-12-17,[45] 하이드레이션/전면검사,P3405A-02.25SPC,O2O2 D_Sepia Choco EX,"1,290","1,294",확인
2025-12-17,[20] 분리,Q3408-06.00BRW,O2O2 D_Blending Hazel EX,751,"1,001",확인
2025-12-17,[45] 하이드레이션/전면검사,P3405A-02.25SPC,O2O2 D_Sepia Choco EX,737,737,확인
2025-12-17,[45] 하이드레이션/전면검사,P3405A-02.25SPC,O2O2 D_Sepia Choco EX,"1,397","1,397",확인
2025-12-17,[45] 하이드레이션/전면검사,P3405A-02.25SPC,O2O2 D_Sepia Choco EX,"1,638","1,642",확인
2025-12-17,[45] 하이드레이션/전면검사,P3405A-02.25SPC,O2O2 D_Sepia Choco EX,"1,269","1,270",확인
2025-12-17,[20] 분리,Q3409-03.75PIN,O2O2 D_Blending Rose EX,984,"2,050",확인
2025-12-17,[55] 접착/ 멸균,P3405A-02.25SPC,O2O2 D_Sepia Choco EX,630,"1,269",확인
2025-12-17,[20] 분리,Q3409-03.75PIN,O2O2 D_Blending Rose EX,"1,582","2,050",확인
2025-12-17,[80] 누수/규격검사,P3405A-10.00SPC,O2O2 D_Sepia Choco EX,"1,315","1,370",확인
2025-12-17,[20] 분리,Q3408-01.00BRW,O2O2 D_Blending Hazel EX,800,"1,154",확인
2025-12-17,[20] 분리,Q3408-01.00BRW,O2O2 D_Blending Hazel EX,348,"1,154",확인
2025-12-17,[20] 분리,Q3408-04.50BRW,O2O2 D_Blending Hazel EX,792,"1,001",확인
2025-12-17,[20] 분리,Q3408-04.50BRW,O2O2 D_Blending Hazel EX,760,"1,001",확인
2025-12-17,[45] 하이드레이션/전면검사,P3408A-10.00BRW,O2O2 D_Blending Hazel EX,734,739,확인
2025-12-17,[45] 하이드레이션/전면검사,P3408A-09.50BRW,O2O2 D_Blending Hazel EX,807,812,확인
2025-12-17,[55] 접착/ 멸균,P3408A-09.50BRW,O2O2 D_Blending Hazel EX,790,807,확인
2025-12-17,[80] 누수/규격검사,P3405A-02.25SPC,O2O2 D_Sepia Choco EX,"1,090","1,150",확인
2025-12-17,[80] 누수/규격검사,P3408A-08.50BRW,O2O2 D_Blending Hazel EX,610,625,확인
2025-12-17,[80] 누수/규격검사,P3408A-06.50BRW,O2O2 D_Blending Hazel EX,755,755,확인
2025-12-17,[80] 누수/규격검사,P3408A-08.50BRW,O2O2 D_Blending Hazel EX,605,625,확인
2025-12-17,[80] 누수/규격검사,P3405A-02.25SPC,O2O2 D_Sepia Choco EX,620,630,확인
2025-12-17,[80] 누수/규격검사,P3408A-08.50BRW,O2O2 D_Blending Hazel EX,470,490,확인
2025-12-17,[80] 누수/규격검사,P3408A-09.50BRW,O2O2 D_Blending Hazel EX,700,790,확인
2025-12-17,[80] 누수/규격검사,P3405A-10.00SPC,O2O2 D_Sepia Choco EX,"1,305","1,335",확인
2025-12-18,[55] 접착/ 멸균,P3408A-07.00BRW,O2O2 D_Blending Hazel EX,775,791,확인
2025-12-18,[55] 접착/ 멸균,P3408A-08.50BRW,O2O2 D_Blending Hazel EX,660,675,확인
2025-12-18,[55] 접착/ 멸균,P3408A-06.00BRW,O2O2 D_Blending Hazel EX,520,532,확인
2025-12-18,[55] 접착/ 멸균,P3408A-01.00BRW,O2O2 D_Blending Hazel EX,355,503,확인
2025-12-18,[55] 접착/ 멸균,P3408A-06.00BRW,O2O2 D_Blending Hazel EX,630,647,확인
2025-12-18,[55] 접착/ 멸균,P3408A-06.00BRW,O2O2 D_Blending Hazel EX,480,494,확인
2025-12-18,[55] 접착/ 멸균,P3408A-06.50BRW,O2O2 D_Blending Hazel EX,430,461,확인
2025-12-18,[55] 접착/ 멸균,P3408A-04.50BRW,O2O2 D_Blending Hazel EX,585,598,확인
2025-12-18,[55] 접착/ 멸균,P3408A-05.50BRW,O2O2 D_Blending Hazel EX,665,689,확인
2025-12-18,[55] 접착/ 멸균,P3405A-01.00SPC,O2O2 D_Sepia Choco EX,"1,555","1,639",확인
2025-12-18,[55] 접착/ 멸균,P3405A-01.00SPC,O2O2 D_Sepia Choco EX,"1,290","1,330",확인
2025-12-18,[55] 접착/ 멸균,P3405A-02.25SPC,O2O2 D_Sepia Choco EX,"1,090","1,113",확인
2025-12-18,[55] 접착/ 멸균,P3405A-10.00SPC,O2O2 D_Sepia Choco EX,"1,285","1,430",확인
2025-12-18,[55] 접착/ 멸균,P3405A-02.25SPC,O2O2 D_Sepia Choco EX,"1,150","1,397",확인
2025-12-18,[55] 접착/ 멸균,P3405A-02.25SPC,O2O2 D_Sepia Choco EX,640,737,확인
2025-12-18,[55] 접착/ 멸균,P3408A-05.00BRW,O2O2 D_Blending Hazel EX,515,525,확인
2025-12-18,[55] 접착/ 멸균,P3405A-02.25SPC,O2O2 D_Sepia Choco EX,"1,200","1,292",확인
2025-12-18,[55] 접착/ 멸균,P3405A-02.25SPC,O2O2 D_Sepia Choco EX,"1,250","1,290",확인
2025-12-18,[45] 하이드레이션/전면검사,P3408A-04.75BRW,O2O2 D_Blending Hazel EX,967,982,확인
2025-12-18,[45] 하이드레이션/전면검사,P3405A-01.00SPC,O2O2 D_Sepia Choco EX,"1,444","1,451",확인
2025-12-18,[45] 하이드레이션/전면검사,P3405A-01.00SPC,O2O2 D_Sepia Choco EX,"1,436","1,446",확인
2025-12-18,[45] 하이드레이션/전면검사,P3405A-01.00SPC,O2O2 D_Sepia Choco EX,"1,406","1,422",확인
2025-12-18,[45] 하이드레이션/전면검사,P3405A-02.25SPC,O2O2 D_Sepia Choco EX,"1,322","1,327",확인
2025-12-18,[80] 누수/규격검사,P3408A-06.00BRW,O2O2 D_Blending Hazel EX,495,520,확인
2025-12-18,[80] 누수/규격검사,P3408A-06.00BRW,O2O2 D_Blending Hazel EX,530,630,확인
2025-12-18,[80] 누수/규격검사,P3408A-01.00BRW,O2O2 D_Blending Hazel EX,270,355,확인
2025-12-18,[80] 누수/규격검사,P3408A-06.00BRW,O2O2 D_Blending Hazel EX,470,480,확인
2025-12-18,[80] 누수/규격검사,P3408A-06.50BRW,O2O2 D_Blending Hazel EX,380,430,확인
2025-12-18,[45] 하이드레이션/전면검사,P3408A-09.50BRW,O2O2 D_Blending Hazel EX,492,498,확인
2025-12-18,[80] 누수/규격검사,P3408A-07.00BRW,O2O2 D_Blending Hazel EX,750,775,확인
2025-12-18,[80] 누수/규격검사,P3408A-04.50BRW,O2O2 D_Blending Hazel EX,560,585,확인
2025-12-18,[80] 누수/규격검사,P3408A-05.50BRW,O2O2 D_Blending Hazel EX,570,665,확인
2025-12-18,[80] 누수/규격검사,P3405A-01.00SPC,O2O2 D_Sepia Choco EX,"1,270","1,290",확인
2025-12-18,[80] 누수/규격검사,P3408A-08.50BRW,O2O2 D_Blending Hazel EX,640,660,확인
2025-12-18,[80] 누수/규격검사,P3405A-10.00SPC,O2O2 D_Sepia Choco EX,"1,205","1,285",확인
2025-12-18,[80] 누수/규격검사,P3405A-02.25SPC,O2O2 D_Sepia Choco EX,"1,040","1,090",확인
2025-12-18,[80] 누수/규격검사,P3405A-02.25SPC,O2O2 D_Sepia Choco EX,610,640,확인
2025-12-18,[80] 누수/규격검사,P3408A-05.00BRW,O2O2 D_Blending Hazel EX,515,515,확인
2025-12-18,[20] 분리,Q3408-03.75BRW,O2O2 D_Blending Hazel EX,946,"1,163",확인
2025-12-19,[55] 접착/ 멸균,P3405A-02.25SPC,O2O2 D_Sepia Choco EX,"1,410","1,438",확인
2025-12-19,[55] 접착/ 멸균,P3405A-02.25SPC,O2O2 D_Sepia Choco EX,"1,580","1,638",확인
2025-12-19,[55] 접착/ 멸균,P3408A-10.00BRW,O2O2 D_Blending Hazel EX,660,734,확인
2025-12-19,[80] 누수/규격검사,P3405A-02.25SPC,O2O2 D_Sepia Choco EX,"1,305","1,410",확인
2025-12-19,[80] 누수/규격검사,P3405A-01.00SPC,O2O2 D_Sepia Choco EX,"1,450","1,555",확인
2025-12-19,[80] 누수/규격검사,P3405A-02.25SPC,O2O2 D_Sepia Choco EX,"1,245","1,250",확인
2025-12-19,[55] 접착/ 멸균,P3405A-01.00SPC,O2O2 D_Sepia Choco EX,"1,340","1,436",확인
2025-12-19,[55] 접착/ 멸균,P3405A-01.00SPC,O2O2 D_Sepia Choco EX,"1,340","1,444",확인
2025-12-19,[80] 누수/규격검사,P3408A-10.00BRW,O2O2 D_Blending Hazel EX,660,660,확인
2025-12-19,[55] 접착/ 멸균,P3405A-02.25SPC,O2O2 D_Sepia Choco EX,"1,275","1,322",확인
2025-12-19,[55] 접착/ 멸균,P3408A-09.50BRW,O2O2 D_Blending Hazel EX,450,492,확인
2025-12-19,[80] 누수/규격검사,P3405A-02.25SPC,O2O2 D_Sepia Choco EX,"1,550","1,580",확인
2025-12-19,[80] 누수/규격검사,P3405A-02.25SPC,O2O2 D_Sepia Choco EX,"1,195","1,200",확인
2025-12-19,[80] 누수/규격검사,P3405A-02.25SPC,O2O2 D_Sepia Choco EX,"1,130","1,150",확인
2025-12-19,[80] 누수/규격검사,P3408A-09.50BRW,O2O2 D_Blending Hazel EX,450,450,확인
2025-12-19,[20] 분리,Q3408-09.50BRW,O2O2 D_Blending Hazel EX,159,968,확인
2025-12-20,[55] 접착/ 멸균,P3408A-04.75BRW,O2O2 D_Blending Hazel EX,935,967,확인
2025-12-20,[55] 접착/ 멸균,P3405A-01.00SPC,O2O2 D_Sepia Choco EX,"1,300","1,406",확인
2025-12-20,[80] 누수/규격검사,P3405A-02.25SPC,O2O2 D_Sepia Choco EX,"1,275","1,275",확인
2025-12-20,[80] 누수/규격검사,P3405A-01.00SPC,O2O2 D_Sepia Choco EX,"1,330","1,340",확인
2025-12-20,[80] 누수/규격검사,P3405A-01.00SPC,O2O2 D_Sepia Choco EX,"1,330","1,340",확인
2025-12-20,[20] 분리,Q3409-03.75PIN,O2O2 D_Blending Rose EX,"1,236","2,050",확인
2025-12-20,[20] 분리,Q3409-03.75PIN,O2O2 D_Blending Rose EX,829,"2,050",확인
2025-12-20,[80] 누수/규격검사,P3408A-04.75BRW,O2O2 D_Blending Hazel EX,935,935,확인
2025-12-20,[20] 분리,Q3409-05.50PIN,O2O2 D_Blending Rose EX,585,"2,050",확인
2025-12-20,[80] 누수/규격검사,P3405A-01.00SPC,O2O2 D_Sepia Choco EX,"1,300","1,300",확인
2025-12-20,[20] 분리,Q3408-07.00BRW,O2O2 D_Blending Hazel EX,724,"1,001",확인
2025-12-20,[20] 분리,Q3408-05.00BRW,O2O2 D_Blending Hazel EX,939,"1,155",확인
2025-12-20,[20] 분리,Q3408-04.75BRW,O2O2 D_Blending Hazel EX,573,"1,001",확인
2025-12-21,[20] 분리,Q3408-05.50BRW,O2O2 D_Blending Hazel EX,886,"1,163",확인
2025-12-21,[20] 분리,Q3408-02.00BRW,O2O2 D_Blending Hazel EX,890,"1,154",확인
2025-12-21,[20] 분리,Q3408-06.00BRW,O2O2 D_Blending Hazel EX,839,"1,001",확인
2025-12-21,[20] 분리,Q3408-05.50BRW,O2O2 D_Blending Hazel EX,993,"1,163",확인
2025-12-21,[20] 분리,Q3408-07.00BRW,O2O2 D_Blending Hazel EX,702,"1,001",확인
2025-12-21,[20] 분리,Q3408-03.50BRW,O2O2 D_Blending Hazel EX,"1,048","1,163",확인
2025-12-21,[20] 분리,Q3408-03.75BRW,O2O2 D_Blending Hazel EX,964,"1,155",확인
2025-12-21,[20] 분리,Q3408-04.75BRW,O2O2 D_Blending Hazel EX,980,"1,155",확인
2025-12-21,[20] 분리,Q3408-02.25BRW,O2O2 D_Blending Hazel EX,416,"1,154",확인
2025-12-21,[20] 분리,Q3408-03.75BRW,O2O2 D_Blending Hazel EX,921,"1,155",확인
2025-12-21,[20] 분리,Q3408-05.00BRW,O2O2 D_Blending Hazel EX,845,"1,122",확인
2025-12-21,[20] 분리,Q3408-03.75BRW,O2O2 D_Blending Hazel EX,989,"1,155",확인
2025-12-21,[20] 분리,Q3408-10.00BRW,O2O2 D_Blending Hazel EX,591,968,확인
2025-12-21,[20] 분리,Q3408-02.00BRW,O2O2 D_Blending Hazel EX,905,"1,154",확인
2025-12-22,[20] 분리,Q3408-02.00BRW,O2O2 D_Blending Hazel EX,942,"1,154",확인
2025-12-22,[20] 분리,Q3408-10.00BRW,O2O2 D_Blending Hazel EX,814,968,확인
2025-12-22,[20] 분리,Q3408-10.00BRW,O2O2 D_Blending Hazel EX,700,968,확인
2025-12-22,[20] 분리,Q3408-05.00BRW,O2O2 D_Blending Hazel EX,980,"1,155",확인
2025-12-22,[20] 분리,Q3408-05.50BRW,O2O2 D_Blending Hazel EX,993,"1,163",확인
2025-12-22,[20] 분리,Q3408-03.50BRW,O2O2 D_Blending Hazel EX,977,"1,163",확인
2025-12-23,[45] 하이드레이션/전면검사,P3405A-01.25SPC,O2O2 D_Sepia Choco EX,"1,470","1,482",확인
2025-12-23,[45] 하이드레이션/전면검사,P3405A-01.00SPC,O2O2 D_Sepia Choco EX,"1,522","1,529",확인
2025-12-23,[45] 하이드레이션/전면검사,P3409A-05.50PIN,O2O2 D_Blending Rose EX,585,585,확인
2025-12-23,[45] 하이드레이션/전면검사,P3405A-02.25SPC,O2O2 D_Sepia Choco EX,"1,289","1,291",확인
2025-12-23,[45] 하이드레이션/전면검사,P3409A-03.75PIN,O2O2 D_Blending Rose EX,828,829,확인
2025-12-23,[55] 접착/ 멸균,P3405A-01.25SPC,O2O2 D_Sepia Choco EX,"1,380","1,470",확인
2025-12-23,[55] 접착/ 멸균,P3405A-01.00SPC,O2O2 D_Sepia Choco EX,,0,저장
2025-12-23,[55] 접착/ 멸균,P3409A-05.50PIN,O2O2 D_Blending Rose EX,,0,저장
2025-12-23,[55] 접착/ 멸균,P3409A-03.75PIN,O2O2 D_Blending Rose EX,,0,저장
2025-12-23,[80] 누수/규격검사,P3405A-01.25SPC,O2O2 D_Sepia Choco EX,"1,370","1,380",확인
2025-12-25,[55] 접착/ 멸균,P3405A-02.25SPC,O2O2 D_Sepia Choco EX,"1,215","1,289",확인
2025-12-26,[80] 누수/규격검사,P3409A-05.50PIN,O2O2 D_Blending Rose EX,560,565,확인
2025-12-26,[80] 누수/규격검사,P3405A-01.00SPC,O2O2 D_Sepia Choco EX,"1,110","1,115",확인
2025-12-26,[55] 접착/ 멸균,P3409A-05.50PIN,O2O2 D_Blending Rose EX,565,585,확인
2025-12-26,[80] 누수/규격검사,P3405A-02.25SPC,O2O2 D_Sepia Choco EX,"1,215","1,215",확인
2025-12-26,[55] 접착/ 멸균,P3409A-03.75PIN,O2O2 D_Blending Rose EX,770,828,확인
2025-12-27,[55] 접착/ 멸균,P3405A-01.00SPC,O2O2 D_Sepia Choco EX,"1,115","1,522",확인
2025-12-27,[80] 누수/규격검사,P3409A-03.75PIN,O2O2 D_Blending Rose EX,765,770,확인
2025-12-29,[27] 재작업,Q3408-03.50BRW,O2O2 D_Blending Hazel EX,6,6,확인
2025-12-29,[45] 하이드레이션/전면검사,P3408A-03.50BRW,O2O2 D_Blending Hazel EX,0,6,확인
2025-12-29,[27] 재작업,Q3408-02.00BRW,O2O2 D_Blending Hazel EX,1,1,확인
2025-12-29,[45] 하이드레이션/전면검사,P3408A-02.00BRW,O2O2 D_Blending Hazel EX,0,1,확인
2025-12-29,[27] 재작업,Q3408-03.50BRW,O2O2 D_Blending Hazel EX,1,1,확인
2025-12-29,[45] 하이드레이션/전면검사,P3408A-03.50BRW,O2O2 D_Blending Hazel EX,0,1,확인
2025-12-29,[27] 재작업,Q3408-04.75BRW,O2O2 D_Blending Hazel EX,1,1,확인
2025-12-29,[45] 하이드레이션/전면검사,P3408A-04.75BRW,O2O2 D_Blending Hazel EX,0,1,확인
2025-12-29,[27] 재작업,Q3408-05.00BRW,O2O2 D_Blending Hazel EX,7,7,확인
2025-12-29,[45] 하이드레이션/전면검사,P3408A-05.00BRW,O2O2 D_Blending Hazel EX,0,7,확인
2025-12-29,[27] 재작업,Q3408-01.00BRW,O2O2 D_Blending Hazel EX,1,1,확인
2025-12-29,[45] 하이드레이션/전면검사,P3408A-01.00BRW,O2O2 D_Blending Hazel EX,0,1,확인
2026-01-28,[27] 재작업,P3405A-03.00SPC,O2O2 D_Sepia Choco EX,25,25,확인
2026-01-28,[27] 재작업,P3405A-03.00SPC,O2O2 D_Sepia Choco EX,25,25,확인
2026-01-28,[27] 재작업,P3405A-03.00SPC,O2O2 D_Sepia Choco EX,25,25,확인
2026-01-28,[27] 재작업,P3405A-03.00SPC,O2O2 D_Sepia Choco EX,5,5,확인
2026-01-28,[27] 재작업,P3405A-03.00SPC,O2O2 D_Sepia Choco EX,25,25,확인
2026-01-28,[27] 재작업,P3405A-03.00SPC,O2O2 D_Sepia Choco EX,20,20,확인
2026-01-28,[27] 재작업,P3405A-03.00SPC,O2O2 D_Sepia Choco EX,25,25,확인
2026-01-28,[27] 재작업,P3405A-03.00SPC,O2O2 D_Sepia Choco EX,5,5,확인
2026-01-28,[27] 재작업,P3405A-03.00SPC,O2O2 D_Sepia Choco EX,15,15,확인
2026-01-28,[27] 재작업,P3406A-01.25ASB,O2O2 D_Ash Brown EX,20,20,확인
2026-01-28,[27] 재작업,P3406A-01.25ASB,O2O2 D_Ash Brown EX,10,10,확인
2026-01-28,[27] 재작업,P3406A-01.25ASB,O2O2 D_Ash Brown EX,10,10,확인
2026-01-28,[27] 재작업,P3406A-01.25ASB,O2O2 D_Ash Brown EX,10,10,확인
2026-01-28,[27] 재작업,P3406A-01.25ASB,O2O2 D_Ash Brown EX,20,20,확인
2026-01-28,[27] 재작업,P3406A-01.25ASB,O2O2 D_Ash Brown EX,5,5,확인
2026-01-23,[27] 재작업,P3408A-00.00BRW,O2O2 D_Blending Hazel EX,25,25,확인
2026-01-23,[27] 재작업,P3408A-00.00BRW,O2O2 D_Blending Hazel EX,5,5,확인
2026-01-23,[27] 재작업,P3408A-00.00BRW,O2O2 D_Blending Hazel EX,5,5,확인
2026-01-23,[27] 재작업,P3408A-00.00BRW,O2O2 D_Blending Hazel EX,25,25,확인
2026-01-23,[27] 재작업,P3408A-00.00BRW,O2O2 D_Blending Hazel EX,5,5,확인
2026-01-23,[27] 재작업,P3408A-00.00BRW,O2O2 D_Blending Hazel EX,25,25,확인
2026-01-28,[27] 재작업,P3408A-00.00BRW,O2O2 D_Blending Hazel EX,20,20,확인
2026-01-28,[27] 재작업,P3408A-00.00BRW,O2O2 D_Blending Hazel EX,25,25,확인
2026-01-28,[27] 재작업,P3408A-00.00BRW,O2O2 D_Blending Hazel EX,20,20,확인
2026-01-28,[27] 재작업,P3408A-00.00BRW,O2O2 D_Blending Hazel EX,20,20,확인
2026-01-28,[27] 재작업,P3408A-00.00BRW,O2O2 D_Blending Hazel EX,15,15,확인
2026-01-28,[27] 재작업,P3408A-00.00BRW,O2O2 D_Blending Hazel EX,10,10,확인
2026-01-28,[27] 재작업,P3408A-00.00BRW,O2O2 D_Blending Hazel EX,15,15,확인
2026-01-28,[27] 재작업,P3408A-00.00BRW,O2O2 D_Blending Hazel EX,20,20,확인
2026-01-28,[27] 재작업,P3408A-00.00BRW,O2O2 D_Blending Hazel EX,10,10,확인
2026-01-28,[27] 재작업,P3408A-00.00BRW,O2O2 D_Blending Hazel EX,5,5,확인
2026-01-28,[27] 재작업,P3408A-00.00BRW,O2O2 D_Blending Hazel EX,5,5,확인
2026-01-28,[27] 재작업,P3408A-00.00BRW,O2O2 D_Blending Hazel EX,5,5,확인
2026-01-28,[27] 재작업,P3408A-00.00BRW,O2O2 D_Blending Hazel EX,15,15,확인
2026-01-28,[27] 재작업,P3408A-00.00BRW,O2O2 D_Blending Hazel EX,5,5,확인
2026-01-28,[27] 재작업,P3408A-00.00BRW,O2O2 D_Blending Hazel EX,5,5,확인
2026-01-23,[27] 재작업,P3408A-00.00BRW,O2O2 D_Blending Hazel EX,20,20,확인
2026-01-23,[27] 재작업,P3408A-00.00BRW,O2O2 D_Blending Hazel EX,15,15,확인
2026-01-23,[27] 재작업,P3408A-00.00BRW,O2O2 D_Blending Hazel EX,25,25,확인
2026-01-28,[27] 재작업,P3408A-00.00BRW,O2O2 D_Blending Hazel EX,10,10,확인
2026-01-28,[27] 재작업,P3408A-00.00BRW,O2O2 D_Blending Hazel EX,15,15,확인
2026-01-28,[27] 재작업,P3408A-00.00BRW,O2O2 D_Blending Hazel EX,25,25,확인
2026-01-23,[27] 재작업,P3405A-00.00SPC,O2O2 D_Sepia Choco EX,10,10,확인
2026-01-23,[27] 재작업,P3405A-00.00SPC,O2O2 D_Sepia Choco EX,10,10,확인
2026-01-28,[27] 재작업,P3405A-00.00SPC,O2O2 D_Sepia Choco EX,5,5,확인
2026-01-28,[27] 재작업,P3405A-00.00SPC,O2O2 D_Sepia Choco EX,25,25,확인
2026-01-28,[27] 재작업,P3405A-00.00SPC,O2O2 D_Sepia Choco EX,15,15,확인
2026-01-28,[27] 재작업,P3405A-00.00SPC,O2O2 D_Sepia Choco EX,15,15,확인
2026-01-28,[27] 재작업,P3405A-00.00SPC,O2O2 D_Sepia Choco EX,15,15,확인
2026-01-28,[27] 재작업,P3405A-00.00SPC,O2O2 D_Sepia Choco EX,25,25,확인
2026-01-28,[27] 재작업,P3405A-01.75SPC,O2O2 D_Sepia Choco EX,10,10,확인
2026-01-28,[27] 재작업,P3405A-01.75SPC,O2O2 D_Sepia Choco EX,25,25,확인
2026-01-28,[27] 재작업,P3405A-01.75SPC,O2O2 D_Sepia Choco EX,15,15,확인
2026-01-28,[27] 재작업,P3405A-01.75SPC,O2O2 D_Sepia Choco EX,15,15,확인
2026-01-28,[27] 재작업,P3405A-01.75SPC,O2O2 D_Sepia Choco EX,20,20,확인
2026-01-28,[27] 재작업,P3405A-01.75SPC,O2O2 D_Sepia Choco EX,20,20,확인
2026-01-28,[27] 재작업,P3405A-01.75SPC,O2O2 D_Sepia Choco EX,10,10,확인
2026-01-28,[27] 재작업,P3405A-01.75SPC,O2O2 D_Sepia Choco EX,15,15,확인
2026-01-28,[27] 재작업,P3405A-01.75SPC,O2O2 D_Sepia Choco EX,20,20,확인
2026-01-23,[27] 재작업,P3405A-02.25SPC,O2O2 D_Sepia Choco EX,20,20,확인
2026-01-23,[27] 재작업,P3405A-02.25SPC,O2O2 D_Sepia Choco EX,15,15,확인
2026-01-23,[27] 재작업,P3405A-02.25SPC,O2O2 D_Sepia Choco EX,10,10,확인
2026-01-23,[27] 재작업,P3405A-02.25SPC,O2O2 D_Sepia Choco EX,10,10,확인
2026-01-23,[27] 재작업,P3405A-02.25SPC,O2O2 D_Sepia Choco EX,20,20,확인
2026-01-23,[27] 재작업,P3405A-02.25SPC,O2O2 D_Sepia Choco EX,15,15,확인
2026-01-28,[27] 재작업,P3405A-02.25SPC,O2O2 D_Sepia Choco EX,25,25,확인
2026-01-28,[27] 재작업,P3405A-02.25SPC,O2O2 D_Sepia Choco EX,15,15,확인
2026-01-28,[27] 재작업,P3405A-02.25SPC,O2O2 D_Sepia Choco EX,20,20,확인
2026-01-23,[27] 재작업,P3405A-04.25SPC,O2O2 D_Sepia Choco EX,5,5,확인
2026-01-23,[27] 재작업,P3405A-04.25SPC,O2O2 D_Sepia Choco EX,10,10,확인
2026-01-23,[27] 재작업,P3405A-04.25SPC,O2O2 D_Sepia Choco EX,10,10,확인
2026-01-28,[27] 재작업,P3405A-04.25SPC,O2O2 D_Sepia Choco EX,15,15,확인
2026-01-28,[27] 재작업,P3405A-04.25SPC,O2O2 D_Sepia Choco EX,15,15,확인
2026-01-28,[27] 재작업,P3405A-04.25SPC,O2O2 D_Sepia Choco EX,5,5,확인
2026-01-28,[27] 재작업,P3405A-06.00SPC,O2O2 D_Sepia Choco EX,25,25,확인
2026-01-28,[27] 재작업,P3405A-06.00SPC,O2O2 D_Sepia Choco EX,20,20,확인
2026-01-28,[27] 재작업,P3405A-06.00SPC,O2O2 D_Sepia Choco EX,25,25,확인
2026-01-28,[27] 재작업,P3405A-06.00SPC,O2O2 D_Sepia Choco EX,25,25,확인
2026-01-28,[27] 재작업,P3405A-06.00SPC,O2O2 D_Sepia Choco EX,20,20,확인
2026-01-28,[27] 재작업,P3405A-06.00SPC,O2O2 D_Sepia Choco EX,5,5,확인
2026-01-28,[27] 재작업,P3406A-00.00ASB,O2O2 D_Ash Brown EX,5,5,확인
2026-01-28,[27] 재작업,P3406A-00.00ASB,O2O2 D_Ash Brown EX,25,25,확인
2026-01-28,[27] 재작업,P3406A-00.00ASB,O2O2 D_Ash Brown EX,10,10,확인
2026-01-28,[27] 재작업,P3406A-00.00ASB,O2O2 D_Ash Brown EX,5,5,확인
2026-01-28,[27] 재작업,P3406A-00.00ASB,O2O2 D_Ash Brown EX,25,25,확인
2026-01-28,[27] 재작업,P3406A-00.00ASB,O2O2 D_Ash Brown EX,5,5,확인
2026-01-28,[27] 재작업,P3409A-00.00PIN,O2O2 D_Blending Rose EX,20,20,확인
2026-01-28,[27] 재작업,P3409A-00.00PIN,O2O2 D_Blending Rose EX,10,10,확인
2026-01-28,[27] 재작업,P3409A-00.00PIN,O2O2 D_Blending Rose EX,5,5,확인
2026-01-28,[27] 재작업,P3409A-00.00PIN,O2O2 D_Blending Rose EX,15,15,확인
2026-01-28,[27] 재작업,P3409A-00.00PIN,O2O2 D_Blending Rose EX,20,20,확인
2026-01-28,[27] 재작업,P3409A-00.00PIN,O2O2 D_Blending Rose EX,25,25,확인
2026-01-28,[27] 재작업,P3409A-00.00PIN,O2O2 D_Blending Rose EX,10,10,확인
2026-01-28,[27] 재작업,P3409A-00.00PIN,O2O2 D_Blending Rose EX,10,10,확인
2026-01-28,[27] 재작업,P3409A-00.00PIN,O2O2 D_Blending Rose EX,10,10,확인
2026-01-28,[27] 재작업,P3409A-00.00PIN,O2O2 D_Blending Rose EX,20,20,확인
2026-01-28,[27] 재작업,P3409A-00.00PIN,O2O2 D_Blending Rose EX,5,5,확인
2026-01-28,[27] 재작업,P3407A-00.00ASG,O2O2 D_Ash Gray EX,20,20,확인
2026-01-28,[27] 재작업,P3407A-00.00ASG,O2O2 D_Ash Gray EX,15,15,확인
2026-01-28,[27] 재작업,P3405A-05.50SPC,O2O2 D_Sepia Choco EX,10,10,확인
2026-01-28,[27] 재작업,P3405A-05.50SPC,O2O2 D_Sepia Choco EX,5,5,확인
2026-01-28,[27] 재작업,P3405A-05.50SPC,O2O2 D_Sepia Choco EX,15,15,확인
2026-01-28,[27] 재작업,P3405A-05.50SPC,O2O2 D_Sepia Choco EX,15,15,확인
2026-01-28,[27] 재작업,P3405A-05.50SPC,O2O2 D_Sepia Choco EX,5,5,확인
2026-01-28,[27] 재작업,P3405A-05.50SPC,O2O2 D_Sepia Choco EX,15,15,확인
2026-01-28,[27] 재작업,P3405A-05.50SPC,O2O2 D_Sepia Choco EX,20,20,확인
2026-01-28,[27] 재작업,P3405A-05.50SPC,O2O2 D_Sepia Choco EX,15,15,확인
2026-01-28,[27] 재작업,P3405A-05.50SPC,O2O2 D_Sepia Choco EX,15,15,확인
2026-01-28,[27] 재작업,P3405A-05.50SPC,O2O2 D_Sepia Choco EX,10,10,확인
2026-01-28,[27] 재작업,P3405A-05.50SPC,O2O2 D_Sepia Choco EX,5,5,확인
2026-01-28,[27] 재작업,P3405A-05.50SPC,O2O2 D_Sepia Choco EX,10,10,확인
2026-01-28,[27] 재작업,P3405A-05.50SPC,O2O2 D_Sepia Choco EX,5,5,확인
2026-01-28,[27] 재작업,P3405A-05.50SPC,O2O2 D_Sepia Choco EX,15,15,확인
2026-01-28,[27] 재작업,P3405A-05.50SPC,O2O2 D_Sepia Choco EX,25,25,확인
2026-01-28,[27] 재작업,P3405A-05.50SPC,O2O2 D_Sepia Choco EX,15,15,확인
2026-01-28,[27] 재작업,P3405A-05.50SPC,O2O2 D_Sepia Choco EX,5,5,확인
2026-01-28,[27] 재작업,P3405A-05.50SPC,O2O2 D_Sepia Choco EX,25,25,확인
2026-01-28,[27] 재작업,P3407A-00.00ASG,O2O2 D_Ash Gray EX,10,10,확인
2026-01-28,[27] 재작업,P3407A-00.00ASG,O2O2 D_Ash Gray EX,5,5,확인
2026-01-28,[27] 재작업,P3407A-00.00ASG,O2O2 D_Ash Gray EX,20,20,확인
2026-01-28,[27] 재작업,P3407A-00.00ASG,O2O2 D_Ash Gray EX,10,10,확인
2026-01-28,[27] 재작업,P3407A-00.00ASG,O2O2 D_Ash Gray EX,15,15,확인
2026-01-28,[27] 재작업,P3407A-00.00ASG,O2O2 D_Ash Gray EX,5,5,확인
2026-01-28,[27] 재작업,P3407A-00.00ASG,O2O2 D_Ash Gray EX,10,10,확인
2026-01-28,[27] 재작업,P3407A-00.00ASG,O2O2 D_Ash Gray EX,25,25,확인
2026-01-28,[27] 재작업,P3407A-00.00ASG,O2O2 D_Ash Gray EX,20,20,확인
2026-01-28,[27] 재작업,P3407A-00.00ASG,O2O2 D_Ash Gray EX,5,5,확인
2026-01-28,[27] 재작업,P3407A-00.00ASG,O2O2 D_Ash Gray EX,25,25,확인
2026-01-28,[27] 재작업,P3407A-00.00ASG,O2O2 D_Ash Gray EX,5,5,확인
2026-01-28,[27] 재작업,P3407A-00.00ASG,O2O2 D_Ash Gray EX,15,15,확인
2026-01-28,[27] 재작업,P3405A-02.75SPC,O2O2 D_Sepia Choco EX,20,20,확인
2026-01-28,[27] 재작업,P3405A-02.75SPC,O2O2 D_Sepia Choco EX,20,20,확인
2026-01-28,[27] 재작업,P3405A-02.75SPC,O2O2 D_Sepia Choco EX,10,10,확인
2026-01-28,[27] 재작업,P3406A-02.75ASB,O2O2 D_Ash Brown EX,5,5,확인
2026-01-28,[27] 재작업,P3406A-02.75ASB,O2O2 D_Ash Brown EX,25,25,확인
2026-01-28,[27] 재작업,P3406A-02.75ASB,O2O2 D_Ash Brown EX,25,25,확인
2026-01-28,[27] 재작업,P3406A-02.75ASB,O2O2 D_Ash Brown EX,5,5,확인
2026-01-28,[27] 재작업,P3406A-02.75ASB,O2O2 D_Ash Brown EX,10,10,확인
2026-01-28,[27] 재작업,P3406A-02.75ASB,O2O2 D_Ash Brown EX,15,15,확인
2026-01-28,[27] 재작업,P3406A-03.00ASB,O2O2 D_Ash Brown EX,25,25,확인
2026-01-28,[27] 재작업,P3406A-03.00ASB,O2O2 D_Ash Brown EX,10,10,확인
2026-01-28,[27] 재작업,P3406A-03.00ASB,O2O2 D_Ash Brown EX,10,10,확인
2026-01-28,[27] 재작업,P3406A-03.00ASB,O2O2 D_Ash Brown EX,5,5,확인
2026-01-28,[27] 재작업,P3406A-03.00ASB,O2O2 D_Ash Brown EX,15,15,확인
2026-01-28,[27] 재작업,P3406A-03.00ASB,O2O2 D_Ash Brown EX,5,5,확인
2026-01-28,[27] 재작업,P3406A-03.00ASB,O2O2 D_Ash Brown EX,15,15,확인
2026-01-28,[27] 재작업,P3406A-03.00ASB,O2O2 D_Ash Brown EX,20,20,확인
2026-01-21,[55] 접착/ 멸균,P3405A-09.50SPC,O2O2 D_Sepia Choco EX,"1,425","1,457",확인
2026-01-22,[80] 누수/규격검사,P3405A-09.50SPC,O2O2 D_Sepia Choco EX,"1,425","1,425",확인
2026-01-21,[45] 하이드레이션/전면검사,P3405A-09.50SPC,O2O2 D_Sepia Choco EX,"1,457","1,462",확인
2026-01-17,[10] 사출조립,R3408-01.00BRW,O2O2 D_Blending Hazel EX,"1,076","1,090",확인
2026-01-19,[45] 하이드레이션/전면검사,P3408A-01.00BRW,O2O2 D_Blending Hazel EX,960,965,확인
2026-01-21,[55] 접착/ 멸균,P3408A-01.00BRW,O2O2 D_Blending Hazel EX,940,960,확인
2026-01-21,[80] 누수/규격검사,P3408A-01.00BRW,O2O2 D_Blending Hazel EX,940,940,확인
2026-01-17,[20] 분리,Q3408-01.00BRW,O2O2 D_Blending Hazel EX,965,"1,076",확인
2026-01-19,[45] 하이드레이션/전면검사,P3408A-01.00BRW,O2O2 D_Blending Hazel EX,863,864,확인
2026-01-21,[55] 접착/ 멸균,P3408A-01.00BRW,O2O2 D_Blending Hazel EX,845,863,확인
2026-01-21,[80] 누수/규격검사,P3408A-01.00BRW,O2O2 D_Blending Hazel EX,845,845,확인
2026-01-17,[10] 사출조립,R3408-01.00BRW,O2O2 D_Blending Hazel EX,"1,082","1,090",확인
2026-01-17,[20] 분리,Q3408-01.00BRW,O2O2 D_Blending Hazel EX,864,"1,082",확인
2026-01-26,[55] 접착/ 멸균,P3408A-01.50BRW,O2O2 D_Blending Hazel EX,865,875,확인
2026-01-17,[10] 사출조립,R3408-01.50BRW,O2O2 D_Blending Hazel EX,"1,080","1,090",확인
2026-01-27,[80] 누수/규격검사,P3408A-01.50BRW,O2O2 D_Blending Hazel EX,865,865,확인
2026-01-21,[45] 하이드레이션/전면검사,P3408A-01.50BRW,O2O2 D_Blending Hazel EX,875,875,확인
2026-01-18,[20] 분리,Q3408-01.50BRW,O2O2 D_Blending Hazel EX,875,"1,080",확인
2026-01-17,[10] 사출조립,R3408-01.50BRW,O2O2 D_Blending Hazel EX,0,"1,090",확인
2026-01-17,[10] 사출조립,R3408-01.50BRW,O2O2 D_Blending Hazel EX,"1,062","1,090",확인
2026-01-19,[45] 하이드레이션/전면검사,P3408A-01.50BRW,O2O2 D_Blending Hazel EX,459,459,확인
2026-01-21,[55] 접착/ 멸균,P3408A-01.50BRW,O2O2 D_Blending Hazel EX,445,459,확인
2026-01-21,[80] 누수/규격검사,P3408A-01.50BRW,O2O2 D_Blending Hazel EX,435,445,확인
2026-01-17,[20] 분리,Q3408-01.50BRW,O2O2 D_Blending Hazel EX,459,"1,062",확인
2026-01-17,[10] 사출조립,R3408-03.00BRW,O2O2 D_Blending Hazel EX,0,"1,090",확인
2026-01-27,[55] 접착/ 멸균,P3408A-03.00BRW,O2O2 D_Blending Hazel EX,700,719,확인
2026-01-21,[45] 하이드레이션/전면검사,P3408A-03.00BRW,O2O2 D_Blending Hazel EX,719,721,확인
2026-01-28,[80] 누수/규격검사,P3408A-03.00BRW,O2O2 D_Blending Hazel EX,675,700,확인
2026-01-17,[10] 사출조립,R3408-03.00BRW,O2O2 D_Blending Hazel EX,"1,080","1,090",확인
2026-01-20,[20] 분리,Q3408-03.00BRW,O2O2 D_Blending Hazel EX,721,"1,080",확인
2026-01-19,[45] 하이드레이션/전면검사,P3408A-03.00BRW,O2O2 D_Blending Hazel EX,829,831,확인
2026-01-21,[55] 접착/ 멸균,P3408A-03.00BRW,O2O2 D_Blending Hazel EX,810,829,확인
2026-01-21,[80] 누수/규격검사,P3408A-03.00BRW,O2O2 D_Blending Hazel EX,810,810,확인
2026-01-17,[10] 사출조립,R3408-03.00BRW,O2O2 D_Blending Hazel EX,"1,081","1,090",확인
2026-01-17,[20] 분리,Q3408-03.00BRW,O2O2 D_Blending Hazel EX,831,"1,081",확인
2026-01-27,[55] 접착/ 멸균,P3408A-01.25BRW,O2O2 D_Blending Hazel EX,920,930,확인
2026-01-17,[10] 사출조립,R3408-01.25BRW,O2O2 D_Blending Hazel EX,"1,151","1,156",확인
2026-01-28,[80] 누수/규격검사,P3408A-01.25BRW,O2O2 D_Blending Hazel EX,920,920,확인
2026-01-21,[45] 하이드레이션/전면검사,P3408A-01.25BRW,O2O2 D_Blending Hazel EX,930,997,확인
2026-01-20,[20] 분리,Q3408-01.25BRW,O2O2 D_Blending Hazel EX,997,"1,151",확인
2026-01-28,[55] 접착/ 멸균,P3408A-01.25BRW,O2O2 D_Blending Hazel EX,905,912,확인
2026-01-17,[10] 사출조립,R3408-01.25BRW,O2O2 D_Blending Hazel EX,"1,147","1,156",확인
2026-01-30,[80] 누수/규격검사,P3408A-01.25BRW,O2O2 D_Blending Hazel EX,900,905,확인
2026-01-21,[45] 하이드레이션/전면검사,P3408A-01.25BRW,O2O2 D_Blending Hazel EX,912,913,확인
2026-01-20,[20] 분리,Q3408-01.25BRW,O2O2 D_Blending Hazel EX,913,"1,147",확인
2026-01-22,[55] 접착/ 멸균,P3408A-01.50BRW,O2O2 D_Blending Hazel EX,820,841,확인
2026-01-17,[10] 사출조립,R3408-01.50BRW,O2O2 D_Blending Hazel EX,"1,146","1,156",확인
2026-01-21,[45] 하이드레이션/전면검사,P3408A-01.50BRW,O2O2 D_Blending Hazel EX,841,887,확인
2026-01-24,[80] 누수/규격검사,P3408A-01.50BRW,O2O2 D_Blending Hazel EX,820,820,확인
2026-01-20,[20] 분리,Q3408-01.50BRW,O2O2 D_Blending Hazel EX,887,"1,146",확인
2026-01-17,[10] 사출조립,R3408-01.50BRW,O2O2 D_Blending Hazel EX,0,"1,156",확인
2026-01-17,[10] 사출조립,R3408-01.50BRW,O2O2 D_Blending Hazel EX,0,"1,156",확인
2026-01-17,[10] 사출조립,R3408-03.00BRW,O2O2 D_Blending Hazel EX,0,"1,156",확인
2026-01-28,[55] 접착/ 멸균,P3408A-03.00BRW,O2O2 D_Blending Hazel EX,970,983,확인
2026-01-21,[45] 하이드레이션/전면검사,P3408A-03.00BRW,O2O2 D_Blending Hazel EX,983,993,확인
2026-01-28,[80] 누수/규격검사,P3408A-03.00BRW,O2O2 D_Blending Hazel EX,965,970,확인
2026-01-17,[10] 사출조립,R3408-03.00BRW,O2O2 D_Blending Hazel EX,"1,154","1,156",확인
2026-01-19,[20] 분리,Q3408-03.00BRW,O2O2 D_Blending Hazel EX,993,"1,154",확인
2026-01-22,[55] 접착/ 멸균,P3408A-03.00BRW,O2O2 D_Blending Hazel EX,730,777,확인
2026-01-21,[45] 하이드레이션/전면검사,P3408A-03.00BRW,O2O2 D_Blending Hazel EX,777,782,확인
2026-01-25,[80] 누수/규격검사,P3408A-03.00BRW,O2O2 D_Blending Hazel EX,725,730,확인
2026-01-17,[10] 사출조립,R3408-03.00BRW,O2O2 D_Blending Hazel EX,"1,150","1,156",확인
2026-01-20,[20] 분리,Q3408-03.00BRW,O2O2 D_Blending Hazel EX,782,"1,150",확인
2026-01-30,[20] 분리,Q3405-09.50SPC,O2O2 D_Sepia Choco EX,"1,783","2,140",확인
2026-01-31,[45] 하이드레이션/전면검사,P3405A-09.50SPC,O2O2 D_Sepia Choco EX,"1,783","1,783",확인
2026-01-21,[10] 사출조립,R3405-09.50SPC,O2O2 D_Sepia Choco EX,"2,140","2,163",확인
2026-01-21,[10] 사출조립,R3405-09.00SPC,O2O2 D_Sepia Choco EX,0,"2,163",확인
2026-01-30,[20] 분리,Q3405-09.00SPC,O2O2 D_Sepia Choco EX,"1,728.00","2,152.00",확인
2026-01-21,[10] 사출조립,R3405-09.00SPC,O2O2 D_Sepia Choco EX,"2,152","2,163",확인
2026-01-21,[10] 사출조립,R3405-09.00SPC,O2O2 D_Sepia Choco EX,"2,134","2,163",확인
2026-01-30,[20] 분리,Q3405-09.00SPC,O2O2 D_Sepia Choco EX,"1,614","2,134",확인
2026-01-31,[45] 하이드레이션/전면검사,P3405A-09.50SPC,O2O2 D_Sepia Choco EX,"1,680","1,685",확인
2026-01-21,[10] 사출조립,R3405-09.50SPC,O2O2 D_Sepia Choco EX,"2,151","2,163",확인
2026-01-30,[20] 분리,Q3405-09.50SPC,O2O2 D_Sepia Choco EX,"1,685","2,151",확인
2026-01-31,[45] 하이드레이션/전면검사,P3405A-09.50SPC,O2O2 D_Sepia Choco EX,"1,739","1,764",확인
2026-01-21,[10] 사출조립,R3405-09.50SPC,O2O2 D_Sepia Choco EX,"2,147","2,163",확인
2026-01-30,[20] 분리,Q3405-09.50SPC,O2O2 D_Sepia Choco EX,"1,764","2,147",확인
2026-01-21,[10] 사출조립,R3405-09.50SPC,O2O2 D_Sepia Choco EX,"1,980","2,163",확인
2026-01-21,[10] 사출조립,R3405-09.50SPC,O2O2 D_Sepia Choco EX,"2,133","2,163",확인
2026-01-30,[20] 분리,Q3406-00.00ASB,O2O2 D_Ash Brown EX,"1,610","2,129",확인
2026-01-31,[45] 하이드레이션/전면검사,P3406A-00.00ASB,O2O2 D_Ash Brown EX,"1,608","1,610",확인
2026-01-29,[10] 사출조립,R3406-00.00ASB,O2O2 D_Ash Brown EX,"2,129","2,232",확인
2026-01-31,[45] 하이드레이션/전면검사,P3406A-00.00ASB,O2O2 D_Ash Brown EX,"1,830","1,833",확인
2026-01-29,[10] 사출조립,R3406-00.00ASB,O2O2 D_Ash Brown EX,"2,204","2,232",확인
2026-01-30,[20] 분리,Q3406-00.00ASB,O2O2 D_Ash Brown EX,"1,833","2,204",확인
2026-01-29,[10] 사출조립,R3406-00.00ASB,O2O2 D_Ash Brown EX,"2,215","2,232",확인
2026-01-30,[20] 분리,Q3406-00.00ASB,O2O2 D_Ash Brown EX,"1,533","2,215",확인
2026-01-31,[55] 접착/ 멸균,P3406A-00.00ASB,O2O2 D_Ash Brown EX,"1,780","1,811",확인
2026-01-31,[45] 하이드레이션/전면검사,P3406A-00.00ASB,O2O2 D_Ash Brown EX,"1,811","1,817",확인
2026-01-29,[10] 사출조립,R3406-00.00ASB,O2O2 D_Ash Brown EX,"2,213","2,232",확인
2026-01-30,[20] 분리,Q3406-00.00ASB,O2O2 D_Ash Brown EX,"1,817","2,213",확인
2026-01-31,[45] 하이드레이션/전면검사,P3406A-00.00ASB,O2O2 D_Ash Brown EX,"1,735","1,736",확인
2026-01-29,[10] 사출조립,R3406-00.00ASB,O2O2 D_Ash Brown EX,"2,192","2,232",확인
2026-01-30,[20] 분리,Q3406-00.00ASB,O2O2 D_Ash Brown EX,"1,736","2,192",확인
2026-01-31,[45] 하이드레이션/전면검사,P3406A-00.00ASB,O2O2 D_Ash Brown EX,"1,822","1,824",확인
2026-01-29,[10] 사출조립,R3406-00.00ASB,O2O2 D_Ash Brown EX,"2,214","2,232",확인
2026-01-30,[20] 분리,Q3406-00.00ASB,O2O2 D_Ash Brown EX,"1,824","2,214",확인
2026-01-30,[20] 분리,Q3406-00.00ASB,O2O2 D_Ash Brown EX,"1,642","2,047",확인
2026-01-31,[45] 하이드레이션/전면검사,P3406A-00.00ASB,O2O2 D_Ash Brown EX,"1,640","1,642",확인
2026-01-29,[10] 사출조립,R3406-00.00ASB,O2O2 D_Ash Brown EX,"2,047","2,232",확인
2026-01-31,[55] 접착/ 멸균,P3406A-00.00ASB,O2O2 D_Ash Brown EX,"1,850","1,887",확인
2026-01-31,[45] 하이드레이션/전면검사,P3406A-00.00ASB,O2O2 D_Ash Brown EX,"1,887","1,887",확인
2026-01-29,[10] 사출조립,R3406-00.00ASB,O2O2 D_Ash Brown EX,"2,203","2,232",확인
2026-01-30,[20] 분리,Q3406-00.00ASB,O2O2 D_Ash Brown EX,"1,887","2,203",확인
2026-01-31,[45] 하이드레이션/전면검사,P3406A-00.00ASB,O2O2 D_Ash Brown EX,"2,038","2,040",확인
2026-01-29,[10] 사출조립,R3406-00.00ASB,O2O2 D_Ash Brown EX,"2,324","2,375",확인
2026-01-30,[20] 분리,Q3406-00.00ASB,O2O2 D_Ash Brown EX,"2,040","2,324",확인
2026-01-30,[20] 분리,Q3406-00.00ASB,O2O2 D_Ash Brown EX,"2,027","2,331",확인
2026-01-31,[45] 하이드레이션/전면검사,P3406A-00.00ASB,O2O2 D_Ash Brown EX,"2,020","2,027",확인
2026-01-29,[10] 사출조립,R3406-00.00ASB,O2O2 D_Ash Brown EX,"2,331","2,375",확인
2026-01-29,[10] 사출조립,R3406-00.00ASB,O2O2 D_Ash Brown EX,0,"2,375",확인
2026-01-29,[10] 사출조립,R3406-00.00ASB,O2O2 D_Ash Brown EX,0,"2,375",확인
2026-01-29,[10] 사출조립,R3406-00.00ASB,O2O2 D_Ash Brown EX,"2,359","2,375",확인
2026-01-31,[20] 분리,Q3406-00.00ASB,O2O2 D_Ash Brown EX,"2,174","2,359",확인
2026-01-31,[20] 분리,Q3406-00.00ASB,O2O2 D_Ash Brown EX,"2,071","2,366",확인
2026-01-29,[10] 사출조립,R3406-00.00ASB,O2O2 D_Ash Brown EX,"2,366","2,375",확인
2026-01-31,[55] 접착/ 멸균,P3406A-00.00ASB,O2O2 D_Ash Brown EX,"1,970","1,995",확인
2026-01-30,[20] 분리,Q3406-00.00ASB,O2O2 D_Ash Brown EX,"2,017","2,281",확인
2026-01-31,[45] 하이드레이션/전면검사,P3406A-00.00ASB,O2O2 D_Ash Brown EX,"1,995","2,017",확인
2026-01-29,[10] 사출조립,R3406-00.00ASB,O2O2 D_Ash Brown EX,"2,281","2,375",확인
2026-01-31,[45] 하이드레이션/전면검사,P3406A-00.00ASB,O2O2 D_Ash Brown EX,"2,115","2,138",확인
2026-01-29,[10] 사출조립,R3406-00.00ASB,O2O2 D_Ash Brown EX,"2,320","2,375",확인
2026-01-30,[20] 분리,Q3406-00.00ASB,O2O2 D_Ash Brown EX,"2,138","2,320",확인
2026-01-31,[10] 사출조립,R3406-00.00ASB,O2O2 D_Ash Brown EX,"2,006","2,077",확인
2026-01-31,[10] 사출조립,R3406-00.00ASB,O2O2 D_Ash Brown EX,"2,008","2,077",확인
2026-01-31,[10] 사출조립,R3406-00.00ASB,O2O2 D_Ash Brown EX,"1,963","2,077",확인
2026-01-31,[10] 사출조립,R3406-00.00ASB,O2O2 D_Ash Brown EX,"1,966","2,077",확인
2026-01-31,[10] 사출조립,R3406-00.00ASB,O2O2 D_Ash Brown EX,0,"2,077",확인
2026-01-31,[10] 사출조립,R3406-00.00ASB,O2O2 D_Ash Brown EX,"2,008","2,077",확인
2026-01-31,[10] 사출조립,R3406-00.00ASB,O2O2 D_Ash Brown EX,"1,941","2,077",확인
2026-01-31,[10] 사출조립,R3406-00.00ASB,O2O2 D_Ash Brown EX,"1,954","2,077",확인
2026-02-27,[27] 재작업,P3406A-00.00ASB,O2O2 D_Ash Brown EX,65,65,확인
2026-02-27,[27] 재작업,P3406A-00.00ASB,O2O2 D_Ash Brown EX,45,45,확인
2026-02-27,[27] 재작업,P3406A-00.00ASB,O2O2 D_Ash Brown EX,40,40,확인
2026-02-27,[27] 재작업,P3406A-00.00ASB,O2O2 D_Ash Brown EX,10,10,확인
2026-02-27,[27] 재작업,P3406A-00.00ASB,O2O2 D_Ash Brown EX,75,75,확인
2026-02-27,[27] 재작업,P3406A-00.00ASB,O2O2 D_Ash Brown EX,80,80,확인
2026-02-27,[27] 재작업,P3406A-00.00ASB,O2O2 D_Ash Brown EX,65,65,확인
2026-02-27,[27] 재작업,P3406A-00.00ASB,O2O2 D_Ash Brown EX,55,55,확인
2026-02-27,[27] 재작업,P3406A-01.00ASB,O2O2 D_Ash Brown EX,35,35,확인
2026-02-27,[27] 재작업,P3406A-01.00ASB,O2O2 D_Ash Brown EX,5,5,확인
2026-02-27,[27] 재작업,P3406A-01.00ASB,O2O2 D_Ash Brown EX,45,45,확인
2026-02-27,[27] 재작업,P3406A-01.00ASB,O2O2 D_Ash Brown EX,35,35,확인
2026-02-27,[27] 재작업,P3406A-01.00ASB,O2O2 D_Ash Brown EX,30,30,확인
2026-02-27,[27] 재작업,P3406A-01.00ASB,O2O2 D_Ash Brown EX,60,60,확인
2026-02-27,[27] 재작업,P3406A-01.00ASB,O2O2 D_Ash Brown EX,40,40,확인
2026-02-27,[27] 재작업,P3406A-01.00ASB,O2O2 D_Ash Brown EX,50,50,확인
2026-02-27,[27] 재작업,P3406A-01.25ASB,O2O2 D_Ash Brown EX,80,80,확인
2026-02-27,[27] 재작업,P3406A-01.25ASB,O2O2 D_Ash Brown EX,65,65,확인
2026-02-27,[27] 재작업,P3406A-01.25ASB,O2O2 D_Ash Brown EX,50,50,확인
2026-02-27,[27] 재작업,P3406A-01.25ASB,O2O2 D_Ash Brown EX,65,65,확인
2026-02-27,[27] 재작업,P3406A-01.25ASB,O2O2 D_Ash Brown EX,50,50,확인
2026-02-27,[27] 재작업,P3406A-01.25ASB,O2O2 D_Ash Brown EX,85,85,확인
2026-02-27,[27] 재작업,P3406A-01.50ASB,O2O2 D_Ash Brown EX,45,45,확인
2026-02-27,[27] 재작업,P3406A-01.50ASB,O2O2 D_Ash Brown EX,25,25,확인
2026-02-27,[27] 재작업,P3406A-01.50ASB,O2O2 D_Ash Brown EX,65,65,확인
2026-02-27,[27] 재작업,P3406A-01.50ASB,O2O2 D_Ash Brown EX,70,70,확인
2026-02-27,[27] 재작업,P3406A-01.50ASB,O2O2 D_Ash Brown EX,60,60,확인
2026-02-27,[27] 재작업,P3406A-01.50ASB,O2O2 D_Ash Brown EX,75,75,확인
2026-02-27,[27] 재작업,P3406A-01.50ASB,O2O2 D_Ash Brown EX,75,75,확인
2026-02-27,[27] 재작업,P3406A-01.75ASB,O2O2 D_Ash Brown EX,75,75,확인
2026-02-27,[27] 재작업,P3406A-01.75ASB,O2O2 D_Ash Brown EX,30,30,확인
2026-02-27,[27] 재작업,P3406A-01.75ASB,O2O2 D_Ash Brown EX,70,70,확인
2026-02-27,[27] 재작업,P3406A-01.75ASB,O2O2 D_Ash Brown EX,70,70,확인
2026-02-27,[27] 재작업,P3406A-02.00ASB,O2O2 D_Ash Brown EX,70,70,확인
2026-02-27,[27] 재작업,P3406A-02.00ASB,O2O2 D_Ash Brown EX,5,5,확인
2026-02-27,[27] 재작업,P3406A-02.00ASB,O2O2 D_Ash Brown EX,25,25,확인
2026-02-27,[27] 재작업,P3406A-02.25ASB,O2O2 D_Ash Brown EX,50,50,확인
2026-02-27,[27] 재작업,P3406A-02.25ASB,O2O2 D_Ash Brown EX,5,5,확인
2026-02-27,[27] 재작업,P3406A-02.25ASB,O2O2 D_Ash Brown EX,5,5,확인
2026-02-27,[27] 재작업,P3406A-02.25ASB,O2O2 D_Ash Brown EX,45,45,확인
2026-02-27,[27] 재작업,P3406A-02.25ASB,O2O2 D_Ash Brown EX,85,85,확인
2026-02-27,[27] 재작업,P3406A-02.25ASB,O2O2 D_Ash Brown EX,10,10,확인
2026-02-27,[27] 재작업,P3406A-02.25ASB,O2O2 D_Ash Brown EX,5,5,확인
2026-02-27,[27] 재작업,P3406A-02.50ASB,O2O2 D_Ash Brown EX,20,20,확인
2026-02-27,[27] 재작업,P3406A-02.50ASB,O2O2 D_Ash Brown EX,15,15,확인
2026-02-27,[27] 재작업,P3406A-02.50ASB,O2O2 D_Ash Brown EX,75,75,확인
2026-02-27,[27] 재작업,P3406A-02.50ASB,O2O2 D_Ash Brown EX,85,85,확인
2026-02-27,[27] 재작업,P3406A-02.50ASB,O2O2 D_Ash Brown EX,20,20,확인
2026-02-27,[27] 재작업,P3406A-02.50ASB,O2O2 D_Ash Brown EX,55,55,확인
2026-02-27,[27] 재작업,P3406A-02.50ASB,O2O2 D_Ash Brown EX,30,30,확인
2026-02-27,[27] 재작업,P3406A-04.75ASB,O2O2 D_Ash Brown EX,30,30,확인
2026-02-27,[27] 재작업,P3406A-04.75ASB,O2O2 D_Ash Brown EX,45,45,확인
2026-02-27,[27] 재작업,P3406A-04.75ASB,O2O2 D_Ash Brown EX,80,80,확인
2026-02-27,[27] 재작업,P3406A-04.75ASB,O2O2 D_Ash Brown EX,25,25,확인
2026-02-27,[27] 재작업,P3406A-04.75ASB,O2O2 D_Ash Brown EX,30,30,확인
2026-02-27,[27] 재작업,P3406A-04.75ASB,O2O2 D_Ash Brown EX,30,30,확인
2026-02-27,[27] 재작업,P3406A-04.75ASB,O2O2 D_Ash Brown EX,20,20,확인
2026-02-27,[27] 재작업,P3406A-04.75ASB,O2O2 D_Ash Brown EX,60,60,확인
2026-02-27,[27] 재작업,P3406A-05.00ASB,O2O2 D_Ash Brown EX,65,65,확인
2026-02-27,[27] 재작업,P3406A-05.00ASB,O2O2 D_Ash Brown EX,25,25,확인
2026-02-27,[27] 재작업,P3406A-05.00ASB,O2O2 D_Ash Brown EX,65,65,확인
2026-02-27,[27] 재작업,P3406A-05.00ASB,O2O2 D_Ash Brown EX,80,80,확인
2026-02-27,[27] 재작업,P3406A-05.00ASB,O2O2 D_Ash Brown EX,60,60,확인
2026-02-27,[27] 재작업,P3406A-05.00ASB,O2O2 D_Ash Brown EX,40,40,확인
2026-02-27,[27] 재작업,P3406A-05.50ASB,O2O2 D_Ash Brown EX,10,10,확인
2026-02-27,[27] 재작업,P3406A-05.50ASB,O2O2 D_Ash Brown EX,30,30,확인
2026-02-27,[27] 재작업,P3406A-05.50ASB,O2O2 D_Ash Brown EX,55,55,확인
2026-02-27,[27] 재작업,P3406A-05.50ASB,O2O2 D_Ash Brown EX,20,20,확인
2026-02-27,[27] 재작업,P3406A-05.50ASB,O2O2 D_Ash Brown EX,85,85,확인
2026-02-27,[27] 재작업,P3406A-05.50ASB,O2O2 D_Ash Brown EX,50,50,확인
2026-02-27,[27] 재작업,P3406A-06.00ASB,O2O2 D_Ash Brown EX,75.00,75.00,확인
2026-02-27,[27] 재작업,P3406A-06.00ASB,O2O2 D_Ash Brown EX,70,70,확인
2026-02-27,[27] 재작업,P3406A-06.00ASB,O2O2 D_Ash Brown EX,35,35,확인
2026-02-27,[27] 재작업,P3406A-06.00ASB,O2O2 D_Ash Brown EX,85,85,확인
2026-02-27,[27] 재작업,P3406A-06.00ASB,O2O2 D_Ash Brown EX,10,10,확인
2026-02-27,[27] 재작업,P3406A-06.00ASB,O2O2 D_Ash Brown EX,80,80,확인
2026-02-27,[27] 재작업,P3406A-06.00ASB,O2O2 D_Ash Brown EX,15,15,확인
2026-02-27,[27] 재작업,P3406A-06.00ASB,O2O2 D_Ash Brown EX,55,55,확인
2026-02-27,[27] 재작업,P3406A-06.50ASB,O2O2 D_Ash Brown EX,50,50,확인
2026-02-27,[27] 재작업,P3406A-06.50ASB,O2O2 D_Ash Brown EX,35,35,확인
2026-02-27,[27] 재작업,P3406A-06.50ASB,O2O2 D_Ash Brown EX,85,85,확인
2026-02-27,[27] 재작업,P3406A-06.50ASB,O2O2 D_Ash Brown EX,45,45,확인
2026-02-27,[27] 재작업,P3406A-06.50ASB,O2O2 D_Ash Brown EX,10,10,확인
2026-02-27,[27] 재작업,P3406A-06.50ASB,O2O2 D_Ash Brown EX,75,75,확인
2026-02-27,[27] 재작업,P3406A-06.50ASB,O2O2 D_Ash Brown EX,40,40,확인
2026-02-27,[27] 재작업,P3406A-07.00ASB,O2O2 D_Ash Brown EX,65,65,확인
2026-02-27,[27] 재작업,P3406A-07.00ASB,O2O2 D_Ash Brown EX,80,80,확인
2026-02-27,[27] 재작업,P3406A-07.00ASB,O2O2 D_Ash Brown EX,50,50,확인
2026-02-27,[27] 재작업,P3406A-07.00ASB,O2O2 D_Ash Brown EX,15,15,확인
2026-02-27,[27] 재작업,P3406A-07.00ASB,O2O2 D_Ash Brown EX,40,40,확인
2026-02-27,[27] 재작업,P3406A-07.00ASB,O2O2 D_Ash Brown EX,15,15,확인
2026-02-27,[27] 재작업,P3406A-07.00ASB,O2O2 D_Ash Brown EX,10,10,확인
2026-02-27,[27] 재작업,P3406A-07.00ASB,O2O2 D_Ash Brown EX,45,45,확인
2026-02-27,[27] 재작업,P3406A-07.00ASB,O2O2 D_Ash Brown EX,75,75,확인
2026-02-27,[27] 재작업,P3406A-07.50ASB,O2O2 D_Ash Brown EX,40,40,확인
2026-02-27,[27] 재작업,P3406A-07.50ASB,O2O2 D_Ash Brown EX,55,55,확인
2026-02-27,[27] 재작업,P3406A-07.50ASB,O2O2 D_Ash Brown EX,65,65,확인
2026-02-27,[27] 재작업,P3406A-07.50ASB,O2O2 D_Ash Brown EX,60,60,확인
2026-02-27,[27] 재작업,P3406A-07.50ASB,O2O2 D_Ash Brown EX,55,55,확인
2026-02-27,[27] 재작업,P3406A-07.50ASB,O2O2 D_Ash Brown EX,70,70,확인
2026-02-27,[27] 재작업,P3406A-07.50ASB,O2O2 D_Ash Brown EX,70,70,확인
2026-02-27,[27] 재작업,P3406A-07.50ASB,O2O2 D_Ash Brown EX,75,75,확인
2026-02-27,[27] 재작업,P3406A-07.50ASB,O2O2 D_Ash Brown EX,30,30,확인
2026-02-27,[27] 재작업,P3406A-08.00ASB,O2O2 D_Ash Brown EX,30,30,확인
2026-02-27,[27] 재작업,P3406A-08.00ASB,O2O2 D_Ash Brown EX,30,30,확인
2026-02-27,[27] 재작업,P3406A-08.00ASB,O2O2 D_Ash Brown EX,70.00,70.00,확인
2026-02-27,[27] 재작업,P3406A-08.00ASB,O2O2 D_Ash Brown EX,5,5,확인
2026-02-27,[27] 재작업,P3406A-08.00ASB,O2O2 D_Ash Brown EX,60,60,확인
2026-02-27,[27] 재작업,P3406A-08.00ASB,O2O2 D_Ash Brown EX,55,55,확인
2026-02-27,[27] 재작업,P3406A-08.00ASB,O2O2 D_Ash Brown EX,65,65,확인
2026-02-27,[27] 재작업,P3406A-08.00ASB,O2O2 D_Ash Brown EX,50,50,확인
2026-02-27,[27] 재작업,P3406A-08.00ASB,O2O2 D_Ash Brown EX,15,15,확인
2026-02-27,[27] 재작업,P3406A-08.00ASB,O2O2 D_Ash Brown EX,20,20,확인
2026-02-27,[27] 재작업,P3406A-08.00ASB,O2O2 D_Ash Brown EX,55,55,확인
2026-02-27,[27] 재작업,P3406A-08.50ASB,O2O2 D_Ash Brown EX,55,55,확인
2026-02-27,[27] 재작업,P3406A-08.50ASB,O2O2 D_Ash Brown EX,20,20,확인
2026-02-27,[27] 재작업,P3406A-08.50ASB,O2O2 D_Ash Brown EX,55,55,확인
2026-02-27,[27] 재작업,P3406A-08.50ASB,O2O2 D_Ash Brown EX,60,60,확인
2026-02-27,[27] 재작업,P3406A-08.50ASB,O2O2 D_Ash Brown EX,85,85,확인
2026-02-27,[27] 재작업,P3406A-08.50ASB,O2O2 D_Ash Brown EX,25,25,확인
2026-02-27,[27] 재작업,P3406A-08.50ASB,O2O2 D_Ash Brown EX,5,5,확인
2026-02-27,[27] 재작업,P3406A-09.00ASB,O2O2 D_Ash Brown EX,25,25,확인
2026-02-27,[27] 재작업,P3406A-09.00ASB,O2O2 D_Ash Brown EX,20,20,확인
2026-02-27,[27] 재작업,P3406A-09.00ASB,O2O2 D_Ash Brown EX,35,35,확인
2026-02-27,[27] 재작업,P3406A-09.00ASB,O2O2 D_Ash Brown EX,45,45,확인
2026-02-27,[27] 재작업,P3406A-09.50ASB,O2O2 D_Ash Brown EX,25,25,확인
2026-02-27,[27] 재작업,P3406A-09.50ASB,O2O2 D_Ash Brown EX,85,85,확인
2026-02-27,[27] 재작업,P3406A-09.50ASB,O2O2 D_Ash Brown EX,70,70,확인
2026-02-27,[27] 재작업,P3406A-09.50ASB,O2O2 D_Ash Brown EX,40,40,확인
2026-02-27,[27] 재작업,P3406A-09.50ASB,O2O2 D_Ash Brown EX,15,15,확인
2026-02-27,[27] 재작업,P3406A-10.00ASB,O2O2 D_Ash Brown EX,15,15,확인
2026-02-27,[27] 재작업,P3406A-10.00ASB,O2O2 D_Ash Brown EX,15,15,확인
2026-02-27,[27] 재작업,P3406A-02.00ASB,O2O2 D_Ash Brown EX,"1,440","1,440",확인
2026-02-27,[27] 재작업,P3406A-10.00ASB,O2O2 D_Ash Brown EX,"1,440","1,440",확인
2026-02-28,[27] 재작업,P3406A-00.50ASB,O2O2 D_Ash Brown EX,55,55,확인
2026-02-28,[27] 재작업,P3406A-00.75ASB,O2O2 D_Ash Brown EX,60,60,확인
2026-02-28,[27] 재작업,P3406A-00.75ASB,O2O2 D_Ash Brown EX,75,75,확인
2026-02-28,[27] 재작업,P3406A-00.75ASB,O2O2 D_Ash Brown EX,45,45,확인
2026-02-28,[27] 재작업,P3406A-00.75ASB,O2O2 D_Ash Brown EX,55,55,확인
2026-02-28,[27] 재작업,P3406A-00.75ASB,O2O2 D_Ash Brown EX,40,40,확인
2026-02-28,[27] 재작업,P3406A-00.75ASB,O2O2 D_Ash Brown EX,30,30,확인
2026-02-28,[27] 재작업,P3406A-00.75ASB,O2O2 D_Ash Brown EX,80,80,확인
2026-02-28,[27] 재작업,P3406A-00.75ASB,O2O2 D_Ash Brown EX,60,60,확인
2026-02-28,[27] 재작업,P3406A-00.75ASB,O2O2 D_Ash Brown EX,15,15,확인
2026-02-28,[27] 재작업,P3406A-01.00ASB,O2O2 D_Ash Brown EX,50,50,확인
2026-02-28,[27] 재작업,P3406A-01.00ASB,O2O2 D_Ash Brown EX,70,70,확인
2026-02-28,[27] 재작업,P3406A-01.00ASB,O2O2 D_Ash Brown EX,30,30,확인
2026-02-28,[27] 재작업,P3406A-01.25ASB,O2O2 D_Ash Brown EX,35,35,확인
2026-02-28,[27] 재작업,P3406A-01.25ASB,O2O2 D_Ash Brown EX,10,10,확인
2026-02-28,[27] 재작업,P3406A-02.00ASB,O2O2 D_Ash Brown EX,60,60,확인
2026-02-28,[27] 재작업,P3406A-02.00ASB,O2O2 D_Ash Brown EX,20,20,확인
2026-02-28,[27] 재작업,P3406A-02.00ASB,O2O2 D_Ash Brown EX,70,70,확인
2026-02-28,[27] 재작업,P3406A-02.00ASB,O2O2 D_Ash Brown EX,15,15,확인
2026-02-28,[27] 재작업,P3406A-02.00ASB,O2O2 D_Ash Brown EX,55,55,확인
2026-02-28,[27] 재작업,P3406A-02.25ASB,O2O2 D_Ash Brown EX,35,35,확인
2026-02-28,[27] 재작업,P3406A-02.25ASB,O2O2 D_Ash Brown EX,25,25,확인
2026-02-28,[27] 재작업,P3406A-02.50ASB,O2O2 D_Ash Brown EX,5,5,확인
2026-02-28,[27] 재작업,P3406A-03.50ASB,O2O2 D_Ash Brown EX,30,30,확인
2026-02-28,[27] 재작업,P3406A-03.75ASB,O2O2 D_Ash Brown EX,25,25,확인
2026-02-28,[27] 재작업,P3406A-03.75ASB,O2O2 D_Ash Brown EX,65,65,확인
2026-02-28,[27] 재작업,P3406A-04.00ASB,O2O2 D_Ash Brown EX,5,5,확인
2026-02-28,[27] 재작업,P3406A-04.00ASB,O2O2 D_Ash Brown EX,60,60,확인
2026-02-28,[27] 재작업,P3406A-04.25ASB,O2O2 D_Ash Brown EX,30,30,확인
2026-02-28,[27] 재작업,P3406A-04.25ASB,O2O2 D_Ash Brown EX,85,85,확인
2026-02-28,[27] 재작업,P3406A-04.25ASB,O2O2 D_Ash Brown EX,40,40,확인
2026-02-28,[27] 재작업,P3406A-04.25ASB,O2O2 D_Ash Brown EX,45,45,확인
2026-02-28,[27] 재작업,P3406A-04.25ASB,O2O2 D_Ash Brown EX,30,30,확인
2026-02-28,[27] 재작업,P3406A-04.25ASB,O2O2 D_Ash Brown EX,45,45,확인
2026-02-28,[27] 재작업,P3406A-04.25ASB,O2O2 D_Ash Brown EX,15,15,확인
2026-02-28,[27] 재작업,P3406A-04.50ASB,O2O2 D_Ash Brown EX,40,40,확인
2026-02-28,[27] 재작업,P3406A-04.50ASB,O2O2 D_Ash Brown EX,55,55,확인
2026-02-28,[27] 재작업,P3406A-04.75ASB,O2O2 D_Ash Brown EX,40,40,확인
2026-02-28,[27] 재작업,P3406A-04.75ASB,O2O2 D_Ash Brown EX,5,5,확인
2026-02-28,[27] 재작업,P3406A-04.75ASB,O2O2 D_Ash Brown EX,5,5,확인
2026-02-28,[27] 재작업,P3406A-00.50ASB,O2O2 D_Ash Brown EX,45,45,확인
2026-02-28,[27] 재작업,P3406A-00.50ASB,O2O2 D_Ash Brown EX,30,30,확인
2026-02-28,[27] 재작업,P3406A-00.50ASB,O2O2 D_Ash Brown EX,55,55,확인
2026-02-28,[27] 재작업,P3406A-01.75ASB,O2O2 D_Ash Brown EX,"1,260","1,260",확인
2026-02-28,[27] 재작업,P3406A-04.50ASB,O2O2 D_Ash Brown EX,540.00,540.00,확인
2026-02-28,[27] 재작업,P3406A-03.75ASB,O2O2 D_Ash Brown EX,"1,890","1,890",확인
2026-02-28,[27] 재작업,P3406A-04.00ASB,O2O2 D_Ash Brown EX,"2,070","2,070",확인
2026-02-28,[27] 재작업,P3406A-08.50ASB,O2O2 D_Ash Brown EX,"1,530","1,530",확인
2026-02-28,[27] 재작업,P3406A-09.00ASB,O2O2 D_Ash Brown EX,180,180,확인
2026-02-28,[27] 재작업,P3406A-09.00ASB,O2O2 D_Ash Brown EX,720,720,확인
2026-02-27,[27] 재작업,P3406A-10.00ASB,O2O2 D_Ash Brown EX,270,270,확인
2026-02-28,[27] 재작업,P3406A-04.00ASB,O2O2 D_Ash Brown EX,"1,710","1,710",확인
2026-02-28,[27] 재작업,P3406A-05.00ASB,O2O2 D_Ash Brown EX,"1,890","1,890",확인
2026-02-28,[27] 재작업,P3406A-03.50ASB,O2O2 D_Ash Brown EX,"1,980","1,980",확인
2026-02-28,[27] 재작업,P3406A-03.50ASB,O2O2 D_Ash Brown EX,"1,890","1,890",확인
2026-02-28,[27] 재작업,P3406A-08.50ASB,O2O2 D_Ash Brown EX,"2,520","2,520",확인
2026-02-28,[27] 재작업,P3406A-09.00ASB,O2O2 D_Ash Brown EX,"1,530","1,530",확인
2026-02-27,[27] 재작업,P3406A-02.00ASB,O2O2 D_Ash Brown EX,"1,620","1,620",확인
2026-02-28,[27] 재작업,P3406A-02.00ASB,O2O2 D_Ash Brown EX,"1,710","1,710",확인
2026-02-28,[27] 재작업,P3406A-04.00ASB,O2O2 D_Ash Brown EX,630,630,확인
2026-02-28,[27] 재작업,P3406A-03.50ASB,O2O2 D_Ash Brown EX,"1,710","1,710",확인
2026-02-28,[27] 재작업,P3406A-09.00ASB,O2O2 D_Ash Brown EX,360,360,확인
2026-02-28,[27] 재작업,P3406A-10.00ASB,O2O2 D_Ash Brown EX,540.00,540.00,확인
2026-02-27,[27] 재작업,P3406A-10.00ASB,O2O2 D_Ash Brown EX,900,900,확인
2026-02-28,[27] 재작업,P3406A-01.75ASB,O2O2 D_Ash Brown EX,"2,070","2,070",확인
2026-02-28,[27] 재작업,P3406A-10.00ASB,O2O2 D_Ash Brown EX,"1,530","1,530",확인
2026-02-28,[27] 재작업,P3406A-00.50ASB,O2O2 D_Ash Brown EX,50,50,확인
2026-02-28,[27] 재작업,P3406A-00.50ASB,O2O2 D_Ash Brown EX,35,35,확인
2026-02-28,[27] 재작업,P3406A-00.50ASB,O2O2 D_Ash Brown EX,20,20,확인
2026-02-28,[27] 재작업,P3406A-00.50ASB,O2O2 D_Ash Brown EX,35,35,확인
2026-02-28,[27] 재작업,P3406A-00.50ASB,O2O2 D_Ash Brown EX,40,40,확인
2026-02-28,[27] 재작업,P3406A-01.75ASB,O2O2 D_Ash Brown EX,"1,710","1,710",확인
2026-02-28,[27] 재작업,P3406A-04.00ASB,O2O2 D_Ash Brown EX,"1,710","1,710",확인
2026-02-28,[27] 재작업,P3406A-04.50ASB,O2O2 D_Ash Brown EX,"1,980","1,980",확인
2026-02-28,[27] 재작업,P3406A-05.00ASB,O2O2 D_Ash Brown EX,"1,800","1,800",확인
2026-02-28,[27] 재작업,P3406A-05.00ASB,O2O2 D_Ash Brown EX,"1,710","1,710",확인
2026-02-28,[27] 재작업,P3406A-03.50ASB,O2O2 D_Ash Brown EX,"1,530","1,530",확인
2026-02-28,[27] 재작업,P3406A-08.50ASB,O2O2 D_Ash Brown EX,"1,260","1,260",확인
2026-02-28,[27] 재작업,P3406A-04.50ASB,O2O2 D_Ash Brown EX,75,75,확인
2026-02-27,[27] 재작업,P3406A-02.00ASB,O2O2 D_Ash Brown EX,"1,890","1,890",확인
2026-02-27,[27] 재작업,P3406A-10.00ASB,O2O2 D_Ash Brown EX,"1,620","1,620",확인
2026-02-27,[27] 재작업,P3406A-10.00ASB,O2O2 D_Ash Brown EX,630,630,확인
2026-02-28,[27] 재작업,P3406A-03.75ASB,O2O2 D_Ash Brown EX,"1,260","1,260",확인
2026-02-28,[27] 재작업,P3406A-09.00ASB,O2O2 D_Ash Brown EX,450,450,확인
2026-02-28,[27] 재작업,P3406A-09.00ASB,O2O2 D_Ash Brown EX,"1,710","1,710",확인
2026-02-27,[27] 재작업,P3406A-02.00ASB,O2O2 D_Ash Brown EX,"1,800","1,800",확인
2026-02-28,[27] 재작업,P3406A-02.00ASB,O2O2 D_Ash Brown EX,"1,440","1,440",확인
2026-02-28,[27] 재작업,P3406A-04.50ASB,O2O2 D_Ash Brown EX,810,810,확인
2026-02-28,[27] 재작업,P3406A-03.75ASB,O2O2 D_Ash Brown EX,"1,170","1,170",확인
2026-02-28,[27] 재작업,P3406A-08.50ASB,O2O2 D_Ash Brown EX,90,90,확인
2026-02-28,[27] 재작업,P3406A-09.00ASB,O2O2 D_Ash Brown EX,"1,260","1,260",확인
2026-02-28,[27] 재작업,P3406A-10.00ASB,O2O2 D_Ash Brown EX,"1,350","1,350",확인
2026-02-27,[27] 재작업,P3406A-10.00ASB,O2O2 D_Ash Brown EX,"1,800","1,800",확인
2026-02-28,[27] 재작업,P3407A-08.50ASG,O2O2 D_Ash Gray EX,"1,800","1,800",확인
2026-02-26,[27] 재작업,P3407A-02.50ASG,O2O2 D_Ash Gray EX,540,540,확인
2026-02-26,[27] 재작업,P3407A-02.75ASG,O2O2 D_Ash Gray EX,"1,620","1,620",확인
2026-02-26,[27] 재작업,P3407A-03.25ASG,O2O2 D_Ash Gray EX,"1,890","1,890",확인
2026-02-26,[27] 재작업,P3407A-03.25ASG,O2O2 D_Ash Gray EX,"1,890","1,890",확인
2026-02-26,[27] 재작업,P3407A-03.25ASG,O2O2 D_Ash Gray EX,900,900,확인
2026-02-26,[27] 재작업,P3407A-01.00ASG,O2O2 D_Ash Gray EX,"1,620","1,620",확인
2026-02-27,[27] 재작업,P3407A-09.00ASG,O2O2 D_Ash Gray EX,"1,890","1,890",확인
2026-02-26,[27] 재작업,P3407A-03.75ASG,O2O2 D_Ash Gray EX,90,90,확인
2026-02-26,[27] 재작업,P3407A-04.25ASG,O2O2 D_Ash Gray EX,"1,350","1,350",확인
2026-02-26,[27] 재작업,P3407A-00.75ASG,O2O2 D_Ash Gray EX,"1,620","1,620",확인
2026-02-26,[27] 재작업,P3407A-00.75ASG,O2O2 D_Ash Gray EX,"1,260","1,260",확인
2026-02-27,[27] 재작업,P3407A-04.50ASG,O2O2 D_Ash Gray EX,"1,800","1,800",확인
2026-02-27,[27] 재작업,P3407A-04.50ASG,O2O2 D_Ash Gray EX,"1,620","1,620",확인
2026-02-27,[27] 재작업,P3407A-07.00ASG,O2O2 D_Ash Gray EX,"1,530","1,530",확인
2026-02-27,[27] 재작업,P3407A-07.00ASG,O2O2 D_Ash Gray EX,"1,530","1,530",확인
2026-02-27,[27] 재작업,P3407A-07.50ASG,O2O2 D_Ash Gray EX,"1,980","1,980",확인
2026-02-27,[27] 재작업,P3407A-08.00ASG,O2O2 D_Ash Gray EX,"1,350","1,350",확인
2026-02-27,[27] 재작업,P3407A-08.50ASG,O2O2 D_Ash Gray EX,"1,440","1,440",확인
2026-02-27,[27] 재작업,P3407A-09.00ASG,O2O2 D_Ash Gray EX,"1,800","1,800",확인
2026-02-26,[27] 재작업,P3407A-00.00ASG,O2O2 D_Ash Gray EX,"1,350","1,350",확인
2026-02-27,[27] 재작업,P3407A-04.75ASG,O2O2 D_Ash Gray EX,"1,260","1,260",확인
2026-02-27,[27] 재작업,P3407A-04.75ASG,O2O2 D_Ash Gray EX,"1,350","1,350",확인
2026-02-27,[27] 재작업,P3407A-06.50ASG,O2O2 D_Ash Gray EX,"1,710","1,710",확인
2026-02-27,[27] 재작업,P3407A-06.50ASG,O2O2 D_Ash Gray EX,"1,440","1,440",확인
2026-02-27,[27] 재작업,P3407A-08.50ASG,O2O2 D_Ash Gray EX,85,85,확인
2026-02-28,[27] 재작업,P3407A-03.00ASG,O2O2 D_Ash Gray EX,45,45,확인
2026-02-28,[27] 재작업,P3407A-03.00ASG,O2O2 D_Ash Gray EX,40,40,확인
2026-02-28,[27] 재작업,P3407A-03.00ASG,O2O2 D_Ash Gray EX,85,85,확인
2026-02-28,[27] 재작업,P3407A-03.00ASG,O2O2 D_Ash Gray EX,15,15,확인
2026-02-28,[27] 재작업,P3407A-03.50ASG,O2O2 D_Ash Gray EX,70,70,확인
2026-02-28,[27] 재작업,P3407A-03.50ASG,O2O2 D_Ash Gray EX,55,55,확인
2026-02-28,[27] 재작업,P3407A-03.50ASG,O2O2 D_Ash Gray EX,10,10,확인
2026-02-28,[27] 재작업,P3407A-03.50ASG,O2O2 D_Ash Gray EX,10,10,확인
2026-02-28,[27] 재작업,P3407A-03.50ASG,O2O2 D_Ash Gray EX,25,25,확인
2026-02-28,[27] 재작업,P3407A-03.50ASG,O2O2 D_Ash Gray EX,40,40,확인
2026-02-28,[27] 재작업,P3407A-04.00ASG,O2O2 D_Ash Gray EX,65,65,확인
2026-02-28,[27] 재작업,P3407A-04.00ASG,O2O2 D_Ash Gray EX,80,80,확인
2026-02-28,[27] 재작업,P3407A-04.00ASG,O2O2 D_Ash Gray EX,5,5,확인
2026-02-28,[27] 재작업,P3407A-04.00ASG,O2O2 D_Ash Gray EX,70,70,확인
2026-02-28,[27] 재작업,P3407A-04.00ASG,O2O2 D_Ash Gray EX,30,30,확인
2026-02-28,[27] 재작업,P3407A-04.00ASG,O2O2 D_Ash Gray EX,85,85,확인
2026-02-28,[27] 재작업,P3407A-04.00ASG,O2O2 D_Ash Gray EX,60,60,확인
2026-02-28,[27] 재작업,P3407A-04.00ASG,O2O2 D_Ash Gray EX,30,30,확인
2026-02-28,[27] 재작업,P3407A-05.00ASG,O2O2 D_Ash Gray EX,80,80,확인
2026-02-28,[27] 재작업,P3407A-05.50ASG,O2O2 D_Ash Gray EX,85,85,확인
2026-02-28,[27] 재작업,P3407A-05.50ASG,O2O2 D_Ash Gray EX,60,60,확인
2026-02-28,[27] 재작업,P3407A-05.50ASG,O2O2 D_Ash Gray EX,60,60,확인
2026-02-28,[27] 재작업,P3407A-05.50ASG,O2O2 D_Ash Gray EX,20,20,확인
2026-02-28,[27] 재작업,P3407A-05.50ASG,O2O2 D_Ash Gray EX,20,20,확인
2026-02-28,[27] 재작업,P3407A-06.00ASG,O2O2 D_Ash Gray EX,65,65,확인
2026-02-28,[27] 재작업,P3407A-06.00ASG,O2O2 D_Ash Gray EX,30,30,확인
2026-02-28,[27] 재작업,P3407A-06.00ASG,O2O2 D_Ash Gray EX,55,55,확인
2026-03-04,[27] 재작업,P3406A-03.25ASB,O2O2 D_Ash Brown EX,"1,458","1,458",확인
2026-02-28,[27] 재작업,P3407A-06.00ASG,O2O2 D_Ash Gray EX,80,80,확인
2026-02-28,[27] 재작업,P3407A-06.00ASG,O2O2 D_Ash Gray EX,25,25,확인
2026-02-28,[27] 재작업,P3407A-06.00ASG,O2O2 D_Ash Gray EX,40,40,확인
2026-02-28,[27] 재작업,P3407A-09.50ASG,O2O2 D_Ash Gray EX,55,55,확인
2026-02-28,[27] 재작업,P3407A-10.00ASG,O2O2 D_Ash Gray EX,60,60,확인
2026-02-28,[27] 재작업,P3407A-01.25ASG,O2O2 D_Ash Gray EX,30,30,확인
2026-02-28,[27] 재작업,P3407A-01.25ASG,O2O2 D_Ash Gray EX,60,60,확인
2026-02-28,[27] 재작업,P3407A-01.25ASG,O2O2 D_Ash Gray EX,10,10,확인
2026-02-28,[27] 재작업,P3407A-01.25ASG,O2O2 D_Ash Gray EX,25,25,확인
2026-02-28,[27] 재작업,P3407A-01.75ASG,O2O2 D_Ash Gray EX,75,75,확인
2026-02-28,[27] 재작업,P3407A-02.00ASG,O2O2 D_Ash Gray EX,85,85,확인
2026-02-28,[27] 재작업,P3407A-02.00ASG,O2O2 D_Ash Gray EX,70,70,확인
2026-02-28,[27] 재작업,P3407A-02.00ASG,O2O2 D_Ash Gray EX,45,45,확인
2026-02-28,[27] 재작업,P3407A-02.00ASG,O2O2 D_Ash Gray EX,45,45,확인
2026-02-28,[27] 재작업,P3407A-02.25ASG,O2O2 D_Ash Gray EX,5,5,확인
2026-02-26,[27] 재작업,P3407A-02.75ASG,O2O2 D_Ash Gray EX,"1,710","1,710",확인
2026-02-26,[27] 재작업,P3407A-03.25ASG,O2O2 D_Ash Gray EX,"1,620","1,620",확인
2026-02-26,[27] 재작업,P3407A-01.50ASG,O2O2 D_Ash Gray EX,"1,440","1,440",확인
2026-02-26,[27] 재작업,P3407A-03.75ASG,O2O2 D_Ash Gray EX,"1,800","1,800",확인
2026-02-26,[27] 재작업,P3407A-03.75ASG,O2O2 D_Ash Gray EX,810,810,확인
2026-02-26,[27] 재작업,P3407A-03.75ASG,O2O2 D_Ash Gray EX,540,540,확인
2026-02-26,[27] 재작업,P3407A-04.25ASG,O2O2 D_Ash Gray EX,"1,350","1,350",확인
2026-02-26,[27] 재작업,P3407A-04.25ASG,O2O2 D_Ash Gray EX,540,540,확인
2026-02-27,[27] 재작업,P3407A-04.50ASG,O2O2 D_Ash Gray EX,"1,620","1,620",확인
2026-02-27,[27] 재작업,P3407A-07.00ASG,O2O2 D_Ash Gray EX,630,630,확인
2026-02-27,[27] 재작업,P3407A-07.00ASG,O2O2 D_Ash Gray EX,990,990,확인
2026-02-26,[27] 재작업,P3407A-02.75ASG,O2O2 D_Ash Gray EX,360,360,확인
2026-02-26,[27] 재작업,P3407A-03.25ASG,O2O2 D_Ash Gray EX,"1,800","1,800",확인
2026-02-26,[27] 재작업,P3407A-01.50ASG,O2O2 D_Ash Gray EX,630,630,확인
2026-02-26,[27] 재작업,P3407A-01.50ASG,O2O2 D_Ash Gray EX,"1,800","1,800",확인
2026-02-26,[27] 재작업,P3407A-03.75ASG,O2O2 D_Ash Gray EX,"1,800","1,800",확인
2026-02-26,[27] 재작업,P3407A-03.75ASG,O2O2 D_Ash Gray EX,630,630,확인
2026-02-28,[27] 재작업,P3407A-03.25ASG,O2O2 D_Ash Gray EX,900,900,확인
2026-02-26,[27] 재작업,P3407A-02.50ASG,O2O2 D_Ash Gray EX,630,630,확인
2026-02-26,[27] 재작업,P3407A-01.00ASG,O2O2 D_Ash Gray EX,900,900,확인
2026-02-26,[27] 재작업,P3407A-01.00ASG,O2O2 D_Ash Gray EX,720,720,확인
2026-02-26,[27] 재작업,P3407A-01.00ASG,O2O2 D_Ash Gray EX,"1,710","1,710",확인
2026-02-26,[27] 재작업,P3407A-01.00ASG,O2O2 D_Ash Gray EX,450,450,확인
2026-02-26,[27] 재작업,P3407A-01.50ASG,O2O2 D_Ash Gray EX,"1,890","1,890",확인
2026-02-26,[27] 재작업,P3407A-03.75ASG,O2O2 D_Ash Gray EX,180,180,확인
2026-02-26,[27] 재작업,P3407A-04.75ASG,O2O2 D_Ash Gray EX,"1,350","1,350",확인
2026-02-26,[27] 재작업,P3407A-00.75ASG,O2O2 D_Ash Gray EX,"1,440","1,440",확인
2026-02-27,[27] 재작업,P3407A-07.00ASG,O2O2 D_Ash Gray EX,540,540,확인
2026-02-27,[27] 재작업,P3407A-07.00ASG,O2O2 D_Ash Gray EX,270,270,확인
2026-02-26,[27] 재작업,P3407A-00.50ASG,O2O2 D_Ash Gray EX,"1,530","1,530",확인
2026-02-26,[27] 재작업,P3407A-00.50ASG,O2O2 D_Ash Gray EX,"1,260","1,260",확인
2026-02-27,[27] 재작업,P3407A-06.50ASG,O2O2 D_Ash Gray EX,180,180,확인
2026-02-27,[27] 재작업,P3406A-02.00ASB,O2O2 D_Ash Brown EX,"1,710","1,710",확인
2026-02-28,[27] 재작업,P3406A-04.50ASB,O2O2 D_Ash Brown EX,"1,890","1,890",확인
2026-02-28,[27] 재작업,P3406A-03.75ASB,O2O2 D_Ash Brown EX,"2,160","2,160",확인
2026-02-28,[27] 재작업,P3407A-08.50ASG,O2O2 D_Ash Gray EX,"1,800","1,800",확인
2026-02-26,[27] 재작업,P3407A-02.50ASG,O2O2 D_Ash Gray EX,"1,440","1,440",확인
2026-02-26,[27] 재작업,P3407A-02.75ASG,O2O2 D_Ash Gray EX,"1,620","1,620",확인
2026-02-26,[27] 재작업,P3407A-03.75ASG,O2O2 D_Ash Gray EX,"1,620","1,620",확인
2026-02-26,[27] 재작업,P3407A-04.25ASG,O2O2 D_Ash Gray EX,"1,620","1,620",확인
2026-02-27,[27] 재작업,P3407A-04.50ASG,O2O2 D_Ash Gray EX,810,810,확인
2026-02-27,[27] 재작업,P3407A-02.75ASG,O2O2 D_Ash Gray EX,90,90,확인
2026-02-27,[27] 재작업,P3407A-02.75ASG,O2O2 D_Ash Gray EX,990,990,확인
2026-02-27,[27] 재작업,P3407A-07.50ASG,O2O2 D_Ash Gray EX,"1,980","1,980",확인
2026-02-26,[27] 재작업,P3407A-00.50ASG,O2O2 D_Ash Gray EX,"1,620","1,620",확인
2026-02-27,[27] 재작업,P3407A-06.50ASG,O2O2 D_Ash Gray EX,"1,260","1,260",확인
2026-02-24,[27] 재작업,P3405A-07.00SPC,O2O2 D_Sepia Choco EX,"1,260","1,260",확인
2026-02-24,[27] 재작업,P3405A-07.00SPC,O2O2 D_Sepia Choco EX,90,90,확인
2026-02-26,[27] 재작업,P3407A-02.50ASG,O2O2 D_Ash Gray EX,"1,440","1,440",확인
2026-02-26,[27] 재작업,P3407A-01.00ASG,O2O2 D_Ash Gray EX,"1,710","1,710",확인
2026-02-26,[27] 재작업,P3407A-01.00ASG,O2O2 D_Ash Gray EX,90,90,확인
2026-02-26,[27] 재작업,P3407A-03.75ASG,O2O2 D_Ash Gray EX,"1,530","1,530",확인
2026-02-27,[27] 재작업,P3407A-07.00ASG,O2O2 D_Ash Gray EX,810,810,확인
2026-02-27,[27] 재작업,P3407A-08.00ASG,O2O2 D_Ash Gray EX,"1,530","1,530",확인
2026-02-27,[27] 재작업,P3407A-09.00ASG,O2O2 D_Ash Gray EX,"1,800","1,800",확인
2026-02-27,[27] 재작업,P3407A-08.50ASG,O2O2 D_Ash Gray EX,"1,980","1,980",확인
2026-02-26,[27] 재작업,P3407A-00.00ASG,O2O2 D_Ash Gray EX,"1,350","1,350",확인
2026-02-26,[27] 재작업,P3407A-00.00ASG,O2O2 D_Ash Gray EX,450,450,확인
2026-02-27,[27] 재작업,P3407A-04.75ASG,O2O2 D_Ash Gray EX,"1,710","1,710",확인
2026-02-27,[27] 재작업,P3407A-04.75ASG,O2O2 D_Ash Gray EX,"1,530","1,530",확인
2026-02-27,[27] 재작업,P3407A-04.75ASG,O2O2 D_Ash Gray EX,180,180,확인
2026-02-26,[27] 재작업,P3407A-04.25ASG,O2O2 D_Ash Gray EX,"1,620","1,620",확인
2026-02-26,[27] 재작업,P3407A-04.25ASG,O2O2 D_Ash Gray EX,"1,260","1,260",확인
2026-02-26,[27] 재작업,P3407A-00.75ASG,O2O2 D_Ash Gray EX,"1,710","1,710",확인
2026-02-27,[27] 재작업,P3407A-04.50ASG,O2O2 D_Ash Gray EX,"1,890","1,890",확인
2026-02-27,[27] 재작업,P3407A-07.00ASG,O2O2 D_Ash Gray EX,"1,080","1,080",확인
2026-02-27,[27] 재작업,P3407A-02.75ASG,O2O2 D_Ash Gray EX,90,90,확인
2026-02-27,[27] 재작업,P3407A-07.50ASG,O2O2 D_Ash Gray EX,990,990,확인
2026-02-27,[27] 재작업,P3407A-08.00ASG,O2O2 D_Ash Gray EX,"1,530","1,530",확인
2026-02-27,[27] 재작업,P3407A-08.00ASG,O2O2 D_Ash Gray EX,90,90,확인
2026-02-26,[27] 재작업,P3407A-00.00ASG,O2O2 D_Ash Gray EX,"1,440","1,440",확인
2026-02-26,[27] 재작업,P3407A-00.00ASG,O2O2 D_Ash Gray EX,"1,350","1,350",확인
2026-02-27,[27] 재작업,P3407A-04.75ASG,O2O2 D_Ash Gray EX,"1,440","1,440",확인
2026-02-27,[27] 재작업,P3407A-06.50ASG,O2O2 D_Ash Gray EX,"1,530","1,530",확인
2026-02-26,[27] 재작업,P3407A-02.50ASG,O2O2 D_Ash Gray EX,"1,620","1,620",확인
2026-02-26,[27] 재작업,P3407A-02.75ASG,O2O2 D_Ash Gray EX,"1,800","1,800",확인
2026-02-26,[27] 재작업,P3407A-01.00ASG,O2O2 D_Ash Gray EX,"1,800","1,800",확인
2026-02-26,[27] 재작업,P3407A-01.50ASG,O2O2 D_Ash Gray EX,"1,530","1,530",확인
2026-02-26,[27] 재작업,P3407A-01.50ASG,O2O2 D_Ash Gray EX,90,90,확인
2026-02-27,[27] 재작업,P3407A-04.50ASG,O2O2 D_Ash Gray EX,540,540,확인
2026-02-27,[27] 재작업,P3407A-02.75ASG,O2O2 D_Ash Gray EX,720,720,확인
2026-02-27,[27] 재작업,P3407A-07.00ASG,O2O2 D_Ash Gray EX,450,450,확인
2026-02-27,[27] 재작업,P3407A-07.50ASG,O2O2 D_Ash Gray EX,90,90,확인
2026-02-27,[27] 재작업,P3407A-08.00ASG,O2O2 D_Ash Gray EX,"1,530","1,530",확인
2026-02-27,[27] 재작업,P3407A-08.00ASG,O2O2 D_Ash Gray EX,"1,440","1,440",확인
2026-02-26,[27] 재작업,P3407A-00.00ASG,O2O2 D_Ash Gray EX,"1,350","1,350",확인
2026-02-26,[27] 재작업,P3407A-00.00ASG,O2O2 D_Ash Gray EX,"1,530","1,530",확인
2026-02-26,[27] 재작업,P3407A-00.50ASG,O2O2 D_Ash Gray EX,"1,530","1,530",확인
2026-02-28,[27] 재작업,P3407A-02.25ASG,O2O2 D_Ash Gray EX,40,40,확인
2026-02-28,[27] 재작업,P3407A-02.25ASG,O2O2 D_Ash Gray EX,35,35,확인
2026-02-28,[27] 재작업,P3407A-03.00ASG,O2O2 D_Ash Gray EX,10,10,확인
2026-02-28,[27] 재작업,P3407A-03.00ASG,O2O2 D_Ash Gray EX,10,10,확인
2026-02-28,[27] 재작업,P3407A-03.00ASG,O2O2 D_Ash Gray EX,35,35,확인
2026-02-28,[27] 재작업,P3407A-03.00ASG,O2O2 D_Ash Gray EX,60,60,확인
2026-02-28,[27] 재작업,P3407A-03.00ASG,O2O2 D_Ash Gray EX,40,40,확인
2026-02-28,[27] 재작업,P3407A-03.00ASG,O2O2 D_Ash Gray EX,5,5,확인
2026-02-28,[27] 재작업,P3407A-03.00ASG,O2O2 D_Ash Gray EX,45,45,확인
2026-02-28,[27] 재작업,P3407A-03.00ASG,O2O2 D_Ash Gray EX,50,50,확인
2026-02-09,[27] 재작업,P3405A-01.25SPC,O2O2 D_Sepia Choco EX,15,15,확인
2026-02-09,[27] 재작업,P3405A-01.25SPC,O2O2 D_Sepia Choco EX,10,10,확인
2026-02-09,[27] 재작업,P3405A-01.25SPC,O2O2 D_Sepia Choco EX,25,25,확인
2026-02-09,[27] 재작업,P3405A-01.25SPC,O2O2 D_Sepia Choco EX,10,10,확인
2026-02-09,[27] 재작업,P3405A-01.25SPC,O2O2 D_Sepia Choco EX,20,20,확인
2026-02-09,[27] 재작업,P3405A-01.25SPC,O2O2 D_Sepia Choco EX,10,10,확인
2026-02-09,[27] 재작업,P3405A-01.25SPC,O2O2 D_Sepia Choco EX,10,10,확인
2026-02-09,[27] 재작업,P3405A-01.25SPC,O2O2 D_Sepia Choco EX,10,10,확인
2026-02-09,[27] 재작업,P3405A-01.25SPC,O2O2 D_Sepia Choco EX,25,25,확인
2026-02-09,[27] 재작업,P3405A-01.25SPC,O2O2 D_Sepia Choco EX,5,5,확인
2026-02-09,[27] 재작업,P3405A-02.75SPC,O2O2 D_Sepia Choco EX,10,10,확인
2026-02-09,[27] 재작업,P3405A-02.75SPC,O2O2 D_Sepia Choco EX,5,5,확인
2026-02-09,[27] 재작업,P3405A-02.75SPC,O2O2 D_Sepia Choco EX,25,25,확인
2026-02-09,[27] 재작업,P3405A-02.75SPC,O2O2 D_Sepia Choco EX,15,15,확인
2026-02-09,[27] 재작업,P3405A-02.75SPC,O2O2 D_Sepia Choco EX,20,20,확인
2026-02-09,[27] 재작업,P3405A-02.75SPC,O2O2 D_Sepia Choco EX,5,5,확인
2026-02-09,[27] 재작업,P3405A-02.75SPC,O2O2 D_Sepia Choco EX,25,25,확인
2026-02-09,[27] 재작업,P3405A-02.75SPC,O2O2 D_Sepia Choco EX,10,10,확인
2026-02-09,[27] 재작업,P3405A-02.75SPC,O2O2 D_Sepia Choco EX,25,25,확인
2026-02-09,[27] 재작업,P3405A-02.75SPC,O2O2 D_Sepia Choco EX,15,15,확인
2026-02-09,[27] 재작업,P3405A-02.75SPC,O2O2 D_Sepia Choco EX,10,10,확인
2026-02-09,[27] 재작업,P3405A-02.75SPC,O2O2 D_Sepia Choco EX,5,5,확인
2026-02-09,[27] 재작업,P3405A-02.75SPC,O2O2 D_Sepia Choco EX,25,25,확인
2026-02-09,[27] 재작업,P3405A-02.75SPC,O2O2 D_Sepia Choco EX,25,25,확인
2026-02-09,[27] 재작업,P3405A-02.75SPC,O2O2 D_Sepia Choco EX,20,20,확인
2026-02-09,[27] 재작업,P3405A-02.75SPC,O2O2 D_Sepia Choco EX,20,20,확인
2026-02-09,[27] 재작업,P3405A-02.75SPC,O2O2 D_Sepia Choco EX,20,20,확인
2026-02-09,[27] 재작업,P3405A-02.75SPC,O2O2 D_Sepia Choco EX,15,15,확인
2026-02-09,[27] 재작업,P3405A-03.25SPC,O2O2 D_Sepia Choco EX,10,10,확인
2026-02-09,[27] 재작업,P3405A-03.25SPC,O2O2 D_Sepia Choco EX,20,20,확인
2026-02-09,[27] 재작업,P3405A-03.25SPC,O2O2 D_Sepia Choco EX,25,25,확인
2026-02-09,[27] 재작업,P3405A-03.25SPC,O2O2 D_Sepia Choco EX,25,25,확인
2026-02-09,[27] 재작업,P3405A-03.25SPC,O2O2 D_Sepia Choco EX,5,5,확인
2026-02-24,[27] 재작업,P3405A-06.50SPC,O2O2 D_Sepia Choco EX,"1,530","1,530",확인
2026-02-24,[27] 재작업,P3405A-06.50SPC,O2O2 D_Sepia Choco EX,"1,440","1,440",확인
2026-02-24,[27] 재작업,P3405A-06.50SPC,O2O2 D_Sepia Choco EX,"1,530","1,530",확인
2026-02-24,[27] 재작업,P3405A-07.50SPC,O2O2 D_Sepia Choco EX,810,810,확인
2026-02-27,[27] 재작업,P3407A-07.50ASG,O2O2 D_Ash Gray EX,"1,980","1,980",확인
2026-02-27,[27] 재작업,P3407A-09.00ASG,O2O2 D_Ash Gray EX,"1,800","1,800",확인
2026-02-26,[27] 재작업,P3407A-00.00ASG,O2O2 D_Ash Gray EX,"1,620","1,620",확인
2026-02-26,[27] 재작업,P3407A-00.00ASG,O2O2 D_Ash Gray EX,"1,530","1,530",확인
2026-02-26,[27] 재작업,P3407A-00.50ASG,O2O2 D_Ash Gray EX,"1,620","1,620",확인
2026-02-26,[27] 재작업,P3407A-00.75ASG,O2O2 D_Ash Gray EX,"1,620","1,620",확인
2026-02-27,[27] 재작업,P3407A-04.75ASG,O2O2 D_Ash Gray EX,90,90,확인
2026-02-27,[27] 재작업,P3407A-06.50ASG,O2O2 D_Ash Gray EX,"1,350","1,350",확인
2026-02-27,[27] 재작업,P3407A-06.50ASG,O2O2 D_Ash Gray EX,"1,530","1,530",확인
2026-02-24,[27] 재작업,P3405A-09.00SPC,O2O2 D_Sepia Choco EX,900,900,확인
2026-02-27,[27] 재작업,P3405A-08.00SPC,O2O2 D_Sepia Choco EX,80,80,확인
2026-02-27,[27] 재작업,P3405A-08.00SPC,O2O2 D_Sepia Choco EX,85,85,확인
2026-02-27,[27] 재작업,P3405A-08.00SPC,O2O2 D_Sepia Choco EX,5,5,확인
2026-02-27,[27] 재작업,P3405A-08.00SPC,O2O2 D_Sepia Choco EX,65,65,확인
2026-02-27,[27] 재작업,P3405A-08.00SPC,O2O2 D_Sepia Choco EX,65,65,확인
2026-02-27,[27] 재작업,P3405A-08.00SPC,O2O2 D_Sepia Choco EX,35,35,확인
2026-02-25,[27] 재작업,P3405A-03.50SPC,O2O2 D_Sepia Choco EX,50,50,확인
2026-02-25,[27] 재작업,P3405A-03.50SPC,O2O2 D_Sepia Choco EX,70,70,확인
2026-02-25,[27] 재작업,P3405A-03.50SPC,O2O2 D_Sepia Choco EX,5,5,확인
2026-02-25,[27] 재작업,P3405A-03.50SPC,O2O2 D_Sepia Choco EX,10,10,확인
2026-02-25,[27] 재작업,P3405A-03.50SPC,O2O2 D_Sepia Choco EX,20,20,확인
2026-02-25,[27] 재작업,P3405A-03.50SPC,O2O2 D_Sepia Choco EX,60,60,확인
2026-02-25,[27] 재작업,P3405A-03.50SPC,O2O2 D_Sepia Choco EX,45,45,확인
2026-02-25,[27] 재작업,P3405A-03.50SPC,O2O2 D_Sepia Choco EX,20,20,확인
2026-02-25,[27] 재작업,P3405A-03.50SPC,O2O2 D_Sepia Choco EX,5,5,확인
2026-02-24,[27] 재작업,P3405A-06.50SPC,O2O2 D_Sepia Choco EX,"1,440","1,440",확인
2026-02-24,[27] 재작업,P3405A-06.50SPC,O2O2 D_Sepia Choco EX,"1,620","1,620",확인
2026-02-24,[27] 재작업,P3405A-08.50SPC,O2O2 D_Sepia Choco EX,720,720,확인
2026-02-24,[27] 재작업,P3405A-09.00SPC,O2O2 D_Sepia Choco EX,990,990,확인
2026-02-24,[27] 재작업,P3405A-00.50SPC,O2O2 D_Sepia Choco EX,"1,260","1,260",확인
2026-02-24,[27] 재작업,P3405A-00.50SPC,O2O2 D_Sepia Choco EX,"1,350","1,350",확인
2026-02-24,[27] 재작업,P3405A-00.75SPC,O2O2 D_Sepia Choco EX,990,990,확인
2026-02-24,[27] 재작업,P3405A-05.00SPC,O2O2 D_Sepia Choco EX,"1,440","1,440",확인
2026-02-24,[27] 재작업,P3405A-04.75SPC,O2O2 D_Sepia Choco EX,"1,800","1,800",확인
2026-02-24,[27] 재작업,P3405A-01.50SPC,O2O2 D_Sepia Choco EX,"1,350","1,350",확인
2026-02-25,[27] 재작업,P3405A-04.00SPC,O2O2 D_Sepia Choco EX,10,10,확인
2026-02-25,[27] 재작업,P3405A-04.00SPC,O2O2 D_Sepia Choco EX,20,20,확인
2026-02-25,[27] 재작업,P3405A-04.00SPC,O2O2 D_Sepia Choco EX,30,30,확인
2026-02-25,[27] 재작업,P3405A-04.00SPC,O2O2 D_Sepia Choco EX,60,60,확인
2026-02-25,[27] 재작업,P3405A-04.00SPC,O2O2 D_Sepia Choco EX,35,35,확인
2026-02-25,[27] 재작업,P3405A-04.00SPC,O2O2 D_Sepia Choco EX,25,25,확인
2026-02-25,[27] 재작업,P3405A-04.00SPC,O2O2 D_Sepia Choco EX,5,5,확인
2026-02-25,[27] 재작업,P3405A-04.00SPC,O2O2 D_Sepia Choco EX,35,35,확인
2026-02-25,[27] 재작업,P3405A-04.25SPC,O2O2 D_Sepia Choco EX,70,70,확인
2026-02-25,[27] 재작업,P3405A-04.25SPC,O2O2 D_Sepia Choco EX,55,55,확인
2026-02-25,[27] 재작업,P3405A-04.25SPC,O2O2 D_Sepia Choco EX,30,30,확인
2026-02-25,[27] 재작업,P3405A-04.25SPC,O2O2 D_Sepia Choco EX,55,55,확인
2026-02-25,[27] 재작업,P3405A-04.25SPC,O2O2 D_Sepia Choco EX,80,80,확인
2026-02-25,[27] 재작업,P3405A-04.25SPC,O2O2 D_Sepia Choco EX,25,25,확인
2026-02-25,[27] 재작업,P3405A-04.25SPC,O2O2 D_Sepia Choco EX,80,80,확인
2026-02-25,[27] 재작업,P3405A-04.25SPC,O2O2 D_Sepia Choco EX,80,80,확인
2026-02-25,[27] 재작업,P3405A-04.25SPC,O2O2 D_Sepia Choco EX,5,5,확인
2026-02-25,[27] 재작업,P3405A-04.25SPC,O2O2 D_Sepia Choco EX,15,15,확인
2026-02-25,[27] 재작업,P3405A-04.25SPC,O2O2 D_Sepia Choco EX,45,45,확인
2026-02-25,[27] 재작업,P3405A-04.25SPC,O2O2 D_Sepia Choco EX,85,85,확인
2026-02-25,[27] 재작업,P3405A-04.25SPC,O2O2 D_Sepia Choco EX,10,10,확인
2026-02-25,[27] 재작업,P3405A-04.25SPC,O2O2 D_Sepia Choco EX,40,40,확인
2026-02-25,[27] 재작업,P3405A-06.00SPC,O2O2 D_Sepia Choco EX,85,85,확인
2026-02-25,[27] 재작업,P3405A-09.50SPC,O2O2 D_Sepia Choco EX,25,25,확인
2026-02-25,[27] 재작업,P3405A-09.50SPC,O2O2 D_Sepia Choco EX,40,40,확인
2026-02-25,[27] 재작업,P3405A-09.50SPC,O2O2 D_Sepia Choco EX,75,75,확인
2026-02-25,[27] 재작업,P3405A-09.50SPC,O2O2 D_Sepia Choco EX,50,50,확인
2026-02-25,[27] 재작업,P3405A-09.50SPC,O2O2 D_Sepia Choco EX,15,15,확인
2026-02-25,[27] 재작업,P3405A-09.50SPC,O2O2 D_Sepia Choco EX,15,15,확인
2026-02-25,[27] 재작업,P3405A-10.00SPC,O2O2 D_Sepia Choco EX,55,55,확인
2026-02-25,[27] 재작업,P3405A-10.00SPC,O2O2 D_Sepia Choco EX,35,35,확인
2026-02-25,[27] 재작업,P3405A-10.00SPC,O2O2 D_Sepia Choco EX,45,45,확인
2026-02-28,[27] 재작업,P3405A-03.00SPC,O2O2 D_Sepia Choco EX,50,50,확인
2026-02-28,[27] 재작업,P3405A-03.00SPC,O2O2 D_Sepia Choco EX,85,85,확인
2026-02-25,[27] 재작업,P3405A-01.25SPC,O2O2 D_Sepia Choco EX,10,10,확인
2026-02-25,[27] 재작업,P3405A-01.25SPC,O2O2 D_Sepia Choco EX,30,30,확인
2026-02-25,[27] 재작업,P3405A-02.00SPC,O2O2 D_Sepia Choco EX,60,60,확인
2026-02-25,[27] 재작업,P3405A-02.00SPC,O2O2 D_Sepia Choco EX,75,75,확인
2026-02-25,[27] 재작업,P3405A-02.00SPC,O2O2 D_Sepia Choco EX,15,15,확인
2026-02-25,[27] 재작업,P3405A-02.00SPC,O2O2 D_Sepia Choco EX,85,85,확인
2026-02-25,[27] 재작업,P3405A-02.00SPC,O2O2 D_Sepia Choco EX,75,75,확인
2026-02-25,[27] 재작업,P3405A-02.00SPC,O2O2 D_Sepia Choco EX,20,20,확인
2026-02-25,[27] 재작업,P3405A-02.00SPC,O2O2 D_Sepia Choco EX,5,5,확인
2026-02-25,[27] 재작업,P3405A-02.00SPC,O2O2 D_Sepia Choco EX,15,15,확인
2026-02-25,[27] 재작업,P3405A-02.00SPC,O2O2 D_Sepia Choco EX,65,65,확인
2026-02-25,[27] 재작업,P3405A-02.00SPC,O2O2 D_Sepia Choco EX,25,25,확인
2026-02-25,[27] 재작업,P3405A-02.00SPC,O2O2 D_Sepia Choco EX,15,15,확인
2026-02-25,[27] 재작업,P3405A-02.00SPC,O2O2 D_Sepia Choco EX,30,30,확인
2026-02-25,[27] 재작업,P3405A-02.00SPC,O2O2 D_Sepia Choco EX,80,80,확인
2026-02-25,[27] 재작업,P3405A-02.00SPC,O2O2 D_Sepia Choco EX,15,15,확인
2026-02-25,[27] 재작업,P3405A-02.00SPC,O2O2 D_Sepia Choco EX,35,35,확인
2026-02-25,[27] 재작업,P3405A-02.00SPC,O2O2 D_Sepia Choco EX,35,35,확인
2026-02-25,[27] 재작업,P3405A-02.00SPC,O2O2 D_Sepia Choco EX,35,35,확인
2026-02-25,[27] 재작업,P3405A-02.25SPC,O2O2 D_Sepia Choco EX,50,50,확인
2026-02-25,[27] 재작업,P3405A-02.25SPC,O2O2 D_Sepia Choco EX,80,80,확인
2026-02-25,[27] 재작업,P3405A-02.25SPC,O2O2 D_Sepia Choco EX,75,75,확인
2026-02-25,[27] 재작업,P3405A-02.50SPC,O2O2 D_Sepia Choco EX,5,5,확인
2026-02-25,[27] 재작업,P3405A-02.50SPC,O2O2 D_Sepia Choco EX,25,25,확인
2026-02-25,[27] 재작업,P3405A-02.50SPC,O2O2 D_Sepia Choco EX,20,20,확인
2026-02-25,[27] 재작업,P3405A-02.50SPC,O2O2 D_Sepia Choco EX,15,15,확인
2026-02-25,[27] 재작업,P3405A-02.50SPC,O2O2 D_Sepia Choco EX,10,10,확인
2026-02-25,[27] 재작업,P3405A-02.50SPC,O2O2 D_Sepia Choco EX,10,10,확인
2026-02-25,[27] 재작업,P3405A-02.75SPC,O2O2 D_Sepia Choco EX,75,75,확인
2026-02-25,[27] 재작업,P3405A-02.75SPC,O2O2 D_Sepia Choco EX,70,70,확인
2026-02-25,[27] 재작업,P3405A-02.75SPC,O2O2 D_Sepia Choco EX,15,15,확인
2026-02-25,[27] 재작업,P3405A-02.75SPC,O2O2 D_Sepia Choco EX,25,25,확인
2026-02-25,[27] 재작업,P3405A-02.75SPC,O2O2 D_Sepia Choco EX,70,70,확인
2026-02-25,[27] 재작업,P3405A-02.75SPC,O2O2 D_Sepia Choco EX,45,45,확인
2026-02-25,[27] 재작업,P3405A-02.75SPC,O2O2 D_Sepia Choco EX,25,25,확인
2026-02-25,[27] 재작업,P3405A-02.75SPC,O2O2 D_Sepia Choco EX,30,30,확인
2026-02-25,[27] 재작업,P3405A-03.25SPC,O2O2 D_Sepia Choco EX,20,20,확인
2026-02-25,[27] 재작업,P3405A-03.25SPC,O2O2 D_Sepia Choco EX,15,15,확인
2026-02-25,[27] 재작업,P3405A-03.25SPC,O2O2 D_Sepia Choco EX,80,80,확인
2026-02-25,[27] 재작업,P3405A-03.25SPC,O2O2 D_Sepia Choco EX,75,75,확인
2026-02-25,[27] 재작업,P3405A-03.25SPC,O2O2 D_Sepia Choco EX,50,50,확인
2026-02-25,[27] 재작업,P3405A-00.00SPC,O2O2 D_Sepia Choco EX,70,70,확인
2026-02-25,[27] 재작업,P3405A-00.00SPC,O2O2 D_Sepia Choco EX,25,25,확인
2026-02-25,[27] 재작업,P3405A-00.00SPC,O2O2 D_Sepia Choco EX,45,45,확인
2026-02-25,[27] 재작업,P3405A-00.00SPC,O2O2 D_Sepia Choco EX,65,65,확인
2026-02-25,[27] 재작업,P3405A-00.00SPC,O2O2 D_Sepia Choco EX,40,40,확인
2026-02-25,[27] 재작업,P3405A-00.00SPC,O2O2 D_Sepia Choco EX,45,45,확인
2026-02-25,[27] 재작업,P3405A-00.00SPC,O2O2 D_Sepia Choco EX,45,45,확인
2026-02-25,[27] 재작업,P3405A-00.00SPC,O2O2 D_Sepia Choco EX,35,35,확인
2026-02-25,[27] 재작업,P3405A-00.00SPC,O2O2 D_Sepia Choco EX,40,40,확인
2026-02-25,[27] 재작업,P3405A-00.00SPC,O2O2 D_Sepia Choco EX,15,15,확인
2026-02-25,[27] 재작업,P3405A-00.00SPC,O2O2 D_Sepia Choco EX,80,80,확인
2026-02-25,[27] 재작업,P3405A-00.00SPC,O2O2 D_Sepia Choco EX,80,80,확인
2026-02-25,[27] 재작업,P3405A-00.00SPC,O2O2 D_Sepia Choco EX,35,35,확인
2026-02-25,[27] 재작업,P3405A-00.00SPC,O2O2 D_Sepia Choco EX,45,45,확인
2026-02-25,[27] 재작업,P3405A-00.00SPC,O2O2 D_Sepia Choco EX,70,70,확인
2026-02-25,[27] 재작업,P3405A-01.00SPC,O2O2 D_Sepia Choco EX,10,10,확인
2026-02-25,[27] 재작업,P3405A-01.00SPC,O2O2 D_Sepia Choco EX,15,15,확인
2026-02-25,[27] 재작업,P3405A-01.00SPC,O2O2 D_Sepia Choco EX,70,70,확인
2026-02-25,[27] 재작업,P3405A-01.00SPC,O2O2 D_Sepia Choco EX,35,35,확인
2026-02-25,[27] 재작업,P3405A-01.25SPC,O2O2 D_Sepia Choco EX,20,20,확인
2026-02-28,[27] 재작업,P3405A-00.75SPC,O2O2 D_Sepia Choco EX,"1,710","1,710",확인
2026-02-25,[27] 재작업,P3405A-10.00SPC,O2O2 D_Sepia Choco EX,30,30,확인
2026-02-25,[27] 재작업,P3405A-10.00SPC,O2O2 D_Sepia Choco EX,80,80,확인
2026-02-25,[27] 재작업,P3405A-10.00SPC,O2O2 D_Sepia Choco EX,80,80,확인
2026-02-25,[27] 재작업,P3405A-10.00SPC,O2O2 D_Sepia Choco EX,70,70,확인
2026-02-24,[27] 재작업,P3405A-00.50SPC,O2O2 D_Sepia Choco EX,"1,350","1,350",확인
2026-02-24,[27] 재작업,P3405A-00.50SPC,O2O2 D_Sepia Choco EX,720,720,확인
2026-02-24,[27] 재작업,P3405A-00.75SPC,O2O2 D_Sepia Choco EX,"1,440","1,440",확인
2026-02-24,[27] 재작업,P3405A-00.75SPC,O2O2 D_Sepia Choco EX,"1,440","1,440",확인
2026-02-24,[27] 재작업,P3405A-05.00SPC,O2O2 D_Sepia Choco EX,"1,530","1,530",확인
2026-02-24,[27] 재작업,P3405A-05.00SPC,O2O2 D_Sepia Choco EX,"1,620","1,620",확인
2026-02-24,[27] 재작업,P3405A-05.00SPC,O2O2 D_Sepia Choco EX,900,900,확인
2026-02-24,[27] 재작업,P3405A-04.75SPC,O2O2 D_Sepia Choco EX,"1,620","1,620",확인
2026-02-24,[27] 재작업,P3405A-04.75SPC,O2O2 D_Sepia Choco EX,"1,800","1,800",확인
2026-02-24,[27] 재작업,P3405A-01.50SPC,O2O2 D_Sepia Choco EX,"1,530","1,530",확인
2026-02-24,[27] 재작업,P3405A-01.50SPC,O2O2 D_Sepia Choco EX,"1,890","1,890",확인
2026-02-24,[27] 재작업,P3405A-03.75SPC,O2O2 D_Sepia Choco EX,990,990,확인
2026-02-24,[27] 재작업,P3405A-04.50SPC,O2O2 D_Sepia Choco EX,"1,620","1,620",확인
2026-02-24,[27] 재작업,P3405A-01.50SPC,O2O2 D_Sepia Choco EX,"1,440","1,440",확인
2026-02-24,[27] 재작업,P3405A-01.50SPC,O2O2 D_Sepia Choco EX,"1,260","1,260",확인
2026-02-24,[27] 재작업,P3405A-01.50SPC,O2O2 D_Sepia Choco EX,360,360,확인
2026-02-24,[27] 재작업,P3405A-03.75SPC,O2O2 D_Sepia Choco EX,360,360,확인
2026-02-24,[27] 재작업,P3405A-05.50SPC,O2O2 D_Sepia Choco EX,540,540,확인
2026-02-24,[27] 재작업,P3405A-05.50SPC,O2O2 D_Sepia Choco EX,180,180,확인
2026-02-24,[27] 재작업,P3405A-07.00SPC,O2O2 D_Sepia Choco EX,"1,350","1,350",확인
2026-02-24,[27] 재작업,P3405A-06.50SPC,O2O2 D_Sepia Choco EX,"1,890","1,890",확인
2026-02-24,[27] 재작업,P3405A-06.50SPC,O2O2 D_Sepia Choco EX,"1,530","1,530",확인
2026-02-24,[27] 재작업,P3405A-06.50SPC,O2O2 D_Sepia Choco EX,"1,350","1,350",확인
2026-02-24,[27] 재작업,P3405A-08.50SPC,O2O2 D_Sepia Choco EX,"1,710","1,710",확인
2026-02-24,[27] 재작업,P3405A-05.00SPC,O2O2 D_Sepia Choco EX,180,180,확인
2026-02-24,[27] 재작업,P3405A-01.50SPC,O2O2 D_Sepia Choco EX,"1,350","1,350",확인
2026-02-28,[27] 재작업,P3407A-08.50ASG,O2O2 D_Ash Gray EX,"1,980","1,980",확인
2026-02-26,[27] 재작업,P3407A-02.50ASG,O2O2 D_Ash Gray EX,"1,620","1,620",확인
2026-02-26,[27] 재작업,P3407A-02.50ASG,O2O2 D_Ash Gray EX,"1,620","1,620",확인
2026-02-26,[27] 재작업,P3407A-02.50ASG,O2O2 D_Ash Gray EX,90,90,확인
2026-02-26,[27] 재작업,P3407A-01.50ASG,O2O2 D_Ash Gray EX,"1,620","1,620",확인
2026-02-26,[27] 재작업,P3407A-04.25ASG,O2O2 D_Ash Gray EX,"1,260","1,260",확인
2026-02-26,[27] 재작업,P3407A-00.75ASG,O2O2 D_Ash Gray EX,"1,350","1,350",확인
2026-02-27,[27] 재작업,P3407A-04.50ASG,O2O2 D_Ash Gray EX,720,720,확인
2026-02-27,[27] 재작업,P3407A-07.00ASG,O2O2 D_Ash Gray EX,"1,170","1,170",확인
2026-02-27,[27] 재작업,P3407A-07.50ASG,O2O2 D_Ash Gray EX,"1,980","1,980",확인
2026-02-27,[27] 재작업,P3407A-08.00ASG,O2O2 D_Ash Gray EX,"1,530","1,530",확인
2026-02-27,[27] 재작업,P3407A-09.00ASG,O2O2 D_Ash Gray EX,"1,710","1,710",확인
2026-02-26,[27] 재작업,P3407A-00.50ASG,O2O2 D_Ash Gray EX,"1,440","1,440",확인
2026-02-26,[27] 재작업,P3407A-00.00ASG,O2O2 D_Ash Gray EX,"1,530","1,530",확인
2026-02-27,[27] 재작업,P3407A-04.75ASG,O2O2 D_Ash Gray EX,90,90,확인
2026-02-24,[27] 재작업,P3405A-05.50SPC,O2O2 D_Sepia Choco EX,360,360,확인
2026-02-24,[27] 재작업,P3405A-07.00SPC,O2O2 D_Sepia Choco EX,360,360,확인
2026-02-24,[27] 재작업,P3405A-06.50SPC,O2O2 D_Sepia Choco EX,"1,350","1,350",확인
2026-02-24,[27] 재작업,P3405A-06.50SPC,O2O2 D_Sepia Choco EX,"1,080","1,080",확인
2026-02-24,[27] 재작업,P3405A-07.50SPC,O2O2 D_Sepia Choco EX,"1,530","1,530",확인
2026-02-24,[27] 재작업,P3405A-08.50SPC,O2O2 D_Sepia Choco EX,630,630,확인
2026-02-24,[27] 재작업,P3405A-08.50SPC,O2O2 D_Sepia Choco EX,720,720,확인
2026-02-24,[27] 재작업,P3405A-00.50SPC,O2O2 D_Sepia Choco EX,"1,350","1,350",확인
2026-02-24,[27] 재작업,P3405A-06.50SPC,O2O2 D_Sepia Choco EX,"1,350","1,350",확인
2026-02-24,[27] 재작업,P3405A-07.50SPC,O2O2 D_Sepia Choco EX,"1,440","1,440",확인
2026-02-24,[27] 재작업,P3405A-09.00SPC,O2O2 D_Sepia Choco EX,810,810,확인
2026-02-27,[27] 재작업,P3405A-00.75SPC,O2O2 D_Sepia Choco EX,180,180,확인
2026-02-24,[27] 재작업,P3405A-00.50SPC,O2O2 D_Sepia Choco EX,180,180,확인
2026-02-24,[27] 재작업,P3405A-00.75SPC,O2O2 D_Sepia Choco EX,"1,260","1,260",확인
2026-02-24,[27] 재작업,P3405A-00.75SPC,O2O2 D_Sepia Choco EX,"1,080","1,080",확인
2026-02-24,[27] 재작업,P3405A-05.00SPC,O2O2 D_Sepia Choco EX,"1,260","1,260",확인
2026-02-24,[27] 재작업,P3405A-05.00SPC,O2O2 D_Sepia Choco EX,360,360,확인
2026-02-24,[27] 재작업,P3405A-05.00SPC,O2O2 D_Sepia Choco EX,"1,440","1,440",확인
2026-02-24,[27] 재작업,P3405A-04.75SPC,O2O2 D_Sepia Choco EX,"1,800","1,800",확인
2026-02-24,[27] 재작업,P3405A-04.50SPC,O2O2 D_Sepia Choco EX,900,900,확인
2026-02-24,[27] 재작업,P3405A-06.00SPC,O2O2 D_Sepia Choco EX,"1,440","1,440",확인
2026-02-24,[27] 재작업,P3405A-05.50SPC,O2O2 D_Sepia Choco EX,"1,350","1,350",확인
2026-02-24,[27] 재작업,P3405A-05.50SPC,O2O2 D_Sepia Choco EX,"1,080","1,080",확인
2026-02-24,[27] 재작업,P3405A-05.50SPC,O2O2 D_Sepia Choco EX,450,450,확인
2026-02-24,[27] 재작업,P3405A-05.50SPC,O2O2 D_Sepia Choco EX,"1,170","1,170",확인
2026-02-24,[27] 재작업,P3405A-03.75SPC,O2O2 D_Sepia Choco EX,900,900,확인
2026-02-24,[27] 재작업,P3405A-03.75SPC,O2O2 D_Sepia Choco EX,"1,530","1,530",확인
2026-02-24,[27] 재작업,P3405A-03.75SPC,O2O2 D_Sepia Choco EX,900,900,확인
2026-02-24,[27] 재작업,P3405A-04.50SPC,O2O2 D_Sepia Choco EX,"1,800","1,800",확인
2026-02-24,[27] 재작업,P3405A-06.00SPC,O2O2 D_Sepia Choco EX,"1,440","1,440",확인
2026-02-24,[27] 재작업,P3405A-05.50SPC,O2O2 D_Sepia Choco EX,900,900,확인
2026-02-24,[27] 재작업,P3405A-05.50SPC,O2O2 D_Sepia Choco EX,180,180,확인
2026-02-24,[27] 재작업,P3405A-07.00SPC,O2O2 D_Sepia Choco EX,"1,620","1,620",확인
2026-02-24,[27] 재작업,P3405A-07.00SPC,O2O2 D_Sepia Choco EX,"1,350","1,350",확인
2026-02-24,[27] 재작업,P3405A-07.00SPC,O2O2 D_Sepia Choco EX,180,180,확인
2026-02-24,[27] 재작업,P3405A-07.50SPC,O2O2 D_Sepia Choco EX,"1,620","1,620",확인
2026-02-24,[27] 재작업,P3405A-07.50SPC,O2O2 D_Sepia Choco EX,"1,440","1,440",확인
2026-02-24,[27] 재작업,P3405A-08.50SPC,O2O2 D_Sepia Choco EX,"1,440","1,440",확인
2026-02-24,[27] 재작업,P3405A-07.00SPC,O2O2 D_Sepia Choco EX,"1,440","1,440",확인
2026-02-24,[27] 재작업,P3405A-07.00SPC,O2O2 D_Sepia Choco EX,"1,350","1,350",확인
2026-02-24,[27] 재작업,P3405A-08.50SPC,O2O2 D_Sepia Choco EX,"1,080","1,080",확인
2026-02-24,[27] 재작업,P3405A-08.50SPC,O2O2 D_Sepia Choco EX,810,810,확인
2026-02-24,[27] 재작업,P3405A-09.00SPC,O2O2 D_Sepia Choco EX,990,990,확인
2026-02-24,[27] 재작업,P3405A-09.00SPC,O2O2 D_Sepia Choco EX,"1,260","1,260",확인
2026-02-24,[27] 재작업,P3405A-09.00SPC,O2O2 D_Sepia Choco EX,"1,440","1,440",확인
2026-02-24,[27] 재작업,P3405A-05.00SPC,O2O2 D_Sepia Choco EX,"1,710","1,710",확인
2026-02-24,[27] 재작업,P3405A-05.00SPC,O2O2 D_Sepia Choco EX,630,630,확인
2026-02-24,[27] 재작업,P3405A-05.00SPC,O2O2 D_Sepia Choco EX,"1,440","1,440",확인
2026-02-24,[27] 재작업,P3405A-05.00SPC,O2O2 D_Sepia Choco EX,"1,800","1,800",확인
2026-02-24,[27] 재작업,P3405A-04.75SPC,O2O2 D_Sepia Choco EX,"1,890","1,890",확인
2026-02-24,[27] 재작업,P3405A-03.75SPC,O2O2 D_Sepia Choco EX,"1,260","1,260",확인
2026-02-24,[27] 재작업,P3405A-04.50SPC,O2O2 D_Sepia Choco EX,"1,710","1,710",확인
2026-02-24,[27] 재작업,P3405A-04.50SPC,O2O2 D_Sepia Choco EX,"1,800","1,800",확인
2026-02-24,[27] 재작업,P3405A-06.00SPC,O2O2 D_Sepia Choco EX,"1,530","1,530",확인
2026-02-24,[27] 재작업,P3405A-06.50SPC,O2O2 D_Sepia Choco EX,"1,890","1,890",확인
2026-02-24,[27] 재작업,P3405A-07.50SPC,O2O2 D_Sepia Choco EX,"1,260","1,260",확인
2026-02-24,[27] 재작업,P3405A-07.50SPC,O2O2 D_Sepia Choco EX,990,990,확인
2026-02-24,[27] 재작업,P3405A-08.50SPC,O2O2 D_Sepia Choco EX,720,720,확인
2026-02-24,[27] 재작업,P3405A-00.50SPC,O2O2 D_Sepia Choco EX,540,540,확인
2026-02-24,[27] 재작업,P3405A-00.00SPC,O2O2 D_Sepia Choco EX,"1,350","1,350",확인
2026-02-24,[27] 재작업,P3405A-00.75SPC,O2O2 D_Sepia Choco EX,"1,080","1,080",확인
2026-02-24,[27] 재작업,P3405A-04.75SPC,O2O2 D_Sepia Choco EX,"1,800","1,800",확인
2026-02-24,[27] 재작업,P3405A-04.75SPC,O2O2 D_Sepia Choco EX,"1,890","1,890",확인
2026-02-24,[27] 재작업,P3405A-03.75SPC,O2O2 D_Sepia Choco EX,900,900,확인
2026-02-24,[27] 재작업,P3405A-03.75SPC,O2O2 D_Sepia Choco EX,"1,710","1,710",확인
2026-02-24,[27] 재작업,P3405A-06.00SPC,O2O2 D_Sepia Choco EX,90,90,확인
2026-02-24,[27] 재작업,P3405A-06.00SPC,O2O2 D_Sepia Choco EX,990,990,확인
2026-02-24,[27] 재작업,P3405A-08.50SPC,O2O2 D_Sepia Choco EX,"1,260","1,260",확인
2026-02-24,[27] 재작업,P3405A-09.00SPC,O2O2 D_Sepia Choco EX,"1,710","1,710",확인
2026-02-24,[27] 재작업,P3405A-09.00SPC,O2O2 D_Sepia Choco EX,900,900,확인
2026-02-25,[27] 재작업,P3405A-00.75SPC,O2O2 D_Sepia Choco EX,"1,530","1,530",확인
2026-02-24,[27] 재작업,P3405A-00.50SPC,O2O2 D_Sepia Choco EX,270,270,확인
2026-02-24,[27] 재작업,P3405A-00.00SPC,O2O2 D_Sepia Choco EX,540,540,확인
2026-02-24,[27] 재작업,P3405A-05.00SPC,O2O2 D_Sepia Choco EX,"1,080","1,080",확인
2026-02-24,[27] 재작업,P3405A-05.00SPC,O2O2 D_Sepia Choco EX,"1,530","1,530",확인
2026-02-24,[27] 재작업,P3405A-04.75SPC,O2O2 D_Sepia Choco EX,"1,800","1,800",확인
2026-02-24,[27] 재작업,P3405A-04.75SPC,O2O2 D_Sepia Choco EX,"1,890","1,890",확인
2026-02-24,[27] 재작업,P3405A-01.50SPC,O2O2 D_Sepia Choco EX,810,810,확인
2026-02-24,[27] 재작업,P3405A-01.50SPC,O2O2 D_Sepia Choco EX,"1,440","1,440",확인
2026-02-24,[27] 재작업,P3405A-01.50SPC,O2O2 D_Sepia Choco EX,540,540,확인
2026-02-24,[27] 재작업,P3405A-01.50SPC,O2O2 D_Sepia Choco EX,"1,620","1,620",확인
2026-02-24,[27] 재작업,P3405A-03.75SPC,O2O2 D_Sepia Choco EX,"1,620","1,620",확인
2026-02-24,[27] 재작업,P3405A-03.75SPC,O2O2 D_Sepia Choco EX,"1,260","1,260",확인
2026-02-24,[27] 재작업,P3405A-04.50SPC,O2O2 D_Sepia Choco EX,"1,800","1,800",확인
2026-02-24,[27] 재작업,P3405A-06.00SPC,O2O2 D_Sepia Choco EX,"1,800","1,800",확인
2026-02-24,[27] 재작업,P3405A-06.00SPC,O2O2 D_Sepia Choco EX,90,90,확인
2026-02-24,[27] 재작업,P3405A-06.00SPC,O2O2 D_Sepia Choco EX,"1,440","1,440",확인
2026-02-24,[27] 재작업,P3405A-06.00SPC,O2O2 D_Sepia Choco EX,"1,260","1,260",확인
2026-02-24,[27] 재작업,P3405A-05.50SPC,O2O2 D_Sepia Choco EX,990,990,확인
2026-02-24,[27] 재작업,P3405A-05.50SPC,O2O2 D_Sepia Choco EX,270,270,확인
2026-02-24,[27] 재작업,P3405A-05.50SPC,O2O2 D_Sepia Choco EX,540,540,확인
2026-02-24,[27] 재작업,P3405A-04.50SPC,O2O2 D_Sepia Choco EX,"1,620","1,620",확인
2026-02-24,[27] 재작업,P3405A-06.00SPC,O2O2 D_Sepia Choco EX,90,90,확인
2026-02-24,[27] 재작업,P3405A-05.50SPC,O2O2 D_Sepia Choco EX,"1,350","1,350",확인
2026-02-24,[27] 재작업,P3405A-05.50SPC,O2O2 D_Sepia Choco EX,450,450,확인
2026-02-24,[27] 재작업,P3405A-00.50SPC,O2O2 D_Sepia Choco EX,"1,980","1,980",확인
2026-02-24,[27] 재작업,P3405A-05.00SPC,O2O2 D_Sepia Choco EX,"1,080","1,080",확인
2026-02-24,[27] 재작업,P3405A-04.75SPC,O2O2 D_Sepia Choco EX,"1,800","1,800",확인
2026-02-24,[27] 재작업,P3405A-01.50SPC,O2O2 D_Sepia Choco EX,990,990,확인
2026-02-24,[27] 재작업,P3405A-01.50SPC,O2O2 D_Sepia Choco EX,"1,890","1,890",확인
2026-02-24,[27] 재작업,P3405A-03.75SPC,O2O2 D_Sepia Choco EX,810,810,확인
2026-02-24,[27] 재작업,P3405A-03.75SPC,O2O2 D_Sepia Choco EX,"1,530","1,530",확인
2026-02-24,[27] 재작업,P3405A-03.75SPC,O2O2 D_Sepia Choco EX,"1,350","1,350",확인
2026-02-24,[27] 재작업,P3405A-04.50SPC,O2O2 D_Sepia Choco EX,"1,800","1,800",확인
2026-02-24,[27] 재작업,P3405A-04.50SPC,O2O2 D_Sepia Choco EX,"1,710","1,710",확인
2026-02-24,[27] 재작업,P3405A-06.00SPC,O2O2 D_Sepia Choco EX,90,90,확인
2026-02-24,[27] 재작업,P3405A-06.00SPC,O2O2 D_Sepia Choco EX,"1,710","1,710",확인
2026-02-24,[27] 재작업,P3405A-05.50SPC,O2O2 D_Sepia Choco EX,"1,710","1,710",확인
2026-02-24,[27] 재작업,P3405A-05.50SPC,O2O2 D_Sepia Choco EX,90,90,확인
2026-02-24,[27] 재작업,P3405A-05.50SPC,O2O2 D_Sepia Choco EX,360,360,확인
2026-02-24,[27] 재작업,P3405A-01.50SPC,O2O2 D_Sepia Choco EX,"1,530","1,530",확인
2026-02-24,[27] 재작업,P3405A-03.75SPC,O2O2 D_Sepia Choco EX,"1,440","1,440",확인
2026-02-24,[27] 재작업,P3405A-03.75SPC,O2O2 D_Sepia Choco EX,"1,440","1,440",확인
2026-02-24,[27] 재작업,P3405A-04.50SPC,O2O2 D_Sepia Choco EX,"1,620","1,620",확인
2026-02-24,[27] 재작업,P3405A-04.50SPC,O2O2 D_Sepia Choco EX,"1,620","1,620",확인
2026-02-24,[27] 재작업,P3405A-05.50SPC,O2O2 D_Sepia Choco EX,270,270,확인
2026-02-24,[27] 재작업,P3405A-05.50SPC,O2O2 D_Sepia Choco EX,"1,350","1,350",확인
2026-02-24,[27] 재작업,P3405A-05.50SPC,O2O2 D_Sepia Choco EX,360,360,확인
2026-02-24,[27] 재작업,P3405A-05.50SPC,O2O2 D_Sepia Choco EX,540,540,확인
2026-02-24,[27] 재작업,P3405A-05.50SPC,O2O2 D_Sepia Choco EX,"1,260","1,260",확인
2026-02-25,[55] 접착/ 멸균,P3409A-03.75PIN,O2O2 D_Blending Rose EX,"1,555","1,578",확인
2026-02-15,[55] 접착/ 멸균,P3406A-01.00ASB,O2O2 D_Ash Brown EX,"1,700","1,728",확인
2026-02-21,[55] 접착/ 멸균,P3406A-01.00ASB,O2O2 D_Ash Brown EX,"1,665","1,691",확인
2026-02-21,[55] 접착/ 멸균,P3406A-00.00ASB,O2O2 D_Ash Brown EX,"1,175","1,203",확인
2026-03-04,[55] 접착/ 멸균,P3406A-10.00ASB,O2O2 D_Ash Brown EX,"1,100","1,132",확인
2026-02-22,[55] 접착/ 멸균,P3406A-02.00ASB,O2O2 D_Ash Brown EX,"1,605","1,721",확인
2026-02-24,[55] 접착/ 멸균,P3409A-03.75PIN,O2O2 D_Blending Rose EX,945,980,확인
2026-02-24,[55] 접착/ 멸균,P3409A-03.75PIN,O2O2 D_Blending Rose EX,"1,185","1,225",확인
2026-02-22,[55] 접착/ 멸균,P3407A-02.25ASG,O2O2 D_Ash Gray EX,"1,400","1,443",확인
2026-02-22,[55] 접착/ 멸균,P3407A-01.00ASG,O2O2 D_Ash Gray EX,"1,400","1,426",확인
2026-02-21,[55] 접착/ 멸균,P3406A-00.00ASB,O2O2 D_Ash Brown EX,"1,125","1,176",확인
2026-02-22,[55] 접착/ 멸균,P3406A-00.00ASB,O2O2 D_Ash Brown EX,"1,520","1,539",확인
2026-02-22,[55] 접착/ 멸균,P3406A-00.00ASB,O2O2 D_Ash Brown EX,"1,575","1,594",확인
2026-02-27,[55] 접착/ 멸균,P3406A-00.00ASB,O2O2 D_Ash Brown EX,"1,595","1,644",확인
2026-02-27,[55] 접착/ 멸균,P3406A-03.75ASB,O2O2 D_Ash Brown EX,"1,950","2,051",확인
2026-02-22,[55] 접착/ 멸균,P3406A-01.00ASB,O2O2 D_Ash Brown EX,"1,555","1,604",확인
2026-02-22,[55] 접착/ 멸균,P3406A-01.25ASB,O2O2 D_Ash Brown EX,"1,665","1,739",확인
2026-02-12,[55] 접착/ 멸균,P3407A-03.50ASG,O2O2 D_Ash Gray EX,"1,900","1,961",확인
2026-02-21,[55] 접착/ 멸균,P3406A-00.00ASB,O2O2 D_Ash Brown EX,"1,330","1,351",확인
2026-03-03,[55] 접착/ 멸균,P3406A-02.75ASB,O2O2 D_Ash Brown EX,"1,480","1,584",확인
2026-02-21,[55] 접착/ 멸균,P3406A-00.00ASB,O2O2 D_Ash Brown EX,890,"1,565",확인
2026-02-22,[55] 접착/ 멸균,P3407A-02.50ASG,O2O2 D_Ash Gray EX,"1,460","1,500",확인
2026-02-22,[55] 접착/ 멸균,P3407A-02.50ASG,O2O2 D_Ash Gray EX,"1,505","1,550",확인
2026-02-21,[55] 접착/ 멸균,P3406A-01.00ASB,O2O2 D_Ash Brown EX,"1,595","1,632",확인
2026-03-01,[20] 분리,Q3406-03.25ASB,O2O2 D_Ash Brown EX,"1,952","2,248",확인
2026-02-22,[20] 분리,Q3406-00.00ASB,O2O2 D_Ash Brown EX,"1,160","1,470",확인
2026-02-15,[20] 분리,Q3406-01.00ASB,O2O2 D_Ash Brown EX,"1,641","2,187",확인
2026-02-25,[55] 접착/ 멸균,P3406A-00.00ASB,O2O2 D_Ash Brown EX,485,670,확인
2026-02-23,[55] 접착/ 멸균,P3406A-00.00ASB,O2O2 D_Ash Brown EX,"1,105","1,149",확인
2026-02-12,[55] 접착/ 멸균,P3407A-02.50ASG,O2O2 D_Ash Gray EX,"1,970","2,017",확인
2026-02-15,[55] 접착/ 멸균,P3407A-01.00ASG,O2O2 D_Ash Gray EX,"1,910","1,985",확인
2026-02-22,[55] 접착/ 멸균,P3407A-00.00ASG,O2O2 D_Ash Gray EX,"1,200","1,241",확인
2026-02-22,[55] 접착/ 멸균,P3407A-00.00ASG,O2O2 D_Ash Gray EX,"1,095","1,133",확인
2026-02-15,[55] 접착/ 멸균,P3406A-01.00ASB,O2O2 D_Ash Brown EX,"1,645","1,731",확인
2026-03-03,[55] 접착/ 멸균,P3406A-01.25ASB,O2O2 D_Ash Brown EX,"1,620","1,700",확인
2026-03-04,[55] 접착/ 멸균,P3406A-10.00ASB,O2O2 D_Ash Brown EX,"1,245","1,267",확인
2026-02-24,[55] 접착/ 멸균,P3406A-00.00ASB,O2O2 D_Ash Brown EX,"1,720","1,787",확인
2026-02-24,[55] 접착/ 멸균,P3406A-00.00ASB,O2O2 D_Ash Brown EX,"1,370","1,413",확인
2026-03-04,[55] 접착/ 멸균,P3406A-03.25ASB,O2O2 D_Ash Brown EX,"1,458","1,559",확인
2026-02-22,[55] 접착/ 멸균,P3406A-01.25ASB,O2O2 D_Ash Brown EX,"1,410","1,431",확인
2026-03-01,[20] 분리,Q3406-09.50ASB,O2O2 D_Ash Brown EX,"1,274","1,486",확인
2026-02-13,[20] 분리,Q3406-01.00ASB,O2O2 D_Ash Brown EX,"1,737","2,195",확인
2026-02-14,[20] 분리,Q3406-00.00ASB,O2O2 D_Ash Brown EX,"1,402","1,941",확인
2026-02-13,[20] 분리,Q3406-00.00ASB,O2O2 D_Ash Brown EX,"1,611","2,075",확인
2026-02-22,[20] 분리,Q3406-00.00ASB,O2O2 D_Ash Brown EX,"1,431","1,740",확인
2026-03-03,[20] 분리,Q3408-01.00BRW,O2O2 D_Blending Hazel EX,"1,113","1,389",확인
2026-03-04,[20] 분리,Q3408-00.75BRW,O2O2 D_Blending Hazel EX,"1,357","1,914",확인
2026-02-19,[55] 접착/ 멸균,P3407A-02.00ASG,O2O2 D_Ash Gray EX,"1,575","1,704",확인
2026-02-22,[55] 접착/ 멸균,P3406A-00.00ASB,O2O2 D_Ash Brown EX,"1,610","1,629",확인
2026-02-12,[55] 접착/ 멸균,P3406A-00.00ASB,O2O2 D_Ash Brown EX,"1,490","1,560",확인
2026-02-25,[55] 접착/ 멸균,P3406A-00.00ASB,O2O2 D_Ash Brown EX,995,"1,028",확인
2026-02-26,[55] 접착/ 멸균,P3406A-03.75ASB,O2O2 D_Ash Brown EX,"1,730","1,807",확인
2026-02-14,[20] 분리,Q3406-00.00ASB,O2O2 D_Ash Brown EX,"1,630","2,008",확인
2026-02-28,[20] 분리,Q3406-10.00ASB,O2O2 D_Ash Brown EX,"2,001","2,133",확인
2026-02-22,[20] 분리,Q3406-00.00ASB,O2O2 D_Ash Brown EX,"1,030","2,064",확인
2026-03-04,[20] 분리,Q3408-03.00BRW,O2O2 D_Blending Hazel EX,"1,613","1,849",확인
2026-02-11,[20] 분리,Q3407-01.75ASG,O2O2 D_Ash Gray EX,"2,184","2,321",확인
2026-02-13,[20] 분리,Q3407-02.00ASG,O2O2 D_Ash Gray EX,"1,710","2,311",확인
2026-02-12,[20] 분리,Q3407-03.75ASG,O2O2 D_Ash Gray EX,"1,785","2,183",확인
2026-02-19,[20] 분리,Q3406-00.00ASB,O2O2 D_Ash Brown EX,"1,550","2,148",확인
2026-02-19,[20] 분리,Q3406-00.00ASB,O2O2 D_Ash Brown EX,"1,179","1,394",확인
2026-02-20,[20] 분리,Q3406-02.00ASB,O2O2 D_Ash Brown EX,"1,594","2,148",확인
2026-02-22,[20] 분리,Q3406-00.00ASB,O2O2 D_Ash Brown EX,887,"1,284",확인
2026-02-15,[20] 분리,Q3406-00.00ASB,O2O2 D_Ash Brown EX,"1,603","1,963",확인
2026-02-25,[20] 분리,Q3406-03.75ASB,O2O2 D_Ash Brown EX,"2,088","2,293",확인
2026-02-25,[20] 분리,Q3406-00.00ASB,O2O2 D_Ash Brown EX,"1,663","1,982",확인
2026-02-20,[20] 분리,Q3406-01.00ASB,O2O2 D_Ash Brown EX,"1,425","1,805",확인
2026-02-20,[20] 분리,Q3406-01.00ASB,O2O2 D_Ash Brown EX,"1,621","1,910",확인
2026-03-02,[20] 분리,Q3408-01.00BRW,O2O2 D_Blending Hazel EX,"1,360","1,717",확인
2026-03-02,[20] 분리,Q3408-00.00BRW,O2O2 D_Blending Hazel EX,923,"1,266",확인
2026-02-15,[20] 분리,Q3407-01.00ASG,O2O2 D_Ash Gray EX,"1,430","1,674",확인
2026-02-14,[20] 분리,Q3407-02.25ASG,O2O2 D_Ash Gray EX,"1,443","1,894",확인
2026-02-11,[20] 분리,Q3407-01.25ASG,O2O2 D_Ash Gray EX,"2,050","2,283",확인
2026-02-24,[55] 접착/ 멸균,P3406A-00.00ASB,O2O2 D_Ash Brown EX,"1,025","1,071",확인
2026-02-24,[55] 접착/ 멸균,P3406A-00.00ASB,O2O2 D_Ash Brown EX,"1,630","1,684",확인
2026-02-24,[55] 접착/ 멸균,P3406A-00.00ASB,O2O2 D_Ash Brown EX,850,871,확인
2026-02-22,[55] 접착/ 멸균,P3406A-00.00ASB,O2O2 D_Ash Brown EX,"1,200","1,238",확인
2026-02-22,[55] 접착/ 멸균,P3406A-00.00ASB,O2O2 D_Ash Brown EX,"1,695","1,733",확인
2026-02-22,[55] 접착/ 멸균,P3406A-02.00ASB,O2O2 D_Ash Brown EX,"1,560","1,587",확인
2026-02-22,[55] 접착/ 멸균,P3406A-01.00ASB,O2O2 D_Ash Brown EX,"1,310","1,414",확인
2026-03-04,[55] 접착/ 멸균,P3405A-03.75SPC,O2O2 D_Sepia Choco EX,108,555,저장
2026-02-27,[55] 접착/ 멸균,P3408A-02.75BRW,O2O2 D_Blending Hazel EX,"1,745","1,803",확인
2026-02-27,[55] 접착/ 멸균,P3408A-01.75BRW,O2O2 D_Blending Hazel EX,"1,220","1,303",확인
2026-03-01,[55] 접착/ 멸균,P3408A-06.50BRW,O2O2 D_Blending Hazel EX,"1,685","1,718",확인
2026-02-24,[55] 접착/ 멸균,P3408A-03.50BRW,O2O2 D_Blending Hazel EX,945,973,확인
2026-03-04,[55] 접착/ 멸균,P3408A-01.00BRW,O2O2 D_Blending Hazel EX,"1,320","1,358",확인
2026-03-04,[55] 접착/ 멸균,P3408A-00.00BRW,O2O2 D_Blending Hazel EX,895,923,확인
2026-02-27,[20] 분리,Q3406-09.50ASB,O2O2 D_Ash Brown EX,"2,040","2,174",확인
2026-02-19,[20] 분리,Q3406-01.00ASB,O2O2 D_Ash Brown EX,"1,706","2,200",확인
2026-02-13,[20] 분리,Q3406-01.00ASB,O2O2 D_Ash Brown EX,"1,734","2,125",확인
2026-02-14,[20] 분리,Q3406-00.00ASB,O2O2 D_Ash Brown EX,"1,455","2,008",확인
2026-02-14,[20] 분리,Q3406-00.00ASB,O2O2 D_Ash Brown EX,"1,699","2,073",확인
2026-03-03,[20] 분리,Q3406-02.50ASB,O2O2 D_Ash Brown EX,"1,624","1,922",확인
2026-02-28,[20] 분리,Q3406-10.00ASB,O2O2 D_Ash Brown EX,"1,133","1,329",확인
2026-02-15,[20] 분리,Q3406-00.00ASB,O2O2 D_Ash Brown EX,"1,203","1,402",확인
2026-03-03,[20] 분리,Q3408-01.25BRW,O2O2 D_Blending Hazel EX,"1,459","1,733",확인
2026-02-26,[20] 분리,Q3408-06.00BRW,O2O2 D_Blending Hazel EX,"1,420","1,694",확인
2026-02-26,[20] 분리,Q3408-01.75BRW,O2O2 D_Blending Hazel EX,"1,166","1,613",확인
2026-02-15,[20] 분리,Q3407-02.50ASG,O2O2 D_Ash Gray EX,"1,550","1,894",확인
2026-02-14,[20] 분리,Q3407-01.25ASG,O2O2 D_Ash Gray EX,"1,910","2,337",확인
2026-02-14,[20] 분리,Q3407-02.25ASG,O2O2 D_Ash Gray EX,746,877,확인
2026-02-11,[20] 분리,Q3407-01.75ASG,O2O2 D_Ash Gray EX,"2,061","2,284",확인
2026-02-11,[20] 분리,Q3407-03.50ASG,O2O2 D_Ash Gray EX,"1,836","2,174",확인
2026-02-11,[20] 분리,Q3407-02.75ASG,O2O2 D_Ash Gray EX,"2,092","2,206",확인
2026-02-11,[20] 분리,Q3407-01.00ASG,O2O2 D_Ash Gray EX,"2,022","2,313",확인
2026-02-12,[20] 분리,Q3407-00.75ASG,O2O2 D_Ash Gray EX,"2,018","2,285",확인
2026-02-12,[20] 분리,Q3407-02.00ASG,O2O2 D_Ash Gray EX,"1,650","1,905",확인
2026-02-12,[20] 분리,Q3407-02.00ASG,O2O2 D_Ash Gray EX,"1,585","1,890",확인
2026-02-12,[20] 분리,Q3407-02.00ASG,O2O2 D_Ash Gray EX,"1,811","2,152",확인
2026-03-04,[20] 분리,Q3405-01.00SPC,O2O2 D_Sepia Choco EX,"1,459","1,733",확인
2026-03-04,[20] 분리,Q3405-01.25SPC,O2O2 D_Sepia Choco EX,"1,069","1,292",확인
2026-03-04,[20] 분리,Q3405-01.75SPC,O2O2 D_Sepia Choco EX,"1,277","1,487",확인
2026-03-03,[20] 분리,Q3405-01.00SPC,O2O2 D_Sepia Choco EX,"1,563","1,717",확인
2026-03-04,[20] 분리,Q3405-04.50SPC,O2O2 D_Sepia Choco EX,"1,597","1,735",확인
2026-03-02,[20] 분리,Q3405-01.25SPC,O2O2 D_Sepia Choco EX,"1,698","1,925",확인
2026-03-02,[20] 분리,Q3405-01.00SPC,O2O2 D_Sepia Choco EX,"1,450","1,617",확인
2026-03-04,[20] 분리,Q3405-01.75SPC,O2O2 D_Sepia Choco EX,"1,165","1,396",확인
2026-02-21,[20] 분리,Q3406-00.00ASB,O2O2 D_Ash Brown EX,800,"1,292",확인
2026-02-27,[20] 분리,Q3406-10.00ASB,O2O2 D_Ash Brown EX,"1,808","2,115",확인
2026-02-14,[20] 분리,Q3406-00.00ASB,O2O2 D_Ash Brown EX,"1,376","2,013",확인
2026-02-20,[20] 분리,Q3406-01.00ASB,O2O2 D_Ash Brown EX,"1,733","1,948",확인
2026-02-25,[20] 분리,Q3406-00.00ASB,O2O2 D_Ash Brown EX,"1,033","1,247",확인
2026-02-24,[55] 접착/ 멸균,P3406A-00.00ASB,O2O2 D_Ash Brown EX,"1,130","1,186",확인
2026-02-24,[55] 접착/ 멸균,P3406A-00.00ASB,O2O2 D_Ash Brown EX,760,791,확인
2026-02-26,[55] 접착/ 멸균,P3406A-01.75ASB,O2O2 D_Ash Brown EX,"1,660","1,746",확인
2026-02-26,[55] 접착/ 멸균,P3406A-03.25ASB,O2O2 D_Ash Brown EX,"1,775","1,823",확인
2026-02-22,[55] 접착/ 멸균,P3406A-01.00ASB,O2O2 D_Ash Brown EX,"1,680","1,696",확인
2026-03-04,[55] 접착/ 멸균,P3405A-03.25SPC,O2O2 D_Sepia Choco EX,113,435,저장
2026-02-27,[20] 분리,Q3406-09.50ASB,O2O2 D_Ash Brown EX,"1,979","2,126",확인
2026-02-27,[20] 분리,Q3406-09.50ASB,O2O2 D_Ash Brown EX,"2,109","2,167",확인
2026-02-15,[20] 분리,Q3406-00.00ASB,O2O2 D_Ash Brown EX,"1,583","1,954",확인
2026-02-25,[20] 분리,Q3406-00.00ASB,O2O2 D_Ash Brown EX,"1,003","1,291",확인
2026-02-25,[20] 분리,Q3406-01.00ASB,O2O2 D_Ash Brown EX,"1,604","1,788",확인
2026-02-25,[20] 분리,Q3406-00.00ASB,O2O2 D_Ash Brown EX,"1,079","1,239",확인
2026-02-26,[20] 분리,Q3408-07.50BRW,O2O2 D_Blending Hazel EX,380,448,확인
2026-02-26,[20] 분리,Q3408-03.50BRW,O2O2 D_Blending Hazel EX,516,"1,766",확인
2026-02-27,[20] 분리,Q3408-04.25BRW,O2O2 D_Blending Hazel EX,"1,456","1,811",확인
2026-03-02,[20] 분리,Q3408-02.25BRW,O2O2 D_Blending Hazel EX,"1,466","2,016",확인
2026-02-25,[20] 분리,Q3407-00.00ASG,O2O2 D_Ash Gray EX,"1,205","1,501",확인
2026-02-14,[20] 분리,Q3407-01.75ASG,O2O2 D_Ash Gray EX,"1,469","1,661",확인
2026-02-27,[20] 분리,Q3405-03.25SPC,O2O2 D_Sepia Choco EX,"1,243","1,477",확인
2026-03-02,[20] 분리,Q3405-03.25SPC,O2O2 D_Sepia Choco EX,"1,856","2,030",확인
2026-03-03,[20] 분리,Q3408-00.00BRW,O2O2 D_Blending Hazel EX,815,"1,166",확인
2026-03-03,[20] 분리,Q3408-03.00BRW,O2O2 D_Blending Hazel EX,"1,440","1,914",확인
2026-02-26,[20] 분리,Q3408-03.25BRW,O2O2 D_Blending Hazel EX,"1,408","1,737",확인
2026-02-26,[20] 분리,Q3408-02.25BRW,O2O2 D_Blending Hazel EX,"1,399","1,735",확인
2026-02-26,[20] 분리,Q3408-01.75BRW,O2O2 D_Blending Hazel EX,"1,273","1,569",확인
2026-03-02,[20] 분리,Q3408-01.25BRW,O2O2 D_Blending Hazel EX,"1,203","1,906",확인
2026-03-02,[20] 분리,Q3408-00.00BRW,O2O2 D_Blending Hazel EX,810,"1,637",확인
2026-02-27,[20] 분리,Q3408-06.00BRW,O2O2 D_Blending Hazel EX,"1,660","1,839",확인
2026-02-11,[20] 분리,Q3407-03.50ASG,O2O2 D_Ash Gray EX,"1,968","2,195",확인
2026-03-01,[20] 분리,Q3405-03.00SPC,O2O2 D_Sepia Choco EX,680,887,확인
2026-03-01,[20] 분리,Q3405-03.25SPC,O2O2 D_Sepia Choco EX,444,992,확인
2026-02-26,[20] 분리,Q3405-03.25SPC,O2O2 D_Sepia Choco EX,"1,263","1,571",확인
2026-03-03,[20] 분리,Q3405-02.25SPC,O2O2 D_Sepia Choco EX,"1,799","2,028",확인
2026-03-02,[20] 분리,Q3405-01.00SPC,O2O2 D_Sepia Choco EX,899,"1,207",확인
2026-03-01,[20] 분리,Q3406-02.75ASB,O2O2 D_Ash Brown EX,774,"1,353",확인
2026-02-21,[20] 분리,Q3406-00.00ASB,O2O2 D_Ash Brown EX,801,"1,888",확인
2026-02-19,[20] 분리,Q3406-00.00ASB,O2O2 D_Ash Brown EX,986,"1,292",확인
2026-02-14,[20] 분리,Q3406-00.00ASB,O2O2 D_Ash Brown EX,"1,516","1,966",확인
2026-02-25,[20] 분리,Q3406-00.00ASB,O2O2 D_Ash Brown EX,"1,079","1,278",확인
2026-02-25,[20] 분리,Q3406-00.00ASB,O2O2 D_Ash Brown EX,"1,615","1,722",확인
2026-03-04,[55] 접착/ 멸균,P3406A-03.25ASB,O2O2 D_Ash Brown EX,"1,295","1,458",확인
2026-02-24,[55] 접착/ 멸균,P3406A-01.25ASB,O2O2 D_Ash Brown EX,"1,860","1,915",확인
2026-02-26,[55] 접착/ 멸균,P3406A-01.00ASB,O2O2 D_Ash Brown EX,"1,530","1,598",확인
2026-03-04,[55] 접착/ 멸균,P3405A-03.25SPC,O2O2 D_Sepia Choco EX,"1,775","1,851",확인
2026-03-04,[55] 접착/ 멸균,P3405A-01.25SPC,O2O2 D_Sepia Choco EX,"1,375","1,421",확인
2026-02-27,[55] 접착/ 멸균,P3407A-00.00ASG,O2O2 D_Ash Gray EX,"1,105","1,179",확인
2026-02-27,[55] 접착/ 멸균,P3405A-03.25SPC,O2O2 D_Sepia Choco EX,"1,050","1,084",확인
2026-02-27,[55] 접착/ 멸균,P3405A-01.25SPC,O2O2 D_Sepia Choco EX,"1,830","1,875",확인
2026-03-04,[55] 접착/ 멸균,P3408A-02.25BRW,O2O2 D_Blending Hazel EX,"1,435","1,463",확인
2026-03-04,[55] 접착/ 멸균,P3408A-00.75BRW,O2O2 D_Blending Hazel EX,"1,070","1,097",확인
2026-03-04,[55] 접착/ 멸균,P3408A-04.25BRW,O2O2 D_Blending Hazel EX,"1,525","1,574",확인
2026-02-26,[55] 접착/ 멸균,P3405A-02.25SPC,O2O2 D_Sepia Choco EX,"1,185","1,213",확인
2026-02-26,[55] 접착/ 멸균,P3405A-02.25SPC,O2O2 D_Sepia Choco EX,"1,190","1,237",확인
2026-03-04,[55] 접착/ 멸균,P3405A-03.25SPC,O2O2 D_Sepia Choco EX,"1,600","1,684",확인
2026-03-04,[55] 접착/ 멸균,P3405A-03.75SPC,O2O2 D_Sepia Choco EX,915,"1,061",확인
2026-03-04,[55] 접착/ 멸균,P3405A-01.25SPC,O2O2 D_Sepia Choco EX,"1,115","1,136",확인
2026-02-22,[55] 접착/ 멸균,P3407A-01.00ASG,O2O2 D_Ash Gray EX,"1,325","1,369",확인
2026-02-22,[55] 접착/ 멸균,P3407A-00.00ASG,O2O2 D_Ash Gray EX,"1,180","1,222",확인
2026-02-15,[55] 접착/ 멸균,P3407A-01.00ASG,O2O2 D_Ash Gray EX,"1,670","1,730",확인
2026-02-21,[55] 접착/ 멸균,P3407A-01.25ASG,O2O2 D_Ash Gray EX,"1,025","1,057",확인
2026-03-04,[55] 접착/ 멸균,P3405A-03.25SPC,O2O2 D_Sepia Choco EX,81,390,저장
2026-03-04,[55] 접착/ 멸균,P3405A-01.00SPC,O2O2 D_Sepia Choco EX,"1,255","1,284",확인
2026-02-22,[55] 접착/ 멸균,P3407A-02.75ASG,O2O2 D_Ash Gray EX,"1,570","1,596",확인
2026-02-27,[55] 접착/ 멸균,P3408A-02.50BRW,O2O2 D_Blending Hazel EX,"1,585","1,618",확인
2026-02-01,[55] 접착/ 멸균,P3405A-09.50SPC,O2O2 D_Sepia Choco EX,"1,645","1,680",확인
2026-02-27,[55] 접착/ 멸균,P3408A-01.75BRW,O2O2 D_Blending Hazel EX,"1,115","1,195",확인
2026-03-04,[55] 접착/ 멸균,P3408A-01.50BRW,O2O2 D_Blending Hazel EX,"1,140","1,185",확인
2026-03-04,[55] 접착/ 멸균,P3408A-00.00BRW,O2O2 D_Blending Hazel EX,"1,240","1,277",확인
2026-02-02,[55] 접착/ 멸균,P3406A-00.00ASB,O2O2 D_Ash Brown EX,"2,055","2,067",확인
2026-03-04,[55] 접착/ 멸균,P3405A-03.00SPC,O2O2 D_Sepia Choco EX,950,"1,017",확인
2026-03-04,[55] 접착/ 멸균,P3405A-03.25SPC,O2O2 D_Sepia Choco EX,"1,485","1,564",확인
2026-02-26,[55] 접착/ 멸균,P3405A-03.00SPC,O2O2 D_Sepia Choco EX,"1,105","1,162",확인
2026-02-22,[55] 접착/ 멸균,P3407A-02.50ASG,O2O2 D_Ash Gray EX,"1,470","1,496",확인
2026-02-24,[55] 접착/ 멸균,P3408A-02.00BRW,O2O2 D_Blending Hazel EX,895,935,확인
2026-02-25,[55] 접착/ 멸균,P3408A-05.00BRW,O2O2 D_Blending Hazel EX,950,974,확인
2026-03-01,[55] 접착/ 멸균,P3408A-07.00BRW,O2O2 D_Blending Hazel EX,"1,400","1,436",확인
2026-02-21,[55] 접착/ 멸균,P3407A-02.25ASG,O2O2 D_Ash Gray EX,725,746,확인
2026-02-27,[55] 접착/ 멸균,P3405A-01.25SPC,O2O2 D_Sepia Choco EX,"1,625","1,687",확인
2026-03-04,[55] 접착/ 멸균,P3405A-01.25SPC,O2O2 D_Sepia Choco EX,"1,575","1,597",확인
2026-03-04,[55] 접착/ 멸균,P3405A-01.00SPC,O2O2 D_Sepia Choco EX,213,"1,095",저장
2026-03-04,[55] 접착/ 멸균,P3405A-01.75SPC,O2O2 D_Sepia Choco EX,"1,015","1,103",확인
2026-02-25,[55] 접착/ 멸균,P3408A-05.50BRW,O2O2 D_Blending Hazel EX,855,886,확인
2026-02-26,[55] 접착/ 멸균,P3405A-01.25SPC,O2O2 D_Sepia Choco EX,"1,460","1,525",확인
2026-03-04,[55] 접착/ 멸균,P3405A-01.00SPC,O2O2 D_Sepia Choco EX,865,889,확인
2026-02-26,[55] 접착/ 멸균,P3405A-03.00SPC,O2O2 D_Sepia Choco EX,705,733,확인
2026-02-27,[55] 접착/ 멸균,P3405A-02.25SPC,O2O2 D_Sepia Choco EX,805,857,확인
2026-02-27,[55] 접착/ 멸균,P3405A-01.75SPC,O2O2 D_Sepia Choco EX,975,"1,005",확인
2026-02-27,[55] 접착/ 멸균,P3408A-03.50BRW,O2O2 D_Blending Hazel EX,"1,455","1,490",확인
2026-02-12,[55] 접착/ 멸균,P3407A-02.25ASG,O2O2 D_Ash Gray EX,"1,925","1,961",확인
2026-02-19,[55] 접착/ 멸균,P3407A-02.00ASG,O2O2 D_Ash Gray EX,"1,765","1,882",확인
2026-02-22,[55] 접착/ 멸균,P3407A-00.00ASG,O2O2 D_Ash Gray EX,"1,170","1,234",확인
2026-02-21,[55] 접착/ 멸균,P3406A-00.00ASB,O2O2 D_Ash Brown EX,"1,355","1,378",확인
2026-02-21,[55] 접착/ 멸균,P3406A-00.00ASB,O2O2 D_Ash Brown EX,970,984,확인
2026-02-22,[55] 접착/ 멸균,P3406A-00.00ASB,O2O2 D_Ash Brown EX,"1,455","1,506",확인
2026-02-22,[55] 접착/ 멸균,P3406A-00.00ASB,O2O2 D_Ash Brown EX,"1,360","1,387",확인
2026-02-22,[55] 접착/ 멸균,P3406A-00.00ASB,O2O2 D_Ash Brown EX,770,792,확인
2026-02-25,[55] 접착/ 멸균,P3406A-00.00ASB,O2O2 D_Ash Brown EX,590,620,확인
2026-02-27,[55] 접착/ 멸균,P3406A-03.50ASB,O2O2 D_Ash Brown EX,"1,755","1,833",확인
2026-03-04,[55] 접착/ 멸균,P3406A-02.75ASB,O2O2 D_Ash Brown EX,705,773,확인
2026-02-24,[55] 접착/ 멸균,P3406A-00.00ASB,O2O2 D_Ash Brown EX,915,969,확인
2026-02-24,[55] 접착/ 멸균,P3406A-00.00ASB,O2O2 D_Ash Brown EX,"1,215","1,303",확인
2026-02-23,[55] 접착/ 멸균,P3406A-00.00ASB,O2O2 D_Ash Brown EX,"1,890","1,929",확인
2026-02-26,[55] 접착/ 멸균,P3406A-03.25ASB,O2O2 D_Ash Brown EX,"1,375","1,481",확인
2026-02-21,[55] 접착/ 멸균,P3407A-02.00ASG,O2O2 D_Ash Gray EX,790,800,확인
2026-03-04,[55] 접착/ 멸균,P3405A-01.00SPC,O2O2 D_Sepia Choco EX,450,"1,725",저장
2026-03-04,[55] 접착/ 멸균,P3405A-03.75SPC,O2O2 D_Sepia Choco EX,620,658,확인
2026-03-04,[55] 접착/ 멸균,P3405A-01.00SPC,O2O2 D_Sepia Choco EX,"1,535","1,586",확인
2026-03-04,[55] 접착/ 멸균,P3405A-01.00SPC,O2O2 D_Sepia Choco EX,"1,055","1,210",확인
2026-03-04,[55] 접착/ 멸균,P3405A-03.25SPC,O2O2 D_Sepia Choco EX,590,651,확인
2026-02-26,[55] 접착/ 멸균,P3405A-03.25SPC,O2O2 D_Sepia Choco EX,"1,190","1,231",확인
2026-03-04,[55] 접착/ 멸균,P3405A-01.00SPC,O2O2 D_Sepia Choco EX,"1,600","1,650",확인
2026-03-04,[55] 접착/ 멸균,P3405A-01.75SPC,O2O2 D_Sepia Choco EX,"1,190","1,246",확인
2026-02-27,[55] 접착/ 멸균,P3408A-02.25BRW,O2O2 D_Blending Hazel EX,"1,515","1,563",확인
2026-02-24,[55] 접착/ 멸균,P3408A-02.00BRW,O2O2 D_Blending Hazel EX,850,901,확인
2026-02-24,[55] 접착/ 멸균,P3408A-05.00BRW,O2O2 D_Blending Hazel EX,800,837,확인
2026-02-28,[55] 접착/ 멸균,P3408A-03.75BRW,O2O2 D_Blending Hazel EX,900,921,확인
2026-03-04,[55] 접착/ 멸균,P3408A-03.00BRW,O2O2 D_Blending Hazel EX,"1,210","1,239",확인
2026-03-04,[55] 접착/ 멸균,P3408A-01.00BRW,O2O2 D_Blending Hazel EX,"1,230","1,275",확인
2026-03-04,[55] 접착/ 멸균,P3408A-00.00BRW,O2O2 D_Blending Hazel EX,"1,060","1,197",확인
2026-03-04,[55] 접착/ 멸균,P3408A-00.00BRW,O2O2 D_Blending Hazel EX,850,869,확인
2026-02-22,[20] 분리,Q3406-00.00ASB,O2O2 D_Ash Brown EX,976,"1,243",확인
2026-02-22,[20] 분리,Q3406-00.00ASB,O2O2 D_Ash Brown EX,629,"1,275",확인
2026-02-15,[20] 분리,Q3406-00.00ASB,O2O2 D_Ash Brown EX,"1,382","1,804",확인
2026-02-15,[20] 분리,Q3406-00.00ASB,O2O2 D_Ash Brown EX,"1,390","1,825",확인
2026-03-04,[20] 분리,Q3408-00.75BRW,O2O2 D_Blending Hazel EX,"1,652.00","1,828.00",확인
2026-03-01,[20] 분리,Q3408-01.00BRW,O2O2 D_Blending Hazel EX,"1,282.00","1,935.00",확인
2026-02-26,[20] 분리,Q3408-06.50BRW,O2O2 D_Blending Hazel EX,"1,392","1,643",확인
2026-02-28,[20] 분리,Q3408-00.00BRW,O2O2 D_Blending Hazel EX,870,"1,355",확인
2026-02-15,[20] 분리,Q3407-00.00ASG,O2O2 D_Ash Gray EX,"1,238","1,532",확인
2026-02-14,[20] 분리,Q3407-02.00ASG,O2O2 D_Ash Gray EX,"1,887","2,337",확인
2026-02-15,[20] 분리,Q3407-02.00ASG,O2O2 D_Ash Gray EX,800,"1,010",확인
2026-02-12,[20] 분리,Q3407-03.50ASG,O2O2 D_Ash Gray EX,"1,862","2,172",확인
2026-02-12,[20] 분리,Q3407-02.25ASG,O2O2 D_Ash Gray EX,"1,849","2,206",확인
2026-02-12,[20] 분리,Q3407-00.75ASG,O2O2 D_Ash Gray EX,"1,371","1,651",확인
2026-02-26,[20] 분리,Q3405-03.75SPC,O2O2 D_Sepia Choco EX,"1,435","1,633",확인
2026-02-25,[20] 분리,Q3405-02.50SPC,O2O2 D_Sepia Choco EX,"1,157","1,453",확인
2026-03-02,[20] 분리,Q3405-03.25SPC,O2O2 D_Sepia Choco EX,656,"1,011",확인
2026-03-02,[20] 분리,Q3405-01.00SPC,O2O2 D_Sepia Choco EX,951,"1,151",확인
2026-03-04,[20] 분리,Q3405-01.25SPC,O2O2 D_Sepia Choco EX,"1,708","2,036",확인
2026-02-01,[55] 접착/ 멸균,P3406A-00.00ASB,O2O2 D_Ash Brown EX,"1,705","1,735",확인
2026-02-01,[55] 접착/ 멸균,P3405A-09.50SPC,O2O2 D_Sepia Choco EX,"1,725","1,739",확인
2026-03-03,[20] 분리,Q3408-00.00BRW,O2O2 D_Blending Hazel EX,697,"1,303",확인
2026-03-03,[20] 분리,Q3408-01.00BRW,O2O2 D_Blending Hazel EX,"1,481","2,003",확인
2026-02-26,[20] 분리,Q3408-04.50BRW,O2O2 D_Blending Hazel EX,"1,551","1,835",확인
2026-02-26,[20] 분리,Q3408-07.50BRW,O2O2 D_Blending Hazel EX,"1,665","1,959",확인
2026-02-15,[20] 분리,Q3407-01.25ASG,O2O2 D_Ash Gray EX,"1,057","1,507",확인
2026-02-15,[20] 분리,Q3407-00.00ASG,O2O2 D_Ash Gray EX,"1,225","1,539",확인
2026-02-11,[20] 분리,Q3407-01.25ASG,O2O2 D_Ash Gray EX,"2,074","2,229",확인
2026-02-11,[20] 분리,Q3407-02.75ASG,O2O2 D_Ash Gray EX,"1,919","2,222",확인
2026-02-13,[20] 분리,Q3407-01.00ASG,O2O2 D_Ash Gray EX,"1,380","2,338",확인
2026-02-13,[20] 분리,Q3407-01.00ASG,O2O2 D_Ash Gray EX,"1,731","2,335",확인
2026-02-12,[20] 분리,Q3407-01.00ASG,O2O2 D_Ash Gray EX,"2,009","2,278",확인
2026-03-01,[20] 분리,Q3405-03.25SPC,O2O2 D_Sepia Choco EX,"1,695","2,031",확인
2026-03-02,[20] 분리,Q3405-03.00SPC,O2O2 D_Sepia Choco EX,"1,506","1,958",확인
2026-02-02,[55] 접착/ 멸균,P3406A-00.00ASB,O2O2 D_Ash Brown EX,"1,505","1,528",확인
2026-02-01,[55] 접착/ 멸균,P3406A-00.00ASB,O2O2 D_Ash Brown EX,"1,600","1,640",확인
2026-02-01,[55] 접착/ 멸균,P3406A-00.00ASB,O2O2 D_Ash Brown EX,"1,600","1,608",확인
2026-02-01,[55] 접착/ 멸균,P3405A-09.50SPC,O2O2 D_Sepia Choco EX,"1,695","1,723",확인
2026-02-01,[55] 접착/ 멸균,P3405A-09.50SPC,O2O2 D_Sepia Choco EX,"1,750","1,783",확인
2026-02-01,[55] 접착/ 멸균,P3406A-00.00ASB,O2O2 D_Ash Brown EX,"1,955","2,115",확인
2026-02-01,[55] 접착/ 멸균,P3406A-00.00ASB,O2O2 D_Ash Brown EX,"1,815","1,830",확인
2026-03-04,[20] 분리,Q3408-00.75BRW,O2O2 D_Blending Hazel EX,"1,541","1,847",확인
2026-02-15,[20] 분리,Q3407-00.00ASG,O2O2 D_Ash Gray EX,"1,253","1,528",확인
2026-02-15,[20] 분리,Q3407-00.00ASG,O2O2 D_Ash Gray EX,"1,138","1,478",확인
2026-02-14,[20] 분리,Q3407-01.00ASG,O2O2 D_Ash Gray EX,"1,987","2,342",확인
2026-02-11,[20] 분리,Q3407-03.75ASG,O2O2 D_Ash Gray EX,"1,791","2,125",확인
2026-02-15,[20] 분리,Q3407-02.50ASG,O2O2 D_Ash Gray EX,"1,504","1,865",확인
2026-02-12,[20] 분리,Q3407-02.75ASG,O2O2 D_Ash Gray EX,"1,687","1,913",확인
2026-03-04,[20] 분리,Q3405-02.50SPC,O2O2 D_Sepia Choco EX,"1,641","1,961",확인
2026-02-26,[20] 분리,Q3405-03.25SPC,O2O2 D_Sepia Choco EX,"1,504","1,670",확인
2026-03-02,[20] 분리,Q3405-03.25SPC,O2O2 D_Sepia Choco EX,"1,566","2,022",확인
2026-03-04,[20] 분리,Q3405-02.50SPC,O2O2 D_Sepia Choco EX,"1,429","1,710",확인
2026-02-12,[20] 분리,Q3407-01.25ASG,O2O2 D_Ash Gray EX,"1,346","1,677",확인
2026-02-12,[20] 분리,Q3407-00.50ASG,O2O2 D_Ash Gray EX,927,"1,172",확인
2026-02-26,[20] 분리,Q3405-03.75SPC,O2O2 D_Sepia Choco EX,"1,324","1,649",확인
2026-02-26,[20] 분리,Q3405-03.25SPC,O2O2 D_Sepia Choco EX,"1,486","1,696",확인
2026-03-03,[20] 분리,Q3405-02.25SPC,O2O2 D_Sepia Choco EX,"1,861","2,126",확인
2026-03-03,[20] 분리,Q3405-02.25SPC,O2O2 D_Sepia Choco EX,"1,398","1,643",확인
2026-03-02,[55] 접착/ 멸균,P3408A-04.00BRW,O2O2 D_Blending Hazel EX,"1,625","1,664",확인
2026-03-02,[55] 접착/ 멸균,P3408A-04.00BRW,O2O2 D_Blending Hazel EX,"1,560","1,633",확인
2026-02-12,[20] 분리,Q3407-00.50ASG,O2O2 D_Ash Gray EX,"1,988","2,295",확인
2026-02-27,[20] 분리,Q3405-03.25SPC,O2O2 D_Sepia Choco EX,"1,080","1,392",확인
2026-02-26,[20] 분리,Q3405-03.25SPC,O2O2 D_Sepia Choco EX,"1,358","1,612",확인
2026-03-03,[20] 분리,Q3405-03.25SPC,O2O2 D_Sepia Choco EX,"1,052","1,259",확인
2026-03-03,[20] 분리,Q3405-02.75SPC,O2O2 D_Sepia Choco EX,"1,486","1,805",확인
2026-02-25,[20] 분리,Q3405-02.50SPC,O2O2 D_Sepia Choco EX,"1,071","1,261",확인
2026-03-02,[55] 접착/ 멸균,P3408A-03.75BRW,O2O2 D_Blending Hazel EX,"1,575","1,607",확인
2026-03-02,[20] 분리,Q3405-01.25SPC,O2O2 D_Sepia Choco EX,"1,381","1,604",확인
2026-03-02,[20] 분리,Q3405-03.75SPC,O2O2 D_Sepia Choco EX,558,"1,020",확인
2026-03-03,[20] 분리,Q3405-01.75SPC,O2O2 D_Sepia Choco EX,"1,659","1,764",확인
2026-02-21,[20] 분리,Q3406-01.25ASB,O2O2 D_Ash Brown EX,"1,745","1,947",확인
2026-02-21,[20] 분리,Q3406-00.00ASB,O2O2 D_Ash Brown EX,"1,250","1,617",확인
2026-02-21,[20] 분리,Q3406-00.00ASB,O2O2 D_Ash Brown EX,"1,490","1,703",확인
2026-03-03,[20] 분리,Q3406-01.00ASB,O2O2 D_Ash Brown EX,"1,857","1,982",확인
2026-02-27,[55] 접착/ 멸균,P3406A-00.00ASB,O2O2 D_Ash Brown EX,"1,455","1,462",확인
2026-03-01,[20] 분리,Q3405-01.75SPC,O2O2 D_Sepia Choco EX,"1,123","1,252",확인
2026-03-03,[55] 접착/ 멸균,P3406A-03.25ASB,O2O2 D_Ash Brown EX,"1,930","1,950",확인
2026-03-04,[55] 접착/ 멸균,P3406A-00.00ASB,O2O2 D_Ash Brown EX,"1,065","1,078",확인
2026-03-03,[55] 접착/ 멸균,P3406A-09.50ASB,O2O2 D_Ash Brown EX,"1,945","1,970",확인
2026-02-27,[55] 접착/ 멸균,P3406A-00.00ASB,O2O2 D_Ash Brown EX,985,997,확인
2026-03-03,[55] 접착/ 멸균,P3406A-09.50ASB,O2O2 D_Ash Brown EX,"2,070","2,100",확인
2026-02-27,[55] 접착/ 멸균,P3406A-03.25ASB,O2O2 D_Ash Brown EX,"2,055","2,093",확인
2026-03-04,[55] 접착/ 멸균,P3406A-03.75ASB,O2O2 D_Ash Brown EX,500,529,확인
2026-03-02,[55] 접착/ 멸균,P3406A-01.00ASB,O2O2 D_Ash Brown EX,"1,860","1,898",확인
2026-02-27,[55] 접착/ 멸균,P3406A-00.00ASB,O2O2 D_Ash Brown EX,"1,000","1,020",확인
2026-03-03,[55] 접착/ 멸균,P3406A-10.00ASB,O2O2 D_Ash Brown EX,"1,720","1,801",확인
2026-03-04,[55] 접착/ 멸균,P3406A-01.25ASB,O2O2 D_Ash Brown EX,579,"1,695",저장
2026-03-03,[55] 접착/ 멸균,P3406A-09.50ASB,O2O2 D_Ash Brown EX,"2,020","2,033",확인
2026-03-04,[20] 분리,Q3405-02.75SPC,O2O2 D_Sepia Choco EX,395,495,확인
2026-03-01,[20] 분리,Q3406-02.75ASB,O2O2 D_Ash Brown EX,"1,585","1,888",확인
2026-03-03,[20] 분리,Q3406-01.25ASB,O2O2 D_Ash Brown EX,"1,748","1,885",확인
2026-03-01,[20] 분리,Q3405-01.25SPC,O2O2 D_Sepia Choco EX,"1,451","1,510",확인
2026-02-21,[20] 분리,Q3406-01.25ASB,O2O2 D_Ash Brown EX,"1,921","2,199",확인
2026-03-03,[20] 분리,Q3406-02.50ASB,O2O2 D_Ash Brown EX,"1,728","1,840",확인
2026-03-02,[20] 분리,Q3405-01.00SPC,O2O2 D_Sepia Choco EX,"1,403","1,524",확인
2026-03-04,[20] 분리,Q3405-01.00SPC,O2O2 D_Sepia Choco EX,"1,033","1,213",확인
2026-03-01,[20] 분리,Q3405-03.75SPC,O2O2 D_Sepia Choco EX,"1,082","1,367",확인
2026-02-26,[20] 분리,Q3405-03.00SPC,O2O2 D_Sepia Choco EX,"1,351","1,581",확인
2026-03-01,[20] 분리,Q3406-02.50ASB,O2O2 D_Ash Brown EX,305,356,확인
2026-02-21,[20] 분리,Q3406-02.00ASB,O2O2 D_Ash Brown EX,"1,721","1,842",확인
2026-02-11,[20] 분리,Q3406-00.00ASB,O2O2 D_Ash Brown EX,"1,729","1,925",확인
2026-02-28,[20] 분리,Q3408-03.75BRW,O2O2 D_Blending Hazel EX,"1,644","1,792",확인
2026-02-26,[20] 분리,Q3408-02.25BRW,O2O2 D_Blending Hazel EX,"1,424","1,940",확인
2026-02-26,[20] 분리,Q3408-07.00BRW,O2O2 D_Blending Hazel EX,"1,207","1,665",확인
2026-02-26,[20] 분리,Q3408-06.00BRW,O2O2 D_Blending Hazel EX,"1,371","1,649",확인
2026-02-26,[20] 분리,Q3408-06.50BRW,O2O2 D_Blending Hazel EX,"1,526","1,734",확인
2026-02-27,[20] 분리,Q3408-04.00BRW,O2O2 D_Blending Hazel EX,"1,637","1,719",확인
2026-02-26,[20] 분리,Q3408-02.75BRW,O2O2 D_Blending Hazel EX,"1,607","1,756",확인
2026-02-25,[20] 분리,Q3408-03.50BRW,O2O2 D_Blending Hazel EX,"1,509","1,848",확인
2026-03-02,[20] 분리,Q3408-03.25BRW,O2O2 D_Blending Hazel EX,"1,853","1,976",확인
2026-03-04,[20] 분리,Q3406-02.50ASB,O2O2 D_Ash Brown EX,936,"1,178",확인
2026-03-04,[20] 분리,Q3406-03.25ASB,O2O2 D_Ash Brown EX,"1,284","1,793",확인
2026-03-04,[20] 분리,Q3406-02.25ASB,O2O2 D_Ash Brown EX,"1,360","1,758",확인
2026-03-03,[20] 분리,Q3406-01.00ASB,O2O2 D_Ash Brown EX,"1,445","1,713",확인
2026-03-04,[20] 분리,Q3408-00.00BRW,O2O2 D_Blending Hazel EX,"1,158","1,322",확인
2026-02-26,[20] 분리,Q3408-07.00BRW,O2O2 D_Blending Hazel EX,"1,178","1,794",확인
2026-02-26,[20] 분리,Q3408-01.75BRW,O2O2 D_Blending Hazel EX,"1,486","1,649",확인
2026-02-27,[20] 분리,Q3408-04.00BRW,O2O2 D_Blending Hazel EX,"1,679","1,802",확인
2026-02-26,[20] 분리,Q3408-02.75BRW,O2O2 D_Blending Hazel EX,"1,449","1,642",확인
2026-02-28,[20] 분리,Q3408-03.75BRW,O2O2 D_Blending Hazel EX,"1,609","1,858",확인
2026-02-25,[20] 분리,Q3408-02.75BRW,O2O2 D_Blending Hazel EX,"1,726","1,916",확인
2026-03-02,[20] 분리,Q3408-00.50BRW,O2O2 D_Blending Hazel EX,"1,499","1,681",확인
2026-03-02,[20] 분리,Q3408-00.75BRW,O2O2 D_Blending Hazel EX,"1,133","1,991",확인
2026-03-04,[20] 분리,Q3406-02.25ASB,O2O2 D_Ash Brown EX,882,"1,388",확인
2026-03-04,[55] 접착/ 멸균,P3408A-01.75BRW,O2O2 D_Blending Hazel EX,"1,410","1,528",확인
2026-03-01,[55] 접착/ 멸균,P3408A-07.00BRW,O2O2 D_Blending Hazel EX,"1,130","1,171",확인
2026-03-01,[55] 접착/ 멸균,P3408A-02.75BRW,O2O2 D_Blending Hazel EX,"1,325","1,431",확인
2026-03-01,[55] 접착/ 멸균,P3408A-04.50BRW,O2O2 D_Blending Hazel EX,"1,500","1,549",확인
2026-02-28,[55] 접착/ 멸균,P3408A-01.00BRW,O2O2 D_Blending Hazel EX,325,347,확인
2026-02-26,[55] 접착/ 멸균,P3408A-06.00BRW,O2O2 D_Blending Hazel EX,720,746,확인
2026-03-02,[55] 접착/ 멸균,P3408A-05.50BRW,O2O2 D_Blending Hazel EX,975,990,확인
2026-02-27,[55] 접착/ 멸균,P3408A-06.00BRW,O2O2 D_Blending Hazel EX,800,834,확인
2026-02-28,[55] 접착/ 멸균,P3408A-01.75BRW,O2O2 D_Blending Hazel EX,"1,390","1,469",확인
2026-03-03,[55] 접착/ 멸균,P3408A-04.00BRW,O2O2 D_Blending Hazel EX,"1,490","1,551",확인
2026-03-02,[20] 분리,Q3405-01.75SPC,O2O2 D_Sepia Choco EX,"1,057","1,330",확인
2026-03-04,[55] 접착/ 멸균,P3408A-03.25BRW,O2O2 D_Blending Hazel EX,"1,835","1,849",확인
2026-03-04,[55] 접착/ 멸균,P3408A-00.00BRW,O2O2 D_Blending Hazel EX,790,809,확인
2026-03-02,[55] 접착/ 멸균,P3408A-00.00BRW,O2O2 D_Blending Hazel EX,"1,105","1,131",확인
2026-03-02,[55] 접착/ 멸균,P3408A-06.50BRW,O2O2 D_Blending Hazel EX,"1,445","1,449",확인
2026-03-01,[55] 접착/ 멸균,P3408A-02.25BRW,O2O2 D_Blending Hazel EX,"1,295","1,351",확인
2026-03-01,[55] 접착/ 멸균,P3408A-07.00BRW,O2O2 D_Blending Hazel EX,"1,160","1,200",확인
2026-03-01,[55] 접착/ 멸균,P3408A-06.00BRW,O2O2 D_Blending Hazel EX,"1,345","1,359",확인
2026-03-01,[55] 접착/ 멸균,P3408A-06.00BRW,O2O2 D_Blending Hazel EX,"1,635","1,658",확인
2026-03-01,[55] 접착/ 멸균,P3408A-02.25BRW,O2O2 D_Blending Hazel EX,"1,380","1,415",확인
2026-03-01,[55] 접착/ 멸균,P3408A-02.50BRW,O2O2 D_Blending Hazel EX,"1,600","1,633",확인
2026-03-02,[55] 접착/ 멸균,P3408A-02.25BRW,O2O2 D_Blending Hazel EX,"1,325","1,350",확인
2026-02-27,[55] 접착/ 멸균,P3408A-09.50BRW,O2O2 D_Blending Hazel EX,140,154,확인
2026-02-28,[55] 접착/ 멸균,P3408A-03.25BRW,O2O2 D_Blending Hazel EX,"1,385","1,406",확인
2026-03-04,[20] 분리,Q3406-03.25ASB,O2O2 D_Ash Brown EX,504,"1,269",확인
2026-03-04,[20] 분리,Q3406-03.75ASB,O2O2 D_Ash Brown EX,791,"1,975",확인
2026-02-21,[20] 분리,Q3406-00.00ASB,O2O2 D_Ash Brown EX,"1,191","1,785",확인
2026-02-21,[20] 분리,Q3406-01.75ASB,O2O2 D_Ash Brown EX,"1,750","1,844",확인
2026-03-02,[20] 분리,Q3405-01.75SPC,O2O2 D_Sepia Choco EX,"1,381","1,441",확인
2026-02-11,[20] 분리,Q3406-00.00ASB,O2O2 D_Ash Brown EX,"1,575","2,006",확인
2026-02-25,[20] 분리,Q3408-03.50BRW,O2O2 D_Blending Hazel EX,"1,634","1,968",확인
2026-02-25,[20] 분리,Q3408-01.75BRW,O2O2 D_Blending Hazel EX,"1,197","1,360",확인
2026-02-25,[20] 분리,Q3408-02.50BRW,O2O2 D_Blending Hazel EX,"1,620","1,942",확인
2026-03-04,[55] 접착/ 멸균,P3408A-06.00BRW,O2O2 D_Blending Hazel EX,"1,400","1,414",확인
2026-03-04,[55] 접착/ 멸균,P3408A-10.00BRW,O2O2 D_Blending Hazel EX,655,695,확인
2026-03-04,[55] 접착/ 멸균,P3408A-06.50BRW,O2O2 D_Blending Hazel EX,"1,150","1,203",확인
2026-03-04,[55] 접착/ 멸균,P3408A-02.25BRW,O2O2 D_Blending Hazel EX,"1,170","1,185",확인
2026-02-28,[55] 접착/ 멸균,P3408A-02.25BRW,O2O2 D_Blending Hazel EX,395,414,확인
2026-03-01,[55] 접착/ 멸균,P3408A-02.25BRW,O2O2 D_Blending Hazel EX,"1,540","1,609",확인
2026-03-03,[20] 분리,Q3406-02.50ASB,O2O2 D_Ash Brown EX,"1,209","1,400",확인
2026-03-03,[20] 분리,Q3406-03.50ASB,O2O2 D_Ash Brown EX,"1,462","2,094",확인
2026-03-03,[20] 분리,Q3406-03.25ASB,O2O2 D_Ash Brown EX,"1,142","1,763",확인
2026-02-28,[20] 분리,Q3406-10.00ASB,O2O2 D_Ash Brown EX,"1,845","2,164",확인
2026-02-22,[20] 분리,Q3406-00.00ASB,O2O2 D_Ash Brown EX,682,815,확인
2026-03-04,[20] 분리,Q3408-00.00BRW,O2O2 D_Blending Hazel EX,892,"1,271",확인
2026-03-04,[55] 접착/ 멸균,P3408A-10.00BRW,O2O2 D_Blending Hazel EX,795,807,확인
2026-03-01,[20] 분리,Q3406-03.75ASB,O2O2 D_Ash Brown EX,535,977,확인
2026-02-21,[20] 분리,Q3406-00.00ASB,O2O2 D_Ash Brown EX,"1,797","2,175",확인
2026-03-03,[20] 분리,Q3406-01.75ASB,O2O2 D_Ash Brown EX,"1,870","2,000",확인
2026-03-03,[20] 분리,Q3406-02.75ASB,O2O2 D_Ash Brown EX,"1,222","1,549",확인
2026-02-28,[20] 분리,Q3406-01.25ASB,O2O2 D_Ash Brown EX,"1,708","1,827",확인
2026-02-28,[20] 분리,Q3406-01.00ASB,O2O2 D_Ash Brown EX,"1,906","1,996",확인
2026-02-28,[20] 분리,Q3406-03.25ASB,O2O2 D_Ash Brown EX,"1,038","1,924",확인
2026-02-20,[20] 분리,Q3406-01.25ASB,O2O2 D_Ash Brown EX,"1,449","1,943",확인
2026-02-26,[20] 분리,Q3408-04.50BRW,O2O2 D_Blending Hazel EX,"1,403","1,790",확인
2026-03-04,[20] 분리,Q3406-02.25ASB,O2O2 D_Ash Brown EX,"1,050","1,360",확인
2026-02-22,[20] 분리,Q3406-00.00ASB,O2O2 D_Ash Brown EX,"1,692","1,792",확인
2026-02-20,[20] 분리,Q3406-00.00ASB,O2O2 D_Ash Brown EX,"1,741","1,993",확인
2026-02-25,[20] 분리,Q3408-02.75BRW,O2O2 D_Blending Hazel EX,"1,807","1,993",확인
2026-02-25,[20] 분리,Q3408-03.25BRW,O2O2 D_Blending Hazel EX,"1,546","1,893",확인
2026-02-25,[20] 분리,Q3408-01.75BRW,O2O2 D_Blending Hazel EX,"1,348","1,463",확인
2026-02-26,[20] 분리,Q3408-04.75BRW,O2O2 D_Blending Hazel EX,"1,349","1,716",확인
2026-02-26,[20] 분리,Q3408-08.00BRW,O2O2 D_Blending Hazel EX,"1,217","1,550",확인
2026-02-26,[20] 분리,Q3408-02.50BRW,O2O2 D_Blending Hazel EX,"1,610","1,958",확인
2026-02-25,[20] 분리,Q3408-01.75BRW,O2O2 D_Blending Hazel EX,"1,313","1,577",확인
2026-02-27,[20] 분리,Q3408-06.50BRW,O2O2 D_Blending Hazel EX,"1,724","1,863",확인
2026-02-21,[20] 분리,Q3406-00.00ASB,O2O2 D_Ash Brown EX,"1,074","1,288",확인
2026-03-04,[55] 접착/ 멸균,P3408A-07.00BRW,O2O2 D_Blending Hazel EX,"1,290","1,326",확인
2026-03-04,[55] 접착/ 멸균,P3408A-08.50BRW,O2O2 D_Blending Hazel EX,"1,185","1,205",확인
2026-02-28,[55] 접착/ 멸균,P3408A-01.00BRW,O2O2 D_Blending Hazel EX,765,797,확인
2026-03-02,[20] 분리,Q3405-01.00SPC,O2O2 D_Sepia Choco EX,"1,290","1,422",확인
2026-03-02,[20] 분리,Q3405-01.75SPC,O2O2 D_Sepia Choco EX,"1,247","1,434",확인
2026-03-02,[20] 분리,Q3405-01.25SPC,O2O2 D_Sepia Choco EX,"1,184","1,295",확인
2026-03-02,[20] 분리,Q3405-01.00SPC,O2O2 D_Sepia Choco EX,"1,665","1,793",확인
2026-02-21,[20] 분리,Q3406-00.00ASB,O2O2 D_Ash Brown EX,"1,942","2,100",확인
2026-02-21,[20] 분리,Q3406-00.00ASB,O2O2 D_Ash Brown EX,"1,311","1,473",확인
2026-02-11,[20] 분리,Q3406-00.00ASB,O2O2 D_Ash Brown EX,"1,605","1,940",확인
2026-02-25,[20] 분리,Q3406-00.00ASB,O2O2 D_Ash Brown EX,"1,349","2,047",확인
2026-03-04,[20] 분리,Q3406-02.25ASB,O2O2 D_Ash Brown EX,"1,556","1,808",확인
2026-02-28,[55] 접착/ 멸균,P3408A-04.75BRW,O2O2 D_Blending Hazel EX,"1,290","1,348",확인
2026-02-27,[55] 접착/ 멸균,P3408A-02.00BRW,O2O2 D_Blending Hazel EX,825,885,확인
2026-02-27,[55] 접착/ 멸균,P3408A-04.50BRW,O2O2 D_Blending Hazel EX,780,792,확인
2026-02-28,[55] 접착/ 멸균,P3408A-01.75BRW,O2O2 D_Blending Hazel EX,"1,215","1,302",확인
2026-02-27,[55] 접착/ 멸균,P3408A-02.50BRW,O2O2 D_Blending Hazel EX,"1,255","1,554",확인
2026-03-03,[55] 접착/ 멸균,P3408A-04.75BRW,O2O2 D_Blending Hazel EX,"1,250","1,288",확인
2026-03-03,[55] 접착/ 멸균,P3408A-01.00BRW,O2O2 D_Blending Hazel EX,"1,575","1,632",확인
2026-03-03,[55] 접착/ 멸균,P3408A-03.25BRW,O2O2 D_Blending Hazel EX,"1,460","1,504",확인
2026-03-04,[55] 접착/ 멸균,P3405A-01.75SPC,O2O2 D_Sepia Choco EX,"1,060","1,630",확인
2026-03-04,[55] 접착/ 멸균,P3405A-01.75SPC,O2O2 D_Sepia Choco EX,"1,680","1,700",확인
2026-02-27,[55] 접착/ 멸균,P3405A-01.00SPC,O2O2 D_Sepia Choco EX,"1,810","1,830",확인
2026-02-27,[55] 접착/ 멸균,P3405A-09.50SPC,O2O2 D_Sepia Choco EX,"1,540","1,587",확인
2026-02-27,[55] 접착/ 멸균,P3405A-02.50SPC,O2O2 D_Sepia Choco EX,"1,045","1,061",확인
2026-03-01,[55] 접착/ 멸균,P3405A-03.75SPC,O2O2 D_Sepia Choco EX,"1,290","1,322",확인
2026-03-04,[55] 접착/ 멸균,P3405A-03.00SPC,O2O2 D_Sepia Choco EX,415,472,확인
2026-03-01,[55] 접착/ 멸균,P3405A-03.25SPC,O2O2 D_Sepia Choco EX,"1,415","1,476",확인
2026-03-02,[55] 접착/ 멸균,P3405A-02.00SPC,O2O2 D_Sepia Choco EX,"1,765","1,817",확인
2026-03-04,[55] 접착/ 멸균,P3406A-00.00ASB,O2O2 D_Ash Brown EX,"1,055","1,072",확인
2026-03-03,[55] 접착/ 멸균,P3406A-00.00ASB,O2O2 D_Ash Brown EX,"1,570","1,613",확인
2026-02-27,[55] 접착/ 멸균,P3406A-03.25ASB,O2O2 D_Ash Brown EX,"2,060","2,089",확인
2026-02-28,[55] 접착/ 멸균,P3406A-00.00ASB,O2O2 D_Ash Brown EX,"1,305","1,330",확인
2026-02-28,[55] 접착/ 멸균,P3408A-07.50BRW,O2O2 D_Blending Hazel EX,"1,525","1,660",확인
2026-03-04,[55] 접착/ 멸균,P3405A-03.50SPC,O2O2 D_Sepia Choco EX,"1,265","1,316",확인
2026-03-04,[55] 접착/ 멸균,P3405A-01.00SPC,O2O2 D_Sepia Choco EX,"1,380","1,392",확인
2026-02-27,[55] 접착/ 멸균,P3405A-03.75SPC,O2O2 D_Sepia Choco EX,"1,090","1,146",확인
2026-02-27,[55] 접착/ 멸균,P3405A-09.50SPC,O2O2 D_Sepia Choco EX,"1,470","1,547",확인
2026-03-01,[55] 접착/ 멸균,P3405A-03.00SPC,O2O2 D_Sepia Choco EX,"1,300","1,346",확인
2026-02-12,[20] 분리,Q3407-02.75ASG,O2O2 D_Ash Gray EX,"1,633","1,914",확인
2026-02-27,[55] 접착/ 멸균,P3408A-04.75BRW,O2O2 D_Blending Hazel EX,965,973,확인
2026-02-28,[55] 접착/ 멸균,P3408A-03.50BRW,O2O2 D_Blending Hazel EX,"1,015","1,039",확인
2026-02-28,[55] 접착/ 멸균,P3408A-05.00BRW,O2O2 D_Blending Hazel EX,915,936,확인
2026-03-01,[55] 접착/ 멸균,P3408A-03.50BRW,O2O2 D_Blending Hazel EX,"1,595","1,628",확인
2026-03-02,[55] 접착/ 멸균,P3408A-05.50BRW,O2O2 D_Blending Hazel EX,980,993,확인
2026-02-27,[55] 접착/ 멸균,P3408A-07.00BRW,O2O2 D_Blending Hazel EX,680,695,확인
2026-02-27,[55] 접착/ 멸균,P3408A-04.75BRW,O2O2 D_Blending Hazel EX,565,572,확인
2026-02-27,[55] 접착/ 멸균,P3408A-04.50BRW,O2O2 D_Blending Hazel EX,750,760,확인
2026-02-27,[55] 접착/ 멸균,P3408A-04.50BRW,O2O2 D_Blending Hazel EX,"1,560","1,644",확인
2026-02-27,[55] 접착/ 멸균,P3408A-03.75BRW,O2O2 D_Blending Hazel EX,980,989,확인
2026-03-02,[55] 접착/ 멸균,P3408A-01.50BRW,O2O2 D_Blending Hazel EX,"1,580","1,729",확인
2026-02-28,[55] 접착/ 멸균,P3408A-08.00BRW,O2O2 D_Blending Hazel EX,"1,330","1,337",확인
2026-03-02,[55] 접착/ 멸균,P3405A-01.75SPC,O2O2 D_Sepia Choco EX,"1,710","1,759",확인
2026-03-01,[55] 접착/ 멸균,P3405A-03.25SPC,O2O2 D_Sepia Choco EX,"1,315","1,349",확인
2026-03-04,[55] 접착/ 멸균,P3405A-03.25SPC,O2O2 D_Sepia Choco EX,"1,045","1,076",확인
2026-03-02,[55] 접착/ 멸균,P3408A-03.50BRW,O2O2 D_Blending Hazel EX,505,515,확인
2026-03-02,[55] 접착/ 멸균,P3408A-06.00BRW,O2O2 D_Blending Hazel EX,"1,580","1,629",확인
2026-03-04,[55] 접착/ 멸균,P3408A-01.50BRW,O2O2 D_Blending Hazel EX,"1,415","1,440",확인
2026-03-01,[55] 접착/ 멸균,P3408A-04.25BRW,O2O2 D_Blending Hazel EX,"1,425","1,453",확인
2026-02-28,[55] 접착/ 멸균,P3408A-03.75BRW,O2O2 D_Blending Hazel EX,920,960,확인
2026-02-27,[55] 접착/ 멸균,P3408A-02.75BRW,O2O2 D_Blending Hazel EX,"1,690","1,714",확인
2026-02-28,[55] 접착/ 멸균,P3408A-03.25BRW,O2O2 D_Blending Hazel EX,"1,300","1,316",확인
2026-02-27,[55] 접착/ 멸균,P3408A-03.75BRW,O2O2 D_Blending Hazel EX,930,942,확인
2026-03-03,[55] 접착/ 멸균,P3408A-03.75BRW,O2O2 D_Blending Hazel EX,"1,570","1,606",확인
2026-03-03,[55] 접착/ 멸균,P3405A-03.25SPC,O2O2 D_Sepia Choco EX,"1,135","1,240",확인
2026-02-27,[55] 접착/ 멸균,P3405A-01.00SPC,O2O2 D_Sepia Choco EX,"1,480","1,519",확인
2026-03-03,[20] 분리,Q3405-01.00SPC,O2O2 D_Sepia Choco EX,"1,288","1,599",확인
2026-03-03,[20] 분리,Q3405-01.00SPC,O2O2 D_Sepia Choco EX,"1,379","1,483",확인
2026-03-04,[20] 분리,Q3408-01.25BRW,O2O2 D_Blending Hazel EX,"1,435","1,584",확인
2026-02-25,[20] 분리,Q3405-01.00SPC,O2O2 D_Sepia Choco EX,"1,521","1,757",확인
2026-02-25,[20] 분리,Q3405-03.25SPC,O2O2 D_Sepia Choco EX,"1,086","1,300",확인
2026-03-04,[20] 분리,Q3405-02.25SPC,O2O2 D_Sepia Choco EX,"1,900","2,071",확인
2026-03-04,[20] 분리,Q3406-03.00ASB,O2O2 D_Ash Brown EX,962,"1,761",확인
2026-02-25,[20] 분리,Q3405-09.50SPC,O2O2 D_Sepia Choco EX,"1,593","2,133",확인
2026-02-25,[20] 분리,Q3405-02.00SPC,O2O2 D_Sepia Choco EX,"1,818","2,114",확인
2026-02-28,[20] 분리,Q3408-03.75BRW,O2O2 D_Blending Hazel EX,"1,607","1,863",확인
2026-02-26,[55] 접착/ 멸균,P3408A-10.00BRW,O2O2 D_Blending Hazel EX,565,585,확인
2026-03-01,[55] 접착/ 멸균,P3408A-02.25BRW,O2O2 D_Blending Hazel EX,"1,380","1,397",확인
2026-02-28,[55] 접착/ 멸균,P3408A-03.50BRW,O2O2 D_Blending Hazel EX,"1,330","1,347",확인
2026-02-28,[55] 접착/ 멸균,P3408A-01.75BRW,O2O2 D_Blending Hazel EX,"1,120","1,146",확인
2026-03-02,[55] 접착/ 멸균,P3405A-03.25SPC,O2O2 D_Sepia Choco EX,"1,015","1,081",확인
2026-03-04,[55] 접착/ 멸균,P3405A-01.75SPC,O2O2 D_Sepia Choco EX,"1,595","1,677",확인
2026-03-04,[55] 접착/ 멸균,P3405A-03.00SPC,O2O2 D_Sepia Choco EX,410,439,확인
2026-03-04,[55] 접착/ 멸균,P3405A-01.00SPC,O2O2 D_Sepia Choco EX,"1,370","1,454",확인
2026-03-04,[55] 접착/ 멸균,P3405A-03.25SPC,O2O2 D_Sepia Choco EX,"1,195","1,263",확인
2026-03-01,[55] 접착/ 멸균,P3405A-01.00SPC,O2O2 D_Sepia Choco EX,"1,715","1,789",확인
2026-03-01,[55] 접착/ 멸균,P3405A-01.00SPC,O2O2 D_Sepia Choco EX,"1,680","1,736",확인
2026-03-02,[55] 접착/ 멸균,P3405A-01.00SPC,O2O2 D_Sepia Choco EX,"1,735","1,765",확인
2026-02-28,[55] 접착/ 멸균,P3408A-01.75BRW,O2O2 D_Blending Hazel EX,"1,195","1,252",확인
2026-02-27,[55] 접착/ 멸균,P3408A-02.75BRW,O2O2 D_Blending Hazel EX,"1,505","1,595",확인
2026-03-02,[55] 접착/ 멸균,P3408A-03.75BRW,O2O2 D_Blending Hazel EX,"1,555","1,644",확인
2026-02-28,[55] 접착/ 멸균,P3408A-04.75BRW,O2O2 D_Blending Hazel EX,"1,185","1,399",확인
2026-02-28,[55] 접착/ 멸균,P3408A-02.25BRW,O2O2 D_Blending Hazel EX,"1,125","1,154",확인
2026-02-28,[55] 접착/ 멸균,P3405A-03.25SPC,O2O2 D_Sepia Choco EX,"1,080","1,262",확인
2026-03-03,[55] 접착/ 멸균,P3405A-03.00SPC,O2O2 D_Sepia Choco EX,0,678,확인
2026-02-25,[20] 분리,Q3405-01.25SPC,O2O2 D_Sepia Choco EX,"1,543","2,086",확인
2026-03-04,[20] 분리,Q3408-00.50BRW,O2O2 D_Blending Hazel EX,"1,257","1,783",확인
2026-02-25,[20] 분리,Q3405-01.75SPC,O2O2 D_Sepia Choco EX,"1,769","2,030",확인
2026-03-03,[20] 분리,Q3408-01.50BRW,O2O2 D_Blending Hazel EX,"1,193","1,695",확인
2026-02-25,[20] 분리,Q3405-01.00SPC,O2O2 D_Sepia Choco EX,"1,458","1,713",확인
2026-02-25,[20] 분리,Q3405-01.00SPC,O2O2 D_Sepia Choco EX,"1,791","2,086",확인
2026-02-27,[20] 분리,Q3405-03.25SPC,O2O2 D_Sepia Choco EX,"1,081","1,452",확인
2026-03-03,[20] 분리,Q3405-01.00SPC,O2O2 D_Sepia Choco EX,"1,095","1,209",확인
2026-03-03,[20] 분리,Q3405-01.75SPC,O2O2 D_Sepia Choco EX,"1,702","1,834",확인
2026-03-03,[20] 분리,Q3405-03.00SPC,O2O2 D_Sepia Choco EX,447,501,확인
2026-02-25,[20] 분리,Q3405-01.00SPC,O2O2 D_Sepia Choco EX,"1,777","2,009",확인
2026-03-04,[80] 누수/규격검사,P3405A-01.25SPC,O2O2 D_Sepia Choco EX,"1,375","1,375",확인
2026-03-04,[80] 누수/규격검사,P3405A-03.25SPC,O2O2 D_Sepia Choco EX,"1,130","1,135",확인
2026-02-28,[80] 누수/규격검사,P3408A-03.75BRW,O2O2 D_Blending Hazel EX,920,920,확인
2026-02-28,[80] 누수/규격검사,P3408A-03.25BRW,O2O2 D_Blending Hazel EX,"1,280","1,300",확인
2026-03-04,[80] 누수/규격검사,P3408A-01.50BRW,O2O2 D_Blending Hazel EX,"1,415","1,415",확인
2026-03-04,[80] 누수/규격검사,P3408A-04.25BRW,O2O2 D_Blending Hazel EX,"1,525","1,525",확인
2026-02-26,[55] 접착/ 멸균,P3408A-07.00BRW,O2O2 D_Blending Hazel EX,705,719,확인
2026-03-02,[55] 접착/ 멸균,P3408A-04.50BRW,O2O2 D_Blending Hazel EX,"1,280","1,388",확인
2026-02-27,[55] 접착/ 멸균,P3408A-07.50BRW,O2O2 D_Blending Hazel EX,"1,525","1,564",확인
2026-03-03,[55] 접착/ 멸균,P3408A-00.50BRW,O2O2 D_Blending Hazel EX,"1,575","1,626",확인
2026-03-03,[55] 접착/ 멸균,P3405A-03.00SPC,O2O2 D_Sepia Choco EX,605,683,확인
2026-02-27,[55] 접착/ 멸균,P3405A-01.75SPC,O2O2 D_Sepia Choco EX,"1,775","1,822",확인
2026-03-01,[55] 접착/ 멸균,P3405A-03.25SPC,O2O2 D_Sepia Choco EX,"1,385","1,495",확인
2026-03-04,[20] 분리,Q3408-01.50BRW,O2O2 D_Blending Hazel EX,"1,515","1,919",확인
2026-03-04,[20] 분리,Q3406-01.00ASB,O2O2 D_Ash Brown EX,"1,538","1,755",확인
2026-03-04,[80] 누수/규격검사,P3405A-03.00SPC,O2O2 D_Sepia Choco EX,415,415,확인
2026-03-01,[80] 누수/규격검사,P3405A-03.25SPC,O2O2 D_Sepia Choco EX,"1,415","1,415",확인
2026-02-28,[80] 누수/규격검사,P3405A-01.00SPC,O2O2 D_Sepia Choco EX,"1,810","1,810",확인
2026-02-28,[80] 누수/규격검사,P3405A-09.50SPC,O2O2 D_Sepia Choco EX,"1,540","1,540",확인
2026-02-28,[80] 누수/규격검사,P3408A-01.75BRW,O2O2 D_Blending Hazel EX,"1,145","1,215",확인
2026-02-28,[80] 누수/규격검사,P3408A-01.00BRW,O2O2 D_Blending Hazel EX,760,765,확인
2026-02-28,[80] 누수/규격검사,P3408A-04.75BRW,O2O2 D_Blending Hazel EX,"1,290","1,290",확인
2026-03-04,[80] 누수/규격검사,P3408A-00.00BRW,O2O2 D_Blending Hazel EX,895,895,확인
2026-03-04,[80] 누수/규격검사,P3408A-01.00BRW,O2O2 D_Blending Hazel EX,"1,315","1,320",확인
2026-03-04,[80] 누수/규격검사,P3408A-10.00BRW,O2O2 D_Blending Hazel EX,795,795,확인
2026-02-25,[20] 분리,Q3405-01.75SPC,O2O2 D_Sepia Choco EX,"1,828","2,146",확인
2026-03-04,[80] 누수/규격검사,P3405A-03.75SPC,O2O2 D_Sepia Choco EX,910,915,확인
2026-02-28,[80] 누수/규격검사,P3405A-09.50SPC,O2O2 D_Sepia Choco EX,"1,465","1,470",확인
2026-02-28,[80] 누수/규격검사,P3408A-01.75BRW,O2O2 D_Blending Hazel EX,"1,370","1,390",확인
2026-02-28,[80] 누수/규격검사,P3408A-01.00BRW,O2O2 D_Blending Hazel EX,325,325,확인
2026-02-28,[80] 누수/규격검사,P3408A-07.50BRW,O2O2 D_Blending Hazel EX,"1,525","1,525",확인
2026-03-04,[80] 누수/규격검사,P3408A-01.75BRW,O2O2 D_Blending Hazel EX,"1,410","1,410",확인
2026-03-04,[80] 누수/규격검사,P3408A-04.00BRW,O2O2 D_Blending Hazel EX,"1,485","1,490",확인
2026-03-02,[80] 누수/규격검사,P3408A-04.00BRW,O2O2 D_Blending Hazel EX,"1,620","1,625",확인
2026-03-03,[80] 누수/규격검사,P3408A-05.50BRW,O2O2 D_Blending Hazel EX,960,975,확인
2026-02-27,[80] 누수/규격검사,P3408A-06.00BRW,O2O2 D_Blending Hazel EX,795,800,확인
2026-02-27,[80] 누수/규격검사,P3408A-06.00BRW,O2O2 D_Blending Hazel EX,720,720,확인
2026-03-01,[80] 누수/규격검사,P3408A-02.75BRW,O2O2 D_Blending Hazel EX,"1,320","1,325",확인
2026-02-09,[20] 분리,Q3407-02.50ASG,O2O2 D_Ash Gray EX,"2,023","2,206",확인
2026-02-25,[20] 분리,Q3405-01.25SPC,O2O2 D_Sepia Choco EX,"1,741","2,016",확인
2026-02-25,[20] 분리,Q3405-03.25SPC,O2O2 D_Sepia Choco EX,"1,232","1,505",확인
2026-03-02,[20] 분리,Q3405-01.25SPC,O2O2 D_Sepia Choco EX,"1,032","1,436",확인
2026-03-03,[20] 분리,Q3405-03.75SPC,O2O2 D_Sepia Choco EX,326,400,확인
2026-02-25,[20] 분리,Q3408-02.25BRW,O2O2 D_Blending Hazel EX,"1,610","1,864",확인
2026-02-25,[20] 분리,Q3408-01.75BRW,O2O2 D_Blending Hazel EX,"1,292","1,542",확인
2026-02-25,[20] 분리,Q3408-03.25BRW,O2O2 D_Blending Hazel EX,"1,709","1,920",확인
2026-03-04,[55] 접착/ 멸균,P3408A-03.25BRW,O2O2 D_Blending Hazel EX,"1,620","1,696",확인
2026-03-01,[55] 접착/ 멸균,P3408A-06.50BRW,O2O2 D_Blending Hazel EX,"1,320","1,387",확인
2026-03-01,[55] 접착/ 멸균,P3408A-04.75BRW,O2O2 D_Blending Hazel EX,"1,640","1,674",확인
2026-02-28,[55] 접착/ 멸균,P3408A-01.75BRW,O2O2 D_Blending Hazel EX,"1,170","1,195",확인
2026-03-03,[55] 접착/ 멸균,P3408A-02.50BRW,O2O2 D_Blending Hazel EX,"1,415","1,553",확인
2026-03-03,[55] 접착/ 멸균,P3408A-03.75BRW,O2O2 D_Blending Hazel EX,"1,495","1,668",확인
2026-02-27,[55] 접착/ 멸균,P3405A-03.75SPC,O2O2 D_Sepia Choco EX,"1,350","1,423",확인
2026-02-27,[55] 접착/ 멸균,P3405A-02.50SPC,O2O2 D_Sepia Choco EX,"1,125","1,140",확인
2026-02-26,[55] 접착/ 멸균,P3405A-01.00SPC,O2O2 D_Sepia Choco EX,"1,555","1,581",확인
2026-03-04,[55] 접착/ 멸균,P3405A-03.25SPC,O2O2 D_Sepia Choco EX,880,"1,025",확인
2026-03-04,[55] 접착/ 멸균,P3405A-01.00SPC,O2O2 D_Sepia Choco EX,930,944,확인
2026-03-04,[55] 접착/ 멸균,P3405A-03.75SPC,O2O2 D_Sepia Choco EX,174,310,저장
2026-02-27,[55] 접착/ 멸균,P3405A-03.75SPC,O2O2 D_Sepia Choco EX,"1,085","1,106",확인
2026-03-02,[55] 접착/ 멸균,P3405A-01.25SPC,O2O2 D_Sepia Choco EX,"1,655","1,737",확인
2026-03-04,[20] 분리,Q3408-02.00BRW,O2O2 D_Blending Hazel EX,"1,424","1,793",확인
2026-02-28,[80] 누수/규격검사,P3408A-03.50BRW,O2O2 D_Blending Hazel EX,"1,005","1,015",확인
2026-02-28,[80] 누수/규격검사,P3408A-05.00BRW,O2O2 D_Blending Hazel EX,915,915,확인
2026-02-28,[80] 누수/규격검사,P3408A-08.00BRW,O2O2 D_Blending Hazel EX,"1,325","1,330",확인
2026-03-04,[80] 누수/규격검사,P3408A-00.00BRW,O2O2 D_Blending Hazel EX,"1,240","1,240",확인
2026-03-02,[80] 누수/규격검사,P3408A-01.50BRW,O2O2 D_Blending Hazel EX,"1,580","1,580",확인
2026-03-03,[80] 누수/규격검사,P3408A-05.50BRW,O2O2 D_Blending Hazel EX,975,980,확인
2026-02-28,[80] 누수/규격검사,P3408A-04.50BRW,O2O2 D_Blending Hazel EX,"1,555","1,560",확인
2026-02-28,[80] 누수/규격검사,P3408A-01.75BRW,O2O2 D_Blending Hazel EX,"1,195","1,195",확인
2026-02-26,[45] 하이드레이션/전면검사,P3405A-02.25SPC,O2O2 D_Sepia Choco EX,"1,237","1,247",확인
2026-02-26,[45] 하이드레이션/전면검사,P3405A-02.25SPC,O2O2 D_Sepia Choco EX,"1,213","1,217",확인
2026-02-27,[45] 하이드레이션/전면검사,P3405A-03.00SPC,O2O2 D_Sepia Choco EX,"1,346","1,351",확인
2026-02-20,[45] 하이드레이션/전면검사,P3407A-01.25ASG,O2O2 D_Ash Gray EX,"1,057","1,057",확인
2026-02-13,[45] 하이드레이션/전면검사,P3407A-02.75ASG,O2O2 D_Ash Gray EX,"1,911","1,919",확인
2026-02-14,[55] 접착/ 멸균,P3406A-00.00ASB,O2O2 D_Ash Brown EX,"1,640","1,724",확인
2026-03-02,[80] 누수/규격검사,P3405A-03.25SPC,O2O2 D_Sepia Choco EX,"1,385","1,385",확인
2026-03-04,[80] 누수/규격검사,P3408A-00.50BRW,O2O2 D_Blending Hazel EX,"1,565","1,575",확인
2026-03-02,[80] 누수/규격검사,P3408A-04.50BRW,O2O2 D_Blending Hazel EX,"1,280","1,280",확인
2026-02-25,[80] 누수/규격검사,P3408A-05.00BRW,O2O2 D_Blending Hazel EX,950,950,확인
2026-02-25,[80] 누수/규격검사,P3408A-02.00BRW,O2O2 D_Blending Hazel EX,895,895,확인
2026-02-28,[80] 누수/규격검사,P3408A-02.25BRW,O2O2 D_Blending Hazel EX,"1,125","1,125",확인
2026-02-28,[80] 누수/규격검사,P3408A-03.25BRW,O2O2 D_Blending Hazel EX,"1,385","1,385",확인
2026-02-28,[80] 누수/규격검사,P3408A-04.75BRW,O2O2 D_Blending Hazel EX,"1,185","1,185",확인
2026-03-04,[80] 누수/규격검사,P3408A-03.25BRW,O2O2 D_Blending Hazel EX,"1,835","1,835",확인
2026-03-02,[80] 누수/규격검사,P3408A-06.50BRW,O2O2 D_Blending Hazel EX,"1,445","1,445",확인
2026-03-02,[80] 누수/규격검사,P3408A-00.00BRW,O2O2 D_Blending Hazel EX,"1,090","1,105",확인
2026-03-02,[80] 누수/규격검사,P3408A-04.00BRW,O2O2 D_Blending Hazel EX,"1,550","1,560",확인
2026-03-03,[80] 누수/규격검사,P3408A-03.75BRW,O2O2 D_Blending Hazel EX,"1,555","1,555",확인
2026-02-28,[80] 누수/규격검사,P3408A-02.75BRW,O2O2 D_Blending Hazel EX,"1,500","1,505",확인
2026-02-27,[80] 누수/규격검사,P3408A-09.50BRW,O2O2 D_Blending Hazel EX,140,140,확인
2026-02-27,[80] 누수/규격검사,P3408A-03.50BRW,O2O2 D_Blending Hazel EX,"1,440","1,455",확인
2026-03-01,[80] 누수/규격검사,P3408A-06.00BRW,O2O2 D_Blending Hazel EX,"1,345","1,345",확인
2026-03-01,[80] 누수/규격검사,P3408A-07.00BRW,O2O2 D_Blending Hazel EX,"1,160","1,160",확인
2026-03-01,[80] 누수/규격검사,P3408A-02.25BRW,O2O2 D_Blending Hazel EX,"1,295","1,295",확인
2026-03-01,[80] 누수/규격검사,P3408A-06.00BRW,O2O2 D_Blending Hazel EX,"1,635","1,635",확인
2026-03-01,[80] 누수/규격검사,P3408A-02.50BRW,O2O2 D_Blending Hazel EX,"1,595","1,600",확인
2026-02-28,[80] 누수/규격검사,P3405A-03.25SPC,O2O2 D_Sepia Choco EX,"1,075","1,080",확인
2026-02-27,[80] 누수/규격검사,P3405A-01.25SPC,O2O2 D_Sepia Choco EX,"1,430","1,460",확인
2026-03-04,[80] 누수/규격검사,P3405A-01.00SPC,O2O2 D_Sepia Choco EX,865,865,확인
2026-02-26,[80] 누수/규격검사,P3405A-03.00SPC,O2O2 D_Sepia Choco EX,680,705,확인
2026-02-27,[80] 누수/규격검사,P3405A-02.25SPC,O2O2 D_Sepia Choco EX,790,805,확인
2026-02-27,[80] 누수/규격검사,P3405A-01.75SPC,O2O2 D_Sepia Choco EX,955,975,확인
2026-02-26,[45] 하이드레이션/전면검사,P3405A-01.75SPC,O2O2 D_Sepia Choco EX,"1,005","1,010",확인
2026-02-26,[45] 하이드레이션/전면검사,P3405A-03.00SPC,O2O2 D_Sepia Choco EX,733,737,확인
2026-02-26,[45] 하이드레이션/전면검사,P3405A-01.25SPC,O2O2 D_Sepia Choco EX,"1,525","1,543",확인
2026-02-26,[45] 하이드레이션/전면검사,P3405A-02.25SPC,O2O2 D_Sepia Choco EX,857,863,확인
2026-02-27,[45] 하이드레이션/전면검사,P3405A-03.25SPC,O2O2 D_Sepia Choco EX,"1,262","1,263",확인
2026-02-11,[45] 하이드레이션/전면검사,P3407A-02.25ASG,O2O2 D_Ash Gray EX,"1,961","2,027",확인
2026-02-11,[45] 하이드레이션/전면검사,P3407A-03.50ASG,O2O2 D_Ash Gray EX,"1,961","1,968",확인
2026-03-04,[80] 누수/규격검사,P3408A-07.00BRW,O2O2 D_Blending Hazel EX,"1,285","1,290",확인
2026-03-04,[80] 누수/규격검사,P3408A-08.50BRW,O2O2 D_Blending Hazel EX,"1,185","1,185",확인
2026-03-03,[80] 누수/규격검사,P3408A-01.00BRW,O2O2 D_Blending Hazel EX,"1,570","1,575",확인
2026-03-03,[80] 누수/규격검사,P3408A-03.25BRW,O2O2 D_Blending Hazel EX,"1,460","1,460",확인
2026-03-03,[80] 누수/규격검사,P3408A-04.75BRW,O2O2 D_Blending Hazel EX,"1,250","1,250",확인
2026-02-28,[80] 누수/규격검사,P3408A-02.50BRW,O2O2 D_Blending Hazel EX,"1,255","1,255",확인
2026-02-27,[80] 누수/규격검사,P3408A-01.75BRW,O2O2 D_Blending Hazel EX,"1,190","1,220",확인
2026-02-27,[80] 누수/규격검사,P3408A-02.75BRW,O2O2 D_Blending Hazel EX,"1,715","1,745",확인
2026-02-27,[80] 누수/규격검사,P3408A-04.50BRW,O2O2 D_Blending Hazel EX,775,780,확인
2026-02-27,[80] 누수/규격검사,P3408A-02.00BRW,O2O2 D_Blending Hazel EX,815,825,확인
2026-03-01,[80] 누수/규격검사,P3408A-06.50BRW,O2O2 D_Blending Hazel EX,"1,675","1,685",확인
2026-02-24,[80] 누수/규격검사,P3408A-03.50BRW,O2O2 D_Blending Hazel EX,945,945,확인
2026-03-03,[80] 누수/규격검사,P3405A-02.00SPC,O2O2 D_Sepia Choco EX,"1,760","1,765",확인
2026-03-01,[80] 누수/규격검사,P3405A-03.75SPC,O2O2 D_Sepia Choco EX,"1,280","1,290",확인
2026-02-27,[80] 누수/규격검사,P3405A-02.50SPC,O2O2 D_Sepia Choco EX,"1,040","1,045",확인
2026-02-22,[80] 누수/규격검사,P3407A-02.25ASG,O2O2 D_Ash Gray EX,"1,390","1,400",확인
2026-02-22,[80] 누수/규격검사,P3407A-01.00ASG,O2O2 D_Ash Gray EX,"1,400","1,400",확인
2026-03-02,[80] 누수/규격검사,P3408A-06.00BRW,O2O2 D_Blending Hazel EX,"1,580","1,580",확인
2026-03-04,[80] 누수/규격검사,P3408A-03.75BRW,O2O2 D_Blending Hazel EX,"1,540","1,570",확인
2026-03-03,[80] 누수/규격검사,P3408A-03.50BRW,O2O2 D_Blending Hazel EX,505,505,확인
2026-02-27,[80] 누수/규격검사,P3408A-02.75BRW,O2O2 D_Blending Hazel EX,"1,690","1,690",확인
2026-02-27,[80] 누수/규격검사,P3408A-03.75BRW,O2O2 D_Blending Hazel EX,925,930,확인
2026-03-01,[80] 누수/규격검사,P3408A-04.25BRW,O2O2 D_Blending Hazel EX,"1,425","1,425",확인
2026-02-02,[80] 누수/규격검사,P3405A-09.50SPC,O2O2 D_Sepia Choco EX,"1,640","1,645",확인
2026-02-03,[80] 누수/규격검사,P3405A-09.50SPC,O2O2 D_Sepia Choco EX,"1,580","1,585",확인
2026-03-04,[80] 누수/규격검사,P3405A-03.25SPC,O2O2 D_Sepia Choco EX,"1,775","1,775",확인
2026-02-02,[55] 접착/ 멸균,P3406A-00.00ASB,O2O2 D_Ash Brown EX,"2,145","2,170",확인
2026-02-19,[55] 접착/ 멸균,P3406A-00.00ASB,O2O2 D_Ash Brown EX,"1,630","1,694",확인
2026-03-01,[80] 누수/규격검사,P3408A-07.00BRW,O2O2 D_Blending Hazel EX,"1,130","1,130",확인
2026-03-04,[80] 누수/규격검사,P3405A-03.25SPC,O2O2 D_Sepia Choco EX,"1,595","1,600",확인
2026-03-04,[80] 누수/규격검사,P3405A-01.00SPC,O2O2 D_Sepia Choco EX,"1,380","1,380",확인
2026-03-04,[80] 누수/규격검사,P3405A-03.50SPC,O2O2 D_Sepia Choco EX,"1,265","1,265",확인
2026-03-01,[80] 누수/규격검사,P3405A-03.00SPC,O2O2 D_Sepia Choco EX,"1,295","1,300",확인
2026-02-27,[80] 누수/규격검사,P3405A-03.75SPC,O2O2 D_Sepia Choco EX,"1,090","1,090",확인
2026-02-27,[80] 누수/규격검사,P3405A-02.25SPC,O2O2 D_Sepia Choco EX,"1,185","1,190",확인
2026-02-27,[80] 누수/규격검사,P3405A-02.25SPC,O2O2 D_Sepia Choco EX,"1,185","1,185",확인
2026-02-22,[80] 누수/규격검사,P3407A-01.25ASG,O2O2 D_Ash Gray EX,"1,015","1,025",확인
2026-02-14,[80] 누수/규격검사,P3407A-01.00ASG,O2O2 D_Ash Gray EX,"1,955","1,960",확인
2026-02-15,[80] 누수/규격검사,P3407A-02.75ASG,O2O2 D_Ash Gray EX,"1,780","1,780",확인
2026-02-15,[80] 누수/규격검사,P3407A-01.00ASG,O2O2 D_Ash Gray EX,"1,660","1,670",확인
2026-02-22,[80] 누수/규격검사,P3407A-00.00ASG,O2O2 D_Ash Gray EX,"1,170","1,180",확인
2026-02-22,[80] 누수/규격검사,P3407A-01.00ASG,O2O2 D_Ash Gray EX,"1,270","1,325",확인
2026-02-28,[80] 누수/규격검사,P3408A-03.75BRW,O2O2 D_Blending Hazel EX,980,980,확인
2026-02-27,[80] 누수/규격검사,P3408A-04.75BRW,O2O2 D_Blending Hazel EX,555,565,확인
2026-02-27,[80] 누수/규격검사,P3408A-01.75BRW,O2O2 D_Blending Hazel EX,"1,100","1,115",확인
2026-02-27,[80] 누수/규격검사,P3408A-07.00BRW,O2O2 D_Blending Hazel EX,680,680,확인
2026-02-27,[80] 누수/규격검사,P3408A-04.50BRW,O2O2 D_Blending Hazel EX,750,750,확인
2026-02-27,[80] 누수/규격검사,P3408A-04.75BRW,O2O2 D_Blending Hazel EX,955,965,확인
2026-02-27,[80] 누수/규격검사,P3408A-02.50BRW,O2O2 D_Blending Hazel EX,"1,565","1,585",확인
2026-02-02,[80] 누수/규격검사,P3405A-09.50SPC,O2O2 D_Sepia Choco EX,"1,725","1,725",확인
2026-03-03,[80] 누수/규격검사,P3405A-01.75SPC,O2O2 D_Sepia Choco EX,"1,690","1,710",확인
2026-03-04,[80] 누수/규격검사,P3405A-03.25SPC,O2O2 D_Sepia Choco EX,"1,045","1,045",확인
2026-03-01,[80] 누수/규격검사,P3405A-03.25SPC,O2O2 D_Sepia Choco EX,"1,310","1,315",확인
2026-02-19,[80] 누수/규격검사,P3407A-02.00ASG,O2O2 D_Ash Gray EX,"1,575","1,575",확인
2026-02-22,[80] 누수/규격검사,P3407A-02.75ASG,O2O2 D_Ash Gray EX,"1,525","1,570",확인
2026-02-27,[45] 하이드레이션/전면검사,P3405A-03.25SPC,O2O2 D_Sepia Choco EX,"1,476","1,486",확인
2026-02-27,[45] 하이드레이션/전면검사,P3405A-03.75SPC,O2O2 D_Sepia Choco EX,"1,322","1,324",확인
2026-02-22,[45] 하이드레이션/전면검사,P3407A-02.25ASG,O2O2 D_Ash Gray EX,"1,443","1,443",확인
2026-02-21,[45] 하이드레이션/전면검사,P3407A-01.00ASG,O2O2 D_Ash Gray EX,"1,426","1,430",확인
2026-02-20,[55] 접착/ 멸균,P3406A-00.00ASB,O2O2 D_Ash Brown EX,"1,425","1,448",확인
2026-02-14,[55] 접착/ 멸균,P3407A-02.75ASG,O2O2 D_Ash Gray EX,"1,780","1,911",확인
2026-02-14,[55] 접착/ 멸균,P3407A-01.00ASG,O2O2 D_Ash Gray EX,"1,960","2,001",확인
2026-02-15,[45] 하이드레이션/전면검사,P3407A-01.00ASG,O2O2 D_Ash Gray EX,"1,730","1,731",확인
2026-02-14,[45] 하이드레이션/전면검사,P3407A-01.00ASG,O2O2 D_Ash Gray EX,"2,001","2,009",확인
2026-03-02,[80] 누수/규격검사,P3405A-01.00SPC,O2O2 D_Sepia Choco EX,"1,680","1,680",확인
2026-03-02,[80] 누수/규격검사,P3405A-01.00SPC,O2O2 D_Sepia Choco EX,"1,710","1,715",확인
2026-02-28,[80] 누수/규격검사,P3408A-01.75BRW,O2O2 D_Blending Hazel EX,"1,115","1,120",확인
2026-02-25,[80] 누수/규격검사,P3408A-05.50BRW,O2O2 D_Blending Hazel EX,845,855,확인
2026-02-28,[80] 누수/규격검사,P3408A-03.50BRW,O2O2 D_Blending Hazel EX,"1,275","1,330",확인
2026-02-28,[80] 누수/규격검사,P3408A-02.25BRW,O2O2 D_Blending Hazel EX,395,395,확인
2026-03-04,[80] 누수/규격검사,P3408A-06.00BRW,O2O2 D_Blending Hazel EX,"1,400","1,400",확인
2026-03-04,[80] 누수/규격검사,P3408A-02.25BRW,O2O2 D_Blending Hazel EX,"1,170","1,170",확인
2026-03-03,[80] 누수/규격검사,P3408A-03.75BRW,O2O2 D_Blending Hazel EX,"1,570","1,575",확인
2026-02-27,[80] 누수/규격검사,P3408A-10.00BRW,O2O2 D_Blending Hazel EX,565,565,확인
2026-02-27,[80] 누수/규격검사,P3405A-01.25SPC,O2O2 D_Sepia Choco EX,"1,600","1,625",확인
2026-03-03,[80] 누수/규격검사,P3405A-01.00SPC,O2O2 D_Sepia Choco EX,"1,730","1,735",확인
2026-03-02,[80] 누수/규격검사,P3405A-03.25SPC,O2O2 D_Sepia Choco EX,"1,015","1,015",확인
2026-03-04,[80] 누수/규격검사,P3405A-01.00SPC,O2O2 D_Sepia Choco EX,"1,370","1,370",확인
2026-02-28,[45] 하이드레이션/전면검사,P3405A-03.25SPC,O2O2 D_Sepia Choco EX,"1,076","1,080",확인
2026-02-27,[80] 누수/규격검사,P3408A-07.00BRW,O2O2 D_Blending Hazel EX,705,705,확인
2026-02-27,[80] 누수/규격검사,P3408A-07.50BRW,O2O2 D_Blending Hazel EX,"1,525","1,525",확인
2026-03-01,[80] 누수/규격검사,P3408A-07.00BRW,O2O2 D_Blending Hazel EX,"1,395","1,400",확인
2026-02-27,[80] 누수/규격검사,P3405A-01.75SPC,O2O2 D_Sepia Choco EX,"1,770","1,775",확인
2026-02-02,[80] 누수/규격검사,P3405A-09.50SPC,O2O2 D_Sepia Choco EX,"1,695","1,695",확인
2026-02-02,[80] 누수/규격검사,P3405A-09.50SPC,O2O2 D_Sepia Choco EX,"1,750","1,750",확인
2026-03-03,[80] 누수/규격검사,P3405A-03.00SPC,O2O2 D_Sepia Choco EX,605,605,확인
2026-03-04,[80] 누수/규격검사,P3405A-03.00SPC,O2O2 D_Sepia Choco EX,950,950,확인
2026-02-26,[80] 누수/규격검사,P3405A-03.00SPC,O2O2 D_Sepia Choco EX,"1,075","1,105",확인
2026-02-22,[80] 누수/규격검사,P3407A-02.50ASG,O2O2 D_Ash Gray EX,"1,315","1,470",확인
2026-02-19,[80] 누수/규격검사,P3407A-01.00ASG,O2O2 D_Ash Gray EX,"1,910","1,910",확인
2026-02-23,[80] 누수/규격검사,P3407A-00.00ASG,O2O2 D_Ash Gray EX,"1,200","1,200",확인
2026-02-12,[80] 누수/규격검사,P3407A-02.50ASG,O2O2 D_Ash Gray EX,"1,970","1,970",확인
2026-02-22,[80] 누수/규격검사,P3407A-00.00ASG,O2O2 D_Ash Gray EX,"1,090","1,095",확인
2026-02-27,[45] 하이드레이션/전면검사,P3405A-03.25SPC,O2O2 D_Sepia Choco EX,"1,349","1,358",확인
2026-02-15,[45] 하이드레이션/전면검사,P3407A-02.00ASG,O2O2 D_Ash Gray EX,"1,704","1,710",확인
2026-02-12,[80] 누수/규격검사,P3407A-03.50ASG,O2O2 D_Ash Gray EX,"1,900","1,900",확인
2026-02-13,[80] 누수/규격검사,P3407A-02.25ASG,O2O2 D_Ash Gray EX,"1,925","1,925",확인
2026-03-04,[80] 누수/규격검사,P3405A-03.75SPC,O2O2 D_Sepia Choco EX,620,620,확인
2026-03-04,[80] 누수/규격검사,P3405A-01.00SPC,O2O2 D_Sepia Choco EX,920,930,확인
2026-03-04,[80] 누수/규격검사,P3405A-01.00SPC,O2O2 D_Sepia Choco EX,"1,055","1,055",확인
2026-02-26,[80] 누수/규격검사,P3405A-01.00SPC,O2O2 D_Sepia Choco EX,"1,555","1,555",확인
2026-02-26,[80] 누수/규격검사,P3405A-03.25SPC,O2O2 D_Sepia Choco EX,"1,135","1,190",확인
2026-02-28,[80] 누수/규격검사,P3408A-01.75BRW,O2O2 D_Blending Hazel EX,"1,170","1,170",확인
2026-02-28,[80] 누수/규격검사,P3408A-03.75BRW,O2O2 D_Blending Hazel EX,900,900,확인
2026-03-04,[80] 누수/규격검사,P3408A-01.00BRW,O2O2 D_Blending Hazel EX,"1,230","1,230",확인
2026-03-04,[80] 누수/규격검사,P3408A-03.25BRW,O2O2 D_Blending Hazel EX,"1,620","1,620",확인
2026-03-04,[80] 누수/규격검사,P3408A-00.00BRW,O2O2 D_Blending Hazel EX,850,850,확인
2026-03-04,[80] 누수/규격검사,P3408A-02.50BRW,O2O2 D_Blending Hazel EX,"1,405","1,415",확인
2026-03-04,[80] 누수/규격검사,P3408A-03.75BRW,O2O2 D_Blending Hazel EX,"1,465","1,495",확인
2026-02-25,[80] 누수/규격검사,P3408A-02.00BRW,O2O2 D_Blending Hazel EX,850,850,확인
2026-02-25,[80] 누수/규격검사,P3408A-05.00BRW,O2O2 D_Blending Hazel EX,800,800,확인
2026-02-27,[80] 누수/규격검사,P3408A-02.25BRW,O2O2 D_Blending Hazel EX,"1,465","1,515",확인
2026-03-01,[80] 누수/규격검사,P3408A-06.50BRW,O2O2 D_Blending Hazel EX,"1,320","1,320",확인
2026-03-01,[80] 누수/규격검사,P3408A-04.75BRW,O2O2 D_Blending Hazel EX,"1,640","1,640",확인
2026-02-27,[80] 누수/규격검사,P3405A-02.50SPC,O2O2 D_Sepia Choco EX,"1,125","1,125",확인
2026-02-27,[80] 누수/규격검사,P3405A-03.75SPC,O2O2 D_Sepia Choco EX,"1,085","1,085",확인
2026-02-14,[55] 접착/ 멸균,P3406A-00.00ASB,O2O2 D_Ash Brown EX,"1,520","1,545",확인
2026-02-01,[55] 접착/ 멸균,P3406A-00.00ASB,O2O2 D_Ash Brown EX,"1,990","2,020",확인
2026-02-27,[80] 누수/규격검사,P3405A-01.00SPC,O2O2 D_Sepia Choco EX,"1,475","1,480",확인
2026-02-27,[80] 누수/규격검사,P3405A-01.25SPC,O2O2 D_Sepia Choco EX,"1,815","1,830",확인
2026-02-27,[80] 누수/규격검사,P3405A-03.25SPC,O2O2 D_Sepia Choco EX,"1,050","1,050",확인
2026-02-20,[80] 누수/규격검사,P3407A-01.75ASG,O2O2 D_Ash Gray EX,"1,425","1,425",확인
2026-02-27,[80] 누수/규격검사,P3407A-00.00ASG,O2O2 D_Ash Gray EX,"1,080","1,105",확인
2026-02-28,[45] 하이드레이션/전면검사,P3405A-03.25SPC,O2O2 D_Sepia Choco EX,"1,240","1,243",확인
2026-02-02,[45] 하이드레이션/전면검사,P3405A-09.50SPC,O2O2 D_Sepia Choco EX,"1,606","1,614",확인
2026-02-19,[45] 하이드레이션/전면검사,P3407A-01.75ASG,O2O2 D_Ash Gray EX,"1,461","1,469",확인
2026-02-26,[45] 하이드레이션/전면검사,P3407A-00.00ASG,O2O2 D_Ash Gray EX,"1,179","1,205",확인
2026-02-19,[55] 접착/ 멸균,P3406A-00.00ASB,O2O2 D_Ash Brown EX,"1,305","1,397",확인
2026-02-19,[55] 접착/ 멸균,P3406A-00.00ASB,O2O2 D_Ash Brown EX,"1,500","1,573",확인
2026-02-01,[55] 접착/ 멸균,P3406A-00.00ASB,O2O2 D_Ash Brown EX,"1,775","1,822",확인
2026-02-26,[45] 하이드레이션/전면검사,P3405A-03.00SPC,O2O2 D_Sepia Choco EX,"1,162","1,167",확인
2026-02-28,[45] 하이드레이션/전면검사,P3405A-03.25SPC,O2O2 D_Sepia Choco EX,"1,495","1,504",확인
2026-02-01,[45] 하이드레이션/전면검사,P3405A-09.50SPC,O2O2 D_Sepia Choco EX,"1,723","1,728",확인
2026-02-20,[45] 하이드레이션/전면검사,P3407A-00.00ASG,O2O2 D_Ash Gray EX,"1,241","1,253",확인
2026-02-15,[45] 하이드레이션/전면검사,P3407A-01.00ASG,O2O2 D_Ash Gray EX,"1,985","1,987",확인
2026-02-11,[45] 하이드레이션/전면검사,P3407A-02.50ASG,O2O2 D_Ash Gray EX,"2,017","2,023",확인
2026-03-04,[80] 누수/규격검사,P3405A-03.25SPC,O2O2 D_Sepia Choco EX,"1,195","1,195",확인
2026-03-04,[80] 누수/규격검사,P3405A-01.75SPC,O2O2 D_Sepia Choco EX,"1,015","1,015",확인
2026-02-22,[80] 누수/규격검사,P3407A-02.50ASG,O2O2 D_Ash Gray EX,"1,505","1,505",확인
2026-02-20,[80] 누수/규격검사,P3407A-01.25ASG,O2O2 D_Ash Gray EX,"1,800","1,825",확인
2026-02-14,[80] 누수/규격검사,P3407A-02.00ASG,O2O2 D_Ash Gray EX,"1,615","1,620",확인
2026-02-14,[80] 누수/규격검사,P3407A-00.75ASG,O2O2 D_Ash Gray EX,"1,935","1,945",확인
2026-02-14,[80] 누수/규격검사,P3407A-03.50ASG,O2O2 D_Ash Gray EX,"1,740","1,740",확인
2026-02-14,[80] 누수/규격검사,P3407A-02.75ASG,O2O2 D_Ash Gray EX,"1,995","2,015",확인
2026-02-21,[80] 누수/규격검사,P3407A-02.25ASG,O2O2 D_Ash Gray EX,725,725,확인
2026-02-22,[80] 누수/규격검사,P3407A-02.50ASG,O2O2 D_Ash Gray EX,"1,460","1,460",확인
2026-02-01,[55] 접착/ 멸균,P3406A-00.00ASB,O2O2 D_Ash Brown EX,"2,020","2,038",확인
2026-02-19,[45] 하이드레이션/전면검사,P3407A-01.25ASG,O2O2 D_Ash Gray EX,"1,895","1,910",확인
2026-02-13,[45] 하이드레이션/전면검사,P3407A-02.00ASG,O2O2 D_Ash Gray EX,"1,648","1,650",확인
2026-02-13,[45] 하이드레이션/전면검사,P3407A-00.75ASG,O2O2 D_Ash Gray EX,"2,005","2,018",확인
2026-02-13,[45] 하이드레이션/전면검사,P3407A-03.50ASG,O2O2 D_Ash Gray EX,"1,822","1,836",확인
2026-02-22,[45] 하이드레이션/전면검사,P3407A-02.50ASG,O2O2 D_Ash Gray EX,"1,500","1,502",확인
2026-02-21,[45] 하이드레이션/전면검사,P3407A-02.50ASG,O2O2 D_Ash Gray EX,"1,550","1,550",확인
2026-02-13,[45] 하이드레이션/전면검사,P3407A-02.75ASG,O2O2 D_Ash Gray EX,"2,088","2,092",확인
2026-02-28,[80] 누수/규격검사,P3405A-03.75SPC,O2O2 D_Sepia Choco EX,"1,350","1,350",확인
2026-03-03,[80] 누수/규격검사,P3405A-01.25SPC,O2O2 D_Sepia Choco EX,"1,655","1,655",확인
2026-03-04,[80] 누수/규격검사,P3405A-01.00SPC,O2O2 D_Sepia Choco EX,"1,530","1,535",확인
2026-03-04,[80] 누수/규격검사,P3405A-03.25SPC,O2O2 D_Sepia Choco EX,880,880,확인
2026-03-04,[80] 누수/규격검사,P3405A-03.25SPC,O2O2 D_Sepia Choco EX,590,590,확인
2026-02-15,[80] 누수/규격검사,P3407A-03.50ASG,O2O2 D_Ash Gray EX,"1,815","1,815",확인
2026-02-19,[80] 누수/규격검사,P3407A-02.00ASG,O2O2 D_Ash Gray EX,"1,755","1,765",확인
2026-02-21,[80] 누수/규격검사,P3407A-02.00ASG,O2O2 D_Ash Gray EX,790,790,확인
2026-02-23,[80] 누수/규격검사,P3407A-00.00ASG,O2O2 D_Ash Gray EX,"1,170","1,170",확인
2026-02-19,[55] 접착/ 멸균,P3407A-01.75ASG,O2O2 D_Ash Gray EX,"1,425","1,461",확인
2026-02-02,[55] 접착/ 멸균,P3405A-09.50SPC,O2O2 D_Sepia Choco EX,"1,585","1,606",확인
2026-02-14,[55] 접착/ 멸균,P3407A-00.75ASG,O2O2 D_Ash Gray EX,"1,945","2,005",확인
2026-02-14,[55] 접착/ 멸균,P3407A-02.00ASG,O2O2 D_Ash Gray EX,"1,620","1,648",확인
2026-02-14,[55] 접착/ 멸균,P3407A-03.50ASG,O2O2 D_Ash Gray EX,"1,740","1,822",확인
2026-02-14,[55] 접착/ 멸균,P3407A-02.75ASG,O2O2 D_Ash Gray EX,"2,015","2,088",확인
2026-02-20,[55] 접착/ 멸균,P3407A-01.25ASG,O2O2 D_Ash Gray EX,"1,825","1,895",확인
2026-02-28,[45] 하이드레이션/전면검사,P3405A-03.25SPC,O2O2 D_Sepia Choco EX,"1,025","1,034",확인
2026-02-26,[45] 하이드레이션/전면검사,P3405A-03.25SPC,O2O2 D_Sepia Choco EX,"1,231","1,232",확인
2026-02-24,[45] 하이드레이션/전면검사,P3405A-01.00SPC,O2O2 D_Sepia Choco EX,"1,581","1,582",확인
2026-02-27,[45] 하이드레이션/전면검사,P3405A-03.75SPC,O2O2 D_Sepia Choco EX,"1,423","1,435",확인
2026-02-15,[45] 하이드레이션/전면검사,P3407A-02.00ASG,O2O2 D_Ash Gray EX,"1,882","1,887",확인
2026-02-13,[45] 하이드레이션/전면검사,P3407A-03.50ASG,O2O2 D_Ash Gray EX,"1,859","1,862",확인
2026-03-04,[45] 하이드레이션/전면검사,P3405A-01.25SPC,O2O2 D_Sepia Choco EX,"1,136","1,143",확인
2026-03-04,[45] 하이드레이션/전면검사,P3405A-01.00SPC,O2O2 D_Sepia Choco EX,"1,392","1,403",확인
2026-03-04,[45] 하이드레이션/전면검사,P3405A-03.25SPC,O2O2 D_Sepia Choco EX,"1,048","1,052",확인
2026-03-04,[45] 하이드레이션/전면검사,P3405A-01.75SPC,O2O2 D_Sepia Choco EX,"1,056","1,057",확인
2026-03-04,[45] 하이드레이션/전면검사,P3405A-01.00SPC,O2O2 D_Sepia Choco EX,889,899,확인
2026-03-04,[45] 하이드레이션/전면검사,P3405A-03.25SPC,O2O2 D_Sepia Choco EX,431,444,확인
2026-03-02,[45] 하이드레이션/전면검사,P3405A-03.00SPC,O2O2 D_Sepia Choco EX,678,680,확인
2026-02-27,[45] 하이드레이션/전면검사,P3408A-04.75BRW,O2O2 D_Blending Hazel EX,"1,399","1,403",확인
2026-02-27,[45] 하이드레이션/전면검사,P3408A-02.25BRW,O2O2 D_Blending Hazel EX,"1,154","1,157",확인
2026-02-24,[45] 하이드레이션/전면검사,P3408A-09.50BRW,O2O2 D_Blending Hazel EX,154,159,확인
2026-02-27,[45] 하이드레이션/전면검사,P3408A-02.75BRW,O2O2 D_Blending Hazel EX,"1,595","1,607",확인
2026-02-27,[45] 하이드레이션/전면검사,P3408A-01.75BRW,O2O2 D_Blending Hazel EX,"1,252","1,273",확인
2026-02-27,[45] 하이드레이션/전면검사,P3408A-02.25BRW,O2O2 D_Blending Hazel EX,"1,351","1,355",확인
2026-02-27,[45] 하이드레이션/전면검사,P3408A-03.25BRW,O2O2 D_Blending Hazel EX,"1,406","1,408",확인
2026-02-26,[45] 하이드레이션/전면검사,P3405A-01.75SPC,O2O2 D_Sepia Choco EX,"1,759","1,769",확인
2026-02-24,[45] 하이드레이션/전면검사,P3408A-05.00BRW,O2O2 D_Blending Hazel EX,936,939,확인
2026-02-24,[45] 하이드레이션/전면검사,P3408A-04.75BRW,O2O2 D_Blending Hazel EX,572,573,확인
2026-02-24,[45] 하이드레이션/전면검사,P3408A-04.50BRW,O2O2 D_Blending Hazel EX,760,760,확인
2026-02-24,[45] 하이드레이션/전면검사,P3408A-03.50BRW,O2O2 D_Blending Hazel EX,"1,039","1,042",확인
2026-02-27,[45] 하이드레이션/전면검사,P3408A-08.00BRW,O2O2 D_Blending Hazel EX,"1,337","1,344",확인
2026-02-24,[45] 하이드레이션/전면검사,P3408A-03.75BRW,O2O2 D_Blending Hazel EX,989,989,확인
2026-02-24,[45] 하이드레이션/전면검사,P3408A-04.75BRW,O2O2 D_Blending Hazel EX,973,979,확인
2026-02-24,[45] 하이드레이션/전면검사,P3408A-07.00BRW,O2O2 D_Blending Hazel EX,695,702,확인
2026-02-24,[45] 하이드레이션/전면검사,P3408A-05.50BRW,O2O2 D_Blending Hazel EX,993,993,확인
2026-02-14,[55] 접착/ 멸균,P3407A-03.50ASG,O2O2 D_Ash Gray EX,"1,815","1,859",확인
2026-03-04,[45] 하이드레이션/전면검사,P3405A-01.75SPC,O2O2 D_Sepia Choco EX,"1,700","1,737",확인
2026-03-04,[45] 하이드레이션/전면검사,P3405A-01.75SPC,O2O2 D_Sepia Choco EX,"1,630","1,659",확인
2026-03-02,[45] 하이드레이션/전면검사,P3405A-03.00SPC,O2O2 D_Sepia Choco EX,472,472,확인
2026-02-27,[45] 하이드레이션/전면검사,P3405A-02.50SPC,O2O2 D_Sepia Choco EX,"1,061","1,071",확인
2026-02-27,[45] 하이드레이션/전면검사,P3405A-01.00SPC,O2O2 D_Sepia Choco EX,"1,830","1,839",확인
2026-02-27,[45] 하이드레이션/전면검사,P3405A-09.50SPC,O2O2 D_Sepia Choco EX,"1,587","1,593",확인
2026-03-03,[45] 하이드레이션/전면검사,P3405A-03.75SPC,O2O2 D_Sepia Choco EX,553,558,확인
2026-02-26,[45] 하이드레이션/전면검사,P3405A-02.00SPC,O2O2 D_Sepia Choco EX,"1,817","1,818",확인
2026-02-24,[45] 하이드레이션/전면검사,P3408A-03.50BRW,O2O2 D_Blending Hazel EX,973,976,확인
2026-02-24,[45] 하이드레이션/전면검사,P3408A-04.50BRW,O2O2 D_Blending Hazel EX,792,792,확인
2026-02-24,[45] 하이드레이션/전면검사,P3408A-01.00BRW,O2O2 D_Blending Hazel EX,797,799,확인
2026-02-24,[45] 하이드레이션/전면검사,P3408A-02.00BRW,O2O2 D_Blending Hazel EX,885,889,확인
2026-02-24,[45] 하이드레이션/전면검사,P3408A-10.00BRW,O2O2 D_Blending Hazel EX,807,814,확인
2026-02-27,[45] 하이드레이션/전면검사,P3408A-04.75BRW,O2O2 D_Blending Hazel EX,"1,348","1,349",확인
2026-03-04,[45] 하이드레이션/전면검사,P3405A-01.00SPC,O2O2 D_Sepia Choco EX,"1,368","1,379",확인
2026-03-04,[45] 하이드레이션/전면검사,P3405A-01.00SPC,O2O2 D_Sepia Choco EX,"1,371","1,376",확인
2026-03-04,[45] 하이드레이션/전면검사,P3405A-01.00SPC,O2O2 D_Sepia Choco EX,"1,133","1,137",확인
2026-03-04,[45] 하이드레이션/전면검사,P3405A-03.25SPC,O2O2 D_Sepia Choco EX,387,390,확인
2026-02-27,[45] 하이드레이션/전면검사,P3405A-03.75SPC,O2O2 D_Sepia Choco EX,"1,146","1,151",확인
2026-02-27,[45] 하이드레이션/전면검사,P3405A-09.50SPC,O2O2 D_Sepia Choco EX,"1,547","1,556",확인
2026-03-03,[45] 하이드레이션/전면검사,P3405A-03.75SPC,O2O2 D_Sepia Choco EX,"1,061","1,082",확인
2026-03-03,[45] 하이드레이션/전면검사,P3405A-03.25SPC,O2O2 D_Sepia Choco EX,"1,684","1,695",확인
2026-02-26,[45] 하이드레이션/전면검사,P3405A-03.50SPC,O2O2 D_Sepia Choco EX,"1,316","1,320",확인
2026-03-04,[45] 하이드레이션/전면검사,P3405A-01.00SPC,O2O2 D_Sepia Choco EX,"1,284","1,288",확인
2026-02-24,[45] 하이드레이션/전면검사,P3408A-01.00BRW,O2O2 D_Blending Hazel EX,347,348,확인
2026-02-27,[45] 하이드레이션/전면검사,P3408A-07.50BRW,O2O2 D_Blending Hazel EX,"1,660","1,665",확인
2026-02-24,[45] 하이드레이션/전면검사,P3408A-05.50BRW,O2O2 D_Blending Hazel EX,990,993,확인
2026-02-24,[45] 하이드레이션/전면검사,P3408A-06.00BRW,O2O2 D_Blending Hazel EX,746,751,확인
2026-02-24,[45] 하이드레이션/전면검사,P3408A-06.00BRW,O2O2 D_Blending Hazel EX,834,839,확인
2026-02-27,[45] 하이드레이션/전면검사,P3408A-01.75BRW,O2O2 D_Blending Hazel EX,"1,469","1,486",확인
2026-02-27,[45] 하이드레이션/전면검사,P3408A-02.75BRW,O2O2 D_Blending Hazel EX,"1,431","1,449",확인
2026-03-02,[45] 하이드레이션/전면검사,P3405A-03.00SPC,O2O2 D_Sepia Choco EX,"1,017","1,020",확인
2026-02-27,[45] 하이드레이션/전면검사,P3405A-01.75SPC,O2O2 D_Sepia Choco EX,"1,822","1,828",확인
2026-03-03,[45] 하이드레이션/전면검사,P3405A-03.25SPC,O2O2 D_Sepia Choco EX,"1,564","1,566",확인
2026-03-02,[45] 하이드레이션/전면검사,P3405A-03.00SPC,O2O2 D_Sepia Choco EX,683,692,확인
2026-02-24,[45] 하이드레이션/전면검사,P3408A-02.00BRW,O2O2 D_Blending Hazel EX,935,942,확인
2026-02-24,[45] 하이드레이션/전면검사,P3408A-07.00BRW,O2O2 D_Blending Hazel EX,719,724,확인
2026-02-24,[45] 하이드레이션/전면검사,P3408A-05.00BRW,O2O2 D_Blending Hazel EX,974,980,확인
2026-02-27,[45] 하이드레이션/전면검사,P3408A-07.50BRW,O2O2 D_Blending Hazel EX,"1,564","1,571",확인
2026-02-23,[20] 분리,Q3406-03.00ASB,O2O2 D_Ash Brown EX,"1,563","2,268",확인
2026-02-05,[20] 분리,Q3407-02.25ASG,O2O2 D_Ash Gray EX,"2,027","2,215",확인
2026-03-03,[45] 하이드레이션/전면검사,P3405A-03.25SPC,O2O2 D_Sepia Choco EX,"1,851","1,856",확인
2026-03-03,[45] 하이드레이션/전면검사,P3405A-01.25SPC,O2O2 D_Sepia Choco EX,"1,421","1,451",확인
2026-02-26,[45] 하이드레이션/전면검사,P3405A-01.00SPC,O2O2 D_Sepia Choco EX,"1,519","1,521",확인
2026-02-26,[45] 하이드레이션/전면검사,P3405A-03.25SPC,O2O2 D_Sepia Choco EX,"1,084","1,086",확인
2026-02-26,[45] 하이드레이션/전면검사,P3405A-01.25SPC,O2O2 D_Sepia Choco EX,"1,875","1,883",확인
2026-02-24,[45] 하이드레이션/전면검사,P3408A-03.75BRW,O2O2 D_Blending Hazel EX,960,964,확인
2026-02-24,[45] 하이드레이션/전면검사,P3408A-03.75BRW,O2O2 D_Blending Hazel EX,942,946,확인
2026-02-24,[45] 하이드레이션/전면검사,P3409A-03.75PIN,O2O2 D_Blending Rose EX,"1,225","1,236",확인
2026-02-24,[45] 하이드레이션/전면검사,P3409A-03.75PIN,O2O2 D_Blending Rose EX,980,984,확인
2026-02-23,[20] 분리,Q3406-03.25ASB,O2O2 D_Ash Brown EX,"1,832","2,300",확인
2026-03-04,[45] 하이드레이션/전면검사,P3405A-01.75SPC,O2O2 D_Sepia Choco EX,"1,677","1,702",확인
2026-03-04,[45] 하이드레이션/전면검사,P3405A-03.00SPC,O2O2 D_Sepia Choco EX,439,447,확인
2026-03-04,[45] 하이드레이션/전면검사,P3405A-01.00SPC,O2O2 D_Sepia Choco EX,"1,548","1,563",확인
2026-03-04,[45] 하이드레이션/전면검사,P3405A-01.00SPC,O2O2 D_Sepia Choco EX,"1,094","1,095",확인
2026-03-04,[45] 하이드레이션/전면검사,P3405A-01.00SPC,O2O2 D_Sepia Choco EX,"1,435","1,450",확인
2026-03-04,[45] 하이드레이션/전면검사,P3405A-01.25SPC,O2O2 D_Sepia Choco EX,"1,597","1,698",확인
2026-03-03,[45] 하이드레이션/전면검사,P3405A-01.75SPC,O2O2 D_Sepia Choco EX,"1,103","1,123",확인
2026-02-26,[45] 하이드레이션/전면검사,P3405A-01.00SPC,O2O2 D_Sepia Choco EX,"1,736","1,749",확인
2026-02-26,[45] 하이드레이션/전면검사,P3405A-01.00SPC,O2O2 D_Sepia Choco EX,"1,789","1,791",확인
2026-02-26,[45] 하이드레이션/전면검사,P3405A-01.00SPC,O2O2 D_Sepia Choco EX,"1,454","1,458",확인
2026-02-26,[45] 하이드레이션/전면검사,P3405A-01.00SPC,O2O2 D_Sepia Choco EX,"1,765","1,777",확인
2026-02-28,[45] 하이드레이션/전면검사,P3405A-03.25SPC,O2O2 D_Sepia Choco EX,"1,081","1,081",확인
2026-02-26,[45] 하이드레이션/전면검사,P3405A-01.25SPC,O2O2 D_Sepia Choco EX,"1,687","1,718",확인
2026-02-26,[45] 하이드레이션/전면검사,P3405A-03.25SPC,O2O2 D_Sepia Choco EX,"1,263","1,270",확인
2026-02-24,[45] 하이드레이션/전면검사,P3408A-05.50BRW,O2O2 D_Blending Hazel EX,886,886,확인
2026-02-24,[45] 하이드레이션/전면검사,P3408A-02.25BRW,O2O2 D_Blending Hazel EX,414,416,확인
2026-02-24,[45] 하이드레이션/전면검사,P3408A-10.00BRW,O2O2 D_Blending Hazel EX,695,700,확인
2026-02-24,[45] 하이드레이션/전면검사,P3408A-10.00BRW,O2O2 D_Blending Hazel EX,585,591,확인
2026-02-27,[45] 하이드레이션/전면검사,P3408A-01.75BRW,O2O2 D_Blending Hazel EX,"1,146","1,166",확인
2026-02-27,[45] 하이드레이션/전면검사,P3408A-03.50BRW,O2O2 D_Blending Hazel EX,"1,347","1,353",확인
2026-02-23,[20] 분리,Q3406-03.75ASB,O2O2 D_Ash Brown EX,"1,817","2,285",확인
2026-03-03,[20] 분리,Q3408-01.50BRW,O2O2 D_Blending Hazel EX,"1,560","1,864",확인
2026-02-05,[20] 분리,Q3407-02.50ASG,O2O2 D_Ash Gray EX,"1,502","2,187",확인
2026-02-24,[45] 하이드레이션/전면검사,P3409A-03.75PIN,O2O2 D_Blending Rose EX,"1,578","1,582",확인
2026-02-27,[45] 하이드레이션/전면검사,P3408A-06.00BRW,O2O2 D_Blending Hazel EX,"1,359","1,371",확인
2026-02-27,[45] 하이드레이션/전면검사,P3408A-07.00BRW,O2O2 D_Blending Hazel EX,"1,200","1,207",확인
2026-03-03,[45] 하이드레이션/전면검사,P3408A-03.25BRW,O2O2 D_Blending Hazel EX,"1,849","1,853",확인
2026-03-03,[45] 하이드레이션/전면검사,P3408A-00.00BRW,O2O2 D_Blending Hazel EX,809,810,확인
2026-02-27,[45] 하이드레이션/전면검사,P3408A-02.25BRW,O2O2 D_Blending Hazel EX,"1,350","1,399",확인
2026-02-28,[45] 하이드레이션/전면검사,P3408A-02.25BRW,O2O2 D_Blending Hazel EX,"1,415","1,424",확인
2026-02-28,[45] 하이드레이션/전면검사,P3408A-06.00BRW,O2O2 D_Blending Hazel EX,"1,658","1,660",확인
2026-02-28,[45] 하이드레이션/전면검사,P3408A-02.50BRW,O2O2 D_Blending Hazel EX,"1,633","1,648",확인
2026-03-01,[45] 하이드레이션/전면검사,P3408A-06.50BRW,O2O2 D_Blending Hazel EX,"1,449","1,526",확인
2026-02-26,[45] 하이드레이션/전면검사,P3408A-03.50BRW,O2O2 D_Blending Hazel EX,"1,490","1,509",확인
2026-02-28,[45] 하이드레이션/전면검사,P3408A-04.00BRW,O2O2 D_Blending Hazel EX,"1,633","1,637",확인
2026-03-01,[45] 하이드레이션/전면검사,P3408A-00.00BRW,O2O2 D_Blending Hazel EX,"1,131","1,137",확인
2026-03-02,[45] 하이드레이션/전면검사,P3408A-03.75BRW,O2O2 D_Blending Hazel EX,"1,644","1,644",확인
2026-02-27,[45] 하이드레이션/전면검사,P3408A-07.00BRW,O2O2 D_Blending Hazel EX,"1,171","1,178",확인
2026-02-28,[45] 하이드레이션/전면검사,P3408A-04.00BRW,O2O2 D_Blending Hazel EX,"1,664","1,679",확인
2026-02-28,[45] 하이드레이션/전면검사,P3408A-04.50BRW,O2O2 D_Blending Hazel EX,"1,549","1,551",확인
2026-03-01,[45] 하이드레이션/전면검사,P3408A-04.00BRW,O2O2 D_Blending Hazel EX,"1,551","1,553",확인
2026-03-01,[45] 하이드레이션/전면검사,P3408A-01.75BRW,O2O2 D_Blending Hazel EX,"1,528","1,534",확인
2026-03-04,[45] 하이드레이션/전면검사,P3408A-01.00BRW,O2O2 D_Blending Hazel EX,"1,477","1,481",확인
2026-02-27,[45] 하이드레이션/전면검사,P3408A-08.50BRW,O2O2 D_Blending Hazel EX,"1,205","1,217",확인
2026-02-27,[45] 하이드레이션/전면검사,P3408A-07.00BRW,O2O2 D_Blending Hazel EX,"1,326","1,335",확인
2026-02-27,[45] 하이드레이션/전면검사,P3408A-02.50BRW,O2O2 D_Blending Hazel EX,"1,554","1,610",확인
2026-02-27,[45] 하이드레이션/전면검사,P3408A-01.75BRW,O2O2 D_Blending Hazel EX,"1,302","1,348",확인
2026-02-28,[45] 하이드레이션/전면검사,P3408A-04.75BRW,O2O2 D_Blending Hazel EX,"1,288","1,288",확인
2026-02-26,[45] 하이드레이션/전면검사,P3408A-01.75BRW,O2O2 D_Blending Hazel EX,"1,303","1,313",확인
2026-02-26,[45] 하이드레이션/전면검사,P3408A-03.25BRW,O2O2 D_Blending Hazel EX,"1,504","1,546",확인
2026-02-26,[45] 하이드레이션/전면검사,P3408A-02.75BRW,O2O2 D_Blending Hazel EX,"1,803","1,807",확인
2026-02-28,[45] 하이드레이션/전면검사,P3408A-06.50BRW,O2O2 D_Blending Hazel EX,"1,718","1,724",확인
2026-02-27,[45] 하이드레이션/전면검사,P3408A-04.50BRW,O2O2 D_Blending Hazel EX,"1,644","1,648",확인
2026-02-26,[45] 하이드레이션/전면검사,P3408A-02.50BRW,O2O2 D_Blending Hazel EX,"1,618","1,620",확인
2026-02-26,[45] 하이드레이션/전면검사,P3408A-01.75BRW,O2O2 D_Blending Hazel EX,"1,195","1,197",확인
2026-02-26,[45] 하이드레이션/전면검사,P3408A-03.50BRW,O2O2 D_Blending Hazel EX,"1,628","1,634",확인
2026-03-02,[45] 하이드레이션/전면검사,P3408A-01.50BRW,O2O2 D_Blending Hazel EX,"1,729","1,732",확인
2026-03-04,[45] 하이드레이션/전면검사,P3408A-01.50BRW,O2O2 D_Blending Hazel EX,"1,084","1,088",확인
2026-03-02,[45] 하이드레이션/전면검사,P3408A-00.00BRW,O2O2 D_Blending Hazel EX,"1,277","1,284",확인
2026-02-20,[45] 하이드레이션/전면검사,P3407A-02.75ASG,O2O2 D_Ash Gray EX,"1,596","1,633",확인
2026-02-23,[20] 분리,Q3406-03.25ASB,O2O2 D_Ash Brown EX,"2,103","2,298",확인
2026-02-20,[45] 하이드레이션/전면검사,P3407A-01.00ASG,O2O2 D_Ash Gray EX,"1,369","1,380",확인
2026-02-20,[45] 하이드레이션/전면검사,P3407A-00.00ASG,O2O2 D_Ash Gray EX,"1,222","1,225",확인
2026-03-03,[45] 하이드레이션/전면검사,P3408A-00.50BRW,O2O2 D_Blending Hazel EX,"1,626","1,629",확인
2026-02-28,[45] 하이드레이션/전면검사,P3408A-04.50BRW,O2O2 D_Blending Hazel EX,"1,388","1,403",확인
2026-02-28,[45] 하이드레이션/전면검사,P3408A-07.00BRW,O2O2 D_Blending Hazel EX,"1,436","1,441",확인
2026-02-20,[45] 하이드레이션/전면검사,P3407A-02.50ASG,O2O2 D_Ash Gray EX,"1,496","1,504",확인
2026-02-20,[45] 하이드레이션/전면검사,P3407A-00.00ASG,O2O2 D_Ash Gray EX,"1,133","1,138",확인
2026-03-02,[45] 하이드레이션/전면검사,P3408A-01.00BRW,O2O2 D_Blending Hazel EX,"1,632","1,636",확인
2026-03-04,[45] 하이드레이션/전면검사,P3405A-01.00SPC,O2O2 D_Sepia Choco EX,"1,586","1,589",확인
2026-03-04,[45] 하이드레이션/전면검사,P3405A-01.25SPC,O2O2 D_Sepia Choco EX,"1,021","1,032",확인
2026-03-04,[45] 하이드레이션/전면검사,P3405A-03.75SPC,O2O2 D_Sepia Choco EX,310,326,확인
2026-03-02,[45] 하이드레이션/전면검사,P3405A-03.75SPC,O2O2 D_Sepia Choco EX,658,669,확인
2026-03-04,[45] 하이드레이션/전면검사,P3405A-01.00SPC,O2O2 D_Sepia Choco EX,"1,721","1,786",확인
2026-02-27,[45] 하이드레이션/전면검사,P3405A-02.50SPC,O2O2 D_Sepia Choco EX,"1,140","1,157",확인
2026-03-03,[45] 하이드레이션/전면검사,P3405A-03.25SPC,O2O2 D_Sepia Choco EX,651,656,확인
2026-03-03,[45] 하이드레이션/전면검사,P3405A-01.00SPC,O2O2 D_Sepia Choco EX,944,951,확인
2026-02-26,[45] 하이드레이션/전면검사,P3405A-03.75SPC,O2O2 D_Sepia Choco EX,"1,106","1,111",확인
2026-02-26,[45] 하이드레이션/전면검사,P3405A-01.25SPC,O2O2 D_Sepia Choco EX,"1,737","1,741",확인
2026-03-04,[45] 하이드레이션/전면검사,P3405A-01.00SPC,O2O2 D_Sepia Choco EX,"1,650","1,665",확인
2026-03-04,[45] 하이드레이션/전면검사,P3405A-01.00SPC,O2O2 D_Sepia Choco EX,"1,210","1,210",확인
2026-03-04,[45] 하이드레이션/전면검사,P3405A-01.75SPC,O2O2 D_Sepia Choco EX,"1,246","1,247",확인
2026-02-24,[45] 하이드레이션/전면검사,P3408A-05.00BRW,O2O2 D_Blending Hazel EX,837,838,확인
2026-02-24,[45] 하이드레이션/전면검사,P3408A-02.00BRW,O2O2 D_Blending Hazel EX,901,905,확인
2026-02-24,[45] 하이드레이션/전면검사,P3408A-03.75BRW,O2O2 D_Blending Hazel EX,921,921,확인
2026-02-27,[45] 하이드레이션/전면검사,P3408A-06.00BRW,O2O2 D_Blending Hazel EX,"1,414","1,420",확인
2026-02-28,[45] 하이드레이션/전면검사,P3408A-02.25BRW,O2O2 D_Blending Hazel EX,"1,397","1,399",확인
2026-02-28,[45] 하이드레이션/전면검사,P3408A-02.25BRW,O2O2 D_Blending Hazel EX,"1,185","1,185",확인
2026-02-28,[45] 하이드레이션/전면검사,P3408A-02.25BRW,O2O2 D_Blending Hazel EX,"1,609","1,612",확인
2026-03-01,[45] 하이드레이션/전면검사,P3408A-03.75BRW,O2O2 D_Blending Hazel EX,"1,607","1,607",확인
2026-02-28,[45] 하이드레이션/전면검사,P3408A-06.50BRW,O2O2 D_Blending Hazel EX,"1,203","1,212",확인
2026-03-04,[45] 하이드레이션/전면검사,P3408A-01.25BRW,O2O2 D_Blending Hazel EX,"1,442","1,459",확인
2026-02-27,[45] 하이드레이션/전면검사,P3408A-03.25BRW,O2O2 D_Blending Hazel EX,"1,316","1,316",확인
2026-02-27,[45] 하이드레이션/전면검사,P3408A-07.50BRW,O2O2 D_Blending Hazel EX,375,380,확인
2026-02-27,[45] 하이드레이션/전면검사,P3408A-03.50BRW,O2O2 D_Blending Hazel EX,515,516,확인
2026-03-01,[45] 하이드레이션/전면검사,P3408A-06.00BRW,O2O2 D_Blending Hazel EX,"1,629","1,635",확인
2026-02-26,[45] 하이드레이션/전면검사,P3408A-02.75BRW,O2O2 D_Blending Hazel EX,"1,714","1,726",확인
2026-02-28,[45] 하이드레이션/전면검사,P3408A-04.25BRW,O2O2 D_Blending Hazel EX,"1,453","1,456",확인
2026-02-20,[45] 하이드레이션/전면검사,P3407A-02.25ASG,O2O2 D_Ash Gray EX,746,746,확인
2026-02-25,[20] 분리,Q3406-03.50ASB,O2O2 D_Ash Brown EX,"1,856","2,301",확인
2026-02-25,[20] 분리,Q3406-03.25ASB,O2O2 D_Ash Brown EX,"1,496","1,762",확인
2026-02-25,[80] 누수/규격검사,P3409A-03.75PIN,O2O2 D_Blending Rose EX,"1,550","1,555",확인
2026-03-01,[80] 누수/규격검사,P3408A-02.25BRW,O2O2 D_Blending Hazel EX,"1,380","1,380",확인
2026-03-02,[80] 누수/규격검사,P3408A-02.25BRW,O2O2 D_Blending Hazel EX,"1,295","1,325",확인
2026-03-02,[80] 누수/규격검사,P3408A-03.50BRW,O2O2 D_Blending Hazel EX,"1,560","1,595",확인
2026-03-01,[80] 누수/규격검사,P3408A-04.50BRW,O2O2 D_Blending Hazel EX,"1,500","1,500",확인
2026-02-21,[80] 누수/규격검사,P3406A-01.00ASB,O2O2 D_Ash Brown EX,"1,440","1,665",확인
2026-02-01,[80] 누수/규격검사,P3406A-00.00ASB,O2O2 D_Ash Brown EX,"1,765","1,780",확인
2026-03-01,[80] 누수/규격검사,P3408A-02.25BRW,O2O2 D_Blending Hazel EX,"1,540","1,540",확인
2026-03-02,[80] 누수/규격검사,P3408A-02.25BRW,O2O2 D_Blending Hazel EX,"1,370","1,380",확인
2026-02-24,[80] 누수/규격검사,P3406A-00.00ASB,O2O2 D_Ash Brown EX,"1,625","1,630",확인
2026-02-24,[80] 누수/규격검사,P3406A-00.00ASB,O2O2 D_Ash Brown EX,"1,025","1,025",확인
2026-02-27,[80] 누수/규격검사,P3406A-03.75ASB,O2O2 D_Ash Brown EX,"1,915","1,950",확인
2026-02-27,[80] 누수/규격검사,P3406A-00.00ASB,O2O2 D_Ash Brown EX,"1,560","1,595",확인
2026-02-27,[80] 누수/규격검사,P3406A-00.00ASB,O2O2 D_Ash Brown EX,"1,000","1,000",확인
2026-03-04,[45] 하이드레이션/전면검사,P3408A-01.50BRW,O2O2 D_Blending Hazel EX,"1,185","1,193",확인
2026-02-20,[80] 누수/규격검사,P3406A-00.00ASB,O2O2 D_Ash Brown EX,"1,285","1,305",확인
2026-03-03,[80] 누수/규격검사,P3406A-01.00ASB,O2O2 D_Ash Brown EX,"1,835","1,860",확인
2026-03-04,[80] 누수/규격검사,P3406A-03.75ASB,O2O2 D_Ash Brown EX,500,500,확인
2026-03-03,[80] 누수/규격검사,P3406A-01.25ASB,O2O2 D_Ash Brown EX,"1,620","1,620",확인
2026-02-22,[80] 누수/규격검사,P3406A-01.25ASB,O2O2 D_Ash Brown EX,"1,405","1,410",확인
2026-02-02,[80] 누수/규격검사,P3406A-00.00ASB,O2O2 D_Ash Brown EX,"1,600","1,600",확인
2026-02-02,[80] 누수/규격검사,P3406A-00.00ASB,O2O2 D_Ash Brown EX,"1,775","1,775",확인
2026-02-19,[80] 누수/규격검사,P3406A-01.00ASB,O2O2 D_Ash Brown EX,"1,610","1,645",확인
2026-02-19,[80] 누수/규격검사,P3406A-00.00ASB,O2O2 D_Ash Brown EX,"1,490","1,500",확인
2026-02-24,[80] 누수/규격검사,P3406A-00.00ASB,O2O2 D_Ash Brown EX,"1,370","1,370",확인
2026-02-24,[80] 누수/규격검사,P3406A-00.00ASB,O2O2 D_Ash Brown EX,"1,715","1,720",확인
2026-02-21,[80] 누수/규격검사,P3406A-01.00ASB,O2O2 D_Ash Brown EX,"1,580","1,595",확인
2026-02-03,[80] 누수/규격검사,P3406A-00.00ASB,O2O2 D_Ash Brown EX,"1,505","1,505",확인
2026-03-04,[45] 하이드레이션/전면검사,P3408A-00.00BRW,O2O2 D_Blending Hazel EX,923,923,확인
2026-03-04,[45] 하이드레이션/전면검사,P3408A-01.00BRW,O2O2 D_Blending Hazel EX,"1,358","1,360",확인
2026-02-22,[80] 누수/규격검사,P3406A-00.00ASB,O2O2 D_Ash Brown EX,"1,165","1,175",확인
2026-02-15,[80] 누수/규격검사,P3406A-00.00ASB,O2O2 D_Ash Brown EX,"1,635","1,640",확인
2026-02-20,[80] 누수/규격검사,P3406A-00.00ASB,O2O2 D_Ash Brown EX,"1,405","1,425",확인
2026-03-03,[80] 누수/규격검사,P3406A-09.50ASB,O2O2 D_Ash Brown EX,"2,020","2,020",확인
2026-02-24,[80] 누수/규격검사,P3409A-03.75PIN,O2O2 D_Blending Rose EX,940,945,확인
2026-02-24,[80] 누수/규격검사,P3409A-03.75PIN,O2O2 D_Blending Rose EX,"1,185","1,185",확인
2026-02-22,[80] 누수/규격검사,P3406A-00.00ASB,O2O2 D_Ash Brown EX,"1,295","1,330",확인
2026-03-04,[80] 누수/규격검사,P3406A-10.00ASB,O2O2 D_Ash Brown EX,"1,715","1,720",확인
2026-03-04,[80] 누수/규격검사,P3406A-02.75ASB,O2O2 D_Ash Brown EX,"1,475","1,480",확인
2026-02-22,[80] 누수/규격검사,P3406A-01.00ASB,O2O2 D_Ash Brown EX,"1,675","1,680",확인
2026-02-02,[80] 누수/규격검사,P3406A-00.00ASB,O2O2 D_Ash Brown EX,"1,810","1,815",확인
2026-02-02,[80] 누수/규격검사,P3406A-00.00ASB,O2O2 D_Ash Brown EX,"1,970","1,970",확인
2026-02-27,[80] 누수/규격검사,P3406A-01.75ASB,O2O2 D_Ash Brown EX,"1,655","1,660",확인
2026-02-24,[80] 누수/규격검사,P3406A-00.00ASB,O2O2 D_Ash Brown EX,755,760,확인
2026-02-01,[80] 누수/규격검사,P3406A-00.00ASB,O2O2 D_Ash Brown EX,"1,990","1,990",확인
2026-02-24,[80] 누수/규격검사,P3406A-01.25ASB,O2O2 D_Ash Brown EX,"1,835","1,860",확인
2026-02-27,[80] 누수/규격검사,P3406A-00.00ASB,O2O2 D_Ash Brown EX,985,985,확인
2026-02-27,[80] 누수/규격검사,P3406A-03.25ASB,O2O2 D_Ash Brown EX,"2,050","2,055",확인
2026-03-02,[45] 하이드레이션/전면검사,P3408A-03.75BRW,O2O2 D_Blending Hazel EX,"1,606","1,609",확인
2026-03-04,[45] 하이드레이션/전면검사,P3408A-00.75BRW,O2O2 D_Blending Hazel EX,"1,097","1,133",확인
2026-03-04,[45] 하이드레이션/전면검사,P3408A-01.50BRW,O2O2 D_Blending Hazel EX,"1,440","1,445",확인
2026-03-04,[45] 하이드레이션/전면검사,P3408A-02.25BRW,O2O2 D_Blending Hazel EX,"1,463","1,466",확인
2026-03-02,[45] 하이드레이션/전면검사,P3408A-04.25BRW,O2O2 D_Blending Hazel EX,"1,574","1,575",확인
2026-02-02,[80] 누수/규격검사,P3406A-00.00ASB,O2O2 D_Ash Brown EX,"1,955","1,955",확인
2026-02-02,[80] 누수/규격검사,P3406A-00.00ASB,O2O2 D_Ash Brown EX,"2,145","2,145",확인
2026-02-01,[80] 누수/규격검사,P3406A-00.00ASB,O2O2 D_Ash Brown EX,"1,600","1,600",확인
2026-02-23,[80] 누수/규격검사,P3406A-02.00ASB,O2O2 D_Ash Brown EX,"1,605","1,605",확인
2026-02-19,[80] 누수/규격검사,P3406A-01.00ASB,O2O2 D_Ash Brown EX,"1,655","1,700",확인
2026-02-19,[80] 누수/규격검사,P3406A-00.00ASB,O2O2 D_Ash Brown EX,"1,630","1,630",확인
2026-02-28,[80] 누수/규격검사,P3406A-00.00ASB,O2O2 D_Ash Brown EX,"1,455","1,455",확인
2026-02-22,[80] 누수/규격검사,P3406A-00.00ASB,O2O2 D_Ash Brown EX,"1,695","1,695",확인
2026-02-22,[80] 누수/규격검사,P3406A-00.00ASB,O2O2 D_Ash Brown EX,"1,165","1,200",확인
2026-02-22,[80] 누수/규격검사,P3406A-01.00ASB,O2O2 D_Ash Brown EX,"1,555","1,555",확인
2026-02-22,[80] 누수/규격검사,P3406A-00.00ASB,O2O2 D_Ash Brown EX,"1,520","1,575",확인
2026-02-22,[80] 누수/규격검사,P3406A-00.00ASB,O2O2 D_Ash Brown EX,"1,110","1,125",확인
2026-02-22,[80] 누수/규격검사,P3406A-00.00ASB,O2O2 D_Ash Brown EX,"1,495","1,520",확인
2026-02-02,[80] 누수/규격검사,P3406A-00.00ASB,O2O2 D_Ash Brown EX,"2,055","2,055",확인
2026-02-23,[80] 누수/규격검사,P3406A-02.00ASB,O2O2 D_Ash Brown EX,"1,550","1,560",확인
2026-02-01,[45] 하이드레이션/전면검사,P3406A-00.00ASB,O2O2 D_Ash Brown EX,"2,067","2,071",확인
2026-02-23,[20] 분리,Q3406-03.25ASB,O2O2 D_Ash Brown EX,"2,129","2,298",확인
2026-03-03,[80] 누수/규격검사,P3406A-03.25ASB,O2O2 D_Ash Brown EX,"1,930","1,930",확인
2026-02-25,[80] 누수/규격검사,P3406A-00.00ASB,O2O2 D_Ash Brown EX,480,485,확인
2026-02-02,[80] 누수/규격검사,P3406A-00.00ASB,O2O2 D_Ash Brown EX,"2,020","2,020",확인
2026-02-24,[80] 누수/규격검사,P3406A-00.00ASB,O2O2 D_Ash Brown EX,"1,105","1,105",확인
2026-02-22,[80] 누수/규격검사,P3406A-00.00ASB,O2O2 D_Ash Brown EX,"1,595","1,610",확인
2026-02-25,[80] 누수/규격검사,P3406A-00.00ASB,O2O2 D_Ash Brown EX,985,995,확인
2026-02-02,[80] 누수/규격검사,P3406A-00.00ASB,O2O2 D_Ash Brown EX,"1,705","1,705",확인
2026-02-13,[80] 누수/규격검사,P3406A-00.00ASB,O2O2 D_Ash Brown EX,"1,485","1,490",확인
2026-02-27,[80] 누수/규격검사,P3406A-03.75ASB,O2O2 D_Ash Brown EX,"1,730","1,730",확인
2026-02-11,[45] 하이드레이션/전면검사,P3406A-00.00ASB,O2O2 D_Ash Brown EX,"1,560","1,575",확인
2026-02-21,[80] 누수/규격검사,P3406A-00.00ASB,O2O2 D_Ash Brown EX,890,890,확인
2026-02-27,[45] 하이드레이션/전면검사,P3408A-06.50BRW,O2O2 D_Blending Hazel EX,"1,387","1,392",확인
2026-03-03,[45] 하이드레이션/전면검사,P3408A-01.00BRW,O2O2 D_Blending Hazel EX,"1,275","1,282",확인
2026-02-27,[45] 하이드레이션/전면검사,P3408A-01.75BRW,O2O2 D_Blending Hazel EX,"1,195","1,292",확인
2026-02-01,[45] 하이드레이션/전면검사,P3406A-00.00ASB,O2O2 D_Ash Brown EX,"2,170","2,174",확인
2026-02-13,[45] 하이드레이션/전면검사,P3406A-00.00ASB,O2O2 D_Ash Brown EX,"1,724","1,729",확인
2026-03-03,[45] 하이드레이션/전면검사,P3406A-02.50ASB,O2O2 D_Ash Brown EX,304,305,확인
2026-02-19,[45] 하이드레이션/전면검사,P3406A-00.00ASB,O2O2 D_Ash Brown EX,"1,694","1,699",확인
2026-02-27,[45] 하이드레이션/전면검사,P3406A-00.00ASB,O2O2 D_Ash Brown EX,"1,020","1,033",확인
2026-02-24,[45] 하이드레이션/전면검사,P3406A-03.25ASB,O2O2 D_Ash Brown EX,"1,823","1,832",확인
2026-02-24,[45] 하이드레이션/전면검사,P3406A-01.75ASB,O2O2 D_Ash Brown EX,"1,746","1,750",확인
2026-02-22,[45] 하이드레이션/전면검사,P3406A-01.00ASB,O2O2 D_Ash Brown EX,"1,696","1,733",확인
2026-02-20,[45] 하이드레이션/전면검사,P3406A-00.00ASB,O2O2 D_Ash Brown EX,"1,351","1,376",확인
2026-03-02,[45] 하이드레이션/전면검사,P3406A-02.75ASB,O2O2 D_Ash Brown EX,"1,584","1,585",확인
2026-02-24,[80] 누수/규격검사,P3406A-00.00ASB,O2O2 D_Ash Brown EX,"1,125","1,130",확인
2026-02-27,[80] 누수/규격검사,P3406A-03.25ASB,O2O2 D_Ash Brown EX,"1,775","1,775",확인
2026-02-19,[45] 하이드레이션/전면검사,P3406A-00.00ASB,O2O2 D_Ash Brown EX,"1,397","1,402",확인
2026-02-19,[45] 하이드레이션/전면검사,P3406A-00.00ASB,O2O2 D_Ash Brown EX,"1,573","1,611",확인
2026-02-24,[45] 하이드레이션/전면검사,P3406A-03.00ASB,O2O2 D_Ash Brown EX,"1,559","1,563",확인
2026-02-15,[45] 하이드레이션/전면검사,P3406A-01.00ASB,O2O2 D_Ash Brown EX,"1,731","1,737",확인
2026-02-22,[45] 하이드레이션/전면검사,P3406A-01.25ASB,O2O2 D_Ash Brown EX,"1,431","1,449",확인
2026-03-04,[45] 하이드레이션/전면검사,P3406A-10.00ASB,O2O2 D_Ash Brown EX,"1,267","1,274",확인
2026-03-02,[45] 하이드레이션/전면검사,P3406A-03.75ASB,O2O2 D_Ash Brown EX,529,535,확인
2026-03-01,[45] 하이드레이션/전면검사,P3406A-01.25ASB,O2O2 D_Ash Brown EX,"1,700","1,708",확인
2026-03-01,[45] 하이드레이션/전면검사,P3406A-03.25ASB,O2O2 D_Ash Brown EX,"1,034","1,038",확인
2026-03-01,[45] 하이드레이션/전면검사,P3406A-01.00ASB,O2O2 D_Ash Brown EX,"1,898","1,906",확인
2026-02-23,[45] 하이드레이션/전면검사,P3406A-00.00ASB,O2O2 D_Ash Brown EX,"1,413","1,431",확인
2026-02-23,[45] 하이드레이션/전면검사,P3406A-00.00ASB,O2O2 D_Ash Brown EX,"1,787","1,797",확인
2026-02-26,[10] 사출조립,R3408-07.00BRW,O2O2 D_Blending Hazel EX,"1,871","2,028",확인
2026-03-01,[10] 사출조립,R3408-00.50BRW,O2O2 D_Blending Hazel EX,"1,716","2,020",확인
2026-03-03,[10] 사출조립,R3408-02.00BRW,O2O2 D_Blending Hazel EX,"2,003","2,003",저장
2026-03-03,[10] 사출조립,R3408-03.25BRW,O2O2 D_Blending Hazel EX,"2,003","2,003",저장
2026-03-03,[10] 사출조립,R3408-00.75BRW,O2O2 D_Blending Hazel EX,"1,914","2,009",확인
2026-03-03,[10] 사출조립,R3408-02.25BRW,O2O2 D_Blending Hazel EX,"1,917","2,009",확인
2026-03-04,[10] 사출조립,R3408-00.75BRW,O2O2 D_Blending Hazel EX,"1,847","1,908",확인
2026-03-04,[10] 사출조립,R3408-02.00BRW,O2O2 D_Blending Hazel EX,"1,908","1,908",저장
2026-03-04,[45] 하이드레이션/전면검사,P3406A-01.00ASB,O2O2 D_Ash Brown EX,"1,842","1,857",확인
2026-02-24,[45] 하이드레이션/전면검사,P3406A-00.00ASB,O2O2 D_Ash Brown EX,"1,462","1,490",확인
2026-02-22,[45] 하이드레이션/전면검사,P3406A-01.25ASB,O2O2 D_Ash Brown EX,"1,739","1,745",확인
2026-02-22,[45] 하이드레이션/전면검사,P3406A-01.00ASB,O2O2 D_Ash Brown EX,"1,604","1,621",확인
2026-02-26,[45] 하이드레이션/전면검사,P3406A-03.75ASB,O2O2 D_Ash Brown EX,"2,051","2,088",확인
2026-02-26,[45] 하이드레이션/전면검사,P3406A-00.00ASB,O2O2 D_Ash Brown EX,"1,644","1,663",확인
2026-02-23,[80] 누수/규격검사,P3406A-01.25ASB,O2O2 D_Ash Brown EX,"1,660","1,665",확인
2026-02-23,[80] 누수/규격검사,P3406A-01.00ASB,O2O2 D_Ash Brown EX,"1,305","1,310",확인
2026-02-01,[45] 하이드레이션/전면검사,P3406A-00.00ASB,O2O2 D_Ash Brown EX,"1,528","1,533",확인
2026-03-04,[80] 누수/규격검사,P3406A-09.50ASB,O2O2 D_Ash Brown EX,"1,940","1,945",확인
2026-03-03,[80] 누수/규격검사,P3406A-09.50ASB,O2O2 D_Ash Brown EX,"2,070","2,070",확인
2026-02-27,[80] 누수/규격검사,P3406A-01.00ASB,O2O2 D_Ash Brown EX,"1,530","1,530",확인
2026-02-23,[45] 하이드레이션/전면검사,P3406A-01.25ASB,O2O2 D_Ash Brown EX,"1,915","1,921",확인
2026-02-24,[45] 하이드레이션/전면검사,P3406A-03.25ASB,O2O2 D_Ash Brown EX,"2,093","2,103",확인
2026-02-26,[45] 하이드레이션/전면검사,P3406A-00.00ASB,O2O2 D_Ash Brown EX,997,"1,003",확인
2026-02-26,[45] 하이드레이션/전면검사,P3406A-00.00ASB,O2O2 D_Ash Brown EX,"1,078","1,079",확인
2026-02-20,[45] 하이드레이션/전면검사,P3406A-00.00ASB,O2O2 D_Ash Brown EX,"1,565","1,583",확인
2026-02-26,[45] 하이드레이션/전면검사,P3406A-01.00ASB,O2O2 D_Ash Brown EX,"1,598","1,604",확인
2026-02-19,[45] 하이드레이션/전면검사,P3406A-00.00ASB,O2O2 D_Ash Brown EX,"1,448","1,455",확인
2026-02-15,[45] 하이드레이션/전면검사,P3406A-01.00ASB,O2O2 D_Ash Brown EX,"1,728","1,734",확인
2026-02-20,[45] 하이드레이션/전면검사,P3406A-01.00ASB,O2O2 D_Ash Brown EX,"1,691","1,706",확인
2026-02-20,[45] 하이드레이션/전면검사,P3406A-00.00ASB,O2O2 D_Ash Brown EX,"1,203","1,203",확인
2026-02-22,[45] 하이드레이션/전면검사,P3406A-02.00ASB,O2O2 D_Ash Brown EX,"1,721","1,721",확인
2026-03-01,[45] 하이드레이션/전면검사,P3406A-10.00ASB,O2O2 D_Ash Brown EX,"1,132","1,133",확인
2026-03-01,[45] 하이드레이션/전면검사,P3406A-09.50ASB,O2O2 D_Ash Brown EX,"2,033","2,040",확인
2026-02-26,[10] 사출조립,R3408-07.00BRW,O2O2 D_Blending Hazel EX,"1,794","2,004",확인
2026-03-03,[10] 사출조립,R3408-03.25BRW,O2O2 D_Blending Hazel EX,"1,701","2,003",확인
2026-03-03,[10] 사출조립,R3408-03.00BRW,O2O2 D_Blending Hazel EX,"2,009","2,009",저장
2026-02-22,[10] 사출조립,R3408-01.75BRW,O2O2 D_Blending Hazel EX,"1,852","2,011",확인
2026-02-22,[10] 사출조립,R3408-01.75BRW,O2O2 D_Blending Hazel EX,"1,649","2,010",확인
2026-02-23,[10] 사출조립,R3408-02.75BRW,O2O2 D_Blending Hazel EX,"1,642","2,013",확인
2026-02-25,[10] 사출조립,R3408-04.50BRW,O2O2 D_Blending Hazel EX,"1,835","2,009",확인
2026-02-25,[10] 사출조립,R3408-07.50BRW,O2O2 D_Blending Hazel EX,"1,959","2,017",확인
2026-03-02,[10] 사출조립,R3408-00.00BRW,O2O2 D_Blending Hazel EX,"1,322","1,458",확인
2026-03-02,[10] 사출조립,R3408-01.25BRW,O2O2 D_Blending Hazel EX,"1,584","1,743",확인
2026-03-02,[10] 사출조립,R3408-01.25BRW,O2O2 D_Blending Hazel EX,843,"1,743",확인
2026-03-02,[10] 사출조립,R3408-01.00BRW,O2O2 D_Blending Hazel EX,"1,973","1,973",저장
2026-03-02,[10] 사출조립,R3408-01.50BRW,O2O2 D_Blending Hazel EX,"1,896","1,973",확인
2026-03-02,[10] 사출조립,R3408-00.00BRW,O2O2 D_Blending Hazel EX,"1,303","1,384",확인
2026-03-04,[45] 하이드레이션/전면검사,P3406A-01.25ASB,O2O2 D_Ash Brown EX,"1,682","1,748",확인
2026-02-23,[45] 하이드레이션/전면검사,P3406A-00.00ASB,O2O2 D_Ash Brown EX,"1,186","1,191",확인
2026-03-01,[45] 하이드레이션/전면검사,P3406A-10.00ASB,O2O2 D_Ash Brown EX,"1,801","1,808",확인
2026-02-23,[45] 하이드레이션/전면검사,P3406A-00.00ASB,O2O2 D_Ash Brown EX,791,800,확인
2026-02-24,[10] 사출조립,R3408-02.25BRW,O2O2 D_Blending Hazel EX,"1,940","2,023",확인
2026-02-24,[10] 사출조립,R3408-02.75BRW,O2O2 D_Blending Hazel EX,"1,756","2,023",확인
2026-02-27,[10] 사출조립,R3408-03.75BRW,O2O2 D_Blending Hazel EX,"1,792","1,907",확인
2026-02-27,[10] 사출조립,R3408-04.00BRW,O2O2 D_Blending Hazel EX,"1,719","1,906",확인
2026-02-26,[10] 사출조립,R3408-06.00BRW,O2O2 D_Blending Hazel EX,"1,839","1,955",확인
2026-03-01,[10] 사출조립,R3408-03.25BRW,O2O2 D_Blending Hazel EX,"1,976","2,089",확인
2026-03-03,[10] 사출조립,R3408-00.50BRW,O2O2 D_Blending Hazel EX,"1,783","2,009",확인
2026-02-22,[10] 사출조립,R3408-02.25BRW,O2O2 D_Blending Hazel EX,"1,735","2,008",확인
2026-02-22,[10] 사출조립,R3408-02.25BRW,O2O2 D_Blending Hazel EX,"1,893","2,017",확인
2026-02-22,[10] 사출조립,R3408-01.75BRW,O2O2 D_Blending Hazel EX,"1,569","1,985",확인
2026-02-22,[10] 사출조립,R3408-02.25BRW,O2O2 D_Blending Hazel EX,"1,485","1,990",확인
2026-02-22,[10] 사출조립,R3408-02.50BRW,O2O2 D_Blending Hazel EX,"1,883","1,985",확인
2026-02-22,[45] 하이드레이션/전면검사,P3406A-00.00ASB,O2O2 D_Ash Brown EX,"1,238","1,250",확인
2026-02-20,[45] 하이드레이션/전면검사,P3406A-00.00ASB,O2O2 D_Ash Brown EX,"1,594","1,603",확인
2026-02-22,[45] 하이드레이션/전면검사,P3406A-00.00ASB,O2O2 D_Ash Brown EX,"1,733","1,741",확인
2026-02-22,[45] 하이드레이션/전면검사,P3406A-01.00ASB,O2O2 D_Ash Brown EX,"1,414","1,425",확인
2026-02-20,[45] 하이드레이션/전면검사,P3406A-00.00ASB,O2O2 D_Ash Brown EX,"1,176","1,179",확인
2026-02-22,[45] 하이드레이션/전면검사,P3406A-00.00ASB,O2O2 D_Ash Brown EX,"1,539","1,550",확인
2026-02-22,[45] 하이드레이션/전면검사,P3406A-02.00ASB,O2O2 D_Ash Brown EX,"1,587","1,594",확인
2026-02-23,[45] 하이드레이션/전면검사,P3406A-00.00ASB,O2O2 D_Ash Brown EX,"1,071","1,074",확인
2026-02-23,[45] 하이드레이션/전면검사,P3406A-00.00ASB,O2O2 D_Ash Brown EX,871,887,확인
2026-02-23,[45] 하이드레이션/전면검사,P3406A-00.00ASB,O2O2 D_Ash Brown EX,"1,684","1,692",확인
2026-02-24,[10] 사출조립,R3408-02.75BRW,O2O2 D_Blending Hazel EX,"1,993","2,021",확인
2026-02-24,[45] 하이드레이션/전면검사,P3406A-03.75ASB,O2O2 D_Ash Brown EX,"1,807","1,817",확인
2026-03-04,[45] 하이드레이션/전면검사,P3406A-10.00ASB,O2O2 D_Ash Brown EX,0.00,"2,001.00",저장
2026-02-21,[45] 하이드레이션/전면검사,P3406A-00.00ASB,O2O2 D_Ash Brown EX,"1,629.00","1,630.00",확인
2026-02-23,[45] 하이드레이션/전면검사,P3406A-00.00ASB,O2O2 D_Ash Brown EX,"1,028","1,030",확인
2026-02-28,[10] 사출조립,R3408-01.50BRW,O2O2 D_Blending Hazel EX,"1,695","2,062",확인
2026-02-24,[10] 사출조립,R3408-01.75BRW,O2O2 D_Blending Hazel EX,"1,360","2,019",확인
2026-02-24,[10] 사출조립,R3408-03.50BRW,O2O2 D_Blending Hazel EX,"1,968","2,017",확인
2026-03-01,[10] 사출조립,R3408-00.75BRW,O2O2 D_Blending Hazel EX,"1,886","2,038",확인
2026-02-28,[45] 하이드레이션/전면검사,P3408A-02.50BRW,O2O2 D_Blending Hazel EX,"1,553","1,555",확인
2026-02-28,[45] 하이드레이션/전면검사,P3408A-04.75BRW,O2O2 D_Blending Hazel EX,"1,674","1,675",확인
2026-03-01,[45] 하이드레이션/전면검사,P3408A-04.00BRW,O2O2 D_Blending Hazel EX,"1,206","1,206",확인
2026-03-01,[45] 하이드레이션/전면검사,P3408A-00.00BRW,O2O2 D_Blending Hazel EX,869,870,확인
2026-02-26,[45] 하이드레이션/전면검사,P3408A-02.25BRW,O2O2 D_Blending Hazel EX,"1,563","1,610",확인
2026-02-26,[45] 하이드레이션/전면검사,P3408A-03.25BRW,O2O2 D_Blending Hazel EX,"1,696","1,709",확인
2026-03-02,[45] 하이드레이션/전면검사,P3408A-00.00BRW,O2O2 D_Blending Hazel EX,"1,197","1,207",확인
2026-02-20,[45] 하이드레이션/전면검사,P3407A-00.00ASG,O2O2 D_Ash Gray EX,"1,234","1,238",확인
2026-02-20,[45] 하이드레이션/전면검사,P3407A-02.00ASG,O2O2 D_Ash Gray EX,800,800,확인
2026-02-26,[10] 사출조립,R3408-04.75BRW,O2O2 D_Blending Hazel EX,"1,630","2,003",확인
2026-02-26,[10] 사출조립,R3408-06.50BRW,O2O2 D_Blending Hazel EX,"1,863","1,965",확인
2026-03-03,[10] 사출조립,R3408-01.25BRW,O2O2 D_Blending Hazel EX,"2,003","2,003",저장
2026-03-03,[10] 사출조립,R3408-01.25BRW,O2O2 D_Blending Hazel EX,"2,003","2,003",저장
2026-03-03,[10] 사출조립,R3408-03.00BRW,O2O2 D_Blending Hazel EX,"2,009","2,009",저장
2026-02-22,[10] 사출조립,R3408-02.50BRW,O2O2 D_Blending Hazel EX,"1,958","2,020",확인
2026-02-22,[10] 사출조립,R3408-01.75BRW,O2O2 D_Blending Hazel EX,"1,463","1,977",확인
2026-02-22,[10] 사출조립,R3408-03.25BRW,O2O2 D_Blending Hazel EX,"1,893","1,980",확인
2026-03-01,[10] 사출조립,R3408-01.00BRW,O2O2 D_Blending Hazel EX,"1,717","1,846",확인
2026-03-01,[10] 사출조립,R3408-01.50BRW,O2O2 D_Blending Hazel EX,"1,696","1,868",확인
2026-02-26,[10] 사출조립,R3408-04.75BRW,O2O2 D_Blending Hazel EX,"1,716","1,828",확인
2026-02-26,[10] 사출조립,R3408-07.00BRW,O2O2 D_Blending Hazel EX,"1,645","1,807",확인
2026-02-23,[10] 사출조립,R3408-01.75BRW,O2O2 D_Blending Hazel EX,"1,577","2,002",확인
2026-02-25,[10] 사출조립,R3408-08.00BRW,O2O2 D_Blending Hazel EX,"1,550","1,996",확인
2026-03-02,[10] 사출조립,R3408-00.00BRW,O2O2 D_Blending Hazel EX,997,"1,458",확인
2026-03-02,[10] 사출조립,R3408-00.00BRW,O2O2 D_Blending Hazel EX,"1,266","1,395",확인
2026-02-28,[10] 사출조립,R3408-01.00BRW,O2O2 D_Blending Hazel EX,"1,850","2,122",확인
2026-02-27,[10] 사출조립,R3408-04.00BRW,O2O2 D_Blending Hazel EX,"1,791","1,932",확인
2026-02-27,[10] 사출조립,R3408-04.00BRW,O2O2 D_Blending Hazel EX,"1,802","1,910",확인
2026-02-27,[10] 사출조립,R3408-03.75BRW,O2O2 D_Blending Hazel EX,"1,583","1,882",확인
2026-02-28,[10] 사출조립,R3408-01.00BRW,O2O2 D_Blending Hazel EX,"2,003","2,137",확인
2026-02-22,[10] 사출조립,R3408-03.25BRW,O2O2 D_Blending Hazel EX,"1,737","1,988",확인
2026-03-04,[10] 사출조립,R3408-02.25BRW,O2O2 D_Blending Hazel EX,"1,848","1,908",확인
2026-03-01,[10] 사출조립,R3408-00.00BRW,O2O2 D_Blending Hazel EX,"1,637","1,680",확인
2026-03-01,[10] 사출조립,R3408-01.25BRW,O2O2 D_Blending Hazel EX,"1,906","2,146",확인
2026-03-01,[10] 사출조립,R3408-01.25BRW,O2O2 D_Blending Hazel EX,"1,013","1,862",확인
2026-02-26,[10] 사출조립,R3408-04.75BRW,O2O2 D_Blending Hazel EX,"1,659","1,832",확인
2026-02-26,[10] 사출조립,R3408-06.00BRW,O2O2 D_Blending Hazel EX,"1,649","1,800",확인
2026-02-26,[10] 사출조립,R3408-06.50BRW,O2O2 D_Blending Hazel EX,"1,734","1,812",확인
2026-02-26,[10] 사출조립,R3408-07.00BRW,O2O2 D_Blending Hazel EX,"1,665","1,820",확인
2026-02-23,[10] 사출조립,R3408-03.50BRW,O2O2 D_Blending Hazel EX,"1,848","1,961",확인
2026-03-02,[10] 사출조립,R3408-00.00BRW,O2O2 D_Blending Hazel EX,"1,166","1,382",확인
2026-03-02,[10] 사출조립,R3408-03.00BRW,O2O2 D_Blending Hazel EX,"1,914","1,973",확인
2026-02-27,[10] 사출조립,R3408-00.00BRW,O2O2 D_Blending Hazel EX,"1,429","1,655",확인
2026-03-01,[10] 사출조립,R3408-02.25BRW,O2O2 D_Blending Hazel EX,0,"2,081",확인
2026-03-03,[10] 사출조립,R3408-01.50BRW,O2O2 D_Blending Hazel EX,"2,003","2,003",저장
2026-02-22,[10] 사출조립,R3408-02.50BRW,O2O2 D_Blending Hazel EX,"1,942","2,020",확인
2026-03-04,[10] 사출조립,R3408-00.50BRW,O2O2 D_Blending Hazel EX,"1,676","1,908",확인
2026-03-04,[10] 사출조립,R3408-03.00BRW,O2O2 D_Blending Hazel EX,"1,849","1,908",확인
2026-03-04,[10] 사출조립,R3408-03.00BRW,O2O2 D_Blending Hazel EX,"1,713","1,908",확인
2026-03-01,[10] 사출조립,R3408-01.50BRW,O2O2 D_Blending Hazel EX,"1,548","1,876",확인
2026-02-25,[10] 사출조립,R3408-04.50BRW,O2O2 D_Blending Hazel EX,"1,881","2,018",확인
2026-02-25,[10] 사출조립,R3408-08.00BRW,O2O2 D_Blending Hazel EX,"1,906","2,037",확인
2026-03-02,[10] 사출조립,R3408-02.00BRW,O2O2 D_Blending Hazel EX,928,"1,743",확인
2026-03-02,[10] 사출조립,R3408-03.00BRW,O2O2 D_Blending Hazel EX,"1,743","1,743",저장
2026-03-02,[10] 사출조립,R3408-02.00BRW,O2O2 D_Blending Hazel EX,"1,816","1,973",확인
2026-02-27,[10] 사출조립,R3408-00.00BRW,O2O2 D_Blending Hazel EX,"1,441","1,659",확인
2026-02-28,[10] 사출조립,R3408-01.50BRW,O2O2 D_Blending Hazel EX,"2,015","2,142",확인
2026-02-27,[10] 사출조립,R3408-00.00BRW,O2O2 D_Blending Hazel EX,0,"1,653",확인
2026-02-27,[10] 사출조립,R3408-00.00BRW,O2O2 D_Blending Hazel EX,"1,504","1,634",확인
2026-02-27,[10] 사출조립,R3408-03.75BRW,O2O2 D_Blending Hazel EX,"1,804","1,882",확인
2026-03-03,[10] 사출조립,R3405-02.25SPC,O2O2 D_Sepia Choco EX,"2,101","2,101",저장
2026-03-03,[10] 사출조립,R3405-02.25SPC,O2O2 D_Sepia Choco EX,"2,101","2,101",저장
2026-03-03,[10] 사출조립,R3405-02.25SPC,O2O2 D_Sepia Choco EX,"2,126","2,180",확인
2026-02-27,[10] 사출조립,R3405-03.00SPC,O2O2 D_Sepia Choco EX,744,"1,010",확인
2026-02-27,[10] 사출조립,R3405-03.75SPC,O2O2 D_Sepia Choco EX,"1,020","1,048",확인
2026-03-02,[10] 사출조립,R3405-02.25SPC,O2O2 D_Sepia Choco EX,"1,643","1,934",확인
2026-03-02,[10] 사출조립,R3405-02.25SPC,O2O2 D_Sepia Choco EX,"1,934","1,934",저장
2026-03-01,[10] 사출조립,R3405-01.00SPC,O2O2 D_Sepia Choco EX,"1,743","1,743",저장
2026-03-01,[10] 사출조립,R3405-01.00SPC,O2O2 D_Sepia Choco EX,"1,743","1,743",저장
2026-03-03,[10] 사출조립,R3405-02.25SPC,O2O2 D_Sepia Choco EX,"2,028","2,180",확인
2026-02-27,[10] 사출조립,R3405-03.25SPC,O2O2 D_Sepia Choco EX,992,"1,048",확인
2026-03-02,[10] 사출조립,R3405-02.75SPC,O2O2 D_Sepia Choco EX,495,"1,934",확인
2026-02-28,[10] 사출조립,R3406-03.75ASB,O2O2 D_Ash Brown EX,"1,975","2,287",확인
2026-02-27,[10] 사출조립,R3406-02.25ASB,O2O2 D_Ash Brown EX,"1,758","2,000",확인
2026-02-27,[10] 사출조립,R3406-02.50ASB,O2O2 D_Ash Brown EX,"1,178","2,000",확인
2026-02-27,[10] 사출조립,R3406-03.25ASB,O2O2 D_Ash Brown EX,"1,793","2,155",확인
2026-02-27,[10] 사출조립,R3406-03.25ASB,O2O2 D_Ash Brown EX,"1,269","2,158",확인
2026-02-28,[10] 사출조립,R3406-03.25ASB,O2O2 D_Ash Brown EX,"2,143","2,285",확인
2026-03-04,[45] 하이드레이션/전면검사,P3406A-03.25ASB,O2O2 D_Ash Brown EX,"1,140","1,142",확인
2026-02-20,[45] 하이드레이션/전면검사,P3406A-01.00ASB,O2O2 D_Ash Brown EX,"1,632","1,641",확인
2026-03-04,[45] 하이드레이션/전면검사,P3406A-10.00ASB,O2O2 D_Ash Brown EX,0,"1,845",저장
2026-03-02,[45] 하이드레이션/전면검사,P3406A-03.25ASB,O2O2 D_Ash Brown EX,"1,950","1,952",확인
2026-02-23,[45] 하이드레이션/전면검사,P3406A-00.00ASB,O2O2 D_Ash Brown EX,"1,149","1,160",확인
2026-02-23,[45] 하이드레이션/전면검사,P3406A-00.00ASB,O2O2 D_Ash Brown EX,670,682,확인
2026-02-28,[10] 사출조립,R3408-01.50BRW,O2O2 D_Blending Hazel EX,"1,864","2,068",확인
2026-02-24,[10] 사출조립,R3408-02.25BRW,O2O2 D_Blending Hazel EX,"1,673","2,027",확인
2026-02-27,[10] 사출조립,R3408-03.75BRW,O2O2 D_Blending Hazel EX,"1,863","1,902",확인
2026-02-24,[10] 사출조립,R3408-01.75BRW,O2O2 D_Blending Hazel EX,"1,613","2,019",확인
2026-02-26,[10] 사출조립,R3408-06.50BRW,O2O2 D_Blending Hazel EX,"1,897","2,035",확인
2026-03-03,[10] 사출조립,R3408-01.50BRW,O2O2 D_Blending Hazel EX,"1,919","2,003",확인
2026-02-22,[10] 사출조립,R3408-02.25BRW,O2O2 D_Blending Hazel EX,"1,811","1,985",확인
2026-03-01,[10] 사출조립,R3408-01.25BRW,O2O2 D_Blending Hazel EX,"1,715","1,901",확인
2026-02-26,[10] 사출조립,R3408-06.00BRW,O2O2 D_Blending Hazel EX,"1,694","1,802",확인
2026-02-23,[10] 사출조립,R3408-02.25BRW,O2O2 D_Blending Hazel EX,"1,691","1,961",확인
2026-02-23,[10] 사출조립,R3408-03.50BRW,O2O2 D_Blending Hazel EX,"1,692","1,963",확인
2026-03-02,[10] 사출조립,R3408-00.00BRW,O2O2 D_Blending Hazel EX,"1,271","1,458",확인
2026-03-02,[10] 사출조립,R3408-03.25BRW,O2O2 D_Blending Hazel EX,"1,743","1,743",저장
2026-03-02,[10] 사출조립,R3408-03.00BRW,O2O2 D_Blending Hazel EX,"1,726","1,973",확인
2026-03-02,[10] 사출조립,R3408-00.00BRW,O2O2 D_Blending Hazel EX,"1,141","1,458",확인
2026-03-02,[10] 사출조립,R3408-00.00BRW,O2O2 D_Blending Hazel EX,0,"1,458",저장
2026-02-27,[10] 사출조립,R3408-04.00BRW,O2O2 D_Blending Hazel EX,"1,725","1,882",확인
2026-02-28,[10] 사출조립,R3408-01.25BRW,O2O2 D_Blending Hazel EX,"1,733","2,127",확인
2026-03-01,[45] 하이드레이션/전면검사,P3406A-09.50ASB,O2O2 D_Ash Brown EX,"2,100","2,109",확인
2026-03-01,[45] 하이드레이션/전면검사,P3406A-09.50ASB,O2O2 D_Ash Brown EX,"1,970","1,979",확인
2026-02-24,[10] 사출조립,R3408-03.50BRW,O2O2 D_Blending Hazel EX,"1,766","2,005",확인
2026-02-27,[10] 사출조립,R3408-03.75BRW,O2O2 D_Blending Hazel EX,"1,858","1,914",확인
2026-02-26,[10] 사출조립,R3408-06.00BRW,O2O2 D_Blending Hazel EX,"1,799","1,951",확인
2026-03-01,[10] 사출조립,R3408-00.50BRW,O2O2 D_Blending Hazel EX,"1,681","1,808",확인
2026-03-01,[10] 사출조립,R3408-00.75BRW,O2O2 D_Blending Hazel EX,"1,991","2,066",확인
2026-03-01,[10] 사출조립,R3408-02.25BRW,O2O2 D_Blending Hazel EX,"2,016","2,116",확인
2026-03-03,[10] 사출조립,R3408-00.50BRW,O2O2 D_Blending Hazel EX,"1,846","2,009",확인
2026-03-03,[10] 사출조립,R3408-00.75BRW,O2O2 D_Blending Hazel EX,"1,807","2,009",확인
2026-03-03,[10] 사출조립,R3408-02.00BRW,O2O2 D_Blending Hazel EX,"2,009","2,009",저장
2026-02-22,[10] 사출조립,R3408-03.25BRW,O2O2 D_Blending Hazel EX,"1,795","2,013",확인
2026-03-01,[10] 사출조립,R3408-01.50BRW,O2O2 D_Blending Hazel EX,"1,701","1,855",확인
2026-02-23,[10] 사출조립,R3408-02.75BRW,O2O2 D_Blending Hazel EX,"1,916","2,004",확인
2026-02-25,[10] 사출조립,R3408-07.50BRW,O2O2 D_Blending Hazel EX,448,"1,946",확인
2026-02-27,[10] 사출조립,R3408-04.25BRW,O2O2 D_Blending Hazel EX,"1,748","1,833",확인
2026-02-27,[10] 사출조립,R3408-04.25BRW,O2O2 D_Blending Hazel EX,"1,811","1,893",확인
2026-02-27,[10] 사출조립,R3408-03.75BRW,O2O2 D_Blending Hazel EX,"1,154","1,217",확인
2026-02-27,[10] 사출조립,R3408-04.00BRW,O2O2 D_Blending Hazel EX,"1,729","1,916",확인
2026-03-01,[10] 사출조립,R3405-01.00SPC,O2O2 D_Sepia Choco EX,"1,743","1,743",저장
2026-02-27,[10] 사출조립,R3405-03.25SPC,O2O2 D_Sepia Choco EX,515,"1,032",확인
2026-02-27,[10] 사출조립,R3406-02.50ASB,O2O2 D_Ash Brown EX,356,"2,023",확인
2026-03-01,[10] 사출조립,R3408-01.00BRW,O2O2 D_Blending Hazel EX,"1,389","1,942",확인
2026-03-01,[10] 사출조립,R3408-01.25BRW,O2O2 D_Blending Hazel EX,"1,680","1,919",확인
2026-02-25,[10] 사출조립,R3408-04.50BRW,O2O2 D_Blending Hazel EX,"1,790","2,006",확인
2026-02-25,[10] 사출조립,R3408-07.50BRW,O2O2 D_Blending Hazel EX,"1,816","1,980",확인
2026-03-02,[10] 사출조립,R3408-01.50BRW,O2O2 D_Blending Hazel EX,"1,743","1,743",저장
2026-03-02,[10] 사출조립,R3408-01.00BRW,O2O2 D_Blending Hazel EX,"1,973","1,973",저장
2026-02-27,[10] 사출조립,R3408-00.00BRW,O2O2 D_Blending Hazel EX,0,"1,653",확인
2026-03-03,[10] 사출조립,R3405-02.50SPC,O2O2 D_Sepia Choco EX,"1,961","2,180",확인
2026-03-03,[10] 사출조립,R3405-02.50SPC,O2O2 D_Sepia Choco EX,"1,710","2,180",확인
2026-02-27,[10] 사출조립,R3405-03.00SPC,O2O2 D_Sepia Choco EX,865,"1,004",확인
2026-03-02,[10] 사출조립,R3405-02.25SPC,O2O2 D_Sepia Choco EX,0,"1,934",확인
2026-02-27,[10] 사출조립,R3406-02.25ASB,O2O2 D_Ash Brown EX,"1,360","2,000",확인
2026-02-27,[10] 사출조립,R3406-02.75ASB,O2O2 D_Ash Brown EX,"1,549","2,006",확인
2026-02-27,[10] 사출조립,R3406-03.25ASB,O2O2 D_Ash Brown EX,"1,924","2,074",확인
2026-02-27,[10] 사출조립,R3406-03.75ASB,O2O2 D_Ash Brown EX,977,"2,161",확인
2026-03-01,[10] 사출조립,R3405-01.75SPC,O2O2 D_Sepia Choco EX,"1,252","1,761",확인
2026-03-03,[10] 사출조립,R3405-02.25SPC,O2O2 D_Sepia Choco EX,"2,101","2,101",저장
2026-03-03,[10] 사출조립,R3405-02.50SPC,O2O2 D_Sepia Choco EX,"2,101","2,101",저장
2026-03-03,[10] 사출조립,R3405-02.75SPC,O2O2 D_Sepia Choco EX,"2,180","2,180",저장
2026-03-03,[10] 사출조립,R3405-02.75SPC,O2O2 D_Sepia Choco EX,"2,101","2,101",저장
2026-03-03,[10] 사출조립,R3405-02.25SPC,O2O2 D_Sepia Choco EX,"2,071","2,180",확인
2026-03-02,[10] 사출조립,R3405-02.50SPC,O2O2 D_Sepia Choco EX,"1,934","1,934",저장
2026-03-02,[10] 사출조립,R3405-03.00SPC,O2O2 D_Sepia Choco EX,"1,934","1,934",저장
2026-02-28,[10] 사출조립,R3406-03.50ASB,O2O2 D_Ash Brown EX,"1,919","2,285",확인
2026-02-27,[10] 사출조립,R3406-02.25ASB,O2O2 D_Ash Brown EX,"1,388","2,000",확인
2026-02-27,[10] 사출조립,R3406-03.00ASB,O2O2 D_Ash Brown EX,"1,761","2,134",확인
2026-02-27,[10] 사출조립,R3406-03.75ASB,O2O2 D_Ash Brown EX,0,"2,134",확인
2026-02-28,[10] 사출조립,R3406-03.00ASB,O2O2 D_Ash Brown EX,"2,142","2,285",확인
2026-02-27,[10] 사출조립,R3406-03.50ASB,O2O2 D_Ash Brown EX,0,"2,134",확인
2026-03-01,[10] 사출조립,R3405-01.25SPC,O2O2 D_Sepia Choco EX,"1,604","1,786",확인
2026-02-26,[10] 사출조립,R3405-03.25SPC,O2O2 D_Sepia Choco EX,"1,696","1,813",확인
2026-02-26,[10] 사출조립,R3405-03.75SPC,O2O2 D_Sepia Choco EX,"1,649","1,818",확인
2026-03-03,[10] 사출조립,R3405-03.75SPC,O2O2 D_Sepia Choco EX,"2,391","2,391",저장
2026-03-03,[10] 사출조립,R3405-04.00SPC,O2O2 D_Sepia Choco EX,939,"2,211",확인
2026-03-03,[10] 사출조립,R3405-04.50SPC,O2O2 D_Sepia Choco EX,"2,391","2,391",저장
2026-02-15,[10] 사출조립,R3405-01.00SPC,O2O2 D_Sepia Choco EX,"2,112","2,167",확인
2026-02-15,[10] 사출조립,R3405-02.00SPC,O2O2 D_Sepia Choco EX,"2,114","2,160",확인
2026-03-04,[10] 사출조립,R3405-06.00SPC,O2O2 D_Sepia Choco EX,"2,180","2,180",저장
2026-02-28,[10] 사출조립,R3405-01.75SPC,O2O2 D_Sepia Choco EX,"1,764","1,764",확인
2026-02-25,[10] 사출조립,R3405-02.50SPC,O2O2 D_Sepia Choco EX,"1,261","1,508",확인
2026-02-25,[10] 사출조립,R3405-03.00SPC,O2O2 D_Sepia Choco EX,0,"1,493",확인
2026-03-02,[10] 사출조립,R3405-01.75SPC,O2O2 D_Sepia Choco EX,"1,991","2,110",확인
2026-03-03,[10] 사출조립,R3405-02.25SPC,O2O2 D_Sepia Choco EX,"2,101","2,101",저장
2026-03-03,[10] 사출조립,R3405-02.25SPC,O2O2 D_Sepia Choco EX,"2,101","2,101",저장
2026-03-03,[10] 사출조립,R3405-02.75SPC,O2O2 D_Sepia Choco EX,"2,101","2,101",저장
2026-03-03,[10] 사출조립,R3405-02.50SPC,O2O2 D_Sepia Choco EX,"2,180","2,180",저장
2026-03-03,[10] 사출조립,R3405-02.75SPC,O2O2 D_Sepia Choco EX,"1,805","2,180",확인
2026-03-02,[10] 사출조립,R3405-02.50SPC,O2O2 D_Sepia Choco EX,"1,934","1,934",저장
2026-02-28,[10] 사출조립,R3406-03.25ASB,O2O2 D_Ash Brown EX,"2,060","2,285",확인
2026-03-02,[10] 사출조립,R3405-02.50SPC,O2O2 D_Sepia Choco EX,"1,934","1,934",저장
2026-02-28,[10] 사출조립,R3406-03.25ASB,O2O2 D_Ash Brown EX,"2,248","2,322",확인
2026-02-28,[10] 사출조립,R3406-03.50ASB,O2O2 D_Ash Brown EX,"2,094","2,285",확인
2026-02-28,[10] 사출조립,R3406-03.75ASB,O2O2 D_Ash Brown EX,"1,580","2,285",확인
2026-02-27,[10] 사출조립,R3406-02.50ASB,O2O2 D_Ash Brown EX,"1,400","2,000",확인
2026-02-27,[10] 사출조립,R3406-03.25ASB,O2O2 D_Ash Brown EX,"1,763","2,134",확인
2026-03-02,[10] 사출조립,R3405-04.75SPC,O2O2 D_Sepia Choco EX,"1,973","1,973",저장
2026-03-02,[10] 사출조립,R3405-04.75SPC,O2O2 D_Sepia Choco EX,"1,973","1,973",저장
2026-02-26,[10] 사출조립,R3405-03.25SPC,O2O2 D_Sepia Choco EX,"1,392","1,731",확인
2026-02-26,[10] 사출조립,R3405-03.25SPC,O2O2 D_Sepia Choco EX,"1,612","1,815",확인
2026-03-01,[10] 사출조립,R3405-01.75SPC,O2O2 D_Sepia Choco EX,"1,330","1,540",확인
2026-02-26,[10] 사출조립,R3405-03.25SPC,O2O2 D_Sepia Choco EX,"1,670","1,808",확인
2026-02-26,[10] 사출조립,R3405-03.00SPC,O2O2 D_Sepia Choco EX,"1,182","1,804",확인
2026-03-01,[10] 사출조립,R3405-03.25SPC,O2O2 D_Sepia Choco EX,"2,022","2,155",확인
2026-03-04,[10] 사출조립,R3405-05.50SPC,O2O2 D_Sepia Choco EX,"2,180","2,180",저장
2026-02-20,[10] 사출조립,R3405-01.75SPC,O2O2 D_Sepia Choco EX,"2,146","2,196",확인
2026-02-24,[10] 사출조립,R3405-03.00SPC,O2O2 D_Sepia Choco EX,"1,346","1,624",확인
2026-02-25,[10] 사출조립,R3405-03.00SPC,O2O2 D_Sepia Choco EX,0,"1,493",확인
2026-02-26,[10] 사출조립,R3405-03.25SPC,O2O2 D_Sepia Choco EX,"1,477","1,743",확인
2026-03-01,[10] 사출조립,R3405-01.25SPC,O2O2 D_Sepia Choco EX,"1,510","1,533",확인
2026-03-01,[10] 사출조립,R3405-03.25SPC,O2O2 D_Sepia Choco EX,"2,030","2,110",확인
2026-02-15,[10] 사출조립,R3405-01.00SPC,O2O2 D_Sepia Choco EX,"1,757","2,105",확인
2026-02-20,[10] 사출조립,R3405-00.75SPC,O2O2 D_Sepia Choco EX,0,"2,223",확인
2026-02-20,[10] 사출조립,R3405-01.25SPC,O2O2 D_Sepia Choco EX,"2,098","2,214",확인
2026-02-24,[10] 사출조립,R3405-03.25SPC,O2O2 D_Sepia Choco EX,"1,300","1,635",확인
2026-03-02,[10] 사출조립,R3405-04.00SPC,O2O2 D_Sepia Choco EX,0,"1,973",확인
2026-03-02,[45] 하이드레이션/전면검사,P3408A-03.75BRW,O2O2 D_Blending Hazel EX,"1,668","1,675",확인
2026-03-04,[45] 하이드레이션/전면검사,P3408A-03.00BRW,O2O2 D_Blending Hazel EX,"1,239","1,241",확인
2026-02-26,[10] 사출조립,R3405-03.00SPC,O2O2 D_Sepia Choco EX,887,"1,733",확인
2026-02-26,[10] 사출조립,R3405-03.25SPC,O2O2 D_Sepia Choco EX,"1,571","1,817",확인
2026-03-01,[10] 사출조립,R3405-03.00SPC,O2O2 D_Sepia Choco EX,0,"2,237",저장
2026-03-01,[10] 사출조립,R3405-03.75SPC,O2O2 D_Sepia Choco EX,0,"2,237",저장
2026-03-01,[10] 사출조립,R3405-01.00SPC,O2O2 D_Sepia Choco EX,"1,207","1,526",확인
2026-02-15,[10] 사출조립,R3405-01.75SPC,O2O2 D_Sepia Choco EX,"1,121","2,089",확인
2026-03-04,[10] 사출조립,R3405-06.00SPC,O2O2 D_Sepia Choco EX,"2,180","2,180",저장
2026-02-20,[10] 사출조립,R3405-01.25SPC,O2O2 D_Sepia Choco EX,"2,086","2,213",확인
2026-02-24,[10] 사출조립,R3405-03.00SPC,O2O2 D_Sepia Choco EX,846,"1,599",확인
2026-02-28,[10] 사출조립,R3405-01.75SPC,O2O2 D_Sepia Choco EX,0,"1,764",확인
2026-02-25,[10] 사출조립,R3405-02.25SPC,O2O2 D_Sepia Choco EX,"1,039","1,488",확인
2026-03-01,[10] 사출조립,R3405-01.00SPC,O2O2 D_Sepia Choco EX,"1,365","1,773",확인
2026-02-26,[10] 사출조립,R3405-03.75SPC,O2O2 D_Sepia Choco EX,"1,367","1,744",확인
2026-02-26,[10] 사출조립,R3405-03.00SPC,O2O2 D_Sepia Choco EX,"1,581","1,804",확인
2026-03-01,[10] 사출조립,R3405-01.00SPC,O2O2 D_Sepia Choco EX,"1,524","1,539",확인
2026-03-01,[10] 사출조립,R3405-01.25SPC,O2O2 D_Sepia Choco EX,"1,421","1,530",확인
2026-03-01,[10] 사출조립,R3405-03.00SPC,O2O2 D_Sepia Choco EX,"1,958","2,164",확인
2026-03-01,[10] 사출조립,R3405-03.25SPC,O2O2 D_Sepia Choco EX,"2,031","2,190",확인
2026-03-01,[10] 사출조립,R3405-01.00SPC,O2O2 D_Sepia Choco EX,"1,483","1,520",확인
2026-03-01,[10] 사출조립,R3405-01.00SPC,O2O2 D_Sepia Choco EX,0,"1,517",저장
2026-03-03,[10] 사출조립,R3405-04.00SPC,O2O2 D_Sepia Choco EX,"2,391","2,391",저장
2026-02-20,[10] 사출조립,R3405-01.00SPC,O2O2 D_Sepia Choco EX,"1,213","2,135",확인
2026-02-24,[10] 사출조립,R3405-03.50SPC,O2O2 D_Sepia Choco EX,"1,559","1,635",확인
2026-02-24,[10] 사출조립,R3405-03.75SPC,O2O2 D_Sepia Choco EX,"1,336","1,638",확인
2026-03-02,[10] 사출조립,R3405-01.00SPC,O2O2 D_Sepia Choco EX,"1,599","1,833",확인
2026-03-02,[10] 사출조립,R3405-01.00SPC,O2O2 D_Sepia Choco EX,"1,725","1,833",확인
2026-02-25,[10] 사출조립,R3405-02.25SPC,O2O2 D_Sepia Choco EX,"1,343","1,482",확인
2026-02-25,[10] 사출조립,R3405-02.25SPC,O2O2 D_Sepia Choco EX,"1,434","1,494",확인
2026-02-08,[10] 사출조립,R3407-01.25ASG,O2O2 D_Ash Gray EX,"1,507","1,702",확인
2026-02-10,[10] 사출조립,R3407-00.00ASG,O2O2 D_Ash Gray EX,"1,539","1,574",확인
2026-02-13,[10] 사출조립,R3407-01.00ASG,O2O2 D_Ash Gray EX,"2,338","2,350",확인
2026-02-13,[10] 사출조립,R3407-01.00ASG,O2O2 D_Ash Gray EX,"2,335","2,350",확인
2026-02-11,[10] 사출조립,R3406-01.00ASB,O2O2 D_Ash Brown EX,"2,125","2,212",확인
2026-02-11,[10] 사출조립,R3406-01.00ASB,O2O2 D_Ash Brown EX,"2,200","2,212",확인
2026-02-15,[10] 사출조립,R3406-02.00ASB,O2O2 D_Ash Brown EX,"1,842","1,958",확인
2026-03-01,[10] 사출조립,R3405-01.00SPC,O2O2 D_Sepia Choco EX,"1,209","1,775",확인
2026-02-26,[10] 사출조립,R3405-03.00SPC,O2O2 D_Sepia Choco EX,501,"1,729",확인
2026-02-26,[10] 사출조립,R3405-03.25SPC,O2O2 D_Sepia Choco EX,"1,452","1,740",확인
2026-03-03,[10] 사출조립,R3405-04.75SPC,O2O2 D_Sepia Choco EX,"2,391","2,391",저장
2026-03-03,[10] 사출조립,R3405-04.75SPC,O2O2 D_Sepia Choco EX,"2,391","2,391",저장
2026-02-15,[10] 사출조립,R3405-01.00SPC,O2O2 D_Sepia Choco EX,"1,713","2,110",확인
2026-02-15,[10] 사출조립,R3405-01.00SPC,O2O2 D_Sepia Choco EX,"2,009","2,159",확인
2026-02-15,[10] 사출조립,R3405-01.25SPC,O2O2 D_Sepia Choco EX,"2,057","2,168",확인
2026-02-20,[10] 사출조립,R3405-01.00SPC,O2O2 D_Sepia Choco EX,"2,074","2,223",확인
2026-02-20,[10] 사출조립,R3405-01.00SPC,O2O2 D_Sepia Choco EX,"2,086","2,188",확인
2026-02-24,[10] 사출조립,R3405-03.25SPC,O2O2 D_Sepia Choco EX,"1,540","1,631",확인
2026-03-02,[10] 사출조립,R3405-01.00SPC,O2O2 D_Sepia Choco EX,"1,617","2,099",확인
2026-03-02,[10] 사출조립,R3405-01.00SPC,O2O2 D_Sepia Choco EX,"1,717","2,110",확인
2026-03-02,[10] 사출조립,R3405-01.25SPC,O2O2 D_Sepia Choco EX,"1,925","2,052",확인
2026-03-02,[10] 사출조립,R3405-01.75SPC,O2O2 D_Sepia Choco EX,"1,834","2,120",확인
2026-03-02,[10] 사출조립,R3405-01.00SPC,O2O2 D_Sepia Choco EX,"1,733","1,841",확인
2026-03-02,[10] 사출조립,R3405-01.25SPC,O2O2 D_Sepia Choco EX,"1,292","1,841",확인
2026-03-02,[10] 사출조립,R3405-01.75SPC,O2O2 D_Sepia Choco EX,"1,487","1,841",확인
2026-03-02,[10] 사출조립,R3405-01.75SPC,O2O2 D_Sepia Choco EX,"1,396","1,841",확인
2026-03-02,[10] 사출조립,R3405-04.50SPC,O2O2 D_Sepia Choco EX,"1,735","1,973",확인
2026-02-09,[10] 사출조립,R3407-03.50ASG,O2O2 D_Ash Gray EX,"2,195","2,205",확인
2026-02-13,[10] 사출조립,R3407-01.25ASG,O2O2 D_Ash Gray EX,0,"2,350",확인
2026-02-06,[10] 사출조립,R3406-00.00ASB,O2O2 D_Ash Brown EX,"2,013","2,068",확인
2026-02-11,[10] 사출조립,R3406-00.00ASB,O2O2 D_Ash Brown EX,"1,292","1,297",확인
2026-02-24,[80] 누수/규격검사,P3406A-00.00ASB,O2O2 D_Ash Brown EX,890,915,확인
2026-02-24,[80] 누수/규격검사,P3406A-00.00ASB,O2O2 D_Ash Brown EX,"1,205","1,215",확인
2026-02-09,[10] 사출조립,R3407-03.50ASG,O2O2 D_Ash Gray EX,0,"2,205",확인
2026-02-08,[10] 사출조립,R3407-01.00ASG,O2O2 D_Ash Gray EX,"1,674","1,702",확인
2026-02-08,[10] 사출조립,R3407-01.25ASG,O2O2 D_Ash Gray EX,"1,677","1,702",확인
2026-02-08,[10] 사출조립,R3407-01.25ASG,O2O2 D_Ash Gray EX,0,"1,702",확인
2026-03-02,[10] 사출조립,R3405-04.00SPC,O2O2 D_Sepia Choco EX,"1,973","1,973",저장
2026-02-09,[10] 사출조립,R3407-03.75ASG,O2O2 D_Ash Gray EX,"2,125","2,205",확인
2026-02-10,[10] 사출조립,R3407-00.00ASG,O2O2 D_Ash Gray EX,"1,528","1,574",확인
2026-02-10,[10] 사출조립,R3407-00.00ASG,O2O2 D_Ash Gray EX,"1,478","1,574",확인
2026-02-13,[10] 사출조립,R3407-01.00ASG,O2O2 D_Ash Gray EX,"2,342","2,350",확인
2026-02-07,[10] 사출조립,R3407-02.50ASG,O2O2 D_Ash Gray EX,"1,865","1,916",확인
2026-02-07,[10] 사출조립,R3407-02.75ASG,O2O2 D_Ash Gray EX,"1,913","1,916",확인
2026-02-11,[10] 사출조립,R3406-01.00ASB,O2O2 D_Ash Brown EX,"2,195","2,212",확인
2026-02-22,[10] 사출조립,R3406-03.00ASB,O2O2 D_Ash Brown EX,"2,268","2,306",확인
2026-02-15,[10] 사출조립,R3406-01.25ASB,O2O2 D_Ash Brown EX,"1,943","1,975",확인
2026-02-28,[10] 사출조립,R3406-02.25ASB,O2O2 D_Ash Brown EX,"1,636","1,997",확인
2026-02-10,[10] 사출조립,R3407-00.00ASG,O2O2 D_Ash Gray EX,0,"1,574",확인
2026-02-07,[10] 사출조립,R3407-02.25ASG,O2O2 D_Ash Gray EX,"1,894","1,916",확인
2026-02-06,[10] 사출조립,R3406-00.00ASB,O2O2 D_Ash Brown EX,0,"2,068",확인
2026-02-11,[10] 사출조립,R3406-00.00ASB,O2O2 D_Ash Brown EX,"1,288","1,297",확인
2026-02-11,[10] 사출조립,R3406-00.00ASB,O2O2 D_Ash Brown EX,"1,284","1,297",확인
2026-02-11,[10] 사출조립,R3406-01.25ASB,O2O2 D_Ash Brown EX,0,"2,212",확인
2026-02-11,[10] 사출조립,R3406-02.00ASB,O2O2 D_Ash Brown EX,"2,148","2,212",확인
2026-02-22,[10] 사출조립,R3406-03.75ASB,O2O2 D_Ash Brown EX,"2,293","2,317",확인
2026-02-15,[10] 사출조립,R3406-01.00ASB,O2O2 D_Ash Brown EX,"1,805","1,990",확인
2026-02-15,[10] 사출조립,R3406-01.00ASB,O2O2 D_Ash Brown EX,"1,910","1,954",확인
2026-02-15,[10] 사출조립,R3406-01.25ASB,O2O2 D_Ash Brown EX,"1,947","1,965",확인
2026-02-27,[10] 사출조립,R3406-01.00ASB,O2O2 D_Ash Brown EX,"1,982","2,010",확인
2026-02-05,[10] 사출조립,R3406-00.00ASB,O2O2 D_Ash Brown EX,"1,792","2,002",확인
2026-02-07,[10] 사출조립,R3406-00.00ASB,O2O2 D_Ash Brown EX,"2,148","2,227",확인
2026-02-07,[10] 사출조립,R3406-00.00ASB,O2O2 D_Ash Brown EX,"1,394","2,227",확인
2026-02-05,[10] 사출조립,R3406-00.00ASB,O2O2 D_Ash Brown EX,"1,617","2,002",확인
2026-02-08,[10] 사출조립,R3407-01.25ASG,O2O2 D_Ash Gray EX,"2,283","2,329",확인
2026-02-08,[10] 사출조립,R3407-00.50ASG,O2O2 D_Ash Gray EX,"1,172","1,702",확인
2026-02-06,[10] 사출조립,R3406-00.00ASB,O2O2 D_Ash Brown EX,"1,982","2,068",확인
2026-02-06,[10] 사출조립,R3406-00.00ASB,O2O2 D_Ash Brown EX,"1,703","2,068",확인
2026-02-06,[10] 사출조립,R3406-00.00ASB,O2O2 D_Ash Brown EX,"1,993","2,068",확인
2026-02-27,[10] 사출조립,R3406-01.00ASB,O2O2 D_Ash Brown EX,"1,996","2,019",확인
2026-02-27,[10] 사출조립,R3406-01.25ASB,O2O2 D_Ash Brown EX,"1,827","1,983",확인
2026-02-27,[10] 사출조립,R3406-01.75ASB,O2O2 D_Ash Brown EX,"2,000","2,047",확인
2026-02-27,[10] 사출조립,R3406-09.50ASB,O2O2 D_Ash Brown EX,"1,486","2,167",확인
2026-02-05,[10] 사출조립,R3406-00.00ASB,O2O2 D_Ash Brown EX,0,"2,002",확인
2026-02-07,[10] 사출조립,R3406-00.00ASB,O2O2 D_Ash Brown EX,"2,175","2,227",확인
2026-02-07,[10] 사출조립,R3406-00.00ASB,O2O2 D_Ash Brown EX,"2,075","2,227",확인
2026-02-05,[10] 사출조립,R3406-00.00ASB,O2O2 D_Ash Brown EX,"1,740","2,002",확인
2026-03-01,[10] 사출조립,R3405-01.75SPC,O2O2 D_Sepia Choco EX,"1,441","1,534",확인
2026-03-01,[10] 사출조립,R3405-03.25SPC,O2O2 D_Sepia Choco EX,"1,259","2,191",확인
2026-03-03,[10] 사출조립,R3405-04.50SPC,O2O2 D_Sepia Choco EX,"1,872","2,258",저장
2026-03-04,[10] 사출조립,R3405-06.00SPC,O2O2 D_Sepia Choco EX,"2,180","2,180",저장
2026-03-04,[10] 사출조립,R3405-06.00SPC,O2O2 D_Sepia Choco EX,"2,180","2,180",저장
2026-02-20,[10] 사출조립,R3405-01.75SPC,O2O2 D_Sepia Choco EX,"2,030","2,186",확인
2026-02-28,[10] 사출조립,R3405-01.25SPC,O2O2 D_Sepia Choco EX,0,"1,764",확인
2026-02-25,[10] 사출조립,R3405-02.50SPC,O2O2 D_Sepia Choco EX,0,"1,493",확인
2026-03-02,[10] 사출조립,R3405-04.25SPC,O2O2 D_Sepia Choco EX,"1,973","1,973",저장
2026-03-02,[10] 사출조립,R3405-04.50SPC,O2O2 D_Sepia Choco EX,"1,973","1,973",저장
2026-02-09,[10] 사출조립,R3407-03.75ASG,O2O2 D_Ash Gray EX,"2,183","2,205",확인
2026-02-09,[10] 사출조립,R3407-03.75ASG,O2O2 D_Ash Gray EX,0,"2,205",확인
2026-02-10,[10] 사출조립,R3407-00.00ASG,O2O2 D_Ash Gray EX,0,"1,574",확인
2026-02-22,[10] 사출조립,R3406-03.25ASB,O2O2 D_Ash Brown EX,"2,300","2,320",확인
2026-02-15,[10] 사출조립,R3406-01.00ASB,O2O2 D_Ash Brown EX,"1,948","1,968",확인
2026-02-15,[10] 사출조립,R3406-01.75ASB,O2O2 D_Ash Brown EX,"1,844","1,955",확인
2026-02-28,[10] 사출조립,R3406-02.75ASB,O2O2 D_Ash Brown EX,"1,888","1,995",확인
2026-02-09,[10] 사출조립,R3407-03.50ASG,O2O2 D_Ash Gray EX,"2,174","2,205",확인
2026-02-09,[10] 사출조립,R3407-03.75ASG,O2O2 D_Ash Gray EX,0,"2,205",확인
2026-02-08,[10] 사출조립,R3407-01.75ASG,O2O2 D_Ash Gray EX,0,"1,702",확인
2026-02-10,[10] 사출조립,R3407-00.00ASG,O2O2 D_Ash Gray EX,0,"1,574",확인
2026-02-13,[10] 사출조립,R3407-01.00ASG,O2O2 D_Ash Gray EX,0,"2,350",확인
2026-02-13,[10] 사출조립,R3407-01.25ASG,O2O2 D_Ash Gray EX,"2,337","2,350",확인
2026-02-07,[10] 사출조립,R3407-02.00ASG,O2O2 D_Ash Gray EX,"1,905","1,916",확인
2026-02-07,[10] 사출조립,R3407-02.25ASG,O2O2 D_Ash Gray EX,877,"1,916",확인
2026-02-07,[10] 사출조립,R3407-02.50ASG,O2O2 D_Ash Gray EX,"1,894","1,916",확인
2026-02-06,[10] 사출조립,R3406-00.00ASB,O2O2 D_Ash Brown EX,815,"2,068",확인
2026-02-11,[10] 사출조립,R3406-01.00ASB,O2O2 D_Ash Brown EX,"2,187","2,212",확인
2026-02-27,[10] 사출조립,R3406-10.00ASB,O2O2 D_Ash Brown EX,"2,164","2,204",확인
2026-02-27,[10] 사출조립,R3406-01.00ASB,O2O2 D_Ash Brown EX,"1,755","2,005",확인
2026-02-27,[10] 사출조립,R3406-01.75ASB,O2O2 D_Ash Brown EX,"1,942","2,047",확인
2026-02-07,[10] 사출조립,R3406-00.00ASB,O2O2 D_Ash Brown EX,"1,470","1,846",확인
2026-02-08,[10] 사출조립,R3407-00.75ASG,O2O2 D_Ash Gray EX,"2,285","2,329",확인
2026-02-08,[10] 사출조립,R3407-01.00ASG,O2O2 D_Ash Gray EX,"2,313","2,329",확인
2026-02-08,[10] 사출조립,R3407-01.75ASG,O2O2 D_Ash Gray EX,"2,284","2,329",확인
2026-02-08,[10] 사출조립,R3407-01.75ASG,O2O2 D_Ash Gray EX,"1,661","1,702",확인
2026-02-10,[10] 사출조립,R3407-00.00ASG,O2O2 D_Ash Gray EX,"1,501","1,574",확인
2026-02-11,[10] 사출조립,R3406-00.00ASB,O2O2 D_Ash Brown EX,"1,291","1,297",확인
2026-02-11,[10] 사출조립,R3406-00.00ASB,O2O2 D_Ash Brown EX,"1,239","1,297",확인
2026-02-11,[10] 사출조립,R3406-01.25ASB,O2O2 D_Ash Brown EX,"2,199","2,212",확인
2026-02-22,[10] 사출조립,R3406-03.25ASB,O2O2 D_Ash Brown EX,"2,298","2,313",확인
2026-02-15,[10] 사출조립,R3406-01.00ASB,O2O2 D_Ash Brown EX,"1,788","1,928",확인
2026-02-28,[10] 사출조립,R3406-02.25ASB,O2O2 D_Ash Brown EX,"1,946","1,997",확인
2026-02-28,[10] 사출조립,R3406-02.50ASB,O2O2 D_Ash Brown EX,"1,840","1,981",확인
2026-02-27,[10] 사출조립,R3406-09.50ASB,O2O2 D_Ash Brown EX,"2,167","2,178",확인
2026-02-27,[10] 사출조립,R3406-09.50ASB,O2O2 D_Ash Brown EX,"2,126","2,172",확인
2026-02-14,[80] 누수/규격검사,P3406A-00.00ASB,O2O2 D_Ash Brown EX,"1,520","1,520",확인
2026-03-04,[80] 누수/규격검사,P3406A-02.75ASB,O2O2 D_Ash Brown EX,700,705,확인
2026-03-03,[80] 누수/규격검사,P3406A-00.00ASB,O2O2 D_Ash Brown EX,"1,570","1,570",확인
2026-02-22,[80] 누수/규격검사,P3406A-00.00ASB,O2O2 D_Ash Brown EX,"1,440","1,455",확인
2026-02-25,[80] 누수/규격검사,P3406A-00.00ASB,O2O2 D_Ash Brown EX,585,590,확인
2026-02-22,[80] 누수/규격검사,P3406A-00.00ASB,O2O2 D_Ash Brown EX,960,970,확인
2026-02-22,[80] 누수/규격검사,P3406A-00.00ASB,O2O2 D_Ash Brown EX,"1,310","1,355",확인
2026-02-22,[80] 누수/규격검사,P3406A-00.00ASB,O2O2 D_Ash Brown EX,"1,355","1,360",확인
2026-02-28,[80] 누수/규격검사,P3406A-00.00ASB,O2O2 D_Ash Brown EX,"1,295","1,305",확인
2026-02-02,[80] 누수/규격검사,P3406A-00.00ASB,O2O2 D_Ash Brown EX,"1,845","1,850",확인
2026-02-27,[80] 누수/규격검사,P3406A-03.50ASB,O2O2 D_Ash Brown EX,"1,735","1,755",확인
2026-02-27,[80] 누수/규격검사,P3406A-03.25ASB,O2O2 D_Ash Brown EX,"2,050","2,060",확인
2026-02-24,[80] 누수/규격검사,P3406A-00.00ASB,O2O2 D_Ash Brown EX,"1,890","1,890",확인
2026-02-27,[80] 누수/규격검사,P3406A-03.25ASB,O2O2 D_Ash Brown EX,"1,375","1,375",확인
2026-02-23,[80] 누수/규격검사,P3406A-00.00ASB,O2O2 D_Ash Brown EX,770,770,확인
2026-02-28,[10] 사출조립,R3406-02.50ASB,O2O2 D_Ash Brown EX,"1,922","1,963",확인
2026-02-28,[10] 사출조립,R3406-02.50ASB,O2O2 D_Ash Brown EX,0,"1,997",확인
2026-02-27,[10] 사출조립,R3406-10.00ASB,O2O2 D_Ash Brown EX,"1,329","1,699",확인
2026-02-27,[10] 사출조립,R3406-01.00ASB,O2O2 D_Ash Brown EX,"1,713","2,020",확인
2026-02-27,[10] 사출조립,R3406-09.50ASB,O2O2 D_Ash Brown EX,"2,174","2,184",확인
2026-02-07,[10] 사출조립,R3406-00.00ASB,O2O2 D_Ash Brown EX,"1,402","1,846",확인
2026-02-05,[10] 사출조립,R3406-00.00ASB,O2O2 D_Ash Brown EX,"1,925","2,002",확인
2026-02-07,[10] 사출조립,R3406-00.00ASB,O2O2 D_Ash Brown EX,"2,073","2,227",확인
2026-02-08,[10] 사출조립,R3407-01.00ASG,O2O2 D_Ash Gray EX,"2,278","2,329",확인
2026-02-08,[10] 사출조립,R3407-01.25ASG,O2O2 D_Ash Gray EX,"2,229","2,329",확인
2026-02-13,[10] 사출조립,R3407-02.00ASG,O2O2 D_Ash Gray EX,"2,311","2,350",확인
2026-02-07,[10] 사출조립,R3407-02.75ASG,O2O2 D_Ash Gray EX,"1,914","1,916",확인
2026-02-22,[10] 사출조립,R3406-03.75ASB,O2O2 D_Ash Brown EX,"2,285","2,326",확인
2026-02-27,[10] 사출조립,R3406-10.00ASB,O2O2 D_Ash Brown EX,"2,133","2,190",확인
2026-02-07,[10] 사출조립,R3406-00.00ASB,O2O2 D_Ash Brown EX,0,"2,227",확인
2026-02-07,[10] 사출조립,R3406-00.00ASB,O2O2 D_Ash Brown EX,"2,064","2,227",확인
2026-02-08,[10] 사출조립,R3407-00.50ASG,O2O2 D_Ash Gray EX,"2,295","2,329",확인
2026-02-08,[10] 사출조립,R3407-01.75ASG,O2O2 D_Ash Gray EX,"2,321","2,329",확인
2026-02-27,[10] 사출조립,R3406-01.25ASB,O2O2 D_Ash Brown EX,"1,885","2,019",확인
2026-02-27,[10] 사출조립,R3406-10.00ASB,O2O2 D_Ash Brown EX,"2,115","2,193",확인
2026-02-07,[10] 사출조립,R3406-00.00ASB,O2O2 D_Ash Brown EX,"1,247","1,846",확인
2026-02-07,[10] 사출조립,R3406-00.00ASB,O2O2 D_Ash Brown EX,"1,785","1,846",확인
2026-02-05,[10] 사출조립,R3406-00.00ASB,O2O2 D_Ash Brown EX,0,"2,002",확인
2026-02-23,[45] 하이드레이션/전면검사,P3406A-00.00ASB,O2O2 D_Ash Brown EX,620,629,확인
2026-02-13,[45] 하이드레이션/전면검사,P3406A-00.00ASB,O2O2 D_Ash Brown EX,"1,545","1,605",확인
2026-02-27,[45] 하이드레이션/전면검사,P3406A-00.00ASB,O2O2 D_Ash Brown EX,"1,330","1,349",확인
2026-02-24,[45] 하이드레이션/전면검사,P3406A-03.25ASB,O2O2 D_Ash Brown EX,"2,089","2,129",확인
2026-02-26,[45] 하이드레이션/전면검사,P3406A-03.50ASB,O2O2 D_Ash Brown EX,"1,833","1,856",확인
2026-02-22,[45] 하이드레이션/전면검사,P3406A-00.00ASB,O2O2 D_Ash Brown EX,792,801,확인
2026-02-20,[45] 하이드레이션/전면검사,P3406A-00.00ASB,O2O2 D_Ash Brown EX,984,986,확인
2026-02-26,[45] 하이드레이션/전면검사,P3406A-00.00ASB,O2O2 D_Ash Brown EX,"1,072","1,079",확인
2026-02-20,[45] 하이드레이션/전면검사,P3406A-00.00ASB,O2O2 D_Ash Brown EX,"1,387","1,390",확인
2026-02-20,[45] 하이드레이션/전면검사,P3406A-00.00ASB,O2O2 D_Ash Brown EX,"1,378","1,382",확인
2026-03-02,[45] 하이드레이션/전면검사,P3406A-02.75ASB,O2O2 D_Ash Brown EX,773,774,확인
2026-02-21,[45] 하이드레이션/전면검사,P3406A-00.00ASB,O2O2 D_Ash Brown EX,"1,506","1,516",확인
2026-02-23,[45] 하이드레이션/전면검사,P3406A-00.00ASB,O2O2 D_Ash Brown EX,"1,303","1,311",확인
2026-02-23,[45] 하이드레이션/전면검사,P3406A-00.00ASB,O2O2 D_Ash Brown EX,"1,929","1,942",확인
2026-02-23,[45] 하이드레이션/전면검사,P3406A-00.00ASB,O2O2 D_Ash Brown EX,969,976,확인
2026-02-26,[45] 하이드레이션/전면검사,P3406A-03.25ASB,O2O2 D_Ash Brown EX,"1,481","1,496",확인
2026-02-28,[45] 하이드레이션/전면검사,P3406A-00.00ASB,O2O2 D_Ash Brown EX,"1,613","1,615",확인
2026-02-27,[10] 사출조립,R3408-03.75BRW,O2O2 D_Blending Hazel EX,"1,813","1,886",확인
2026-03-01,[10] 사출조립,R3408-03.00BRW,O2O2 D_Blending Hazel EX,"1,922","2,098",확인
2026-03-03,[10] 사출조립,R3408-02.25BRW,O2O2 D_Blending Hazel EX,"2,003","2,003",저장
2026-02-22,[10] 사출조립,R3408-03.25BRW,O2O2 D_Blending Hazel EX,"1,920","2,001",확인
2026-02-22,[10] 사출조립,R3408-02.50BRW,O2O2 D_Blending Hazel EX,"1,791","1,997",확인
2026-03-04,[10] 사출조립,R3408-00.50BRW,O2O2 D_Blending Hazel EX,"1,908","1,908",저장
2026-03-04,[10] 사출조립,R3408-00.75BRW,O2O2 D_Blending Hazel EX,"1,828","1,908",확인
2026-03-01,[10] 사출조립,R3408-01.00BRW,O2O2 D_Blending Hazel EX,"1,935","2,132",확인
2026-02-26,[10] 사출조립,R3408-06.50BRW,O2O2 D_Blending Hazel EX,"1,643","1,814",확인
2026-02-26,[10] 사출조립,R3408-04.75BRW,O2O2 D_Blending Hazel EX,"1,909","2,002",확인
2026-02-23,[10] 사출조립,R3408-01.75BRW,O2O2 D_Blending Hazel EX,"1,542","1,968",확인
2026-02-23,[10] 사출조립,R3408-02.25BRW,O2O2 D_Blending Hazel EX,"1,864","1,960",확인
2026-03-02,[10] 사출조립,R3408-01.50BRW,O2O2 D_Blending Hazel EX,"1,743","1,743",저장
2026-03-02,[10] 사출조립,R3408-02.00BRW,O2O2 D_Blending Hazel EX,917,"1,743",확인
2026-03-02,[10] 사출조립,R3408-01.50BRW,O2O2 D_Blending Hazel EX,"1,862","1,973",확인
2026-03-02,[10] 사출조립,R3408-02.00BRW,O2O2 D_Blending Hazel EX,"1,793","1,973",확인
2026-02-27,[10] 사출조립,R3408-00.00BRW,O2O2 D_Blending Hazel EX,"1,421","1,676",확인
2026-02-27,[10] 사출조립,R3408-00.00BRW,O2O2 D_Blending Hazel EX,"1,355","1,612",확인
2026-02-27,[10] 사출조립,R3408-03.75BRW,O2O2 D_Blending Hazel EX,"1,761","1,882",확인
2026-02-27,[10] 사출조립,R3408-04.00BRW,O2O2 D_Blending Hazel EX,"1,696","1,857",확인
2026-03-01,[10] 사출조립,R3405-01.00SPC,O2O2 D_Sepia Choco EX,"1,422","1,668",확인
2026-03-01,[10] 사출조립,R3405-01.25SPC,O2O2 D_Sepia Choco EX,"1,436","1,752",확인
2026-03-01,[10] 사출조립,R3405-01.25SPC,O2O2 D_Sepia Choco EX,"1,295","1,752",확인
2026-03-01,[10] 사출조립,R3405-01.75SPC,O2O2 D_Sepia Choco EX,"1,434","1,762",확인
2026-02-27,[10] 사출조립,R3405-03.25SPC,O2O2 D_Sepia Choco EX,"1,011","1,047",확인
2026-02-27,[10] 사출조립,R3405-03.25SPC,O2O2 D_Sepia Choco EX,0,"1,032",확인
2026-02-27,[10] 사출조립,R3405-03.75SPC,O2O2 D_Sepia Choco EX,400,"1,015",확인
2026-02-27,[10] 사출조립,R3406-02.75ASB,O2O2 D_Ash Brown EX,"1,353","2,020",확인
2026-03-01,[10] 사출조립,R3405-01.00SPC,O2O2 D_Sepia Choco EX,"1,151","1,777",확인
2026-03-01,[10] 사출조립,R3405-01.00SPC,O2O2 D_Sepia Choco EX,"1,598","1,784",확인
2026-02-26,[10] 사출조립,R3405-03.25SPC,O2O2 D_Sepia Choco EX,"1,266","1,737",확인
2026-02-26,[10] 사출조립,R3405-03.75SPC,O2O2 D_Sepia Choco EX,825,"1,745",확인
2026-02-26,[10] 사출조립,R3405-03.75SPC,O2O2 D_Sepia Choco EX,"1,633","1,817",확인
2026-03-01,[10] 사출조립,R3405-03.75SPC,O2O2 D_Sepia Choco EX,0,"2,237",저장
2026-03-03,[10] 사출조립,R3405-03.75SPC,O2O2 D_Sepia Choco EX,"2,391","2,391",저장
2026-02-15,[10] 사출조립,R3405-01.25SPC,O2O2 D_Sepia Choco EX,"2,016","2,166",확인
2026-03-04,[10] 사출조립,R3405-05.50SPC,O2O2 D_Sepia Choco EX,"2,180","2,180",저장
2026-03-04,[10] 사출조립,R3405-05.50SPC,O2O2 D_Sepia Choco EX,"2,180","2,180",저장
2026-03-04,[10] 사출조립,R3405-05.50SPC,O2O2 D_Sepia Choco EX,"1,662","2,180",확인
2026-02-24,[10] 사출조립,R3405-03.75SPC,O2O2 D_Sepia Choco EX,"1,547","1,640",확인
2026-02-24,[10] 사출조립,R3405-03.25SPC,O2O2 D_Sepia Choco EX,"1,505","1,631",확인
2026-02-25,[10] 사출조립,R3405-02.50SPC,O2O2 D_Sepia Choco EX,"1,453","1,500",확인
2026-03-02,[10] 사출조립,R3405-01.00SPC,O2O2 D_Sepia Choco EX,"1,924","2,113",확인
2026-03-02,[10] 사출조립,R3405-01.00SPC,O2O2 D_Sepia Choco EX,"2,004","2,114",확인
2026-03-02,[10] 사출조립,R3405-01.25SPC,O2O2 D_Sepia Choco EX,"2,036","2,110",확인
2026-03-02,[10] 사출조립,R3405-01.00SPC,O2O2 D_Sepia Choco EX,"1,793","1,842",확인
2026-03-02,[10] 사출조립,R3405-01.25SPC,O2O2 D_Sepia Choco EX,0,"1,841",저장
2026-03-02,[10] 사출조립,R3405-04.00SPC,O2O2 D_Sepia Choco EX,"1,973","1,973",저장
2026-02-09,[10] 사출조립,R3407-03.50ASG,O2O2 D_Ash Gray EX,"2,172","2,205",확인
2026-02-08,[10] 사출조립,R3407-00.75ASG,O2O2 D_Ash Gray EX,"1,651","1,702",확인
2026-02-10,[10] 사출조립,R3407-00.00ASG,O2O2 D_Ash Gray EX,"1,532","1,574",확인
2026-02-13,[10] 사출조립,R3407-02.00ASG,O2O2 D_Ash Gray EX,"2,337","2,350",확인
2026-02-07,[10] 사출조립,R3407-02.00ASG,O2O2 D_Ash Gray EX,"1,010","1,916",확인
2026-02-06,[10] 사출조립,R3406-00.00ASB,O2O2 D_Ash Brown EX,"1,722","2,068",확인
2026-02-11,[10] 사출조립,R3406-00.00ASB,O2O2 D_Ash Brown EX,"1,292","1,297",확인
2026-02-11,[10] 사출조립,R3406-00.00ASB,O2O2 D_Ash Brown EX,"1,275","1,297",확인
2026-02-11,[10] 사출조립,R3406-00.00ASB,O2O2 D_Ash Brown EX,"1,278","1,297",확인
2026-02-11,[10] 사출조립,R3406-02.00ASB,O2O2 D_Ash Brown EX,0,"2,212",확인
2026-02-22,[10] 사출조립,R3406-03.25ASB,O2O2 D_Ash Brown EX,"1,762","2,311",확인
2026-02-22,[10] 사출조립,R3406-03.25ASB,O2O2 D_Ash Brown EX,"2,298","2,308",확인
2026-02-22,[10] 사출조립,R3406-03.50ASB,O2O2 D_Ash Brown EX,"2,301","2,309",확인
2026-02-28,[10] 사출조립,R3406-02.25ASB,O2O2 D_Ash Brown EX,"1,808","1,961",확인
2026-02-28,[10] 사출조립,R3406-02.75ASB,O2O2 D_Ash Brown EX,"1,907","1,997",확인
2026-02-07,[10] 사출조립,R3406-00.00ASB,O2O2 D_Ash Brown EX,"1,804","1,846",확인
2026-02-07,[10] 사출조립,R3406-00.00ASB,O2O2 D_Ash Brown EX,"1,243","1,846",확인
2026-02-07,[10] 사출조립,R3406-00.00ASB,O2O2 D_Ash Brown EX,"1,825","1,846",확인
2026-02-07,[10] 사출조립,R3406-00.00ASB,O2O2 D_Ash Brown EX,"1,473","1,846",확인
2026-02-05,[10] 사출조립,R3406-00.00ASB,O2O2 D_Ash Brown EX,"1,940","2,002",확인
2026-02-07,[10] 사출조립,R3406-00.00ASB,O2O2 D_Ash Brown EX,"2,100","2,227",확인
2026-02-05,[10] 사출조립,R3406-00.00ASB,O2O2 D_Ash Brown EX,"1,888","2,002",확인
2026-02-06,[10] 사출조립,R3406-00.00ASB,O2O2 D_Ash Brown EX,"2,047","2,068",확인
2026-02-01,[10] 사출조립,R3407-02.50ASG,O2O2 D_Ash Gray EX,"2,206","2,236",확인
2026-02-01,[10] 사출조립,R3407-02.00ASG,O2O2 D_Ash Gray EX,"2,152","2,236",확인
2026-02-01,[10] 사출조립,R3407-02.00ASG,O2O2 D_Ash Gray EX,"1,890","2,236",확인
2026-02-01,[10] 사출조립,R3407-02.50ASG,O2O2 D_Ash Gray EX,"2,187","2,236",확인
2026-02-01,[10] 사출조립,R3407-02.75ASG,O2O2 D_Ash Gray EX,"2,206","2,236",확인
2026-02-01,[10] 사출조립,R3407-02.25ASG,O2O2 D_Ash Gray EX,"2,215","2,236",확인
2026-02-24,[80] 누수/규격검사,P3406A-00.00ASB,O2O2 D_Ash Brown EX,845,850,확인
2026-03-01,[20] 분리,Q3408-01.00BRW,O2O2 D_Blending Hazel EX,"1,636","1,850",확인
2026-02-26,[20] 분리,Q3408-07.00BRW,O2O2 D_Blending Hazel EX,"1,335","1,645",확인
2026-03-03,[20] 분리,Q3408-01.25BRW,O2O2 D_Blending Hazel EX,"1,092","1,680",확인
2026-02-26,[20] 분리,Q3408-07.50BRW,O2O2 D_Blending Hazel EX,"1,571","1,816",확인
2026-03-02,[20] 분리,Q3408-00.50BRW,O2O2 D_Blending Hazel EX,"1,629","1,716",확인
2026-02-27,[20] 분리,Q3408-07.00BRW,O2O2 D_Blending Hazel EX,"1,441","1,871",확인
2026-03-03,[20] 분리,Q3408-03.00BRW,O2O2 D_Blending Hazel EX,"1,272","1,726",확인
2026-03-03,[20] 분리,Q3408-01.25BRW,O2O2 D_Blending Hazel EX,"1,418","1,715",확인
2026-02-26,[20] 분리,Q3408-02.25BRW,O2O2 D_Blending Hazel EX,"1,399","1,673",확인
2026-02-26,[20] 분리,Q3408-02.25BRW,O2O2 D_Blending Hazel EX,"1,612","1,811",확인
2026-02-26,[20] 분리,Q3408-03.50BRW,O2O2 D_Blending Hazel EX,"1,353","1,692",확인
2026-02-27,[20] 분리,Q3408-02.25BRW,O2O2 D_Blending Hazel EX,"1,185","1,691",확인
2026-02-27,[20] 분리,Q3408-06.50BRW,O2O2 D_Blending Hazel EX,"1,212","1,897",확인
2026-03-04,[20] 분리,Q3408-00.00BRW,O2O2 D_Blending Hazel EX,"1,006","1,141",확인
2026-02-01,[10] 사출조립,R3407-02.75ASG,O2O2 D_Ash Gray EX,"2,222","2,236",확인
2026-03-03,[20] 분리,Q3408-01.50BRW,O2O2 D_Blending Hazel EX,"1,516","1,896",확인
2026-03-04,[20] 분리,Q3408-03.25BRW,O2O2 D_Blending Hazel EX,928,"1,701",확인
2026-02-26,[20] 분리,Q3408-01.75BRW,O2O2 D_Blending Hazel EX,"1,534","1,852",확인
2026-02-28,[20] 분리,Q3408-04.00BRW,O2O2 D_Blending Hazel EX,"1,553","1,791",확인
2026-02-25,[20] 분리,Q3405-02.25SPC,O2O2 D_Sepia Choco EX,"1,247","1,434",확인
2026-02-25,[20] 분리,Q3405-02.25SPC,O2O2 D_Sepia Choco EX,"1,217","1,343",확인
2026-02-25,[20] 분리,Q3405-09.50SPC,O2O2 D_Sepia Choco EX,"1,556","1,980",확인
2026-03-02,[20] 분리,Q3405-01.00SPC,O2O2 D_Sepia Choco EX,"1,137","1,365",확인
2026-02-25,[20] 분리,Q3405-03.50SPC,O2O2 D_Sepia Choco EX,"1,320","1,559",확인
2026-03-03,[20] 분리,Q3408-00.00BRW,O2O2 D_Blending Hazel EX,"1,235","1,429",확인
2026-02-26,[20] 분리,Q3408-02.25BRW,O2O2 D_Blending Hazel EX,"1,157","1,893",확인
2026-02-26,[20] 분리,Q3408-02.50BRW,O2O2 D_Blending Hazel EX,"1,648","1,883",확인
2026-02-26,[20] 분리,Q3408-04.75BRW,O2O2 D_Blending Hazel EX,"1,403","1,659",확인
2026-02-26,[20] 분리,Q3408-02.25BRW,O2O2 D_Blending Hazel EX,"1,355","1,485",확인
2026-03-04,[20] 분리,Q3408-01.25BRW,O2O2 D_Blending Hazel EX,813,"1,013",확인
2026-03-04,[20] 분리,Q3408-02.25BRW,O2O2 D_Blending Hazel EX,"1,784","1,848",확인
2026-02-28,[20] 분리,Q3408-00.00BRW,O2O2 D_Blending Hazel EX,"1,137","1,504",확인
2026-03-03,[20] 분리,Q3408-01.50BRW,O2O2 D_Blending Hazel EX,"1,445","1,701",확인
2026-03-03,[20] 분리,Q3408-04.00BRW,O2O2 D_Blending Hazel EX,"1,282","1,729",확인
2026-03-04,[20] 분리,Q3408-00.75BRW,O2O2 D_Blending Hazel EX,"1,581","1,807",확인
2026-02-26,[20] 분리,Q3408-03.25BRW,O2O2 D_Blending Hazel EX,"1,316","1,795",확인
2026-02-27,[20] 분리,Q3408-06.00BRW,O2O2 D_Blending Hazel EX,"1,635","1,799",확인
2026-02-28,[20] 분리,Q3408-04.25BRW,O2O2 D_Blending Hazel EX,"1,575","1,748",확인
2026-03-02,[20] 분리,Q3405-01.25SPC,O2O2 D_Sepia Choco EX,"1,143","1,421",확인
2026-03-02,[20] 분리,Q3405-01.00SPC,O2O2 D_Sepia Choco EX,"1,376","1,725",확인
2026-03-01,[20] 분리,Q3405-03.25SPC,O2O2 D_Sepia Choco EX,390,515,확인
2026-02-25,[20] 분리,Q3405-03.75SPC,O2O2 D_Sepia Choco EX,"1,151","1,336",확인
2026-02-25,[20] 분리,Q3405-02.25SPC,O2O2 D_Sepia Choco EX,863,"1,039",확인
2026-02-25,[20] 분리,Q3405-01.75SPC,O2O2 D_Sepia Choco EX,"1,010","1,121",확인
2026-02-25,[20] 분리,Q3405-03.00SPC,O2O2 D_Sepia Choco EX,737,846,확인
2026-02-27,[20] 분리,Q3408-04.75BRW,O2O2 D_Blending Hazel EX,"1,288","1,630",확인
2026-03-02,[20] 분리,Q3408-01.50BRW,O2O2 D_Blending Hazel EX,"1,498","1,696",확인
2026-03-04,[20] 분리,Q3408-00.00BRW,O2O2 D_Blending Hazel EX,678,997,확인
2026-02-25,[20] 분리,Q3405-01.00SPC,O2O2 D_Sepia Choco EX,"1,839","2,112",확인
2026-03-02,[20] 분리,Q3405-01.75SPC,O2O2 D_Sepia Choco EX,"1,737","1,991",확인
2026-03-01,[20] 분리,Q3405-03.00SPC,O2O2 D_Sepia Choco EX,472,744,확인
2026-03-04,[20] 분리,Q3405-04.00SPC,O2O2 D_Sepia Choco EX,754,939,확인
2026-02-25,[20] 분리,Q3405-03.00SPC,O2O2 D_Sepia Choco EX,"1,167","1,346",확인
2026-03-01,[20] 분리,Q3405-03.00SPC,O2O2 D_Sepia Choco EX,"1,020","1,182",확인
2026-03-01,[20] 분리,Q3405-03.00SPC,O2O2 D_Sepia Choco EX,692,865,확인
2026-02-25,[20] 분리,Q3405-03.25SPC,O2O2 D_Sepia Choco EX,"1,270","1,540",확인
2026-02-25,[20] 분리,Q3405-01.25SPC,O2O2 D_Sepia Choco EX,"1,718","2,057",확인
2026-02-25,[20] 분리,Q3405-01.00SPC,O2O2 D_Sepia Choco EX,"1,749","2,074",확인
2026-03-03,[20] 분리,Q3408-02.00BRW,O2O2 D_Blending Hazel EX,"1,564","1,816",확인
2026-03-03,[20] 분리,Q3408-01.50BRW,O2O2 D_Blending Hazel EX,"1,088","1,548",확인
2026-03-01,[20] 분리,Q3408-01.50BRW,O2O2 D_Blending Hazel EX,"1,732","2,015",확인
2026-02-26,[20] 분리,Q3408-04.50BRW,O2O2 D_Blending Hazel EX,"1,648","1,881",확인
2026-03-01,[20] 분리,Q3408-00.00BRW,O2O2 D_Blending Hazel EX,"1,284","1,441",확인
2026-02-26,[20] 분리,Q3408-08.00BRW,O2O2 D_Blending Hazel EX,"1,344","1,906",확인
2026-03-02,[20] 분리,Q3408-00.75BRW,O2O2 D_Blending Hazel EX,"1,427","1,886",확인
2026-03-04,[20] 분리,Q3408-03.00BRW,O2O2 D_Blending Hazel EX,"1,426","1,713",확인
2026-02-25,[20] 분리,Q3405-01.25SPC,O2O2 D_Sepia Choco EX,"1,883","2,098",확인
2026-02-01,[10] 사출조립,R3407-02.25ASG,O2O2 D_Ash Gray EX,"2,206","2,236",확인
2026-03-03,[20] 분리,Q3408-01.50BRW,O2O2 D_Blending Hazel EX,"1,569","1,862",확인
2026-02-26,[20] 분리,Q3408-02.50BRW,O2O2 D_Blending Hazel EX,"1,555","1,791",확인
2026-03-01,[20] 분리,Q3408-00.00BRW,O2O2 D_Blending Hazel EX,"1,207","1,421",확인
2026-02-27,[20] 분리,Q3408-04.75BRW,O2O2 D_Blending Hazel EX,"1,675","1,909",확인
2026-03-02,[20] 분리,Q3408-03.00BRW,O2O2 D_Blending Hazel EX,"1,241","1,922",확인
2026-02-28,[20] 분리,Q3408-04.00BRW,O2O2 D_Blending Hazel EX,"1,206","1,696",확인
2026-02-28,[20] 분리,Q3408-03.75BRW,O2O2 D_Blending Hazel EX,"1,675","1,813",확인
2026-03-02,[20] 분리,Q3405-01.00SPC,O2O2 D_Sepia Choco EX,"1,210","1,598",확인
2026-02-25,[20] 분리,Q3405-03.75SPC,O2O2 D_Sepia Choco EX,"1,111","1,547",확인
2026-03-02,[20] 분리,Q3405-01.00SPC,O2O2 D_Sepia Choco EX,"1,786","2,004",확인
2026-03-02,[20] 분리,Q3405-01.00SPC,O2O2 D_Sepia Choco EX,"1,589","1,924",확인
2026-03-01,[20] 분리,Q3405-03.75SPC,O2O2 D_Sepia Choco EX,669,825,확인
2026-02-27,[20] 분리,Q3405-03.25SPC,O2O2 D_Sepia Choco EX,"1,034","1,266",확인
