수주번호,이니셜,수출국가,성명,거래처명,출고예상일,화폐,판매코드,품명,생산품명,품목코드,Q코드,R코드,수량,단가,수주금액,상태,포장단위,신규분류코드,수주일자,가격조건,공장,잔여수량,잔여수주수량,사출창고,분리창고,검사접착,누수규격검사,제품재고,불용재고,생산필요량,사출필요량,분리필요량,하이드레이션/전면검사필요량,접착/멸균필요량,누수/규격검사필요량
2.03E+11,DD0333,홍콩,임건훈,Top Trend International Investment Limited,2026-01-05,USD,T5420A-01.25,O2O2 D_Spherical(DK70)_K2-SMD_White,O2O2 D_Spherical(DK70)_K2-SMD_White,P5420A-01.25,Q5420-01.25,R5420-01.25,240,0.33,"2,336.40",접수,30,Si_1-Day_Sph,2025-12-08,FOB,S관(3공장),0,240,2057,0,0,0,266055,0,0,0,0,0,0,0
2.03E+11,DD0333,홍콩,임건훈,Top Trend International Investment Limited,2026-01-05,USD,T5420A-01.75,O2O2 D_Spherical(DK70)_K2-SMD_White,O2O2 D_Spherical(DK70)_K2-SMD_White,P5420A-01.75,Q5420-01.75,R5420-01.75,630,0.33,"2,336.40",접수,30,Si_1-Day_Sph,2025-12-08,FOB,S관(3공장),0,630,14919,4827,0,0,162124,0,0,0,0,0,0,0
2.03E+11,DD0333,홍콩,임건훈,Top Trend International Investment Limited,2026-01-05,USD,T5420A-02.00,O2O2 D_Spherical(DK70)_K2-SMD_White,O2O2 D_Spherical(DK70)_K2-SMD_White,P5420A-02.00,Q5420-02.00,R5420-02.00,570,0.33,"2,336.40",접수,30,Si_1-Day_Sph,2025-12-08,FOB,S관(3공장),0,570,20136,0,0,0,230830,0,0,0,0,0,0,0
2.03E+11,DD0333,홍콩,임건훈,Top Trend International Investment Limited,2026-01-05,USD,T5420A-02.25,O2O2 D_Spherical(DK70)_K2-SMD_White,O2O2 D_Spherical(DK70)_K2-SMD_White,P5420A-02.25,Q5420-02.25,R5420-02.25,600,0.33,"2,336.40",접수,30,Si_1-Day_Sph,2025-12-08,FOB,S관(3공장),0,600,12203,0,0,0,157345,0,0,0,0,0,0,0
2.03E+11,DD0333,홍콩,임건훈,Top Trend International Investment Limited,2026-01-05,USD,T5420A-02.75,O2O2 D_Spherical(DK70)_K2-SMD_White,O2O2 D_Spherical(DK70)_K2-SMD_White,P5420A-02.75,Q5420-02.75,R5420-02.75,60,0.33,"2,336.40",접수,30,Si_1-Day_Sph,2025-12-08,FOB,S관(3공장),0,60,8820,0,0,0,463945,0,0,0,0,0,0,0
2.03E+11,DD0333,홍콩,임건훈,Top Trend International Investment Limited,2026-01-05,USD,T5420A-03.00,O2O2 D_Spherical(DK70)_K2-SMD_White,O2O2 D_Spherical(DK70)_K2-SMD_White,P5420A-03.00,Q5420-03.00,R5420-03.00,450,0.33,"2,336.40",접수,30,Si_1-Day_Sph,2025-12-08,FOB,S관(3공장),0,450,11142,0,0,0,409225,0,0,0,0,0,0,0
2.03E+11,DD0333,홍콩,임건훈,Top Trend International Investment Limited,2026-01-05,USD,T5420A-03.25,O2O2 D_Spherical(DK70)_K2-SMD_White,O2O2 D_Spherical(DK70)_K2-SMD_White,P5420A-03.25,Q5420-03.25,R5420-03.25,450,0.33,"2,336.40",접수,30,Si_1-Day_Sph,2025-12-08,FOB,S관(3공장),0,450,8394,0,0,0,236360,0,0,0,0,0,0,0
2.03E+11,DD0333,홍콩,임건훈,Top Trend International Investment Limited,2026-01-05,USD,T5420A-03.50,O2O2 D_Spherical(DK70)_K2-SMD_White,O2O2 D_Spherical(DK70)_K2-SMD_White,P5420A-03.50,Q5420-03.50,R5420-03.50,420,0.33,"2,336.40",접수,30,Si_1-Day_Sph,2025-12-08,FOB,S관(3공장),0,420,15214,0,0,0,190400,0,0,0,0,0,0,0
2.03E+11,DD0333,홍콩,임건훈,Top Trend International Investment Limited,2026-01-05,USD,T5420A-04.00,O2O2 D_Spherical(DK70)_K2-SMD_White,O2O2 D_Spherical(DK70)_K2-SMD_White,P5420A-04.00,Q5420-04.00,R5420-04.00,870,0.33,"2,336.40",접수,30,Si_1-Day_Sph,2025-12-08,FOB,S관(3공장),0,870,2280,0,0,0,365630,0,0,0,0,0,0,0
2.03E+11,DD0333,홍콩,임건훈,Top Trend International Investment Limited,2026-01-05,USD,T5420A-04.50,O2O2 D_Spherical(DK70)_K2-SMD_White,O2O2 D_Spherical(DK70)_K2-SMD_White,P5420A-04.50,Q5420-04.50,R5420-04.50,900,0.33,"2,336.40",접수,30,Si_1-Day_Sph,2025-12-08,FOB,S관(3공장),0,900,8713,0,0,0,308535,0,0,0,0,0,0,0
2.03E+11,DD0333,홍콩,임건훈,Top Trend International Investment Limited,2026-01-05,USD,T5420A-04.75,O2O2 D_Spherical(DK70)_K2-SMD_White,O2O2 D_Spherical(DK70)_K2-SMD_White,P5420A-04.75,Q5420-04.75,R5420-04.75,90,0.33,"2,336.40",접수,30,Si_1-Day_Sph,2025-12-08,FOB,S관(3공장),0,90,11031,0,0,0,187050,0,0,0,0,0,0,0
2.03E+11,DD0333,홍콩,임건훈,Top Trend International Investment Limited,2026-01-05,USD,T5420A-05.00,O2O2 D_Spherical(DK70)_K2-SMD_White,O2O2 D_Spherical(DK70)_K2-SMD_White,P5420A-05.00,Q5420-05.00,R5420-05.00,420,0.33,"2,336.40",접수,30,Si_1-Day_Sph,2025-12-08,FOB,S관(3공장),0,420,6815,0,0,0,245785,0,0,0,0,0,0,0
2.03E+11,DD0333,홍콩,임건훈,Top Trend International Investment Limited,2026-01-05,USD,T5420A-05.50,O2O2 D_Spherical(DK70)_K2-SMD_White,O2O2 D_Spherical(DK70)_K2-SMD_White,P5420A-05.50,Q5420-05.50,R5420-05.50,240,0.33,"2,336.40",접수,30,Si_1-Day_Sph,2025-12-08,FOB,S관(3공장),0,240,10656,0,0,0,219930,0,0,0,0,0,0,0
2.03E+11,DD0333,홍콩,임건훈,Top Trend International Investment Limited,2026-01-05,USD,T5420A-06.00,O2O2 D_Spherical(DK70)_K2-SMD_White,O2O2 D_Spherical(DK70)_K2-SMD_White,P5420A-06.00,Q5420-06.00,R5420-06.00,270,0.33,"2,336.40",접수,30,Si_1-Day_Sph,2025-12-08,FOB,S관(3공장),0,270,4399,0,0,0,97280,0,0,0,0,0,0,0
2.03E+11,DD0333,홍콩,임건훈,Top Trend International Investment Limited,2026-01-05,USD,T5420A-06.50,O2O2 D_Spherical(DK70)_K2-SMD_White,O2O2 D_Spherical(DK70)_K2-SMD_White,P5420A-06.50,Q5420-06.50,R5420-06.50,180,0.33,"2,336.40",접수,30,Si_1-Day_Sph,2025-12-08,FOB,S관(3공장),0,180,12800,0,0,0,69180,0,0,0,0,0,0,0
2.03E+11,DD0333,홍콩,임건훈,Top Trend International Investment Limited,2026-01-05,USD,T5420A-07.00,O2O2 D_Spherical(DK70)_K2-SMD_White,O2O2 D_Spherical(DK70)_K2-SMD_White,P5420A-07.00,Q5420-07.00,R5420-07.00,240,0.33,"2,336.40",접수,30,Si_1-Day_Sph,2025-12-08,FOB,S관(3공장),0,240,1644,0,0,0,98795,0,0,0,0,0,0,0
2.03E+11,DD0333,홍콩,임건훈,Top Trend International Investment Limited,2026-01-05,USD,T5420A-08.00,O2O2 D_Spherical(DK70)_K2-SMD_White,O2O2 D_Spherical(DK70)_K2-SMD_White,P5420A-08.00,Q5420-08.00,R5420-08.00,180,0.33,"2,336.40",접수,30,Si_1-Day_Sph,2025-12-08,FOB,S관(3공장),0,180,4140,0,0,0,55935,0,0,0,0,0,0,0
2.03E+11,DD0333,홍콩,임건훈,Top Trend International Investment Limited,2026-01-05,USD,T5420A-08.50,O2O2 D_Spherical(DK70)_K2-SMD_White,O2O2 D_Spherical(DK70)_K2-SMD_White,P5420A-08.50,Q5420-08.50,R5420-08.50,60,0.33,"2,336.40",접수,30,Si_1-Day_Sph,2025-12-08,FOB,S관(3공장),0,60,0,0,0,0,81450,0,0,0,0,0,0,0
2.03E+11,V2976,프랑스,손지윤,OPHTALMIC France,2026-02-11,EUR,T1026A-02.25,O2O2 Spherical_K2-SMDH_WHITE_OPHTALMIC,O2O2 Spherical_K2-SMDH_WHITE_OPHTALMIC,P1026A-02.25,Q1026-02.25,R1026-02.25,950,0.22,"1,639",접수,5,Si_1-Day_Sph,2026-01-28,FOB,S관(3공장),1,0.00,7316,3949,2471,0,180815,0,0,0,0,0,0,0
2.03E+11,DD0652,홍콩,임건훈,Hearts Optical,2026-02-27,USD,T5423A-10.00,O2O2 D_Spherical(DK70)_K2-SMD,O2O2 D_Spherical(DK70)_K2-SMD,P5423A-10.00,Q1026-10.00,R1026-10.00,300,0.33,"3,069.00",접수,30,Si_1-Day_Sph,2026-02-04,FOB,S관(3공장),1,42.86,0,0,0,0,5735,0,0,0,0,0,0,0
2.03E+11,DD0652,홍콩,임건훈,Hearts Optical,2026-02-27,USD,T5423A-10.00,O2O2 D_Spherical(DK70)_K2-SMD,O2O2 D_Spherical(DK70)_K2-SMD,P5423A-10.00,Q1026-10.00,R1026-10.00,50,0.2,310,접수,1,Si_1-Day_Sph,2026-02-04,FOB,S관(3공장),1,7.14,0,0,0,0,5735,0,0,0,0,0,0,0
2.03E+11,DD0746,중국,임건훈,"INTEROJO CHINA CO., LTD",2026-04-10,CNY,T5291A-02.00PIB,Clalen D_Pink Tulip Brown,Clalen D_Pink Tulip Brown,P5291A-02.00PIB,Q5291-02.00PIB,R5291-02.00PIB,1000,1.51,"18,120.00",접수,10,1-Day_Color_Sph,2026-03-03,CFR,S관(3공장),0,1000,0,0,0,0,5080,0,0,0,0,0,0,0
2.03E+11,DD0746,중국,임건훈,"INTEROJO CHINA CO., LTD",2026-04-10,CNY,T5291A-02.25PIB,Clalen D_Pink Tulip Brown,Clalen D_Pink Tulip Brown,P5291A-02.25PIB,Q5291-02.25PIB,R5291-02.25PIB,1000,1.51,"18,120.00",접수,10,1-Day_Color_Sph,2026-03-03,CFR,S관(3공장),0,1000,0,0,0,0,4830,0,0,0,0,0,0,0
2.03E+11,DD0746,중국,임건훈,"INTEROJO CHINA CO., LTD",2026-04-10,CNY,T5291A-02.50PIB,Clalen D_Pink Tulip Brown,Clalen D_Pink Tulip Brown,P5291A-02.50PIB,Q5291-02.50PIB,R5291-02.50PIB,1000,1.51,"18,120.00",접수,10,1-Day_Color_Sph,2026-03-03,CFR,S관(3공장),0,1000,0,0,0,0,1400,0,0,0,0,0,0,0
2.03E+11,DD0746,중국,임건훈,"INTEROJO CHINA CO., LTD",2026-04-10,CNY,T5291A-03.50PIB,Clalen D_Pink Tulip Brown,Clalen D_Pink Tulip Brown,P5291A-03.50PIB,Q5291-03.50PIB,R5291-03.50PIB,1000,1.51,"18,120.00",접수,10,1-Day_Color_Sph,2026-03-03,CFR,S관(3공장),0,1000,0,0,0,0,7745,0,0,0,0,0,0,0
2.03E+11,DD0746,중국,임건훈,"INTEROJO CHINA CO., LTD",2026-04-10,CNY,T5291A-04.00PIB,Clalen D_Pink Tulip Brown,Clalen D_Pink Tulip Brown,P5291A-04.00PIB,Q5291-04.00PIB,R5291-04.00PIB,1000,1.51,"18,120.00",접수,10,1-Day_Color_Sph,2026-03-03,CFR,S관(3공장),0,1000,0,0,0,0,10755,0,0,0,0,0,0,0
2.03E+11,DD0746,중국,임건훈,"INTEROJO CHINA CO., LTD",2026-04-10,CNY,T5291A-04.50PIB,Clalen D_Pink Tulip Brown,Clalen D_Pink Tulip Brown,P5291A-04.50PIB,Q5291-04.50PIB,R5291-04.50PIB,1000,1.51,"18,120.00",접수,10,1-Day_Color_Sph,2026-03-03,CFR,S관(3공장),0,1000,0,0,0,0,13405,0,0,0,0,0,0,0
2.03E+11,DD0746,중국,임건훈,"INTEROJO CHINA CO., LTD",2026-04-10,CNY,T5291A-04.75PIB,Clalen D_Pink Tulip Brown,Clalen D_Pink Tulip Brown,P5291A-04.75PIB,Q5291-04.75PIB,R5291-04.75PIB,1000,1.51,"18,120.00",접수,10,1-Day_Color_Sph,2026-03-03,CFR,S관(3공장),0,1000,0,0,0,0,6435,0,0,0,0,0,0,0
2.03E+11,DD0746,중국,임건훈,"INTEROJO CHINA CO., LTD",2026-04-10,CNY,T5291A-07.00PIB,Clalen D_Pink Tulip Brown,Clalen D_Pink Tulip Brown,P5291A-07.00PIB,Q5291-07.00PIB,R5291-07.00PIB,1000,1.51,"18,120.00",접수,10,1-Day_Color_Sph,2026-03-03,CFR,S관(3공장),0,1000,0,0,0,0,9255,0,0,0,0,0,0,0
2.03E+11,DD0746,중국,임건훈,"INTEROJO CHINA CO., LTD",2026-04-10,CNY,T5291A-07.50PIB,Clalen D_Pink Tulip Brown,Clalen D_Pink Tulip Brown,P5291A-07.50PIB,Q5291-07.50PIB,R5291-07.50PIB,1000,1.51,"18,120.00",접수,10,1-Day_Color_Sph,2026-03-03,CFR,S관(3공장),0,1000,0,0,0,0,6665,0,0,0,0,0,0,0
2.03E+11,DD0746,중국,임건훈,"INTEROJO CHINA CO., LTD",2026-04-10,CNY,T5291A-08.00PIB,Clalen D_Pink Tulip Brown,Clalen D_Pink Tulip Brown,P5291A-08.00PIB,Q5291-08.00PIB,R5291-08.00PIB,1000,1.51,"18,120.00",접수,10,1-Day_Color_Sph,2026-03-03,CFR,S관(3공장),0,1000,0,0,0,0,3720,0,0,0,0,0,0,0
2.03E+11,DD0746,중국,임건훈,"INTEROJO CHINA CO., LTD",2026-04-10,CNY,T5291A-09.00PIB,Clalen D_Pink Tulip Brown,Clalen D_Pink Tulip Brown,P5291A-09.00PIB,Q5291-09.00PIB,R5291-09.00PIB,1000,1.51,"18,120.00",접수,10,1-Day_Color_Sph,2026-03-03,CFR,S관(3공장),0,1000,0,0,0,0,8855,0,0,0,0,0,0,0
2.03E+11,DD0746,중국,임건훈,"INTEROJO CHINA CO., LTD",2026-04-10,CNY,T5291A-09.50PIB,Clalen D_Pink Tulip Brown,Clalen D_Pink Tulip Brown,P5291A-09.50PIB,Q5291-09.50PIB,R5291-09.50PIB,1000,1.51,"18,120.00",접수,10,1-Day_Color_Sph,2026-03-03,CFR,S관(3공장),0,1000,0,0,0,0,3005,0,0,0,0,0,0,0
2.03E+11,DD0746,중국,임건훈,"INTEROJO CHINA CO., LTD",2026-04-10,CNY,T5292A-00.00WIB,Clalen D_Mimosa Brown,Clalen D_Mimosa Brown,P5292A-00.00WIB,Q5292-00.00WIB,R5292-00.00WIB,5000,1.51,"40,770.00",접수,10,1-Day_Color_Sph,2026-03-03,CFR,S관(3공장),0,5000,0,7094,0,0,610,17539,4390,0,0,5113,5079,4441
2.03E+11,DD0746,중국,임건훈,"INTEROJO CHINA CO., LTD",2026-04-10,CNY,T5292A-01.50WIB,Clalen D_Mimosa Brown,Clalen D_Mimosa Brown,P5292A-01.50WIB,Q5292-01.50WIB,R5292-01.50WIB,1000,1.51,"40,770.00",접수,10,1-Day_Color_Sph,2026-03-03,CFR,S관(3공장),0,1000,0,0,0,0,195,11790,805,1530,1199,939,932,815
2.03E+11,DD0746,중국,임건훈,"INTEROJO CHINA CO., LTD",2026-04-10,CNY,T5292A-01.75WIB,Clalen D_Mimosa Brown,Clalen D_Mimosa Brown,P5292A-01.75WIB,Q5292-01.75WIB,R5292-01.75WIB,1000,1.51,"40,770.00",접수,10,1-Day_Color_Sph,2026-03-03,CFR,S관(3공장),0,1000,0,0,0,0,560,950,440,840,658,515,511,446
2.03E+11,DD0746,중국,임건훈,"INTEROJO CHINA CO., LTD",2026-04-10,CNY,T5292A-02.00WIB,Clalen D_Mimosa Brown,Clalen D_Mimosa Brown,P5292A-02.00WIB,Q5292-02.00WIB,R5292-02.00WIB,1000,1.51,"40,770.00",접수,10,1-Day_Color_Sph,2026-03-03,CFR,S관(3공장),0,1000,2317,0,0,0,240,29600,760,0,1131,886,880,769
2.03E+11,DD0746,중국,임건훈,"INTEROJO CHINA CO., LTD",2026-04-10,CNY,T5292A-02.25WIB,Clalen D_Mimosa Brown,Clalen D_Mimosa Brown,P5292A-02.25WIB,Q5292-02.25WIB,R5292-02.25WIB,1000,1.51,"40,770.00",접수,10,1-Day_Color_Sph,2026-03-03,CFR,S관(3공장),0,1000,0,0,0,0,1310,2820,0,0,0,0,0,0
2.03E+11,DD0746,중국,임건훈,"INTEROJO CHINA CO., LTD",2026-04-10,CNY,T5292A-02.50WIB,Clalen D_Mimosa Brown,Clalen D_Mimosa Brown,P5292A-02.50WIB,Q5292-02.50WIB,R5292-02.50WIB,1000,1.51,"40,770.00",접수,10,1-Day_Color_Sph,2026-03-03,CFR,S관(3공장),0,1000,0,0,0,0,235,33255,765,1454,1139,892,886,774
2.03E+11,DD0746,중국,임건훈,"INTEROJO CHINA CO., LTD",2026-04-10,CNY,T5292A-02.75WIB,Clalen D_Mimosa Brown,Clalen D_Mimosa Brown,P5292A-02.75WIB,Q5292-02.75WIB,R5292-02.75WIB,1000,1.51,"40,770.00",접수,10,1-Day_Color_Sph,2026-03-03,CFR,S관(3공장),0,1000,0,0,0,0,120,7100,880,1672,1310,1026,1019,891
2.03E+11,DD0746,중국,임건훈,"INTEROJO CHINA CO., LTD",2026-04-10,CNY,T5292A-03.00WIB,Clalen D_Mimosa Brown,Clalen D_Mimosa Brown,P5292A-03.00WIB,Q5292-03.00WIB,R5292-03.00WIB,1000,1.51,"40,770.00",접수,10,1-Day_Color_Sph,2026-03-03,CFR,S관(3공장),0,1000,0,0,0,0,3340,36795,0,0,0,0,0,0
2.03E+11,DD0746,중국,임건훈,"INTEROJO CHINA CO., LTD",2026-04-10,CNY,T5292A-03.50WIB,Clalen D_Mimosa Brown,Clalen D_Mimosa Brown,P5292A-03.50WIB,Q5292-03.50WIB,R5292-03.50WIB,1000,1.51,"40,770.00",접수,10,1-Day_Color_Sph,2026-03-03,CFR,S관(3공장),0,1000,0,0,0,0,3265,4110,0,0,0,0,0,0
2.03E+11,DD0746,중국,임건훈,"INTEROJO CHINA CO., LTD",2026-04-10,CNY,T5292A-03.75WIB,Clalen D_Mimosa Brown,Clalen D_Mimosa Brown,P5292A-03.75WIB,Q5292-03.75WIB,R5292-03.75WIB,2000,1.51,"40,770.00",접수,10,1-Day_Color_Sph,2026-03-03,CFR,S관(3공장),0,2000,0,0,0,0,2510,0,0,0,0,0,0,0
2.03E+11,DD0746,중국,임건훈,"INTEROJO CHINA CO., LTD",2026-04-10,CNY,T5292A-04.00WIB,Clalen D_Mimosa Brown,Clalen D_Mimosa Brown,P5292A-04.00WIB,Q5292-04.00WIB,R5292-04.00WIB,1000,1.51,"40,770.00",접수,10,1-Day_Color_Sph,2026-03-03,CFR,S관(3공장),0,1000,0,0,0,0,320,26455,680,1293,1013,793,787,688
2.03E+11,DD0746,중국,임건훈,"INTEROJO CHINA CO., LTD",2026-04-10,CNY,T5292A-04.25WIB,Clalen D_Mimosa Brown,Clalen D_Mimosa Brown,P5292A-04.25WIB,Q5292-04.25WIB,R5292-04.25WIB,1000,1.51,"40,770.00",접수,10,1-Day_Color_Sph,2026-03-03,CFR,S관(3공장),0,1000,0,0,0,0,2950,0,0,0,0,0,0,0
2.03E+11,DD0746,중국,임건훈,"INTEROJO CHINA CO., LTD",2026-04-10,CNY,T5292A-04.50WIB,Clalen D_Mimosa Brown,Clalen D_Mimosa Brown,P5292A-04.50WIB,Q5292-04.50WIB,R5292-04.50WIB,1000,1.51,"40,770.00",접수,10,1-Day_Color_Sph,2026-03-03,CFR,S관(3공장),0,1000,0,0,0,0,2215,23810,0,0,0,0,0,0
2.03E+11,DD0746,중국,임건훈,"INTEROJO CHINA CO., LTD",2026-04-10,CNY,T5292A-04.75WIB,Clalen D_Mimosa Brown,Clalen D_Mimosa Brown,P5292A-04.75WIB,Q5292-04.75WIB,R5292-04.75WIB,1000,1.51,"40,770.00",접수,10,1-Day_Color_Sph,2026-03-03,CFR,S관(3공장),0,1000,0,0,0,0,285,14100,715,1359,1065,834,828,724
2.03E+11,DD0746,중국,임건훈,"INTEROJO CHINA CO., LTD",2026-04-10,CNY,T5292A-05.00WIB,Clalen D_Mimosa Brown,Clalen D_Mimosa Brown,P5292A-05.00WIB,Q5292-05.00WIB,R5292-05.00WIB,1000,1.51,"40,770.00",접수,10,1-Day_Color_Sph,2026-03-03,CFR,S관(3공장),0,1000,0,0,0,0,2395,0,0,0,0,0,0,0
2.03E+11,DD0746,중국,임건훈,"INTEROJO CHINA CO., LTD",2026-04-10,CNY,T5292A-05.50WIB,Clalen D_Mimosa Brown,Clalen D_Mimosa Brown,P5292A-05.50WIB,Q5292-05.50WIB,R5292-05.50WIB,1000,1.51,"40,770.00",접수,10,1-Day_Color_Sph,2026-03-03,CFR,S관(3공장),0,1000,0,0,0,0,270,8520,730,1388,1088,852,846,739
2.03E+11,DD0746,중국,임건훈,"INTEROJO CHINA CO., LTD",2026-04-10,CNY,T5292A-06.00WIB,Clalen D_Mimosa Brown,Clalen D_Mimosa Brown,P5292A-06.00WIB,Q5292-06.00WIB,R5292-06.00WIB,1000,1.51,"40,770.00",접수,10,1-Day_Color_Sph,2026-03-03,CFR,S관(3공장),0,1000,0,0,0,0,4010,0,0,0,0,0,0,0
2.03E+11,DD0746,중국,임건훈,"INTEROJO CHINA CO., LTD",2026-04-10,CNY,T5292A-06.50WIB,Clalen D_Mimosa Brown,Clalen D_Mimosa Brown,P5292A-06.50WIB,Q5292-06.50WIB,R5292-06.50WIB,1000,1.51,"40,770.00",접수,10,1-Day_Color_Sph,2026-03-03,CFR,S관(3공장),0,1000,0,0,0,0,3600,0,0,0,0,0,0,0
2.03E+11,DD0746,중국,임건훈,"INTEROJO CHINA CO., LTD",2026-04-10,CNY,T5292A-07.00WIB,Clalen D_Mimosa Brown,Clalen D_Mimosa Brown,P5292A-07.00WIB,Q5292-07.00WIB,R5292-07.00WIB,1000,1.51,"40,770.00",접수,10,1-Day_Color_Sph,2026-03-03,CFR,S관(3공장),0,1000,0,0,0,0,8335,0,0,0,0,0,0,0
2.03E+11,DD0746,중국,임건훈,"INTEROJO CHINA CO., LTD",2026-04-10,CNY,T5292A-07.50WIB,Clalen D_Mimosa Brown,Clalen D_Mimosa Brown,P5292A-07.50WIB,Q5292-07.50WIB,R5292-07.50WIB,1000,1.51,"40,770.00",접수,10,1-Day_Color_Sph,2026-03-03,CFR,S관(3공장),0,1000,0,0,0,0,3720,9980,0,0,0,0,0,0
2.03E+11,DD0746,중국,임건훈,"INTEROJO CHINA CO., LTD",2026-04-10,CNY,T5292A-09.00WIB,Clalen D_Mimosa Brown,Clalen D_Mimosa Brown,P5292A-09.00WIB,Q5292-09.00WIB,R5292-09.00WIB,1000,1.51,"40,770.00",접수,10,1-Day_Color_Sph,2026-03-03,CFR,S관(3공장),0,1000,0,0,0,0,4695,0,0,0,0,0,0,0
2.03E+11,DD0746,중국,임건훈,"INTEROJO CHINA CO., LTD",2026-04-10,CNY,T5292A-09.50WIB,Clalen D_Mimosa Brown,Clalen D_Mimosa Brown,P5292A-09.50WIB,Q5292-09.50WIB,R5292-09.50WIB,1000,1.51,"40,770.00",접수,10,1-Day_Color_Sph,2026-03-03,CFR,S관(3공장),0,1000,0,0,0,0,4850,0,0,0,0,0,0,0
2.03E+11,DD0746,중국,임건훈,"INTEROJO CHINA CO., LTD",2026-04-10,CNY,T5293A-00.00CWN,Clalen D_Canola Brown,Clalen D_Canola Brown,P5293A-00.00CWN,Q5293-00.00CWN,R5293-00.00CWN,8000,1.51,"54,360.00",접수,10,1-Day_Color_Sph,2026-03-03,CFR,S관(3공장),0,8000,17190,0,0,0,0,6250,8000,0,11890,9315,9254,8092
2.03E+11,DD0746,중국,임건훈,"INTEROJO CHINA CO., LTD",2026-04-10,CNY,T5293A-01.00CWN,Clalen D_Canola Brown,Clalen D_Canola Brown,P5293A-01.00CWN,Q5293-01.00CWN,R5293-01.00CWN,2000,1.51,"54,360.00",접수,10,1-Day_Color_Sph,2026-03-03,CFR,S관(3공장),0,2000,0,0,0,0,215,895,1785,3387,2655,2080,2066,1806
2.03E+11,DD0746,중국,임건훈,"INTEROJO CHINA CO., LTD",2026-04-10,CNY,T5293A-01.25CWN,Clalen D_Canola Brown,Clalen D_Canola Brown,P5293A-01.25CWN,Q5293-01.25CWN,R5293-01.25CWN,1000,1.51,"54,360.00",접수,10,1-Day_Color_Sph,2026-03-03,CFR,S관(3공장),0,1000,0,0,0,0,620,1175,380,724,567,444,441,385
2.03E+11,DD0746,중국,임건훈,"INTEROJO CHINA CO., LTD",2026-04-10,CNY,T5293A-01.50CWN,Clalen D_Canola Brown,Clalen D_Canola Brown,P5293A-01.50CWN,Q5293-01.50CWN,R5293-01.50CWN,1000,1.51,"54,360.00",접수,10,1-Day_Color_Sph,2026-03-03,CFR,S관(3공장),0,1000,0,0,0,0,695,695,305,582,456,357,354,309
2.03E+11,DD0746,중국,임건훈,"INTEROJO CHINA CO., LTD",2026-04-10,CNY,T5293A-01.75CWN,Clalen D_Canola Brown,Clalen D_Canola Brown,P5293A-01.75CWN,Q5293-01.75CWN,R5293-01.75CWN,1000,1.51,"54,360.00",접수,10,1-Day_Color_Sph,2026-03-03,CFR,S관(3공장),0,1000,0,0,0,0,525,5240,475,905,709,555,551,481
2.03E+11,DD0746,중국,임건훈,"INTEROJO CHINA CO., LTD",2026-04-10,CNY,T5293A-02.00CWN,Clalen D_Canola Brown,Clalen D_Canola Brown,P5293A-02.00CWN,Q5293-02.00CWN,R5293-02.00CWN,1000,1.51,"54,360.00",접수,10,1-Day_Color_Sph,2026-03-03,CFR,S관(3공장),0,1000,0,0,0,0,1875,740,0,0,0,0,0,0
2.03E+11,DD0746,중국,임건훈,"INTEROJO CHINA CO., LTD",2026-04-10,CNY,T5293A-02.25CWN,Clalen D_Canola Brown,Clalen D_Canola Brown,P5293A-02.25CWN,Q5293-02.25CWN,R5293-02.25CWN,1000,1.51,"54,360.00",접수,10,1-Day_Color_Sph,2026-03-03,CFR,S관(3공장),0,1000,0,0,0,0,1640,0,0,0,0,0,0,0
2.03E+11,DD0746,중국,임건훈,"INTEROJO CHINA CO., LTD",2026-04-10,CNY,T5293A-02.50CWN,Clalen D_Canola Brown,Clalen D_Canola Brown,P5293A-02.50CWN,Q5293-02.50CWN,R5293-02.50CWN,1000,1.51,"54,360.00",접수,10,1-Day_Color_Sph,2026-03-03,CFR,S관(3공장),0,1000,0,0,0,0,11370,6235,0,0,0,0,0,0
2.03E+11,DD0746,중국,임건훈,"INTEROJO CHINA CO., LTD",2026-04-10,CNY,T5293A-02.75CWN,Clalen D_Canola Brown,Clalen D_Canola Brown,P5293A-02.75CWN,Q5293-02.75CWN,R5293-02.75CWN,1000,1.51,"54,360.00",접수,10,1-Day_Color_Sph,2026-03-03,CFR,S관(3공장),0,1000,0,0,0,0,2025,665,0,0,0,0,0,0
2.03E+11,DD0746,중국,임건훈,"INTEROJO CHINA CO., LTD",2026-04-10,CNY,T5293A-03.00CWN,Clalen D_Canola Brown,Clalen D_Canola Brown,P5293A-03.00CWN,Q5293-03.00CWN,R5293-03.00CWN,1000,1.51,"54,360.00",접수,10,1-Day_Color_Sph,2026-03-03,CFR,S관(3공장),0,1000,0,0,0,0,1955,13600,0,0,0,0,0,0
2.03E+11,DD0746,중국,임건훈,"INTEROJO CHINA CO., LTD",2026-04-10,CNY,T5293A-03.25CWN,Clalen D_Canola Brown,Clalen D_Canola Brown,P5293A-03.25CWN,Q5293-03.25CWN,R5293-03.25CWN,1000,1.51,"54,360.00",접수,10,1-Day_Color_Sph,2026-03-03,CFR,S관(3공장),0,1000,0,0,0,0,150,0,850,1614,1265,991,984,860
2.03E+11,DD0746,중국,임건훈,"INTEROJO CHINA CO., LTD",2026-04-10,CNY,T5293A-03.50CWN,Clalen D_Canola Brown,Clalen D_Canola Brown,P5293A-03.50CWN,Q5293-03.50CWN,R5293-03.50CWN,1000,1.51,"54,360.00",접수,10,1-Day_Color_Sph,2026-03-03,CFR,S관(3공장),0,1000,0,0,0,0,1765,8205,0,0,0,0,0,0
2.03E+11,DD0746,중국,임건훈,"INTEROJO CHINA CO., LTD",2026-04-10,CNY,T5293A-03.75CWN,Clalen D_Canola Brown,Clalen D_Canola Brown,P5293A-03.75CWN,Q5293-03.75CWN,R5293-03.75CWN,1000,1.51,"54,360.00",접수,10,1-Day_Color_Sph,2026-03-03,CFR,S관(3공장),0,1000,0,0,0,0,2090,6775,0,0,0,0,0,0
2.03E+11,DD0746,중국,임건훈,"INTEROJO CHINA CO., LTD",2026-04-10,CNY,T5293A-04.00CWN,Clalen D_Canola Brown,Clalen D_Canola Brown,P5293A-04.00CWN,Q5293-04.00CWN,R5293-04.00CWN,1000,1.51,"54,360.00",접수,10,1-Day_Color_Sph,2026-03-03,CFR,S관(3공장),0,1000,0,0,0,0,2285,2390,0,0,0,0,0,0
2.03E+11,DD0746,중국,임건훈,"INTEROJO CHINA CO., LTD",2026-04-10,CNY,T5293A-04.25CWN,Clalen D_Canola Brown,Clalen D_Canola Brown,P5293A-04.25CWN,Q5293-04.25CWN,R5293-04.25CWN,2000,1.51,"54,360.00",접수,10,1-Day_Color_Sph,2026-03-03,CFR,S관(3공장),0,2000,0,0,0,0,2730,0,0,0,0,0,0,0
2.03E+11,DD0746,중국,임건훈,"INTEROJO CHINA CO., LTD",2026-04-10,CNY,T5293A-04.50CWN,Clalen D_Canola Brown,Clalen D_Canola Brown,P5293A-04.50CWN,Q5293-04.50CWN,R5293-04.50CWN,1000,1.51,"54,360.00",접수,10,1-Day_Color_Sph,2026-03-03,CFR,S관(3공장),0,1000,0,0,0,0,1505,17440,0,0,0,0,0,0
2.03E+11,DD0746,중국,임건훈,"INTEROJO CHINA CO., LTD",2026-04-10,CNY,T5293A-04.75CWN,Clalen D_Canola Brown,Clalen D_Canola Brown,P5293A-04.75CWN,Q5293-04.75CWN,R5293-04.75CWN,1000,1.51,"54,360.00",접수,10,1-Day_Color_Sph,2026-03-03,CFR,S관(3공장),0,1000,0,0,0,0,2785,5930,0,0,0,0,0,0
2.03E+11,DD0746,중국,임건훈,"INTEROJO CHINA CO., LTD",2026-04-10,CNY,T5293A-05.00CWN,Clalen D_Canola Brown,Clalen D_Canola Brown,P5293A-05.00CWN,Q5293-05.00CWN,R5293-05.00CWN,1000,1.51,"54,360.00",접수,10,1-Day_Color_Sph,2026-03-03,CFR,S관(3공장),0,1000,0,0,0,0,4940,0,0,0,0,0,0,0
2.03E+11,DD0746,중국,임건훈,"INTEROJO CHINA CO., LTD",2026-04-10,CNY,T5293A-05.25CWN,Clalen D_Canola Brown,Clalen D_Canola Brown,P5293A-05.25CWN,Q5293-05.25CWN,R5293-05.25CWN,1000,1.51,"54,360.00",접수,10,1-Day_Color_Sph,2026-03-03,CFR,S관(3공장),0,1000,0,0,0,0,2250,615,0,0,0,0,0,0
2.03E+11,DD0746,중국,임건훈,"INTEROJO CHINA CO., LTD",2026-04-10,CNY,T5293A-05.50CWN,Clalen D_Canola Brown,Clalen D_Canola Brown,P5293A-05.50CWN,Q5293-05.50CWN,R5293-05.50CWN,1000,1.51,"54,360.00",접수,10,1-Day_Color_Sph,2026-03-03,CFR,S관(3공장),0,1000,0,0,0,0,4080,0,0,0,0,0,0,0
2.03E+11,DD0746,중국,임건훈,"INTEROJO CHINA CO., LTD",2026-04-10,CNY,T5293A-05.75CWN,Clalen D_Canola Brown,Clalen D_Canola Brown,P5293A-05.75CWN,Q5293-05.75CWN,R5293-05.75CWN,1000,1.51,"54,360.00",접수,10,1-Day_Color_Sph,2026-03-03,CFR,S관(3공장),0,1000,0,0,0,0,3995,0,0,0,0,0,0,0
2.03E+11,DD0746,중국,임건훈,"INTEROJO CHINA CO., LTD",2026-04-10,CNY,T5293A-06.00CWN,Clalen D_Canola Brown,Clalen D_Canola Brown,P5293A-06.00CWN,Q5293-06.00CWN,R5293-06.00CWN,1000,1.51,"54,360.00",접수,10,1-Day_Color_Sph,2026-03-03,CFR,S관(3공장),0,1000,0,0,0,0,1670,1030,0,0,0,0,0,0
2.03E+11,DD0746,중국,임건훈,"INTEROJO CHINA CO., LTD",2026-04-10,CNY,T5293A-06.50CWN,Clalen D_Canola Brown,Clalen D_Canola Brown,P5293A-06.50CWN,Q5293-06.50CWN,R5293-06.50CWN,1000,1.51,"54,360.00",접수,10,1-Day_Color_Sph,2026-03-03,CFR,S관(3공장),0,1000,0,0,0,0,3265,0,0,0,0,0,0,0
2.03E+11,DD0746,중국,임건훈,"INTEROJO CHINA CO., LTD",2026-04-10,CNY,T5293A-07.50CWN,Clalen D_Canola Brown,Clalen D_Canola Brown,P5293A-07.50CWN,Q5293-07.50CWN,R5293-07.50CWN,1000,1.51,"54,360.00",접수,10,1-Day_Color_Sph,2026-03-03,CFR,S관(3공장),0,1000,0,0,0,0,335,3610,665,1265,991,776,770,673
2.03E+11,DD0746,중국,임건훈,"INTEROJO CHINA CO., LTD",2026-04-10,CNY,T5293A-08.50CWN,Clalen D_Canola Brown,Clalen D_Canola Brown,P5293A-08.50CWN,Q5293-08.50CWN,R5293-08.50CWN,1000,1.51,"54,360.00",접수,10,1-Day_Color_Sph,2026-03-03,CFR,S관(3공장),0,1000,0,0,0,0,2030,4515,0,0,0,0,0,0
2.03E+11,DD0746,중국,임건훈,"INTEROJO CHINA CO., LTD",2026-04-10,CNY,T5293A-09.50CWN,Clalen D_Canola Brown,Clalen D_Canola Brown,P5293A-09.50CWN,Q5293-09.50CWN,R5293-09.50CWN,1000,1.51,"54,360.00",접수,10,1-Day_Color_Sph,2026-03-03,CFR,S관(3공장),0,1000,0,0,0,0,190,5175,810,1540,1207,945,938,820
2.03E+11,DD0746,중국,임건훈,"INTEROJO CHINA CO., LTD",2026-04-10,CNY,T5293A-10.00CWN,Clalen D_Canola Brown,Clalen D_Canola Brown,P5293A-10.00CWN,Q5293-10.00CWN,R5293-10.00CWN,1000,1.51,"54,360.00",접수,10,1-Day_Color_Sph,2026-03-03,CFR,S관(3공장),0,1000,0,0,0,0,2845,0,0,0,0,0,0,0
2.03E+11,DD0747,중국,임건훈,"INTEROJO CHINA CO., LTD",2026-04-10,CNY,T5294A-02.75IGM,JEWEL MOON D_Ice gray Moon,JEWEL MOON D_Ice gray Moon,P5294A-02.75IGM,Q5294-02.75IGM,R5294-02.75IGM,1000,1.51,"19,630.00",접수,10,1-Day_Color_Sph,2026-03-03,CFR,S관(3공장),0,1000,0,0,0,0,1275,650,0,0,0,0,0,0
2.03E+11,DD0747,중국,임건훈,"INTEROJO CHINA CO., LTD",2026-04-10,CNY,T5294A-04.25IGM,JEWEL MOON D_Ice gray Moon,JEWEL MOON D_Ice gray Moon,P5294A-04.25IGM,Q5294-04.25IGM,R5294-04.25IGM,1000,1.51,"19,630.00",접수,10,1-Day_Color_Sph,2026-03-03,CFR,S관(3공장),0,1000,0,0,3035,0,7730,0,0,0,0,0,0,0
2.03E+11,DD0747,중국,임건훈,"INTEROJO CHINA CO., LTD",2026-04-10,CNY,T5294A-04.50IGM,JEWEL MOON D_Ice gray Moon,JEWEL MOON D_Ice gray Moon,P5294A-04.50IGM,Q5294-04.50IGM,R5294-04.50IGM,2000,1.51,"19,630.00",접수,10,1-Day_Color_Sph,2026-03-03,CFR,S관(3공장),0,2000,0,0,6865,0,6820,0,0,0,0,0,0,0
2.03E+11,DD0747,중국,임건훈,"INTEROJO CHINA CO., LTD",2026-04-10,CNY,T5294A-04.75IGM,JEWEL MOON D_Ice gray Moon,JEWEL MOON D_Ice gray Moon,P5294A-04.75IGM,Q5294-04.75IGM,R5294-04.75IGM,1000,1.51,"19,630.00",접수,10,1-Day_Color_Sph,2026-03-03,CFR,S관(3공장),0,1000,0,0,3230,0,1410,0,0,0,0,0,0,0
2.03E+11,DD0747,중국,임건훈,"INTEROJO CHINA CO., LTD",2026-04-10,CNY,T5294A-05.00IGM,JEWEL MOON D_Ice gray Moon,JEWEL MOON D_Ice gray Moon,P5294A-05.00IGM,Q5294-05.00IGM,R5294-05.00IGM,2000,1.51,"19,630.00",접수,10,1-Day_Color_Sph,2026-03-03,CFR,S관(3공장),0,2000,0,0,1365,0,1590,0,410,0,0,0,0,415
2.03E+11,DD0747,중국,임건훈,"INTEROJO CHINA CO., LTD",2026-04-10,CNY,T5294A-05.25IGM,JEWEL MOON D_Ice gray Moon,JEWEL MOON D_Ice gray Moon,P5294A-05.25IGM,Q5294-05.25IGM,R5294-05.25IGM,1000,1.51,"19,630.00",접수,10,1-Day_Color_Sph,2026-03-03,CFR,S관(3공장),0,1000,0,0,2400,0,3670,245,0,0,0,0,0,0
2.03E+11,DD0747,중국,임건훈,"INTEROJO CHINA CO., LTD",2026-04-10,CNY,T5294A-06.00IGM,JEWEL MOON D_Ice gray Moon,JEWEL MOON D_Ice gray Moon,P5294A-06.00IGM,Q5294-06.00IGM,R5294-06.00IGM,2000,1.51,"19,630.00",접수,10,1-Day_Color_Sph,2026-03-03,CFR,S관(3공장),0,2000,0,0,0,0,3575,0,0,0,0,0,0,0
2.03E+11,DD0747,중국,임건훈,"INTEROJO CHINA CO., LTD",2026-04-10,CNY,T5294A-07.50IGM,JEWEL MOON D_Ice gray Moon,JEWEL MOON D_Ice gray Moon,P5294A-07.50IGM,Q5294-07.50IGM,R5294-07.50IGM,1000,1.51,"19,630.00",접수,10,1-Day_Color_Sph,2026-03-03,CFR,S관(3공장),0,1000,0,0,2160,0,5120,0,0,0,0,0,0,0
2.03E+11,DD0747,중국,임건훈,"INTEROJO CHINA CO., LTD",2026-04-10,CNY,T5294A-08.00IGM,JEWEL MOON D_Ice gray Moon,JEWEL MOON D_Ice gray Moon,P5294A-08.00IGM,Q5294-08.00IGM,R5294-08.00IGM,1000,1.51,"19,630.00",접수,10,1-Day_Color_Sph,2026-03-03,CFR,S관(3공장),0,1000,0,0,3380,0,2655,0,0,0,0,0,0,0
2.03E+11,DD0747,중국,임건훈,"INTEROJO CHINA CO., LTD",2026-04-10,CNY,T5294A-08.50IGM,JEWEL MOON D_Ice gray Moon,JEWEL MOON D_Ice gray Moon,P5294A-08.50IGM,Q5294-08.50IGM,R5294-08.50IGM,1000,1.51,"19,630.00",접수,10,1-Day_Color_Sph,2026-03-03,CFR,S관(3공장),0,1000,0,0,0,0,5570,0,0,0,0,0,0,0
2.03E+11,DD0747,중국,임건훈,"INTEROJO CHINA CO., LTD",2026-04-10,CNY,T5295A-00.00CYM,JEWEL MOON D_Creamy Moon,JEWEL MOON D_Creamy Moon,P5295A-00.00CYM,Q5295-00.00CYM,R5295-00.00CYM,4000,1.51,"15,100.00",접수,10,1-Day_Color_Sph,2026-03-03,CFR,S관(3공장),0,4000,0,0,0,0,1700,17335,2300,4363,3420,2679,2661,2327
2.03E+11,DD0747,중국,임건훈,"INTEROJO CHINA CO., LTD",2026-04-10,CNY,T5295A-02.75CYM,JEWEL MOON D_Creamy Moon,JEWEL MOON D_Creamy Moon,P5295A-02.75CYM,Q5295-02.75CYM,R5295-02.75CYM,1000,1.51,"15,100.00",접수,10,1-Day_Color_Sph,2026-03-03,CFR,S관(3공장),0,1000,0,0,0,0,3165,13300,0,0,0,0,0,0
2.03E+11,DD0747,중국,임건훈,"INTEROJO CHINA CO., LTD",2026-04-10,CNY,T5295A-03.00CYM,JEWEL MOON D_Creamy Moon,JEWEL MOON D_Creamy Moon,P5295A-03.00CYM,Q5295-03.00CYM,R5295-03.00CYM,1000,1.51,"15,100.00",접수,10,1-Day_Color_Sph,2026-03-03,CFR,S관(3공장),0,1000,0,0,0,0,5710,2855,0,0,0,0,0,0
2.03E+11,DD0747,중국,임건훈,"INTEROJO CHINA CO., LTD",2026-04-10,CNY,T5295A-03.25CYM,JEWEL MOON D_Creamy Moon,JEWEL MOON D_Creamy Moon,P5295A-03.25CYM,Q5295-03.25CYM,R5295-03.25CYM,1000,1.51,"15,100.00",접수,10,1-Day_Color_Sph,2026-03-03,CFR,S관(3공장),0,1000,0,0,0,0,6970,1310,0,0,0,0,0,0
2.03E+11,DD0747,중국,임건훈,"INTEROJO CHINA CO., LTD",2026-04-10,CNY,T5295A-03.50CYM,JEWEL MOON D_Creamy Moon,JEWEL MOON D_Creamy Moon,P5295A-03.50CYM,Q5295-03.50CYM,R5295-03.50CYM,1000,1.51,"15,100.00",접수,10,1-Day_Color_Sph,2026-03-03,CFR,S관(3공장),0,1000,0,0,0,0,4775,5685,0,0,0,0,0,0
2.03E+11,DD0747,중국,임건훈,"INTEROJO CHINA CO., LTD",2026-04-10,CNY,T5295A-03.75CYM,JEWEL MOON D_Creamy Moon,JEWEL MOON D_Creamy Moon,P5295A-03.75CYM,Q5295-03.75CYM,R5295-03.75CYM,1000,1.51,"15,100.00",접수,10,1-Day_Color_Sph,2026-03-03,CFR,S관(3공장),0,1000,0,0,0,0,1540,3080,0,0,0,0,0,0
2.03E+11,DD0747,중국,임건훈,"INTEROJO CHINA CO., LTD",2026-04-10,CNY,T5295A-04.50CYM,JEWEL MOON D_Creamy Moon,JEWEL MOON D_Creamy Moon,P5295A-04.50CYM,Q5295-04.50CYM,R5295-04.50CYM,1000,1.51,"15,100.00",접수,10,1-Day_Color_Sph,2026-03-03,CFR,S관(3공장),0,1000,0,0,0,0,1780,6665,0,0,0,0,0,0
2.03E+11,DD0747,중국,임건훈,"INTEROJO CHINA CO., LTD",2026-04-10,CNY,T5296A-05.50CEM,JEWEL MOON D_Cherry Moon,JEWEL MOON D_Cherry Moon,P5296A-05.50CEM,Q5296-05.50CEM,R5296-05.50CEM,2000,1.51,"55,870.00",접수,10,1-Day_Color_Sph,2026-03-03,CFR,S관(3공장),0,2000,0,0,0,0,1840,4310,160,307,240,188,186,162
2.03E+11,DD0747,중국,임건훈,"INTEROJO CHINA CO., LTD",2026-04-10,CNY,T5296A-05.75CEM,JEWEL MOON D_Cherry Moon,JEWEL MOON D_Cherry Moon,P5296A-05.75CEM,Q5296-05.75CEM,R5296-05.75CEM,1000,1.51,"55,870.00",접수,10,1-Day_Color_Sph,2026-03-03,CFR,S관(3공장),0,1000,0,0,0,0,720,4390,280,535,419,328,325,284
2.03E+11,DD0747,중국,임건훈,"INTEROJO CHINA CO., LTD",2026-04-10,CNY,T5296A-06.00CEM,JEWEL MOON D_Cherry Moon,JEWEL MOON D_Cherry Moon,P5296A-06.00CEM,Q5296-06.00CEM,R5296-06.00CEM,2000,1.51,"55,870.00",접수,10,1-Day_Color_Sph,2026-03-03,CFR,S관(3공장),0,2000,0,0,0,0,4040,13450,0,0,0,0,0,0
2.03E+11,DD0747,중국,임건훈,"INTEROJO CHINA CO., LTD",2026-04-10,CNY,T5296A-06.50CEM,JEWEL MOON D_Cherry Moon,JEWEL MOON D_Cherry Moon,P5296A-06.50CEM,Q5296-06.50CEM,R5296-06.50CEM,2000,1.51,"55,870.00",접수,10,1-Day_Color_Sph,2026-03-03,CFR,S관(3공장),0,2000,0,0,0,0,420,5265,1580,2998,2350,1841,1829,1599
2.03E+11,DD0747,중국,임건훈,"INTEROJO CHINA CO., LTD",2026-04-10,CNY,T5296A-07.00CEM,JEWEL MOON D_Cherry Moon,JEWEL MOON D_Cherry Moon,P5296A-07.00CEM,Q5296-07.00CEM,R5296-07.00CEM,1000,1.51,"55,870.00",접수,10,1-Day_Color_Sph,2026-03-03,CFR,S관(3공장),0,1000,0,0,0,0,435,10400,565,1076,843,660,655,572
2.03E+11,DD0747,중국,임건훈,"INTEROJO CHINA CO., LTD",2026-04-10,CNY,T5296A-07.50CEM,JEWEL MOON D_Cherry Moon,JEWEL MOON D_Cherry Moon,P5296A-07.50CEM,Q5296-07.50CEM,R5296-07.50CEM,1000,1.51,"55,870.00",접수,10,1-Day_Color_Sph,2026-03-03,CFR,S관(3공장),0,1000,0,0,0,0,3495,595,0,0,0,0,0,0
2.03E+11,DD0747,중국,임건훈,"INTEROJO CHINA CO., LTD",2026-04-10,CNY,T5296A-08.00CEM,JEWEL MOON D_Cherry Moon,JEWEL MOON D_Cherry Moon,P5296A-08.00CEM,Q5296-08.00CEM,R5296-08.00CEM,1000,1.51,"55,870.00",접수,10,1-Day_Color_Sph,2026-03-03,CFR,S관(3공장),0,1000,0,0,0,0,690,8395,310,592,464,363,360,314
2.03E+11,DD0747,중국,임건훈,"INTEROJO CHINA CO., LTD",2026-04-10,CNY,T5296A-08.50CEM,JEWEL MOON D_Cherry Moon,JEWEL MOON D_Cherry Moon,P5296A-08.50CEM,Q5296-08.50CEM,R5296-08.50CEM,1000,1.51,"55,870.00",접수,10,1-Day_Color_Sph,2026-03-03,CFR,S관(3공장),0,1000,0,0,0,0,1380,5885,0,0,0,0,0,0
2.03E+11,DD0747,중국,임건훈,"INTEROJO CHINA CO., LTD",2026-04-10,CNY,T5296A-09.50CEM,JEWEL MOON D_Cherry Moon,JEWEL MOON D_Cherry Moon,P5296A-09.50CEM,Q5296-09.50CEM,R5296-09.50CEM,1000,1.51,"55,870.00",접수,10,1-Day_Color_Sph,2026-03-03,CFR,S관(3공장),0,1000,0,0,0,0,1065,3645,0,0,0,0,0,0
2.03E+11,DD0747,중국,임건훈,"INTEROJO CHINA CO., LTD",2026-04-10,CNY,T5296A-10.00CEM,JEWEL MOON D_Cherry Moon,JEWEL MOON D_Cherry Moon,P5296A-10.00CEM,Q5296-10.00CEM,R5296-10.00CEM,1000,1.51,"55,870.00",접수,10,1-Day_Color_Sph,2026-03-03,CFR,S관(3공장),0,1000,0,0,0,0,3545,1575,0,0,0,0,0,0
2.03E+11,DD0747,중국,임건훈,"INTEROJO CHINA CO., LTD",2026-04-10,CNY,T5296A-00.00CEM,JEWEL MOON D_Cherry Moon,JEWEL MOON D_Cherry Moon,P5296A-00.00CEM,Q5296-00.00CEM,R5296-00.00CEM,4000,1.51,"55,870.00",접수,10,1-Day_Color_Sph,2026-03-03,CFR,S관(3공장),0,4000,0,0,0,0,11825,800,0,0,0,0,0,0
2.03E+11,DD0747,중국,임건훈,"INTEROJO CHINA CO., LTD",2026-04-10,CNY,T5296A-01.50CEM,JEWEL MOON D_Cherry Moon,JEWEL MOON D_Cherry Moon,P5296A-01.50CEM,Q5296-01.50CEM,R5296-01.50CEM,2000,1.51,"55,870.00",접수,10,1-Day_Color_Sph,2026-03-03,CFR,S관(3공장),0,2000,0,0,0,0,3975,10610,0,0,0,0,0,0
2.03E+11,DD0747,중국,임건훈,"INTEROJO CHINA CO., LTD",2026-04-10,CNY,T5296A-01.75CEM,JEWEL MOON D_Cherry Moon,JEWEL MOON D_Cherry Moon,P5296A-01.75CEM,Q5296-01.75CEM,R5296-01.75CEM,1000,1.51,"55,870.00",접수,10,1-Day_Color_Sph,2026-03-03,CFR,S관(3공장),0,1000,0,0,0,0,1820,2080,0,0,0,0,0,0
2.03E+11,DD0747,중국,임건훈,"INTEROJO CHINA CO., LTD",2026-04-10,CNY,T5296A-02.50CEM,JEWEL MOON D_Cherry Moon,JEWEL MOON D_Cherry Moon,P5296A-02.50CEM,Q5296-02.50CEM,R5296-02.50CEM,2000,1.51,"55,870.00",접수,10,1-Day_Color_Sph,2026-03-03,CFR,S관(3공장),0,2000,0,0,0,0,1895,500,105,203,159,124,123,107
2.03E+11,DD0747,중국,임건훈,"INTEROJO CHINA CO., LTD",2026-04-10,CNY,T5296A-03.00CEM,JEWEL MOON D_Cherry Moon,JEWEL MOON D_Cherry Moon,P5296A-03.00CEM,Q5296-03.00CEM,R5296-03.00CEM,1000,1.51,"55,870.00",접수,10,1-Day_Color_Sph,2026-03-03,CFR,S관(3공장),0,1000,0,0,0,0,345,0,655,1246,976,764,759,663
2.03E+11,DD0747,중국,임건훈,"INTEROJO CHINA CO., LTD",2026-04-10,CNY,T5296A-03.50CEM,JEWEL MOON D_Cherry Moon,JEWEL MOON D_Cherry Moon,P5296A-03.50CEM,Q5296-03.50CEM,R5296-03.50CEM,2000,1.51,"55,870.00",접수,10,1-Day_Color_Sph,2026-03-03,CFR,S관(3공장),0,2000,0,0,0,0,1595,2420,405,771,604,473,469,410
2.03E+11,DD0747,중국,임건훈,"INTEROJO CHINA CO., LTD",2026-04-10,CNY,T5296A-03.75CEM,JEWEL MOON D_Cherry Moon,JEWEL MOON D_Cherry Moon,P5296A-03.75CEM,Q5296-03.75CEM,R5296-03.75CEM,2000,1.51,"55,870.00",접수,10,1-Day_Color_Sph,2026-03-03,CFR,S관(3공장),0,2000,0,0,0,0,4885,7240,0,0,0,0,0,0
2.03E+11,DD0747,중국,임건훈,"INTEROJO CHINA CO., LTD",2026-04-10,CNY,T5296A-04.00CEM,JEWEL MOON D_Cherry Moon,JEWEL MOON D_Cherry Moon,P5296A-04.00CEM,Q5296-04.00CEM,R5296-04.00CEM,2000,1.51,"55,870.00",접수,10,1-Day_Color_Sph,2026-03-03,CFR,S관(3공장),0,2000,0,0,0,0,1765,3450,235,450,352,275,273,238
2.03E+11,DD0747,중국,임건훈,"INTEROJO CHINA CO., LTD",2026-04-10,CNY,T5296A-04.25CEM,JEWEL MOON D_Cherry Moon,JEWEL MOON D_Cherry Moon,P5296A-04.25CEM,Q5296-04.25CEM,R5296-04.25CEM,1000,1.51,"55,870.00",접수,10,1-Day_Color_Sph,2026-03-03,CFR,S관(3공장),0,1000,0,0,0,0,2095,0,0,0,0,0,0,0
2.03E+11,DD0747,중국,임건훈,"INTEROJO CHINA CO., LTD",2026-04-10,CNY,T5296A-04.50CEM,JEWEL MOON D_Cherry Moon,JEWEL MOON D_Cherry Moon,P5296A-04.50CEM,Q5296-04.50CEM,R5296-04.50CEM,2000,1.51,"55,870.00",접수,10,1-Day_Color_Sph,2026-03-03,CFR,S관(3공장),0,2000,0,0,0,0,1320,3035,680,1293,1013,793,787,688
2.03E+11,DD0747,중국,임건훈,"INTEROJO CHINA CO., LTD",2026-04-10,CNY,T5296A-04.75CEM,JEWEL MOON D_Cherry Moon,JEWEL MOON D_Cherry Moon,P5296A-04.75CEM,Q5296-04.75CEM,R5296-04.75CEM,2000,1.51,"55,870.00",접수,10,1-Day_Color_Sph,2026-03-03,CFR,S관(3공장),0,2000,0,0,0,0,2070,0,0,0,0,0,0,0
2.03E+11,DD0747,중국,임건훈,"INTEROJO CHINA CO., LTD",2026-04-10,CNY,T5296A-05.00CEM,JEWEL MOON D_Cherry Moon,JEWEL MOON D_Cherry Moon,P5296A-05.00CEM,Q5296-05.00CEM,R5296-05.00CEM,2000,1.51,"55,870.00",접수,10,1-Day_Color_Sph,2026-03-03,CFR,S관(3공장),0,2000,0,0,0,0,135,4280,1865,3539,2774,2173,2158,1887
2.03E+11,DD0747,중국,임건훈,"INTEROJO CHINA CO., LTD",2026-04-10,CNY,T5296A-05.25CEM,JEWEL MOON D_Cherry Moon,JEWEL MOON D_Cherry Moon,P5296A-05.25CEM,Q5296-05.25CEM,R5296-05.25CEM,1000,1.51,"55,870.00",접수,10,1-Day_Color_Sph,2026-03-03,CFR,S관(3공장),0,1000,0,0,0,0,250,440,750,1424,1116,874,868,759
2.03E+11,D1848,말레이지아,이상윤,Maxvue Vision,2026-03-16,USD,T5420A+05.00,O2O2 D_Spherical(DK70)_K2-SMD_White,O2O2 D_Spherical(DK70)_K2-SMD_White,P5420A+05.00,Q5420+05.00,R5420+05.00,955,0.31,"3,396.05",접수,1,Si_1-Day_Sph,2026-03-03,FOB,S관(3공장),0,955,8417,1798,0,0,3585,0,0,0,0,0,0,0
2.03E+11,X2333,영국,임승진,CROSSBIRD LIMITED (Feel Good Contacts),2026-04-03,USD,T5416A-00.50+1.00,O2O2 D_Multifocal_FGC,O2O2 D_Multifocal_FGC,P5416A-00.50+1.00,Q1025-00.50+1.00,R1025-00.50+1.00,120,0.4,"8,712",접수,30,Si_1-Day_M/F,2026-03-04,EXW,S관(3공장),0,120,0,0,0,0,2005,0,0,0,0,0,0,0
2.03E+11,X2333,영국,임승진,CROSSBIRD LIMITED (Feel Good Contacts),2026-04-03,USD,T5416A-00.75+1.00,O2O2 D_Multifocal_FGC,O2O2 D_Multifocal_FGC,P5416A-00.75+1.00,Q1025-00.75+1.00,R1025-00.75+1.00,150,0.4,"8,712",접수,30,Si_1-Day_M/F,2026-03-04,EXW,S관(3공장),0,150,0,0,0,0,615,0,0,0,0,0,0,0
2.03E+11,X2333,영국,임승진,CROSSBIRD LIMITED (Feel Good Contacts),2026-04-03,USD,T5416A-01.00+2.50,O2O2 D_Multifocal_FGC,O2O2 D_Multifocal_FGC,P5416A-01.00+2.50,Q1025-01.00+2.50,R1025-01.00+2.50,150,0.4,"8,712",접수,30,Si_1-Day_M/F,2026-03-04,EXW,S관(3공장),0,150,0,0,0,0,3695,0,0,0,0,0,0,0
2.03E+11,X2333,영국,임승진,CROSSBIRD LIMITED (Feel Good Contacts),2026-04-03,USD,T5416A-02.00+1.50,O2O2 D_Multifocal_FGC,O2O2 D_Multifocal_FGC,P5416A-02.00+1.50,Q1025-02.00+1.50,R1025-02.00+1.50,330,0.4,"8,712",접수,30,Si_1-Day_M/F,2026-03-04,EXW,S관(3공장),0,330,0,0,0,0,425,0,0,0,0,0,0,0
2.03E+11,X2333,영국,임승진,CROSSBIRD LIMITED (Feel Good Contacts),2026-04-03,USD,T5416A-02.00+2.50,O2O2 D_Multifocal_FGC,O2O2 D_Multifocal_FGC,P5416A-02.00+2.50,Q1025-02.00+2.50,R1025-02.00+2.50,150,0.4,"8,712",접수,30,Si_1-Day_M/F,2026-03-04,EXW,S관(3공장),0,150,0,0,0,0,1190,0,0,0,0,0,0,0
2.03E+11,X2333,영국,임승진,CROSSBIRD LIMITED (Feel Good Contacts),2026-04-03,USD,T5416A-02.50+1.00,O2O2 D_Multifocal_FGC,O2O2 D_Multifocal_FGC,P5416A-02.50+1.00,Q1025-02.50+1.00,R1025-02.50+1.00,540,0.4,"8,712",접수,30,Si_1-Day_M/F,2026-03-04,EXW,S관(3공장),0,540,0,0,0,0,3255,0,0,0,0,0,0,0
2.03E+11,X2333,영국,임승진,CROSSBIRD LIMITED (Feel Good Contacts),2026-04-03,USD,T5416A-02.50+1.50,O2O2 D_Multifocal_FGC,O2O2 D_Multifocal_FGC,P5416A-02.50+1.50,Q1025-02.50+1.50,R1025-02.50+1.50,750,0.4,"8,712",접수,30,Si_1-Day_M/F,2026-03-04,EXW,S관(3공장),0,750,0,0,0,0,875,0,0,0,0,0,0,0
2.03E+11,X2333,영국,임승진,CROSSBIRD LIMITED (Feel Good Contacts),2026-04-03,USD,T5416A-02.75+2.00,O2O2 D_Multifocal_FGC,O2O2 D_Multifocal_FGC,P5416A-02.75+2.00,Q1025-02.75+2.00,R1025-02.75+2.00,420,0.4,"8,712",접수,30,Si_1-Day_M/F,2026-03-04,EXW,S관(3공장),0,420,0,0,0,0,1070,0,0,0,0,0,0,0
2.03E+11,X2333,영국,임승진,CROSSBIRD LIMITED (Feel Good Contacts),2026-04-03,USD,T5416A-02.75+2.50,O2O2 D_Multifocal_FGC,O2O2 D_Multifocal_FGC,P5416A-02.75+2.50,Q1025-02.75+2.50,R1025-02.75+2.50,450,0.4,"8,712",접수,30,Si_1-Day_M/F,2026-03-04,EXW,S관(3공장),0,450,0,0,0,0,465,0,0,0,0,0,0,0
2.03E+11,X2333,영국,임승진,CROSSBIRD LIMITED (Feel Good Contacts),2026-04-03,USD,T5416A-03.00+1.50,O2O2 D_Multifocal_FGC,O2O2 D_Multifocal_FGC,P5416A-03.00+1.50,Q1025-03.00+1.50,R1025-03.00+1.50,330,0.4,"8,712",접수,30,Si_1-Day_M/F,2026-03-04,EXW,S관(3공장),0,330,0,0,0,0,660,0,0,0,0,0,0,0
2.03E+11,X2333,영국,임승진,CROSSBIRD LIMITED (Feel Good Contacts),2026-04-03,USD,T5416A-03.25+2.50,O2O2 D_Multifocal_FGC,O2O2 D_Multifocal_FGC,P5416A-03.25+2.50,Q1025-03.25+2.50,R1025-03.25+2.50,360,0.4,"8,712",접수,30,Si_1-Day_M/F,2026-03-04,EXW,S관(3공장),0,360,0,0,0,0,1170,0,0,0,0,0,0,0
2.03E+11,X2333,영국,임승진,CROSSBIRD LIMITED (Feel Good Contacts),2026-04-03,USD,T5416A-03.50+1.00,O2O2 D_Multifocal_FGC,O2O2 D_Multifocal_FGC,P5416A-03.50+1.00,Q1025-03.50+1.00,R1025-03.50+1.00,150,0.4,"8,712",접수,30,Si_1-Day_M/F,2026-03-04,EXW,S관(3공장),0,150,0,0,0,0,1615,0,0,0,0,0,0,0
2.03E+11,X2333,영국,임승진,CROSSBIRD LIMITED (Feel Good Contacts),2026-04-03,USD,T5416A-03.50+2.50,O2O2 D_Multifocal_FGC,O2O2 D_Multifocal_FGC,P5416A-03.50+2.50,Q1025-03.50+2.50,R1025-03.50+2.50,150,0.4,"8,712",접수,30,Si_1-Day_M/F,2026-03-04,EXW,S관(3공장),0,150,0,0,0,0,1900,0,0,0,0,0,0,0
2.03E+11,X2333,영국,임승진,CROSSBIRD LIMITED (Feel Good Contacts),2026-04-03,USD,T5416A-03.75+1.00,O2O2 D_Multifocal_FGC,O2O2 D_Multifocal_FGC,P5416A-03.75+1.00,Q1025-03.75+1.00,R1025-03.75+1.00,720,0.4,"8,712",접수,30,Si_1-Day_M/F,2026-03-04,EXW,S관(3공장),0,720,0,0,0,0,6540,0,0,0,0,0,0,0
2.03E+11,X2333,영국,임승진,CROSSBIRD LIMITED (Feel Good Contacts),2026-04-03,USD,T5416A-03.75+2.00,O2O2 D_Multifocal_FGC,O2O2 D_Multifocal_FGC,P5416A-03.75+2.00,Q1025-03.75+2.00,R1025-03.75+2.00,180,0.4,"8,712",접수,30,Si_1-Day_M/F,2026-03-04,EXW,S관(3공장),0,180,0,0,0,0,780,0,0,0,0,0,0,0
2.03E+11,X2333,영국,임승진,CROSSBIRD LIMITED (Feel Good Contacts),2026-04-03,USD,T5416A-04.25+1.00,O2O2 D_Multifocal_FGC,O2O2 D_Multifocal_FGC,P5416A-04.25+1.00,Q1025-04.25+1.00,R1025-04.25+1.00,360,0.4,"8,712",접수,30,Si_1-Day_M/F,2026-03-04,EXW,S관(3공장),0,360,0,0,0,0,2730,0,0,0,0,0,0,0
2.03E+11,X2333,영국,임승진,CROSSBIRD LIMITED (Feel Good Contacts),2026-04-03,USD,T5416A-04.25+2.50,O2O2 D_Multifocal_FGC,O2O2 D_Multifocal_FGC,P5416A-04.25+2.50,Q1025-04.25+2.50,R1025-04.25+2.50,150,0.4,"8,712",접수,30,Si_1-Day_M/F,2026-03-04,EXW,S관(3공장),0,150,0,0,0,0,2295,0,0,0,0,0,0,0
2.03E+11,X2333,영국,임승진,CROSSBIRD LIMITED (Feel Good Contacts),2026-04-03,USD,T5416A-04.50+1.00,O2O2 D_Multifocal_FGC,O2O2 D_Multifocal_FGC,P5416A-04.50+1.00,Q1025-04.50+1.00,R1025-04.50+1.00,330,0.4,"8,712",접수,30,Si_1-Day_M/F,2026-03-04,EXW,S관(3공장),0,330,0,0,0,0,1580,0,0,0,0,0,0,0
2.03E+11,X2333,영국,임승진,CROSSBIRD LIMITED (Feel Good Contacts),2026-04-03,USD,T5416A-04.75+1.00,O2O2 D_Multifocal_FGC,O2O2 D_Multifocal_FGC,P5416A-04.75+1.00,Q1025-04.75+1.00,R1025-04.75+1.00,90,0.4,"8,712",접수,30,Si_1-Day_M/F,2026-03-04,EXW,S관(3공장),0,90,0,0,0,0,510,0,0,0,0,0,0,0
2.03E+11,X2333,영국,임승진,CROSSBIRD LIMITED (Feel Good Contacts),2026-04-03,USD,T5416A-04.75+2.00,O2O2 D_Multifocal_FGC,O2O2 D_Multifocal_FGC,P5416A-04.75+2.00,Q1025-04.75+2.00,R1025-04.75+2.00,990,0.4,"8,712",접수,30,Si_1-Day_M/F,2026-03-04,EXW,S관(3공장),0,990,0,0,0,0,1010,0,0,0,0,0,0,0
2.03E+11,X2333,영국,임승진,CROSSBIRD LIMITED (Feel Good Contacts),2026-04-03,USD,T5416A-04.75+2.50,O2O2 D_Multifocal_FGC,O2O2 D_Multifocal_FGC,P5416A-04.75+2.50,Q1025-04.75+2.50,R1025-04.75+2.50,240,0.4,"8,712",접수,30,Si_1-Day_M/F,2026-03-04,EXW,S관(3공장),0,240,0,0,0,0,3375,0,0,0,0,0,0,0
2.03E+11,X2333,영국,임승진,CROSSBIRD LIMITED (Feel Good Contacts),2026-04-03,USD,T5416A-05.00+1.00,O2O2 D_Multifocal_FGC,O2O2 D_Multifocal_FGC,P5416A-05.00+1.00,Q1025-05.00+1.00,R1025-05.00+1.00,240,0.4,"8,712",접수,30,Si_1-Day_M/F,2026-03-04,EXW,S관(3공장),0,240,0,0,0,0,1405,0,0,0,0,0,0,0
2.03E+11,X2333,영국,임승진,CROSSBIRD LIMITED (Feel Good Contacts),2026-04-03,USD,T5416A-05.00+2.00,O2O2 D_Multifocal_FGC,O2O2 D_Multifocal_FGC,P5416A-05.00+2.00,Q1025-05.00+2.00,R1025-05.00+2.00,750,0.4,"8,712",접수,30,Si_1-Day_M/F,2026-03-04,EXW,S관(3공장),0,750,0,0,0,0,860,0,0,0,0,0,0,0
2.03E+11,X2333,영국,임승진,CROSSBIRD LIMITED (Feel Good Contacts),2026-04-03,USD,T5416A-05.50+1.50,O2O2 D_Multifocal_FGC,O2O2 D_Multifocal_FGC,P5416A-05.50+1.50,Q1025-05.50+1.50,R1025-05.50+1.50,630,0.4,"8,712",접수,30,Si_1-Day_M/F,2026-03-04,EXW,S관(3공장),0,630,0,0,0,0,2595,0,0,0,0,0,0,0
2.03E+11,X2333,영국,임승진,CROSSBIRD LIMITED (Feel Good Contacts),2026-04-03,USD,T5416A-05.50+2.50,O2O2 D_Multifocal_FGC,O2O2 D_Multifocal_FGC,P5416A-05.50+2.50,Q1025-05.50+2.50,R1025-05.50+2.50,630,0.4,"8,712",접수,30,Si_1-Day_M/F,2026-03-04,EXW,S관(3공장),0,630,0,0,0,0,1880,0,0,0,0,0,0,0
2.03E+11,X2333,영국,임승진,CROSSBIRD LIMITED (Feel Good Contacts),2026-04-03,USD,T5416A-05.75+2.00,O2O2 D_Multifocal_FGC,O2O2 D_Multifocal_FGC,P5416A-05.75+2.00,Q1025-05.75+2.00,R1025-05.75+2.00,150,0.4,"8,712",접수,30,Si_1-Day_M/F,2026-03-04,EXW,S관(3공장),0,150,0,0,0,0,1080,0,0,0,0,0,0,0
2.03E+11,X2333,영국,임승진,CROSSBIRD LIMITED (Feel Good Contacts),2026-04-03,USD,T5416A-06.00+2.50,O2O2 D_Multifocal_FGC,O2O2 D_Multifocal_FGC,P5416A-06.00+2.50,Q1025-06.00+2.50,R1025-06.00+2.50,270,0.4,"8,712",접수,30,Si_1-Day_M/F,2026-03-04,EXW,S관(3공장),0,270,0,0,0,0,2915,0,0,0,0,0,0,0
2.03E+11,X2333,영국,임승진,CROSSBIRD LIMITED (Feel Good Contacts),2026-04-03,USD,T5416A-06.50+1.00,O2O2 D_Multifocal_FGC,O2O2 D_Multifocal_FGC,P5416A-06.50+1.00,Q1025-06.50+1.00,R1025-06.50+1.00,540,0.4,"8,712",접수,30,Si_1-Day_M/F,2026-03-04,EXW,S관(3공장),0,540,0,0,0,0,575,0,0,0,0,0,0,0
2.03E+11,X2333,영국,임승진,CROSSBIRD LIMITED (Feel Good Contacts),2026-04-03,USD,T5416A-06.50+1.50,O2O2 D_Multifocal_FGC,O2O2 D_Multifocal_FGC,P5416A-06.50+1.50,Q1025-06.50+1.50,R1025-06.50+1.50,150,0.4,"8,712",접수,30,Si_1-Day_M/F,2026-03-04,EXW,S관(3공장),0,150,0,0,0,0,1820,0,0,0,0,0,0,0
2.03E+11,X2333,영국,임승진,CROSSBIRD LIMITED (Feel Good Contacts),2026-04-03,USD,T5416A-06.50+2.50,O2O2 D_Multifocal_FGC,O2O2 D_Multifocal_FGC,P5416A-06.50+2.50,Q1025-06.50+2.50,R1025-06.50+2.50,570,0.4,"8,712",접수,30,Si_1-Day_M/F,2026-03-04,EXW,S관(3공장),0,570,0,0,0,0,2890,0,0,0,0,0,0,0
2.03E+11,X2333,영국,임승진,CROSSBIRD LIMITED (Feel Good Contacts),2026-04-03,USD,T5416A-07.00+1.50,O2O2 D_Multifocal_FGC,O2O2 D_Multifocal_FGC,P5416A-07.00+1.50,Q1025-07.00+1.50,R1025-07.00+1.50,150,0.4,"8,712",접수,30,Si_1-Day_M/F,2026-03-04,EXW,S관(3공장),0,150,0,0,0,0,160,0,0,0,0,0,0,0
2.03E+11,X2333,영국,임승진,CROSSBIRD LIMITED (Feel Good Contacts),2026-04-03,USD,T5416A-07.00+2.00,O2O2 D_Multifocal_FGC,O2O2 D_Multifocal_FGC,P5416A-07.00+2.00,Q1025-07.00+2.00,R1025-07.00+2.00,600,0.4,"8,712",접수,30,Si_1-Day_M/F,2026-03-04,EXW,S관(3공장),0,600,0,0,0,0,845,0,0,0,0,0,0,0
2.03E+11,X2333,영국,임승진,CROSSBIRD LIMITED (Feel Good Contacts),2026-04-03,USD,T5416A-07.00+2.50,O2O2 D_Multifocal_FGC,O2O2 D_Multifocal_FGC,P5416A-07.00+2.50,Q1025-07.00+2.50,R1025-07.00+2.50,330,0.4,"8,712",접수,30,Si_1-Day_M/F,2026-03-04,EXW,S관(3공장),0,330,0,0,0,0,7875,0,0,0,0,0,0,0
2.03E+11,X2333,영국,임승진,CROSSBIRD LIMITED (Feel Good Contacts),2026-04-03,USD,T5416A-07.50+1.00,O2O2 D_Multifocal_FGC,O2O2 D_Multifocal_FGC,P5416A-07.50+1.00,Q1025-07.50+1.00,R1025-07.50+1.00,60,0.4,"8,712",접수,30,Si_1-Day_M/F,2026-03-04,EXW,S관(3공장),0,60,0,0,0,0,495,0,0,0,0,0,0,0
2.03E+11,X2333,영국,임승진,CROSSBIRD LIMITED (Feel Good Contacts),2026-04-03,USD,T5416A-08.00+1.50,O2O2 D_Multifocal_FGC,O2O2 D_Multifocal_FGC,P5416A-08.00+1.50,Q1025-08.00+1.50,R1025-08.00+1.50,90,0.4,"8,712",접수,30,Si_1-Day_M/F,2026-03-04,EXW,S관(3공장),0,90,0,0,0,0,1950,0,0,0,0,0,0,0
2.03E+11,X2333,영국,임승진,CROSSBIRD LIMITED (Feel Good Contacts),2026-04-03,USD,T5416A-08.50+2.50,O2O2 D_Multifocal_FGC,O2O2 D_Multifocal_FGC,P5416A-08.50+2.50,Q1025-08.50+2.50,R1025-08.50+2.50,60,0.4,"8,712",접수,30,Si_1-Day_M/F,2026-03-04,EXW,S관(3공장),0,60,0,0,0,0,1825,0,0,0,0,0,0,0
2.03E+11,X2333,영국,임승진,CROSSBIRD LIMITED (Feel Good Contacts),2026-04-03,USD,T5416A-09.00+1.50,O2O2 D_Multifocal_FGC,O2O2 D_Multifocal_FGC,P5416A-09.00+1.50,Q1025-09.00+1.50,R1025-09.00+1.50,480,0.4,"8,712.00",접수,30,Si_1-Day_M/F,2026-03-04,EXW,S관(3공장),0,480,0,0,0,0,4110,0,0,0,0,0,0,0
2.03E+11,X2333,영국,임승진,CROSSBIRD LIMITED (Feel Good Contacts),2026-04-03,USD,T5416A+00.25+2.00,O2O2 D_Multifocal_FGC,O2O2 D_Multifocal_FGC,P5416A+00.25+2.00,Q1025+00.25+2.00,R1025+00.25+2.00,150,0.4,"8,712.00",접수,30,Si_1-Day_M/F,2026-03-04,EXW,S관(3공장),0,150,0,0,0,0,1725,0,0,0,0,0,0,0
2.03E+11,X2333,영국,임승진,CROSSBIRD LIMITED (Feel Good Contacts),2026-04-03,USD,T5416A+00.25+2.50,O2O2 D_Multifocal_FGC,O2O2 D_Multifocal_FGC,P5416A+00.25+2.50,Q1025+00.25+2.50,R1025+00.25+2.50,360,0.4,"8,712.00",접수,30,Si_1-Day_M/F,2026-03-04,EXW,S관(3공장),0,360,0,0,0,0,2085,0,0,0,0,0,0,0
2.03E+11,X2333,영국,임승진,CROSSBIRD LIMITED (Feel Good Contacts),2026-04-03,USD,T5416A+00.50+1.50,O2O2 D_Multifocal_FGC,O2O2 D_Multifocal_FGC,P5416A+00.50+1.50,Q1025+00.50+1.50,R1025+00.50+1.50,390,0.4,"8,712.00",접수,30,Si_1-Day_M/F,2026-03-04,EXW,S관(3공장),0,390,0,0,0,0,855,0,0,0,0,0,0,0
2.03E+11,X2333,영국,임승진,CROSSBIRD LIMITED (Feel Good Contacts),2026-04-03,USD,T5416A+01.00+1.50,O2O2 D_Multifocal_FGC,O2O2 D_Multifocal_FGC,P5416A+01.00+1.50,Q1025+01.00+1.50,R1025+01.00+1.50,150,0.4,"8,712.00",접수,30,Si_1-Day_M/F,2026-03-04,EXW,S관(3공장),0,150,0,0,0,0,0,0,150,256,239,177,175,156
2.03E+11,X2333,영국,임승진,CROSSBIRD LIMITED (Feel Good Contacts),2026-04-03,USD,T5416A+01.75+1.50,O2O2 D_Multifocal_FGC,O2O2 D_Multifocal_FGC,P5416A+01.75+1.50,Q1025+01.75+1.50,R1025+01.75+1.50,420,0.4,"8,712.00",접수,30,Si_1-Day_M/F,2026-03-04,EXW,S관(3공장),0,420,6601,0,0,0,105,0,315,0,500,370,366,328
2.03E+11,X2333,영국,임승진,CROSSBIRD LIMITED (Feel Good Contacts),2026-04-03,USD,T5416A+01.75+2.00,O2O2 D_Multifocal_FGC,O2O2 D_Multifocal_FGC,P5416A+01.75+2.00,Q1025+01.75+2.00,R1025+01.75+2.00,150,0.4,"8,712.00",접수,30,Si_1-Day_M/F,2026-03-04,EXW,S관(3공장),0,150,0,0,0,0,1435,0,0,0,0,0,0,0
2.03E+11,X2333,영국,임승진,CROSSBIRD LIMITED (Feel Good Contacts),2026-04-03,USD,T5416A+02.00+1.00,O2O2 D_Multifocal_FGC,O2O2 D_Multifocal_FGC,P5416A+02.00+1.00,Q1025+02.00+1.00,R1025+02.00+1.00,120,0.4,"8,712.00",접수,30,Si_1-Day_M/F,2026-03-04,EXW,S관(3공장),0,120,0,0,0,0,1120,0,0,0,0,0,0,0
2.03E+11,X2333,영국,임승진,CROSSBIRD LIMITED (Feel Good Contacts),2026-04-03,USD,T5416A+02.00+1.50,O2O2 D_Multifocal_FGC,O2O2 D_Multifocal_FGC,P5416A+02.00+1.50,Q1025+02.00+1.50,R1025+02.00+1.50,300,0.4,"8,712.00",접수,30,Si_1-Day_M/F,2026-03-04,EXW,S관(3공장),0,300,4396,0,0,0,1185,0,0,0,0,0,0,0
2.03E+11,X2333,영국,임승진,CROSSBIRD LIMITED (Feel Good Contacts),2026-04-03,USD,T5416A+02.25+1.00,O2O2 D_Multifocal_FGC,O2O2 D_Multifocal_FGC,P5416A+02.25+1.00,Q1025+02.25+1.00,R1025+02.25+1.00,240,0.4,"8,712.00",접수,30,Si_1-Day_M/F,2026-03-04,EXW,S관(3공장),0,240,0,0,0,0,1530,0,0,0,0,0,0,0
2.03E+11,X2333,영국,임승진,CROSSBIRD LIMITED (Feel Good Contacts),2026-04-03,USD,T5416A+02.25+2.00,O2O2 D_Multifocal_FGC,O2O2 D_Multifocal_FGC,P5416A+02.25+2.00,Q1025+02.25+2.00,R1025+02.25+2.00,2700,0.4,"8,712.00",접수,30,Si_1-Day_M/F,2026-03-04,EXW,S관(3공장),0,2700,0,0,0,0,1370,0,1330,2245,2103,1558,1542,1382
2.03E+11,X2333,영국,임승진,CROSSBIRD LIMITED (Feel Good Contacts),2026-04-03,USD,T5416A+02.25+2.50,O2O2 D_Multifocal_FGC,O2O2 D_Multifocal_FGC,P5416A+02.25+2.50,Q1025+02.25+2.50,R1025+02.25+2.50,390,0.4,"8,712.00",접수,30,Si_1-Day_M/F,2026-03-04,EXW,S관(3공장),0,390,0,0,0,0,595,0,0,0,0,0,0,0
2.03E+11,X2333,영국,임승진,CROSSBIRD LIMITED (Feel Good Contacts),2026-04-03,USD,T5416A+02.50+1.00,O2O2 D_Multifocal_FGC,O2O2 D_Multifocal_FGC,P5416A+02.50+1.00,Q1025+02.50+1.00,R1025+02.50+1.00,150,0.4,"8,712.00",접수,30,Si_1-Day_M/F,2026-03-04,EXW,S관(3공장),0,150,0,0,0,0,755,0,0,0,0,0,0,0
2.03E+11,X2333,영국,임승진,CROSSBIRD LIMITED (Feel Good Contacts),2026-04-03,USD,T5416A+02.50+2.00,O2O2 D_Multifocal_FGC,O2O2 D_Multifocal_FGC,P5416A+02.50+2.00,Q1025+02.50+2.00,R1025+02.50+2.00,150,0.4,"8,712.00",접수,30,Si_1-Day_M/F,2026-03-04,EXW,S관(3공장),0,150,0,0,0,0,160,0,0,0,0,0,0,0
2.03E+11,X2333,영국,임승진,CROSSBIRD LIMITED (Feel Good Contacts),2026-04-03,USD,T5416A+02.50+2.50,O2O2 D_Multifocal_FGC,O2O2 D_Multifocal_FGC,P5416A+02.50+2.50,Q1025+02.50+2.50,R1025+02.50+2.50,300,0.4,"8,712.00",접수,30,Si_1-Day_M/F,2026-03-04,EXW,S관(3공장),0,300,0,0,0,0,475,0,0,0,0,0,0,0
2.03E+11,X2333,영국,임승진,CROSSBIRD LIMITED (Feel Good Contacts),2026-04-03,USD,T5416A+02.75+2.00,O2O2 D_Multifocal_FGC,O2O2 D_Multifocal_FGC,P5416A+02.75+2.00,Q1025+02.75+2.00,R1025+02.75+2.00,480,0.4,"8,712.00",접수,30,Si_1-Day_M/F,2026-03-04,EXW,S관(3공장),0,480,0,0,0,0,725,0,0,0,0,0,0,0
2.03E+11,X2333,영국,임승진,CROSSBIRD LIMITED (Feel Good Contacts),2026-04-03,USD,T5416A+03.00+1.00,O2O2 D_Multifocal_FGC,O2O2 D_Multifocal_FGC,P5416A+03.00+1.00,Q1025+03.00+1.00,R1025+03.00+1.00,90,0.4,"8,712.00",접수,30,Si_1-Day_M/F,2026-03-04,EXW,S관(3공장),0,90,0,0,0,0,1320,0,0,0,0,0,0,0
2.03E+11,X2333,영국,임승진,CROSSBIRD LIMITED (Feel Good Contacts),2026-04-03,USD,T5416A+03.00+1.50,O2O2 D_Multifocal_FGC,O2O2 D_Multifocal_FGC,P5416A+03.00+1.50,Q1025+03.00+1.50,R1025+03.00+1.50,510,0.4,"8,712.00",접수,30,Si_1-Day_M/F,2026-03-04,EXW,S관(3공장),0,510,0,0,0,0,195,0,315,534,500,370,366,328
2.03E+11,X2333,영국,임승진,CROSSBIRD LIMITED (Feel Good Contacts),2026-04-03,USD,T5416A+03.00+2.50,O2O2 D_Multifocal_FGC,O2O2 D_Multifocal_FGC,P5416A+03.00+2.50,Q1025+03.00+2.50,R1025+03.00+2.50,210,0.4,"8,712.00",접수,30,Si_1-Day_M/F,2026-03-04,EXW,S관(3공장),0,210,0,0,0,0,80,0,130,222,208,154,152,136
2.03E+11,X2333,영국,임승진,CROSSBIRD LIMITED (Feel Good Contacts),2026-04-03,USD,T5416A+03.25+1.00,O2O2 D_Multifocal_FGC,O2O2 D_Multifocal_FGC,P5416A+03.25+1.00,Q1025+03.25+1.00,R1025+03.25+1.00,60,0.4,"8,712.00",접수,30,Si_1-Day_M/F,2026-03-04,EXW,S관(3공장),0,60,0,0,0,0,1640,0,0,0,0,0,0,0
2.03E+11,X2333,영국,임승진,CROSSBIRD LIMITED (Feel Good Contacts),2026-04-03,USD,T5416A+03.25+2.00,O2O2 D_Multifocal_FGC,O2O2 D_Multifocal_FGC,P5416A+03.25+2.00,Q1025+03.25+2.00,R1025+03.25+2.00,570,0.4,"8,712.00",접수,30,Si_1-Day_M/F,2026-03-04,EXW,S관(3공장),0,570,0,0,0,0,75,0,495,837,784,581,575,515
2.03E+11,X2333,영국,임승진,CROSSBIRD LIMITED (Feel Good Contacts),2026-04-03,USD,T5416A+03.25+2.50,O2O2 D_Multifocal_FGC,O2O2 D_Multifocal_FGC,P5416A+03.25+2.50,Q1025+03.25+2.50,R1025+03.25+2.50,360,0.4,"8,712.00",접수,30,Si_1-Day_M/F,2026-03-04,EXW,S관(3공장),0,360,0,0,0,0,660,0,0,0,0,0,0,0
2.03E+11,X2333,영국,임승진,CROSSBIRD LIMITED (Feel Good Contacts),2026-04-03,USD,T5416A+03.50+2.50,O2O2 D_Multifocal_FGC,O2O2 D_Multifocal_FGC,P5416A+03.50+2.50,Q1025+03.50+2.50,R1025+03.50+2.50,150,0.4,"8,712.00",접수,30,Si_1-Day_M/F,2026-03-04,EXW,S관(3공장),0,150,0,0,0,0,80,0,70,120,112,83,82,73
2.03E+11,X2333,영국,임승진,CROSSBIRD LIMITED (Feel Good Contacts),2026-04-03,USD,T5416A+03.75+1.00,O2O2 D_Multifocal_FGC,O2O2 D_Multifocal_FGC,P5416A+03.75+1.00,Q1025+03.75+1.00,R1025+03.75+1.00,120,0.4,"8,712.00",접수,30,Si_1-Day_M/F,2026-03-04,EXW,S관(3공장),0,120,0,0,0,0,1660,0,0,0,0,0,0,0
2.03E+11,X2333,영국,임승진,CROSSBIRD LIMITED (Feel Good Contacts),2026-04-03,USD,T5416A+04.00+2.00,O2O2 D_Multifocal_FGC,O2O2 D_Multifocal_FGC,P5416A+04.00+2.00,Q1025+04.00+2.00,R1025+04.00+2.00,150,0.4,"8,712.00",접수,30,Si_1-Day_M/F,2026-03-04,EXW,S관(3공장),0,150,0,0,0,0,255,0,0,0,0,0,0,0
2.03E+11,X2333,영국,임승진,CROSSBIRD LIMITED (Feel Good Contacts),2026-04-03,USD,T5416A+04.75+2.00,O2O2 D_Multifocal_FGC,O2O2 D_Multifocal_FGC,P5416A+04.75+2.00,Q1025+04.75+2.00,R1025+04.75+2.00,210,0.4,"8,712.00",접수,30,Si_1-Day_M/F,2026-03-04,EXW,S관(3공장),0,210,0,0,0,0,165,0,45,78,73,54,53,47
2.03E+11,X2333,영국,임승진,CROSSBIRD LIMITED (Feel Good Contacts),2026-04-03,USD,T5416A+04.75+2.50,O2O2 D_Multifocal_FGC,O2O2 D_Multifocal_FGC,P5416A+04.75+2.50,Q1025+04.75+2.50,R1025+04.75+2.50,90,0.4,"8,712.00",접수,30,Si_1-Day_M/F,2026-03-04,EXW,S관(3공장),0,90,0,0,0,0,410,0,0,0,0,0,0,0
2.03E+11,V3036,독일,손지윤,Digero GmbH & Co. KG,2026-04-06,USD,T5419A-07.00+2.50,O2O2 D_Multifocal(Dk70)_White_K2_SMD,O2O2 D_Multifocal(Dk70)_White_K2_SMD,P5419A-07.00+2.50,Q5419-07.00+2.50,R5419-07.00+2.50,360,0.56,201.60,접수,30,Si_1-Day_M/F,2026-03-05,EXW,S관(3공장),0,360,597,0,0,0,6785,0,0,0,0,0,0,0
2.03E+11,HW0294,그리스,임현우,OPTIMAX,2026-04-09,EUR,T5420A+02.25,O2O2 D_Spherical(DK70)_K2-SMD_White,O2O2 D_Spherical(DK70)_K2-SMD_White,P5420A+02.25,Q1026+02.25,R1026+02.25,480,0.27,972,접수,30,Si_1-Day_Sph,2026-03-09,CFR,S관(3공장),0,480,0,0,0,0,2485,0,0,0,0,0,0,0
2.03E+11,HW0294,그리스,임현우,OPTIMAX,2026-04-09,EUR,T5420A+06.50,O2O2 D_Spherical(DK70)_K2-SMD_White,O2O2 D_Spherical(DK70)_K2-SMD_White,P5420A+06.50,Q5420+06.50,R5420+06.50,300,0.27,972,접수,30,Si_1-Day_Sph,2026-03-09,CFR,S관(3공장),0,300,10313,0,0,0,1210,0,0,0,0,0,0,0
2.03E+11,HW0294,그리스,임현우,OPTIMAX,2026-04-09,EUR,T5420A-02.25,O2O2 D_Spherical(DK70)_K2-SMD_White,O2O2 D_Spherical(DK70)_K2-SMD_White,P5420A-02.25,Q5420-02.25,R5420-02.25,210,0.27,972,접수,30,Si_1-Day_Sph,2026-03-09,CFR,S관(3공장),0,210,12203,0,0,0,157345,0,0,0,0,0,0,0
2.03E+11,HW0294,그리스,임현우,OPTIMAX,2026-04-09,EUR,T5420A-02.50,O2O2 D_Spherical(DK70)_K2-SMD_White,O2O2 D_Spherical(DK70)_K2-SMD_White,P5420A-02.50,Q5420-02.50,R5420-02.50,150,0.27,972,접수,30,Si_1-Day_Sph,2026-03-09,CFR,S관(3공장),0,150,16259,0,0,0,242285,0,0,0,0,0,0,0
2.03E+11,HW0294,그리스,임현우,OPTIMAX,2026-04-09,EUR,T5420A-02.75,O2O2 D_Spherical(DK70)_K2-SMD_White,O2O2 D_Spherical(DK70)_K2-SMD_White,P5420A-02.75,Q5420-02.75,R5420-02.75,210,0.27,972,접수,30,Si_1-Day_Sph,2026-03-09,CFR,S관(3공장),0,210,8820,0,0,0,463945,0,0,0,0,0,0,0
2.03E+11,HW0294,그리스,임현우,OPTIMAX,2026-04-09,EUR,T5420A-03.00,O2O2 D_Spherical(DK70)_K2-SMD_White,O2O2 D_Spherical(DK70)_K2-SMD_White,P5420A-03.00,Q5420-03.00,R5420-03.00,210,0.27,972,접수,30,Si_1-Day_Sph,2026-03-09,CFR,S관(3공장),0,210,11142,0,0,0,409225,0,0,0,0,0,0,0
2.03E+11,HW0294,그리스,임현우,OPTIMAX,2026-04-09,EUR,T5420A-03.25,O2O2 D_Spherical(DK70)_K2-SMD_White,O2O2 D_Spherical(DK70)_K2-SMD_White,P5420A-03.25,Q5420-03.25,R5420-03.25,150,0.27,972,접수,30,Si_1-Day_Sph,2026-03-09,CFR,S관(3공장),0,150,8394,0,0,0,236360,0,0,0,0,0,0,0
2.03E+11,HW0294,그리스,임현우,OPTIMAX,2026-04-09,EUR,T5420A-03.75,O2O2 D_Spherical(DK70)_K2-SMD_White,O2O2 D_Spherical(DK70)_K2-SMD_White,P5420A-03.75,Q5420-03.75,R5420-03.75,150,0.27,972,접수,30,Si_1-Day_Sph,2026-03-09,CFR,S관(3공장),0,150,9454,0,0,0,162695,0,0,0,0,0,0,0
2.03E+11,HW0294,그리스,임현우,OPTIMAX,2026-04-09,EUR,T5420A-04.00,O2O2 D_Spherical(DK70)_K2-SMD_White,O2O2 D_Spherical(DK70)_K2-SMD_White,P5420A-04.00,Q5420-04.00,R5420-04.00,300,0.27,972,접수,30,Si_1-Day_Sph,2026-03-09,CFR,S관(3공장),0,300,2280,0,0,0,365630,0,0,0,0,0,0,0
2.03E+11,HW0294,그리스,임현우,OPTIMAX,2026-04-09,EUR,T5420A-04.25,O2O2 D_Spherical(DK70)_K2-SMD_White,O2O2 D_Spherical(DK70)_K2-SMD_White,P5420A-04.25,Q5420-04.25,R5420-04.25,150,0.27,972,접수,30,Si_1-Day_Sph,2026-03-09,CFR,S관(3공장),0,150,0,3283,0,0,434350,0,0,0,0,0,0,0
2.03E+11,HW0294,그리스,임현우,OPTIMAX,2026-04-09,EUR,T5420A-06.00,O2O2 D_Spherical(DK70)_K2-SMD_White,O2O2 D_Spherical(DK70)_K2-SMD_White,P5420A-06.00,Q5420-06.00,R5420-06.00,240,0.27,972,접수,30,Si_1-Day_Sph,2026-03-09,CFR,S관(3공장),0,240,4399,0,0,0,97280,0,0,0,0,0,0,0
2.03E+11,HW0294,그리스,임현우,OPTIMAX,2026-04-09,EUR,T5420A-07.00,O2O2 D_Spherical(DK70)_K2-SMD_White,O2O2 D_Spherical(DK70)_K2-SMD_White,P5420A-07.00,Q5420-07.00,R5420-07.00,150,0.27,972,접수,30,Si_1-Day_Sph,2026-03-09,CFR,S관(3공장),0,150,1644,0,0,0,98795,0,0,0,0,0,0,0
2.03E+11,HW0294,그리스,임현우,OPTIMAX,2026-04-09,EUR,T5420A-09.00,O2O2 D_Spherical(DK70)_K2-SMD_White,O2O2 D_Spherical(DK70)_K2-SMD_White,P5420A-09.00,Q5420-09.00,R5420-09.00,300,0.27,972,접수,30,Si_1-Day_Sph,2026-03-09,CFR,S관(3공장),0,300,7391,0,0,0,100515,1565,0,0,0,0,0,0
2.03E+11,HW0294,그리스,임현우,OPTIMAX,2026-04-09,EUR,T5420A-10.00,O2O2 D_Spherical(DK70)_K2-SMD_White,O2O2 D_Spherical(DK70)_K2-SMD_White,P5420A-10.00,Q5420-10.00,R5420-10.00,180,0.27,972,접수,30,Si_1-Day_Sph,2026-03-09,CFR,S관(3공장),0,180,4144,0,0,0,40550,0,0,0,0,0,0,0
2.03E+11,HW0294,그리스,임현우,OPTIMAX,2026-04-09,EUR,T5420A-11.00,O2O2 D_Spherical(DK70)_K2-SMD_White,O2O2 D_Spherical(DK70)_K2-SMD_White,P5420A-11.00,Q5420-11.00,R5420-11.00,150,0.27,972,접수,30,Si_1-Day_Sph,2026-03-09,CFR,S관(3공장),0,150,0,0,0,0,88900,0,0,0,0,0,0,0
2.03E+11,HW0294,그리스,임현우,OPTIMAX,2026-04-09,EUR,T5420A-11.50,O2O2 D_Spherical(DK70)_K2-SMD_White,O2O2 D_Spherical(DK70)_K2-SMD_White,P5420A-11.50,Q5420-11.50,R5420-11.50,120,0.27,972,접수,30,Si_1-Day_Sph,2026-03-09,CFR,S관(3공장),0,120,0,5292,0,0,47095,0,0,0,0,0,0,0
2.03E+11,HW0294,그리스,임현우,OPTIMAX,2026-04-09,EUR,T5420A-12.00,O2O2 D_Spherical(DK70)_K2-SMD_White,O2O2 D_Spherical(DK70)_K2-SMD_White,P5420A-12.00,Q5420-12.00,R5420-12.00,150,0.27,972,접수,30,Si_1-Day_Sph,2026-03-09,CFR,S관(3공장),0,150,4495,0,0,0,9085,365,0,0,0,0,0,0
2.03E+11,DD0827,홍콩,임건훈,Top Trend International Investment Limited,2026-04-13,USD,T5291A-03.50PIB,Clalen D_Pink Tulip Brown,Clalen D_Pink Tulip Brown,P5291A-03.50PIB,Q5291-03.50PIB,R5291-03.50PIB,70,0.3,21,접수,10,1-Day_Color_Sph,2026-03-11,FOB,S관(3공장),0,70,0,0,0,0,7745,0,0,0,0,0,0,0
2.03E+11,X2345,이탈리아,임승진,Marshal Intergroup,2026-04-09,USD,T5413A+02.50,O2O2 D_UV_Spherical(DK70)_Marshal,O2O2 D_UV_Spherical(DK70)_Marshal,P5413A+02.50,Q1026+02.50,R1026+02.50,1800,0.27,"4,374",접수,30,Si_1-Day_Sph,2026-03-12,FOB,S관(3공장),0,1800,0,0,0,0,2435,0,0,0,0,0,0,0
2.03E+11,X2345,이탈리아,임승진,Marshal Intergroup,2026-04-09,USD,T5413A-01.50,O2O2 D_UV_Spherical(DK70)_Marshal,O2O2 D_UV_Spherical(DK70)_Marshal,P5413A-01.50,Q1026-01.50,R1026-01.50,1800,0.27,"4,374",접수,30,Si_1-Day_Sph,2026-03-12,FOB,S관(3공장),0,1800,0,0,0,0,3445,0,0,0,0,0,0,0
2.03E+11,X2345,이탈리아,임승진,Marshal Intergroup,2026-04-09,USD,T5413A-02.75,O2O2 D_UV_Spherical(DK70)_Marshal,O2O2 D_UV_Spherical(DK70)_Marshal,P5413A-02.75,Q1026-02.75,R1026-02.75,1800,0.27,"4,374",접수,30,Si_1-Day_Sph,2026-03-12,FOB,S관(3공장),0,1800,7296,5127,0,0,13750,0,0,0,0,0,0,0
2.03E+11,X2345,이탈리아,임승진,Marshal Intergroup,2026-04-09,USD,T5413A-04.50,O2O2 D_UV_Spherical(DK70)_Marshal,O2O2 D_UV_Spherical(DK70)_Marshal,P5413A-04.50,Q1026-04.50,R1026-04.50,1800,0.27,"4,374",접수,30,Si_1-Day_Sph,2026-03-12,FOB,S관(3공장),0,1800,2397,12348,0,0,21810,0,0,0,0,0,0,0
2.03E+11,X2345,이탈리아,임승진,Marshal Intergroup,2026-04-09,USD,T5413A-05.00,O2O2 D_UV_Spherical(DK70)_Marshal,O2O2 D_UV_Spherical(DK70)_Marshal,P5413A-05.00,Q1026-05.00,R1026-05.00,1800,0.27,"4,374",접수,30,Si_1-Day_Sph,2026-03-12,FOB,S관(3공장),0,1800,0,4112,0,0,825,0,975,0,0,1072,1062,988
2.03E+11,X2345,이탈리아,임승진,Marshal Intergroup,2026-04-09,USD,T5413A-07.00,O2O2 D_UV_Spherical(DK70)_Marshal,O2O2 D_UV_Spherical(DK70)_Marshal,P5413A-07.00,Q1026-07.00,R1026-07.00,1800,0.27,"4,374",접수,30,Si_1-Day_Sph,2026-03-12,FOB,S관(3공장),0,1800,0,0,0,0,2070,0,0,0,0,0,0,0
2.03E+11,X2345,이탈리아,임승진,Marshal Intergroup,2026-04-09,USD,T5413A-08.50,O2O2 D_UV_Spherical(DK70)_Marshal,O2O2 D_UV_Spherical(DK70)_Marshal,P5413A-08.50,Q1026-08.50,R1026-08.50,1800,0.27,"4,374",접수,30,Si_1-Day_Sph,2026-03-12,FOB,S관(3공장),0,1800,0,0,0,0,15045,0,0,0,0,0,0,0
2.03E+11,X2345,이탈리아,임승진,Marshal Intergroup,2026-04-09,USD,T5413A-10.00,O2O2 D_UV_Spherical(DK70)_Marshal,O2O2 D_UV_Spherical(DK70)_Marshal,P5413A-10.00,Q1026-10.00,R1026-10.00,1800,0.27,"4,374",접수,30,Si_1-Day_Sph,2026-03-12,FOB,S관(3공장),0,1800,0,0,0,0,1660,0,140,188,185,155,154,143
2.03E+11,X2345,이탈리아,임승진,Marshal Intergroup,2026-04-09,USD,T5413A-11.00,O2O2 D_UV_Spherical(DK70)_Marshal,O2O2 D_UV_Spherical(DK70)_Marshal,P5413A-11.00,Q1026-11.00,R1026-11.00,1800,0.27,"4,374",접수,30,Si_1-Day_Sph,2026-03-12,FOB,S관(3공장),0,1800,0,0,0,0,0,0,1800,2396,2361,1978,1961,1824
2.03E+11,X2346,이탈리아,임승진,Marshal Intergroup,2026-04-09,USD,T5413A+01.00,O2O2 D_UV_Spherical(DK70)_Marshal,O2O2 D_UV_Spherical(DK70)_Marshal,P5413A+01.00,Q1026+01.00,R1026+01.00,50,0.3,240,접수,5,Si_1-Day_Sph,2026-03-12,FOB,S관(3공장),0,50,0,0,0,0,225,0,0,0,0,0,0,0
2.03E+11,X2346,이탈리아,임승진,Marshal Intergroup,2026-04-09,USD,T5413A+05.00,O2O2 D_UV_Spherical(DK70)_Marshal,O2O2 D_UV_Spherical(DK70)_Marshal,P5413A+05.00,Q1026+05.00,R1026+05.00,50,0.3,240,접수,5,Si_1-Day_Sph,2026-03-12,FOB,S관(3공장),0,50,0,0,0,0,1580,0,0,0,0,0,0,0
2.03E+11,X2346,이탈리아,임승진,Marshal Intergroup,2026-04-09,USD,T5413A-00.25,O2O2 D_UV_Spherical(DK70)_Marshal,O2O2 D_UV_Spherical(DK70)_Marshal,P5413A-00.25,Q1026-00.25,R1026-00.25,50,0.3,240,접수,5,Si_1-Day_Sph,2026-03-12,FOB,S관(3공장),0,50,0,0,0,0,2350,0,0,0,0,0,0,0
2.03E+11,X2346,이탈리아,임승진,Marshal Intergroup,2026-04-09,USD,T5413A-00.50,O2O2 D_UV_Spherical(DK70)_Marshal,O2O2 D_UV_Spherical(DK70)_Marshal,P5413A-00.50,Q1026-00.50,R1026-00.50,150,0.3,240,접수,5,Si_1-Day_Sph,2026-03-12,FOB,S관(3공장),0,150,0,0,0,0,2425,0,0,0,0,0,0,0
2.03E+11,X2346,이탈리아,임승진,Marshal Intergroup,2026-04-09,USD,T5413A-01.00,O2O2 D_UV_Spherical(DK70)_Marshal,O2O2 D_UV_Spherical(DK70)_Marshal,P5413A-01.00,Q1026-01.00,R1026-01.00,50,0.3,240,접수,5,Si_1-Day_Sph,2026-03-12,FOB,S관(3공장),0,50,0,0,0,0,690,0,0,0,0,0,0,0
2.03E+11,X2346,이탈리아,임승진,Marshal Intergroup,2026-04-09,USD,T5413A-01.25,O2O2 D_UV_Spherical(DK70)_Marshal,O2O2 D_UV_Spherical(DK70)_Marshal,P5413A-01.25,Q1026-01.25,R1026-01.25,100,0.3,240,접수,5,Si_1-Day_Sph,2026-03-12,FOB,S관(3공장),0,100,0,0,0,0,930,0,0,0,0,0,0,0
2.03E+11,X2346,이탈리아,임승진,Marshal Intergroup,2026-04-09,USD,T5413A-01.50,O2O2 D_UV_Spherical(DK70)_Marshal,O2O2 D_UV_Spherical(DK70)_Marshal,P5413A-01.50,Q1026-01.50,R1026-01.50,50,0.3,240,접수,5,Si_1-Day_Sph,2026-03-12,FOB,S관(3공장),0,50,0,0,0,0,3445,0,0,0,0,0,0,0
2.03E+11,X2346,이탈리아,임승진,Marshal Intergroup,2026-04-09,USD,T5413A-02.00,O2O2 D_UV_Spherical(DK70)_Marshal,O2O2 D_UV_Spherical(DK70)_Marshal,P5413A-02.00,Q1026-02.00,R1026-02.00,100,0.3,240,접수,5,Si_1-Day_Sph,2026-03-12,FOB,S관(3공장),0,100,0,0,0,0,6240,0,0,0,0,0,0,0
2.03E+11,X2346,이탈리아,임승진,Marshal Intergroup,2026-04-09,USD,T5413A-02.25,O2O2 D_UV_Spherical(DK70)_Marshal,O2O2 D_UV_Spherical(DK70)_Marshal,P5413A-02.25,Q1026-02.25,R1026-02.25,50,0.3,240,접수,5,Si_1-Day_Sph,2026-03-12,FOB,S관(3공장),0,50,7316,3949,0,0,7365,0,0,0,0,0,0,0
2.03E+11,X2346,이탈리아,임승진,Marshal Intergroup,2026-04-09,USD,T5413A-06.50,O2O2 D_UV_Spherical(DK70)_Marshal,O2O2 D_UV_Spherical(DK70)_Marshal,P5413A-06.50,Q1026-06.50,R1026-06.50,50,0.3,240,접수,5,Si_1-Day_Sph,2026-03-12,FOB,S관(3공장),0,50,0,2442,0,0,1945,0,0,0,0,0,0,0
2.03E+11,X2346,이탈리아,임승진,Marshal Intergroup,2026-04-09,USD,T5413A-10.00,O2O2 D_UV_Spherical(DK70)_Marshal,O2O2 D_UV_Spherical(DK70)_Marshal,P5413A-10.00,Q1026-10.00,R1026-10.00,50,0.3,240,접수,5,Si_1-Day_Sph,2026-03-12,FOB,S관(3공장),0,50,0,0,0,0,1660,0,50,67,66,55,54,50
2.03E+11,X2346,이탈리아,임승진,Marshal Intergroup,2026-04-09,USD,T5413A-12.00,O2O2 D_UV_Spherical(DK70)_Marshal,O2O2 D_UV_Spherical(DK70)_Marshal,P5413A-12.00,Q1026-12.00,R1026-12.00,50,0.3,240,접수,5,Si_1-Day_Sph,2026-03-12,FOB,S관(3공장),0,50,0,0,0,0,315,0,0,0,0,0,0,0
2.03E+11,YH0141,쿠웨이트,조용호,OPTICAL SUPPLIES Co.,2026-03-23,USD,T1026A-00.00,O2O2 Spherical_K2-SMDH_WHITE_OPHTALMIC,O2O2 Spherical_K2-SMDH_WHITE_OPHTALMIC,P1026A-00.00,Q1026-00.00,R1026-00.00,120,0,0,접수,10,Si_1-Day_Sph,2026-03-17,FOB,S관(3공장),0,120,0,0,0,0,4305,0,0,0,0,0,0,0
2.03E+11,V3062,프랑스,손지윤,OPHTALMIC France,2026-04-06,EUR,T1025A-00.25+1.00,O2O2_Multifocal_K2_SMDH_WHITE_OPHTALMIC,O2O2_Multifocal_K2_SMDH_WHITE_OPHTALMIC,P1025A-00.25+1.00,Q1025-00.25+1.00,R1025-00.25+1.00,105,0.32,659.2,접수,5,Si_1-Day_M/F,2026-03-23,FOB,S관(3공장),0,105,0,0,0,0,9605,0,0,0,0,0,0,0
2.03E+11,V3062,프랑스,손지윤,OPHTALMIC France,2026-04-06,EUR,T1025A-12.00+1.00,O2O2_Multifocal_K2_SMDH_WHITE_OPHTALMIC,O2O2_Multifocal_K2_SMDH_WHITE_OPHTALMIC,P1025A-12.00+1.00,Q1025-12.00+1.00,R1025-12.00+1.00,60,0.32,659.2,접수,5,Si_1-Day_M/F,2026-03-23,FOB,S관(3공장),0,60,0,0,0,0,1080,0,0,0,0,0,0,0
2.03E+11,V3062,프랑스,손지윤,OPHTALMIC France,2026-04-06,EUR,T1025A-03.50+1.00,O2O2_Multifocal_K2_SMDH_WHITE_OPHTALMIC,O2O2_Multifocal_K2_SMDH_WHITE_OPHTALMIC,P1025A-03.50+1.00,Q1025-03.50+1.00,R1025-03.50+1.00,160,0.32,659.2,접수,5,Si_1-Day_M/F,2026-03-23,FOB,S관(3공장),0,160,0,0,0,0,7495,0,0,0,0,0,0,0
2.03E+11,V3062,프랑스,손지윤,OPHTALMIC France,2026-04-06,EUR,T1025A-04.75+1.00,O2O2_Multifocal_K2_SMDH_WHITE_OPHTALMIC,O2O2_Multifocal_K2_SMDH_WHITE_OPHTALMIC,P1025A-04.75+1.00,Q1025-04.75+1.00,R1025-04.75+1.00,165,0.32,659.2,접수,5,Si_1-Day_M/F,2026-03-23,FOB,S관(3공장),0,165,0,0,0,0,11950,0,0,0,0,0,0,0
2.03E+11,V3062,프랑스,손지윤,OPHTALMIC France,2026-04-06,EUR,T1025A-05.00+1.00,O2O2_Multifocal_K2_SMDH_WHITE_OPHTALMIC,O2O2_Multifocal_K2_SMDH_WHITE_OPHTALMIC,P1025A-05.00+1.00,Q1025-05.00+1.00,R1025-05.00+1.00,140,0.32,659.2,접수,5,Si_1-Day_M/F,2026-03-23,FOB,S관(3공장),0,140,0,0,0,0,4015,0,0,0,0,0,0,0
2.03E+11,V3062,프랑스,손지윤,OPHTALMIC France,2026-04-06,EUR,T1025A+00.75+1.50,O2O2_Multifocal_K2_SMDH_WHITE_OPHTALMIC,O2O2_Multifocal_K2_SMDH_WHITE_OPHTALMIC,P1025A+00.75+1.50,Q1025+00.75+1.50,R1025+00.75+1.50,280,0.32,659.2,접수,5,Si_1-Day_M/F,2026-03-23,FOB,S관(3공장),0,280,8790,0,0,0,35920,0,0,0,0,0,0,0
2.03E+11,V3062,프랑스,손지윤,OPHTALMIC France,2026-04-06,EUR,T1025A+01.75+1.50,O2O2_Multifocal_K2_SMDH_WHITE_OPHTALMIC,O2O2_Multifocal_K2_SMDH_WHITE_OPHTALMIC,P1025A+01.75+1.50,Q1025+01.75+1.50,R1025+01.75+1.50,255,0.32,659.2,접수,5,Si_1-Day_M/F,2026-03-23,FOB,S관(3공장),0,255,6601,0,0,0,7065,0,0,0,0,0,0,0
2.03E+11,V3062,프랑스,손지윤,OPHTALMIC France,2026-04-06,EUR,T1025A-02.00+1.50,O2O2_Multifocal_K2_SMDH_WHITE_OPHTALMIC,O2O2_Multifocal_K2_SMDH_WHITE_OPHTALMIC,P1025A-02.00+1.50,Q1025-02.00+1.50,R1025-02.00+1.50,130,0.32,659.20,접수,5,Si_1-Day_M/F,2026-03-23,FOB,S관(3공장),0,130,0,0,0,0,1355,0,0,0,0,0,0,0
2.03E+11,V3062,프랑스,손지윤,OPHTALMIC France,2026-04-06,EUR,T1025A-04.25+1.50,O2O2_Multifocal_K2_SMDH_WHITE_OPHTALMIC,O2O2_Multifocal_K2_SMDH_WHITE_OPHTALMIC,P1025A-04.25+1.50,Q1025-04.25+1.50,R1025-04.25+1.50,105,0.32,659.20,접수,5,Si_1-Day_M/F,2026-03-23,FOB,S관(3공장),0,105,0,0,0,0,3905,0,0,0,0,0,0,0
2.03E+11,V3062,프랑스,손지윤,OPHTALMIC France,2026-04-06,EUR,T1025A+01.75+2.00,O2O2_Multifocal_K2_SMDH_WHITE_OPHTALMIC,O2O2_Multifocal_K2_SMDH_WHITE_OPHTALMIC,P1025A+01.75+2.00,Q1025+01.75+2.00,R1025+01.75+2.00,220,0.32,659.20,접수,5,Si_1-Day_M/F,2026-03-23,FOB,S관(3공장),0,220,0,0,0,0,1700,0,0,0,0,0,0,0
2.03E+11,V3062,프랑스,손지윤,OPHTALMIC France,2026-04-06,EUR,T1025A+04.25+2.00,O2O2_Multifocal_K2_SMDH_WHITE_OPHTALMIC,O2O2_Multifocal_K2_SMDH_WHITE_OPHTALMIC,P1025A+04.25+2.00,Q1025+04.25+2.00,R1025+04.25+2.00,80,0.32,659.20,접수,5,Si_1-Day_M/F,2026-03-23,FOB,S관(3공장),0,80,0,0,0,0,6790,0,0,0,0,0,0,0
2.03E+11,V3062,프랑스,손지윤,OPHTALMIC France,2026-04-06,EUR,T1025A-01.75+2.00,O2O2_Multifocal_K2_SMDH_WHITE_OPHTALMIC,O2O2_Multifocal_K2_SMDH_WHITE_OPHTALMIC,P1025A-01.75+2.00,Q1025-01.75+2.00,R1025-01.75+2.00,145,0.32,659.20,접수,5,Si_1-Day_M/F,2026-03-23,FOB,S관(3공장),0,145,0,0,0,0,2150,0,0,0,0,0,0,0
2.03E+11,V3062,프랑스,손지윤,OPHTALMIC France,2026-04-06,EUR,T1025A-07.50+2.00,O2O2_Multifocal_K2_SMDH_WHITE_OPHTALMIC,O2O2_Multifocal_K2_SMDH_WHITE_OPHTALMIC,P1025A-07.50+2.00,Q1025-07.50+2.00,R1025-07.50+2.00,80,0.32,659.20,접수,5,Si_1-Day_M/F,2026-03-23,FOB,S관(3공장),0,80,0,0,0,0,14455,0,0,0,0,0,0,0
2.03E+11,V3062,프랑스,손지윤,OPHTALMIC France,2026-04-06,EUR,T1025A-00.75+2.50,O2O2_Multifocal_K2_SMDH_WHITE_OPHTALMIC,O2O2_Multifocal_K2_SMDH_WHITE_OPHTALMIC,P1025A-00.75+2.50,Q1025-00.75+2.50,R1025-00.75+2.50,80,0.32,659.20,접수,5,Si_1-Day_M/F,2026-03-23,FOB,S관(3공장),0,80,0,0,0,0,27085,0,0,0,0,0,0,0
2.03E+11,V3062,프랑스,손지윤,OPHTALMIC France,2026-04-06,EUR,T1025A+03.25+1.00,O2O2_Multifocal_K2_SMDH_WHITE_OPHTALMIC,O2O2_Multifocal_K2_SMDH_WHITE_OPHTALMIC,P1025A+03.25+1.00,Q1025+03.25+1.00,R1025+03.25+1.00,55,0.32,659.20,접수,5,Si_1-Day_M/F,2026-03-23,FOB,S관(3공장),0,55,0,0,0,0,3635,0,0,0,0,0,0,0
2.03E+11,V3063,프랑스,손지윤,OPHTALMIC France,2026-04-06,EUR,T1026A+05.75,O2O2 Spherical_K2-SMDH_WHITE_OPHTALMIC,O2O2 Spherical_K2-SMDH_WHITE_OPHTALMIC,P1026A+05.75,Q1026+05.75,R1026+05.75,1170,0.22,"4,712.40",접수,90,Si_1-Day_Sph,2026-03-23,FOB,S관(3공장),0,1170,0,0,0,0,3555,0,0,0,0,0,0,0
2.03E+11,V3063,프랑스,손지윤,OPHTALMIC France,2026-04-06,EUR,T1026A-02.75,O2O2 Spherical_K2-SMDH_WHITE_OPHTALMIC,O2O2 Spherical_K2-SMDH_WHITE_OPHTALMIC,P1026A-02.75,Q1026-02.75,R1026-02.75,11070,0.22,"4,712.40",접수,90,Si_1-Day_Sph,2026-03-23,FOB,S관(3공장),0,11070,7296,5127,1879,0,411019,0,0,0,0,0,0,0
2.03E+11,V3063,프랑스,손지윤,OPHTALMIC France,2026-04-06,EUR,T1026A-03.75,O2O2 Spherical_K2-SMDH_WHITE_OPHTALMIC,O2O2 Spherical_K2-SMDH_WHITE_OPHTALMIC,P1026A-03.75,Q1026-03.75,R1026-03.75,9180,0.22,"4,712.40",접수,90,Si_1-Day_Sph,2026-03-23,FOB,S관(3공장),0,9180,0,36979,2427,7075,579145,0,0,0,0,0,0,0
2.03E+11,DD0922,홍콩,임건훈,Top Trend International Investment Limited,2026-04-13,USD,T3405A-00.00SPC,(NEW)O2O2 D_Sepia Choco EX,O2O2 D_Sepia Choco EX,P3405A-00.00SPC,Q3405-00.00SPC,R3405-00.00SPC,780,0.35,903,접수,30,Si_1-Day_Color_Sph,2026-03-11,FOB,S관(3공장),0,780,9601,42298,26546,21110,113130,0,0,0,0,0,0,0
2.03E+11,DD0922,홍콩,임건훈,Top Trend International Investment Limited,2026-04-13,USD,T3405A-01.25SPC,(NEW)O2O2 D_Sepia Choco EX,O2O2 D_Sepia Choco EX,P3405A-01.25SPC,Q3405-01.25SPC,R3405-01.25SPC,60,0.35,903,접수,30,Si_1-Day_Color_Sph,2026-03-11,FOB,S관(3공장),0,60,0,0,0,0,13960,0,0,0,0,0,0,0
2.03E+11,DD0922,홍콩,임건훈,Top Trend International Investment Limited,2026-04-13,USD,T3405A-01.75SPC,(NEW)O2O2 D_Sepia Choco EX,O2O2 D_Sepia Choco EX,P3405A-01.75SPC,Q3405-01.75SPC,R3405-01.75SPC,240,0.35,903,접수,30,Si_1-Day_Color_Sph,2026-03-11,FOB,S관(3공장),0,240,0,0,0,0,7955,0,240,402,342,259,258,242
2.03E+11,DD0922,홍콩,임건훈,Top Trend International Investment Limited,2026-04-13,USD,T3405A-02.00SPC,(NEW)O2O2 D_Sepia Choco EX,O2O2 D_Sepia Choco EX,P3405A-02.00SPC,Q3405-02.00SPC,R3405-02.00SPC,60,0.35,903,접수,30,Si_1-Day_Color_Sph,2026-03-11,FOB,S관(3공장),0,60,0,0,0,0,7700,0,0,0,0,0,0,0
2.03E+11,DD0922,홍콩,임건훈,Top Trend International Investment Limited,2026-04-13,USD,T3405A-02.50SPC,(NEW)O2O2 D_Sepia Choco EX,O2O2 D_Sepia Choco EX,P3405A-02.50SPC,Q3405-02.50SPC,R3405-02.50SPC,120,0.35,903,접수,30,Si_1-Day_Color_Sph,2026-03-11,FOB,S관(3공장),0,120,0,0,1325,1395,29190,0,0,0,0,0,0,0
2.03E+11,DD0922,홍콩,임건훈,Top Trend International Investment Limited,2026-04-13,USD,T3405A-02.75SPC,(NEW)O2O2 D_Sepia Choco EX,O2O2 D_Sepia Choco EX,P3405A-02.75SPC,Q3405-02.75SPC,R3405-02.75SPC,150,0.35,903,접수,30,Si_1-Day_Color_Sph,2026-03-11,FOB,S관(3공장),0,150,0,0,1312,0,3780,0,150,239,202,154,152,152
2.03E+11,DD0922,홍콩,임건훈,Top Trend International Investment Limited,2026-04-13,USD,T3405A-03.50SPC,(NEW)O2O2 D_Sepia Choco EX,O2O2 D_Sepia Choco EX,P3405A-03.50SPC,Q3405-03.50SPC,R3405-03.50SPC,90,0.35,903,접수,30,Si_1-Day_Color_Sph,2026-03-11,FOB,S관(3공장),0,90,0,0,0,0,1215,0,90,151,128,97,97,91
2.03E+11,DD0922,홍콩,임건훈,Top Trend International Investment Limited,2026-04-13,USD,T3405A-03.75SPC,(NEW)O2O2 D_Sepia Choco EX,O2O2 D_Sepia Choco EX,P3405A-03.75SPC,Q3405-03.75SPC,R3405-03.75SPC,30,0.35,903,접수,30,Si_1-Day_Color_Sph,2026-03-11,FOB,S관(3공장),0,30,0,0,0,0,2425,0,0,0,0,0,0,0
2.03E+11,DD0922,홍콩,임건훈,Top Trend International Investment Limited,2026-04-13,USD,T3405A-04.00SPC,(NEW)O2O2 D_Sepia Choco EX,O2O2 D_Sepia Choco EX,P3405A-04.00SPC,Q3405-04.00SPC,R3405-04.00SPC,60,0.35,903,접수,30,Si_1-Day_Color_Sph,2026-03-11,FOB,S관(3공장),0,60,0,0,0,0,13360,0,0,0,0,0,0,0
2.03E+11,DD0922,홍콩,임건훈,Top Trend International Investment Limited,2026-04-13,USD,T3405A-04.25SPC,(NEW)O2O2 D_Sepia Choco EX,O2O2 D_Sepia Choco EX,P3405A-04.25SPC,Q3405-04.25SPC,R3405-04.25SPC,90,0.35,903,접수,30,Si_1-Day_Color_Sph,2026-03-11,FOB,S관(3공장),0,90,0,0,0,0,8065,0,90,151,128,97,96,91
2.03E+11,DD0922,홍콩,임건훈,Top Trend International Investment Limited,2026-04-13,USD,T3405A-04.50SPC,(NEW)O2O2 D_Sepia Choco EX,O2O2 D_Sepia Choco EX,P3405A-04.50SPC,Q3405-04.50SPC,R3405-04.50SPC,30,0.35,903,접수,30,Si_1-Day_Color_Sph,2026-03-11,FOB,S관(3공장),0,30,0,0,0,0,54060,0,0,0,0,0,0,0
2.03E+11,DD0922,홍콩,임건훈,Top Trend International Investment Limited,2026-04-13,USD,T3405A-04.75SPC,(NEW)O2O2 D_Sepia Choco EX,O2O2 D_Sepia Choco EX,P3405A-04.75SPC,Q3405-04.75SPC,R3405-04.75SPC,30,0.35,903,접수,30,Si_1-Day_Color_Sph,2026-03-11,FOB,S관(3공장),0,30,0,0,0,0,12875,0,0,0,0,0,0,0
2.03E+11,DD0922,홍콩,임건훈,Top Trend International Investment Limited,2026-04-13,USD,T3405A-05.00SPC,(NEW)O2O2 D_Sepia Choco EX,O2O2 D_Sepia Choco EX,P3405A-05.00SPC,Q3405-05.00SPC,R3405-05.00SPC,150,0.35,903,접수,30,Si_1-Day_Color_Sph,2026-03-11,FOB,S관(3공장),0,150,0,0,0,610,44295,0,0,0,0,0,0,0
2.03E+11,DD0922,홍콩,임건훈,Top Trend International Investment Limited,2026-04-13,USD,T3405A-05.50SPC,(NEW)O2O2 D_Sepia Choco EX,O2O2 D_Sepia Choco EX,P3405A-05.50SPC,Q3405-05.50SPC,R3405-05.50SPC,360,0.35,903,접수,30,Si_1-Day_Color_Sph,2026-03-11,FOB,S관(3공장),0,360,0,0,0,1145,4245,0,360,584,496,377,375,353
2.03E+11,DD0922,홍콩,임건훈,Top Trend International Investment Limited,2026-04-13,USD,T3405A-06.50SPC,(NEW)O2O2 D_Sepia Choco EX,O2O2 D_Sepia Choco EX,P3405A-06.50SPC,Q3405-06.50SPC,R3405-06.50SPC,30,0.35,903,접수,30,Si_1-Day_Color_Sph,2026-03-11,FOB,S관(3공장),0,30,0,1393,0,0,32915,0,0,0,0,0,0,0
2.03E+11,DD0922,홍콩,임건훈,Top Trend International Investment Limited,2026-04-13,USD,T3405A-07.00SPC,(NEW)O2O2 D_Sepia Choco EX,O2O2 D_Sepia Choco EX,P3405A-07.00SPC,Q3405-07.00SPC,R3405-07.00SPC,60,0.35,903,접수,30,Si_1-Day_Color_Sph,2026-03-11,FOB,S관(3공장),0,60,0,2951,0,0,11025,0,0,0,0,0,0,0
2.03E+11,DD0922,홍콩,임건훈,Top Trend International Investment Limited,2026-04-13,USD,T3405A-07.50SPC,(NEW)O2O2 D_Sepia Choco EX,O2O2 D_Sepia Choco EX,P3405A-07.50SPC,Q3405-07.50SPC,R3405-07.50SPC,90,0.35,903,접수,30,Si_1-Day_Color_Sph,2026-03-11,FOB,S관(3공장),0,90,0,1411,0,0,25435,0,0,0,0,0,0,0
2.03E+11,DD0922,홍콩,임건훈,Top Trend International Investment Limited,2026-04-13,USD,T3405A-08.00SPC,(NEW)O2O2 D_Sepia Choco EX,O2O2 D_Sepia Choco EX,P3405A-08.00SPC,Q3405-08.00SPC,R3405-08.00SPC,30,0.35,903,접수,30,Si_1-Day_Color_Sph,2026-03-11,FOB,S관(3공장),0,30,0,0,0,0,8955,0,0,0,0,0,0,0
2.03E+11,DD0922,홍콩,임건훈,Top Trend International Investment Limited,2026-04-13,USD,T3405A-08.50SPC,(NEW)O2O2 D_Sepia Choco EX,O2O2 D_Sepia Choco EX,P3405A-08.50SPC,Q3405-08.50SPC,R3405-08.50SPC,30,0.35,903,접수,30,Si_1-Day_Color_Sph,2026-03-11,FOB,S관(3공장),0,30,0,0,0,0,3410,0,0,0,0,0,0,0
2.03E+11,DD0922,홍콩,임건훈,Top Trend International Investment Limited,2026-04-13,USD,T3405A-09.00SPC,(NEW)O2O2 D_Sepia Choco EX,O2O2 D_Sepia Choco EX,P3405A-09.00SPC,Q3405-09.00SPC,R3405-09.00SPC,30,0.35,903,접수,30,Si_1-Day_Color_Sph,2026-03-11,FOB,S관(3공장),0,30,0,0,0,0,4655,0,0,0,0,0,0,0
2.03E+11,DD0922,홍콩,임건훈,Top Trend International Investment Limited,2026-04-13,USD,T3405A-10.00SPC,(NEW)O2O2 D_Sepia Choco EX,O2O2 D_Sepia Choco EX,P3405A-10.00SPC,Q3405-10.00SPC,R3405-10.00SPC,60,0.35,903,접수,30,Si_1-Day_Color_Sph,2026-03-11,FOB,S관(3공장),0,60,0,0,0,0,2150,0,0,0,0,0,0,0
2.03E+11,DD0922,홍콩,임건훈,Top Trend International Investment Limited,2026-04-13,USD,T3406A-10.00ASB,(NEW)O2O2 D_Ash Brown EX,O2O2 D_Ash Brown EX,P3406A-10.00ASB,Q3406-10.00ASB,R3406-10.00ASB,60,0.35,"1,302",접수,30,Si_1-Day_Color_Sph,2026-03-11,FOB,S관(3공장),0,60,0,0,0,0,2335,0,0,0,0,0,0,0
2.03E+11,DD0922,홍콩,임건훈,Top Trend International Investment Limited,2026-04-13,USD,T3406A-03.50ASB,(NEW)O2O2 D_Ash Brown EX,O2O2 D_Ash Brown EX,P3406A-03.50ASB,Q3406-03.50ASB,R3406-03.50ASB,210,0.35,"1,302",접수,30,Si_1-Day_Color_Sph,2026-03-11,FOB,S관(3공장),0,210,0,0,0,0,16010,0,0,0,0,0,0,0
2.03E+11,DD0922,홍콩,임건훈,Top Trend International Investment Limited,2026-04-13,USD,T3406A-03.75ASB,(NEW)O2O2 D_Ash Brown EX,O2O2 D_Ash Brown EX,P3406A-03.75ASB,Q3406-03.75ASB,R3406-03.75ASB,180,0.35,"1,302",접수,30,Si_1-Day_Color_Sph,2026-03-11,FOB,S관(3공장),0,180,0,0,0,0,6000,0,0,0,0,0,0,0
2.03E+11,DD0922,홍콩,임건훈,Top Trend International Investment Limited,2026-04-13,USD,T3406A-04.00ASB,(NEW)O2O2 D_Ash Brown EX,O2O2 D_Ash Brown EX,P3406A-04.00ASB,Q3406-04.00ASB,R3406-04.00ASB,360,0.35,"1,302",접수,30,Si_1-Day_Color_Sph,2026-03-11,FOB,S관(3공장),0,360,0,0,0,0,3465,0,0,0,0,0,0,0
2.03E+11,DD0922,홍콩,임건훈,Top Trend International Investment Limited,2026-04-13,USD,T3406A-04.25ASB,(NEW)O2O2 D_Ash Brown EX,O2O2 D_Ash Brown EX,P3406A-04.25ASB,Q3406-04.25ASB,R3406-04.25ASB,300,0.35,"1,302",접수,30,Si_1-Day_Color_Sph,2026-03-11,FOB,S관(3공장),0,300,0,0,0,0,16025,0,0,0,0,0,0,0
2.03E+11,DD0922,홍콩,임건훈,Top Trend International Investment Limited,2026-04-13,USD,T3406A-05.00ASB,(NEW)O2O2 D_Ash Brown EX,O2O2 D_Ash Brown EX,P3406A-05.00ASB,Q3406-05.00ASB,R3406-05.00ASB,270,0.35,"1,302",접수,30,Si_1-Day_Color_Sph,2026-03-11,FOB,S관(3공장),0,270,0,0,0,0,3515,0,0,0,0,0,0,0
2.03E+11,DD0922,홍콩,임건훈,Top Trend International Investment Limited,2026-04-13,USD,T3406A-06.00ASB,(NEW)O2O2 D_Ash Brown EX,O2O2 D_Ash Brown EX,P3406A-06.00ASB,Q3406-06.00ASB,R3406-06.00ASB,90,0.35,"1,302",접수,30,Si_1-Day_Color_Sph,2026-03-11,FOB,S관(3공장),0,90,0,0,0,0,9180,0,0,0,0,0,0,0
2.03E+11,DD0922,홍콩,임건훈,Top Trend International Investment Limited,2026-04-13,USD,T3406A-06.50ASB,(NEW)O2O2 D_Ash Brown EX,O2O2 D_Ash Brown EX,P3406A-06.50ASB,Q3406-06.50ASB,R3406-06.50ASB,300,0.35,"1,302",접수,30,Si_1-Day_Color_Sph,2026-03-11,FOB,S관(3공장),0,300,0,0,0,0,13070,0,0,0,0,0,0,0
2.03E+11,DD0922,홍콩,임건훈,Top Trend International Investment Limited,2026-04-13,USD,T3406A-07.50ASB,(NEW)O2O2 D_Ash Brown EX,O2O2 D_Ash Brown EX,P3406A-07.50ASB,Q3406-07.50ASB,R3406-07.50ASB,30,0.35,"1,302",접수,30,Si_1-Day_Color_Sph,2026-03-11,FOB,S관(3공장),0,30,0,0,0,0,16290,0,0,0,0,0,0,0
2.03E+11,DD0922,홍콩,임건훈,Top Trend International Investment Limited,2026-04-13,USD,T3406A-08.00ASB,(NEW)O2O2 D_Ash Brown EX,O2O2 D_Ash Brown EX,P3406A-08.00ASB,Q3406-08.00ASB,R3406-08.00ASB,60,0.35,"1,302",접수,30,Si_1-Day_Color_Sph,2026-03-11,FOB,S관(3공장),0,60,0,0,0,0,6150,0,0,0,0,0,0,0
2.03E+11,DD0922,홍콩,임건훈,Top Trend International Investment Limited,2026-04-13,USD,T3406A-08.50ASB,(NEW)O2O2 D_Ash Brown EX,O2O2 D_Ash Brown EX,P3406A-08.50ASB,Q3406-08.50ASB,R3406-08.50ASB,30,0.35,"1,302",접수,30,Si_1-Day_Color_Sph,2026-03-11,FOB,S관(3공장),0,30,0,0,0,0,8090,0,0,0,0,0,0,0
2.03E+11,DD0922,홍콩,임건훈,Top Trend International Investment Limited,2026-04-13,USD,T3406A-09.00ASB,(NEW)O2O2 D_Ash Brown EX,O2O2 D_Ash Brown EX,P3406A-09.00ASB,Q3406-09.00ASB,R3406-09.00ASB,30,0.35,"1,302",접수,30,Si_1-Day_Color_Sph,2026-03-11,FOB,S관(3공장),0,30,0,0,0,0,3485,0,0,0,0,0,0,0
2.03E+11,DD0922,홍콩,임건훈,Top Trend International Investment Limited,2026-04-13,USD,T3406A-00.00ASB,(NEW)O2O2 D_Ash Brown EX,O2O2 D_Ash Brown EX,P3406A-00.00ASB,Q3406-00.00ASB,R3406-00.00ASB,420,0.35,"1,302",접수,30,Si_1-Day_Color_Sph,2026-03-11,FOB,S관(3공장),0,420,0,0,0,0,8175,0,420,704,598,454,451,424
2.03E+11,DD0922,홍콩,임건훈,Top Trend International Investment Limited,2026-04-13,USD,T3406A-01.25ASB,(NEW)O2O2 D_Ash Brown EX,O2O2 D_Ash Brown EX,P3406A-01.25ASB,Q3406-01.25ASB,R3406-01.25ASB,270,0.35,"1,302",접수,30,Si_1-Day_Color_Sph,2026-03-11,FOB,S관(3공장),0,270,0,0,0,0,26175,0,0,0,0,0,0,0
2.03E+11,DD0922,홍콩,임건훈,Top Trend International Investment Limited,2026-04-13,USD,T3406A-01.50ASB,(NEW)O2O2 D_Ash Brown EX,O2O2 D_Ash Brown EX,P3406A-01.50ASB,Q3406-01.50ASB,R3406-01.50ASB,420,0.35,"1,302",접수,30,Si_1-Day_Color_Sph,2026-03-11,FOB,S관(3공장),0,420,0,0,0,0,12515,0,0,0,0,0,0,0
2.03E+11,DD0922,홍콩,임건훈,Top Trend International Investment Limited,2026-04-13,USD,T3406A-01.75ASB,(NEW)O2O2 D_Ash Brown EX,O2O2 D_Ash Brown EX,P3406A-01.75ASB,Q3406-01.75ASB,R3406-01.75ASB,210,0.35,"1,302",접수,30,Si_1-Day_Color_Sph,2026-03-11,FOB,S관(3공장),0,210,0,0,0,0,5405,0,0,0,0,0,0,0
2.03E+11,DD0922,홍콩,임건훈,Top Trend International Investment Limited,2026-04-13,USD,T3406A-02.00ASB,(NEW)O2O2 D_Ash Brown EX,O2O2 D_Ash Brown EX,P3406A-02.00ASB,Q3406-02.00ASB,R3406-02.00ASB,150,0.35,"1,302",접수,30,Si_1-Day_Color_Sph,2026-03-11,FOB,S관(3공장),0,150,0,0,1732,0,10170,0,0,0,0,0,0,0
2.03E+11,DD0922,홍콩,임건훈,Top Trend International Investment Limited,2026-04-13,USD,T3406A-02.50ASB,(NEW)O2O2 D_Ash Brown EX,O2O2 D_Ash Brown EX,P3406A-02.50ASB,Q3406-02.50ASB,R3406-02.50ASB,30,0.35,"1,302",접수,30,Si_1-Day_Color_Sph,2026-03-11,FOB,S관(3공장),0,30,0,0,1621,0,14140,0,0,0,0,0,0,0
2.03E+11,DD0922,홍콩,임건훈,Top Trend International Investment Limited,2026-04-13,USD,T3406A-02.75ASB,(NEW)O2O2 D_Ash Brown EX,O2O2 D_Ash Brown EX,P3406A-02.75ASB,Q3406-02.75ASB,R3406-02.75ASB,300,0.35,"1,302",접수,30,Si_1-Day_Color_Sph,2026-03-11,FOB,S관(3공장),0,300,0,0,0,0,24045,0,0,0,0,0,0,0
2.03E+11,DD0922,홍콩,임건훈,Top Trend International Investment Limited,2026-04-13,USD,T3407A-00.00ASG,(NEW)O2O2 D_Ash Gray EX,O2O2 D_Ash Gray EX,P3407A-00.00ASG,Q3407-00.00ASG,R3407-00.00ASG,120,0.35,766.5,접수,30,Si_1-Day_Color_Sph,2026-03-11,FOB,S관(3공장),0,120,0,0,0,0,98950,0,0,0,0,0,0,0
2.03E+11,DD0922,홍콩,임건훈,Top Trend International Investment Limited,2026-04-13,USD,T3407A-01.00ASG,(NEW)O2O2 D_Ash Gray EX,O2O2 D_Ash Gray EX,P3407A-01.00ASG,Q3407-01.00ASG,R3407-01.00ASG,150,0.35,766.5,접수,30,Si_1-Day_Color_Sph,2026-03-11,FOB,S관(3공장),0,150,0,0,0,0,6775,0,0,0,0,0,0,0
2.03E+11,DD0922,홍콩,임건훈,Top Trend International Investment Limited,2026-04-13,USD,T3407A-01.25ASG,(NEW)O2O2 D_Ash Gray EX,O2O2 D_Ash Gray EX,P3407A-01.25ASG,Q3407-01.25ASG,R3407-01.25ASG,60,0.35,766.5,접수,30,Si_1-Day_Color_Sph,2026-03-11,FOB,S관(3공장),0,60,0,0,0,0,5035,0,0,0,0,0,0,0
2.03E+11,DD0922,홍콩,임건훈,Top Trend International Investment Limited,2026-04-13,USD,T3407A-01.50ASG,(NEW)O2O2 D_Ash Gray EX,O2O2 D_Ash Gray EX,P3407A-01.50ASG,Q3407-01.50ASG,R3407-01.50ASG,30,0.35,766.5,접수,30,Si_1-Day_Color_Sph,2026-03-11,FOB,S관(3공장),0,30,0,0,0,0,14710,0,0,0,0,0,0,0
2.03E+11,DD0922,홍콩,임건훈,Top Trend International Investment Limited,2026-04-13,USD,T3407A-01.75ASG,(NEW)O2O2 D_Ash Gray EX,O2O2 D_Ash Gray EX,P3407A-01.75ASG,Q3407-01.75ASG,R3407-01.75ASG,450,0.35,766.5,접수,30,Si_1-Day_Color_Sph,2026-03-11,FOB,S관(3공장),0,450,0,0,923,0,6870,0,0,0,0,0,0,0
2.03E+11,DD0922,홍콩,임건훈,Top Trend International Investment Limited,2026-04-13,USD,T3407A-02.00ASG,(NEW)O2O2 D_Ash Gray EX,O2O2 D_Ash Gray EX,P3407A-02.00ASG,Q3407-02.00ASG,R3407-02.00ASG,90,0.35,766.5,접수,30,Si_1-Day_Color_Sph,2026-03-11,FOB,S관(3공장),0,90,0,0,2168,0,11905,0,0,0,0,0,0,0
2.03E+11,DD0922,홍콩,임건훈,Top Trend International Investment Limited,2026-04-13,USD,T3407A-02.25ASG,(NEW)O2O2 D_Ash Gray EX,O2O2 D_Ash Gray EX,P3407A-02.25ASG,Q3407-02.25ASG,R3407-02.25ASG,150,0.35,766.5,접수,30,Si_1-Day_Color_Sph,2026-03-11,FOB,S관(3공장),0,150,0,0,1090,0,12245,0,0,0,0,0,0,0
2.03E+11,DD0922,홍콩,임건훈,Top Trend International Investment Limited,2026-04-13,USD,T3407A-02.50ASG,(NEW)O2O2 D_Ash Gray EX,O2O2 D_Ash Gray EX,P3407A-02.50ASG,Q3407-02.50ASG,R3407-02.50ASG,90,0.35,766.5,접수,30,Si_1-Day_Color_Sph,2026-03-11,FOB,S관(3공장),0,90,0,0,1133,0,19910,0,0,0,0,0,0,0
2.03E+11,DD0922,홍콩,임건훈,Top Trend International Investment Limited,2026-04-13,USD,T3407A-02.75ASG,(NEW)O2O2 D_Ash Gray EX,O2O2 D_Ash Gray EX,P3407A-02.75ASG,Q3407-02.75ASG,R3407-02.75ASG,120,0.35,766.5,접수,30,Si_1-Day_Color_Sph,2026-03-11,FOB,S관(3공장),0,120,0,0,0,0,24245,0,0,0,0,0,0,0
2.03E+11,DD0922,홍콩,임건훈,Top Trend International Investment Limited,2026-04-13,USD,T3407A-03.00ASG,(NEW)O2O2 D_Ash Gray EX,O2O2 D_Ash Gray EX,P3407A-03.00ASG,Q3407-03.00ASG,R3407-03.00ASG,90,0.35,766.5,접수,30,Si_1-Day_Color_Sph,2026-03-11,FOB,S관(3공장),0,90,0,0,0,0,12935,0,0,0,0,0,0,0
2.03E+11,DD0922,홍콩,임건훈,Top Trend International Investment Limited,2026-04-13,USD,T3407A-04.25ASG,(NEW)O2O2 D_Ash Gray EX,O2O2 D_Ash Gray EX,P3407A-04.25ASG,Q3407-04.25ASG,R3407-04.25ASG,60,0.35,766.5,접수,30,Si_1-Day_Color_Sph,2026-03-11,FOB,S관(3공장),0,60,0,0,0,0,23130,0,0,0,0,0,0,0
2.03E+11,DD0922,홍콩,임건훈,Top Trend International Investment Limited,2026-04-13,USD,T3407A-04.50ASG,(NEW)O2O2 D_Ash Gray EX,O2O2 D_Ash Gray EX,P3407A-04.50ASG,Q3407-04.50ASG,R3407-04.50ASG,60,0.35,766.5,접수,30,Si_1-Day_Color_Sph,2026-03-11,FOB,S관(3공장),0,60,0,0,0,0,4620,0,0,0,0,0,0,0
2.03E+11,DD0922,홍콩,임건훈,Top Trend International Investment Limited,2026-04-13,USD,T3407A-04.75ASG,(NEW)O2O2 D_Ash Gray EX,O2O2 D_Ash Gray EX,P3407A-04.75ASG,Q3407-04.75ASG,R3407-04.75ASG,30,0.35,766.5,접수,30,Si_1-Day_Color_Sph,2026-03-11,FOB,S관(3공장),0,30,0,0,0,0,15060,0,0,0,0,0,0,0
2.03E+11,DD0922,홍콩,임건훈,Top Trend International Investment Limited,2026-04-13,USD,T3407A-05.00ASG,(NEW)O2O2 D_Ash Gray EX,O2O2 D_Ash Gray EX,P3407A-05.00ASG,Q3407-05.00ASG,R3407-05.00ASG,180,0.35,766.5,접수,30,Si_1-Day_Color_Sph,2026-03-11,FOB,S관(3공장),0,180,0,0,0,0,3940,0,0,0,0,0,0,0
2.03E+11,DD0922,홍콩,임건훈,Top Trend International Investment Limited,2026-04-13,USD,T3407A-06.00ASG,(NEW)O2O2 D_Ash Gray EX,O2O2 D_Ash Gray EX,P3407A-06.00ASG,Q3407-06.00ASG,R3407-06.00ASG,210,0.35,766.5,접수,30,Si_1-Day_Color_Sph,2026-03-11,FOB,S관(3공장),0,210,0,0,0,0,4560,0,0,0,0,0,0,0
2.03E+11,DD0922,홍콩,임건훈,Top Trend International Investment Limited,2026-04-13,USD,T3407A-06.50ASG,(NEW)O2O2 D_Ash Gray EX,O2O2 D_Ash Gray EX,P3407A-06.50ASG,Q3407-06.50ASG,R3407-06.50ASG,60,0.35,766.5,접수,30,Si_1-Day_Color_Sph,2026-03-11,FOB,S관(3공장),0,60,0,0,0,0,7530,0,0,0,0,0,0,0
2.03E+11,DD0922,홍콩,임건훈,Top Trend International Investment Limited,2026-04-13,USD,T3407A-07.00ASG,(NEW)O2O2 D_Ash Gray EX,O2O2 D_Ash Gray EX,P3407A-07.00ASG,Q3407-07.00ASG,R3407-07.00ASG,30,0.35,766.5,접수,30,Si_1-Day_Color_Sph,2026-03-11,FOB,S관(3공장),0,30,0,0,0,0,4755,0,0,0,0,0,0,0
2.03E+11,DD0922,홍콩,임건훈,Top Trend International Investment Limited,2026-04-13,USD,T3407A-07.50ASG,(NEW)O2O2 D_Ash Gray EX,O2O2 D_Ash Gray EX,P3407A-07.50ASG,Q3407-07.50ASG,R3407-07.50ASG,90,0.35,766.5,접수,30,Si_1-Day_Color_Sph,2026-03-11,FOB,S관(3공장),0,90,0,0,0,0,5630,0,0,0,0,0,0,0
2.03E+11,DD0922,홍콩,임건훈,Top Trend International Investment Limited,2026-04-13,USD,T3407A-08.50ASG,(NEW)O2O2 D_Ash Gray EX,O2O2 D_Ash Gray EX,P3407A-08.50ASG,Q3407-08.50ASG,R3407-08.50ASG,60,0.35,766.5,접수,30,Si_1-Day_Color_Sph,2026-03-11,FOB,S관(3공장),0,60,0,0,0,0,110,0,0,0,0,0,0,0
2.03E+11,DD0922,홍콩,임건훈,Top Trend International Investment Limited,2026-04-13,USD,T3407A-09.00ASG,(NEW)O2O2 D_Ash Gray EX,O2O2 D_Ash Gray EX,P3407A-09.00ASG,Q3407-09.00ASG,R3407-09.00ASG,30,0.35,766.5,접수,30,Si_1-Day_Color_Sph,2026-03-11,FOB,S관(3공장),0,30,0,0,0,0,7150,0,0,0,0,0,0,0
2.03E+11,DD0922,홍콩,임건훈,Top Trend International Investment Limited,2026-04-13,USD,T3407A-10.00ASG,(NEW)O2O2 D_Ash Gray EX,O2O2 D_Ash Gray EX,P3407A-10.00ASG,Q3407-10.00ASG,R3407-10.00ASG,30,0.35,766.5,접수,30,Si_1-Day_Color_Sph,2026-03-11,FOB,S관(3공장),0,30,0,0,0,0,275,0,0,0,0,0,0,0
2.03E+11,DD0922,홍콩,임건훈,Top Trend International Investment Limited,2026-04-13,USD,T5423A-02.25,O2O2 D_Spherical(DK70)_K2-SMD,O2O2 D_Spherical(DK70)_K2-SMD,P5423A-02.25,Q1026-02.25,R1026-02.25,600,0.33,"2,019.60",접수,30,Si_1-Day_Sph,2026-03-11,FOB,S관(3공장),0,600,7316,3949,0,0,100472,0,0,0,0,0,0,0
2.03E+11,DD0922,홍콩,임건훈,Top Trend International Investment Limited,2026-04-13,USD,T5423A-02.50,O2O2 D_Spherical(DK70)_K2-SMD,O2O2 D_Spherical(DK70)_K2-SMD,P5423A-02.50,Q1026-02.50,R1026-02.50,900,0.33,"2,019.60",접수,30,Si_1-Day_Sph,2026-03-11,FOB,S관(3공장),0,900,0,29201,0,0,100945,0,0,0,0,0,0,0
2.03E+11,DD0922,홍콩,임건훈,Top Trend International Investment Limited,2026-04-13,USD,T5423A-03.00,O2O2 D_Spherical(DK70)_K2-SMD,O2O2 D_Spherical(DK70)_K2-SMD,P5423A-03.00,Q1026-03.00,R1026-03.00,900,0.33,"2,019.60",접수,30,Si_1-Day_Sph,2026-03-11,FOB,S관(3공장),0,900,0,0,0,0,49072,0,0,0,0,0,0,0
2.03E+11,DD0922,홍콩,임건훈,Top Trend International Investment Limited,2026-04-13,USD,T5423A-04.00,O2O2 D_Spherical(DK70)_K2-SMD,O2O2 D_Spherical(DK70)_K2-SMD,P5423A-04.00,Q1026-04.00,R1026-04.00,900,0.33,"2,019.60",접수,30,Si_1-Day_Sph,2026-03-11,FOB,S관(3공장),0,900,6966,3565,0,0,70373,0,0,0,0,0,0,0
2.03E+11,DD0922,홍콩,임건훈,Top Trend International Investment Limited,2026-04-13,USD,T5423A-04.50,O2O2 D_Spherical(DK70)_K2-SMD,O2O2 D_Spherical(DK70)_K2-SMD,P5423A-04.50,Q1026-04.50,R1026-04.50,900,0.33,"2,019.60",접수,30,Si_1-Day_Sph,2026-03-11,FOB,S관(3공장),0,900,2397,12348,0,0,94634,0,0,0,0,0,0,0
2.03E+11,DD0922,홍콩,임건훈,Top Trend International Investment Limited,2026-04-13,USD,T5423A-04.75,O2O2 D_Spherical(DK70)_K2-SMD,O2O2 D_Spherical(DK70)_K2-SMD,P5423A-04.75,Q1026-04.75,R1026-04.75,900,0.33,"2,019.60",접수,30,Si_1-Day_Sph,2026-03-11,FOB,S관(3공장),0,900,3158,22469,0,0,29386,0,0,0,0,0,0,0
2.03E+11,DD0922,홍콩,임건훈,Top Trend International Investment Limited,2026-04-13,USD,T5423A-06.50,O2O2 D_Spherical(DK70)_K2-SMD,O2O2 D_Spherical(DK70)_K2-SMD,P5423A-06.50,Q1026-06.50,R1026-06.50,210,0.33,"2,019.60",접수,30,Si_1-Day_Sph,2026-03-11,FOB,S관(3공장),0,210,0,2442,0,0,23018,0,0,0,0,0,0,0
2.03E+11,DD0922,홍콩,임건훈,Top Trend International Investment Limited,2026-04-13,USD,T5423A-07.00,O2O2 D_Spherical(DK70)_K2-SMD,O2O2 D_Spherical(DK70)_K2-SMD,P5423A-07.00,Q1026-07.00,R1026-07.00,240,0.33,"2,019.60",접수,30,Si_1-Day_Sph,2026-03-11,FOB,S관(3공장),0,240,0,0,0,0,77197,0,0,0,0,0,0,0
2.03E+11,DD0922,홍콩,임건훈,Top Trend International Investment Limited,2026-04-13,USD,T5423A-07.50,O2O2 D_Spherical(DK70)_K2-SMD,O2O2 D_Spherical(DK70)_K2-SMD,P5423A-07.50,Q1026-07.50,R1026-07.50,180,0.33,"2,019.60",접수,30,Si_1-Day_Sph,2026-03-11,FOB,S관(3공장),0,180,0,0,0,0,2690,0,0,0,0,0,0,0
2.03E+11,DD0922,홍콩,임건훈,Top Trend International Investment Limited,2026-04-13,USD,T5423A-08.00,O2O2 D_Spherical(DK70)_K2-SMD,O2O2 D_Spherical(DK70)_K2-SMD,P5423A-08.00,Q1026-08.00,R1026-08.00,180,0.33,"2,019.60",접수,30,Si_1-Day_Sph,2026-03-11,FOB,S관(3공장),0,180,0,0,0,0,3325,0,180,240,237,198,196,182
2.03E+11,DD0922,홍콩,임건훈,Top Trend International Investment Limited,2026-04-13,USD,T5423A-08.50,O2O2 D_Spherical(DK70)_K2-SMD,O2O2 D_Spherical(DK70)_K2-SMD,P5423A-08.50,Q1026-08.50,R1026-08.50,90,0.33,"2,019.60",접수,30,Si_1-Day_Sph,2026-03-11,FOB,S관(3공장),0,90,0,0,0,0,16865,0,0,0,0,0,0,0
2.03E+11,DD0922,홍콩,임건훈,Top Trend International Investment Limited,2026-04-13,USD,T5423A-09.00,O2O2 D_Spherical(DK70)_K2-SMD,O2O2 D_Spherical(DK70)_K2-SMD,P5423A-09.00,Q1026-09.00,R1026-09.00,60,0.33,"2,019.60",접수,30,Si_1-Day_Sph,2026-03-11,FOB,S관(3공장),0,60,0,0,0,0,7920,0,0,0,0,0,0,0
2.03E+11,DD0922,홍콩,임건훈,Top Trend International Investment Limited,2026-04-13,USD,T5423A-10.00,O2O2 D_Spherical(DK70)_K2-SMD,O2O2 D_Spherical(DK70)_K2-SMD,P5423A-10.00,Q1026-10.00,R1026-10.00,60,0.33,"2,019.60",접수,30,Si_1-Day_Sph,2026-03-11,FOB,S관(3공장),0,60,0,0,0,0,5735,0,0,0,0,0,0,0
2.03E+11,DD0923,홍콩,임건훈,Top Trend International Investment Limited,2026-04-13,USD,T5423A-02.00,O2O2 D_Spherical(DK70)_K2-SMD,O2O2 D_Spherical(DK70)_K2-SMD,P5423A-02.00,Q1026-02.00,R1026-02.00,150,0.2,172,접수,1,Si_1-Day_Sph,2026-03-11,FOB,S관(3공장),0,150,0,0,0,0,82364,0,0,0,0,0,0,0
2.03E+11,DD0923,홍콩,임건훈,Top Trend International Investment Limited,2026-04-13,USD,T5423A-03.25,O2O2 D_Spherical(DK70)_K2-SMD,O2O2 D_Spherical(DK70)_K2-SMD,P5423A-03.25,Q1026-03.25,R1026-03.25,100,0.2,172,접수,1,Si_1-Day_Sph,2026-03-11,FOB,S관(3공장),0,100,0,0,0,0,109086,0,0,0,0,0,0,0
2.03E+11,DD0923,홍콩,임건훈,Top Trend International Investment Limited,2026-04-13,USD,T5423A-03.50,O2O2 D_Spherical(DK70)_K2-SMD,O2O2 D_Spherical(DK70)_K2-SMD,P5423A-03.50,Q1026-03.50,R1026-03.50,50,0.2,172,접수,1,Si_1-Day_Sph,2026-03-11,FOB,S관(3공장),0,50,7901,1921,0,0,93671,0,0,0,0,0,0,0
2.03E+11,DD0923,홍콩,임건훈,Top Trend International Investment Limited,2026-04-13,USD,T5423A-04.00,O2O2 D_Spherical(DK70)_K2-SMD,O2O2 D_Spherical(DK70)_K2-SMD,P5423A-04.00,Q1026-04.00,R1026-04.00,300,0.2,172,접수,1,Si_1-Day_Sph,2026-03-11,FOB,S관(3공장),0,300,6966,3565,0,0,70373,0,0,0,0,0,0,0
2.03E+11,DD0923,홍콩,임건훈,Top Trend International Investment Limited,2026-04-13,USD,T5423A-04.25,O2O2 D_Spherical(DK70)_K2-SMD,O2O2 D_Spherical(DK70)_K2-SMD,P5423A-04.25,Q1026-04.25,R1026-04.25,260,0.2,172,접수,1,Si_1-Day_Sph,2026-03-11,FOB,S관(3공장),0,260,0,0,0,0,106935,0,0,0,0,0,0,0
2.03E+11,X2355,이탈리아,임승진,Marshal Intergroup,2026-04-17,USD,T1025A+01.00+2.00,O2O2_Multifocal_K2_SMDH_WHITE_OPHTALMIC,O2O2_Multifocal_K2_SMDH_WHITE_OPHTALMIC,P1025A+01.00+2.00,Q1025+01.00+2.00,R1025+01.00+2.00,25,0.43,627.80,접수,5,Si_1-Day_M/F,2026-03-25,FOB,S관(3공장),0,25,0,0,0,0,14605,0,0,0,0,0,0,0
2.03E+11,X2355,이탈리아,임승진,Marshal Intergroup,2026-04-17,USD,T1025A+01.00+2.50,O2O2_Multifocal_K2_SMDH_WHITE_OPHTALMIC,O2O2_Multifocal_K2_SMDH_WHITE_OPHTALMIC,P1025A+01.00+2.50,Q1025+01.00+2.50,R1025+01.00+2.50,40,0.43,627.80,접수,5,Si_1-Day_M/F,2026-03-25,FOB,S관(3공장),0,40,0,0,0,0,6435,0,0,0,0,0,0,0
2.03E+11,X2355,이탈리아,임승진,Marshal Intergroup,2026-04-17,USD,T1025A+01.25+1.50,O2O2_Multifocal_K2_SMDH_WHITE_OPHTALMIC,O2O2_Multifocal_K2_SMDH_WHITE_OPHTALMIC,P1025A+01.25+1.50,Q1025+01.25+1.50,R1025+01.25+1.50,35,0.43,627.80,접수,5,Si_1-Day_M/F,2026-03-25,FOB,S관(3공장),0,35,6588,0,0,0,16940,0,0,0,0,0,0,0
2.03E+11,X2355,이탈리아,임승진,Marshal Intergroup,2026-04-17,USD,T1025A+01.50+1.00,O2O2_Multifocal_K2_SMDH_WHITE_OPHTALMIC,O2O2_Multifocal_K2_SMDH_WHITE_OPHTALMIC,P1025A+01.50+1.00,Q1025+01.50+1.00,R1025+01.50+1.00,105,0.43,627.80,접수,5,Si_1-Day_M/F,2026-03-25,FOB,S관(3공장),0,105,0,0,0,0,12099,0,0,0,0,0,0,0
2.03E+11,X2355,이탈리아,임승진,Marshal Intergroup,2026-04-17,USD,T1025A+01.50+2.00,O2O2_Multifocal_K2_SMDH_WHITE_OPHTALMIC,O2O2_Multifocal_K2_SMDH_WHITE_OPHTALMIC,P1025A+01.50+2.00,Q1025+01.50+2.00,R1025+01.50+2.00,120,0.43,627.80,접수,5,Si_1-Day_M/F,2026-03-25,FOB,S관(3공장),0,120,0,0,0,0,15130,0,0,0,0,0,0,0
2.03E+11,X2355,이탈리아,임승진,Marshal Intergroup,2026-04-17,USD,T1025A+02.00+2.00,O2O2_Multifocal_K2_SMDH_WHITE_OPHTALMIC,O2O2_Multifocal_K2_SMDH_WHITE_OPHTALMIC,P1025A+02.00+2.00,Q1025+02.00+2.00,R1025+02.00+2.00,100,0.43,627.80,접수,5,Si_1-Day_M/F,2026-03-25,FOB,S관(3공장),0,100,0,0,0,0,8130,0,0,0,0,0,0,0
2.03E+11,X2355,이탈리아,임승진,Marshal Intergroup,2026-04-17,USD,T1025A+02.50+2.00,O2O2_Multifocal_K2_SMDH_WHITE_OPHTALMIC,O2O2_Multifocal_K2_SMDH_WHITE_OPHTALMIC,P1025A+02.50+2.00,Q1025+02.50+2.00,R1025+02.50+2.00,70,0.43,627.80,접수,5,Si_1-Day_M/F,2026-03-25,FOB,S관(3공장),0,70,0,0,0,0,21820,0,0,0,0,0,0,0
2.03E+11,X2355,이탈리아,임승진,Marshal Intergroup,2026-04-17,USD,T1025A+03.00+1.50,O2O2_Multifocal_K2_SMDH_WHITE_OPHTALMIC,O2O2_Multifocal_K2_SMDH_WHITE_OPHTALMIC,P1025A+03.00+1.50,Q1025+03.00+1.50,R1025+03.00+1.50,20,0.43,627.80,접수,5,Si_1-Day_M/F,2026-03-25,FOB,S관(3공장),0,20,0,0,0,0,15315,0,0,0,0,0,0,0
2.03E+11,X2355,이탈리아,임승진,Marshal Intergroup,2026-04-17,USD,T1025A+03.00+2.00,O2O2_Multifocal_K2_SMDH_WHITE_OPHTALMIC,O2O2_Multifocal_K2_SMDH_WHITE_OPHTALMIC,P1025A+03.00+2.00,Q1025+03.00+2.00,R1025+03.00+2.00,125,0.43,627.80,접수,5,Si_1-Day_M/F,2026-03-25,FOB,S관(3공장),0,125,0,0,0,0,18285,0,0,0,0,0,0,0
2.03E+11,X2355,이탈리아,임승진,Marshal Intergroup,2026-04-17,USD,T1025A+03.00+2.50,O2O2_Multifocal_K2_SMDH_WHITE_OPHTALMIC,O2O2_Multifocal_K2_SMDH_WHITE_OPHTALMIC,P1025A+03.00+2.50,Q1025+03.00+2.50,R1025+03.00+2.50,10,0.43,627.80,접수,5,Si_1-Day_M/F,2026-03-25,FOB,S관(3공장),0,10,0,0,0,0,5560,0,0,0,0,0,0,0
2.03E+11,X2355,이탈리아,임승진,Marshal Intergroup,2026-04-17,USD,T1025A+03.50+1.50,O2O2_Multifocal_K2_SMDH_WHITE_OPHTALMIC,O2O2_Multifocal_K2_SMDH_WHITE_OPHTALMIC,P1025A+03.50+1.50,Q1025+03.50+1.50,R1025+03.50+1.50,50,0.43,627.80,접수,5,Si_1-Day_M/F,2026-03-25,FOB,S관(3공장),0,50,0,0,0,0,6270,0,0,0,0,0,0,0
2.03E+11,X2355,이탈리아,임승진,Marshal Intergroup,2026-04-17,USD,T1025A+03.50+2.00,O2O2_Multifocal_K2_SMDH_WHITE_OPHTALMIC,O2O2_Multifocal_K2_SMDH_WHITE_OPHTALMIC,P1025A+03.50+2.00,Q1025+03.50+2.00,R1025+03.50+2.00,45,0.43,627.80,접수,5,Si_1-Day_M/F,2026-03-25,FOB,S관(3공장),0,45,0,0,0,0,1645,0,0,0,0,0,0,0
2.03E+11,X2355,이탈리아,임승진,Marshal Intergroup,2026-04-17,USD,T1025A+04.00+2.00,O2O2_Multifocal_K2_SMDH_WHITE_OPHTALMIC,O2O2_Multifocal_K2_SMDH_WHITE_OPHTALMIC,P1025A+04.00+2.00,Q1025+04.00+2.00,R1025+04.00+2.00,200,0.43,627.80,접수,5,Si_1-Day_M/F,2026-03-25,FOB,S관(3공장),0,200,0,0,0,0,2745,0,0,0,0,0,0,0
2.03E+11,X2355,이탈리아,임승진,Marshal Intergroup,2026-04-17,USD,T1025A-00.00+2.00,O2O2_Multifocal_K2_SMDH_WHITE_OPHTALMIC,O2O2_Multifocal_K2_SMDH_WHITE_OPHTALMIC,P1025A-00.00+2.00,Q1025-00.00+2.00,R1025-00.00+2.00,10,0.43,627.80,접수,5,Si_1-Day_M/F,2026-03-25,FOB,S관(3공장),0,10,0,0,0,0,5400,0,0,0,0,0,0,0
2.03E+11,X2355,이탈리아,임승진,Marshal Intergroup,2026-04-17,USD,T1025A-00.75+1.50,O2O2_Multifocal_K2_SMDH_WHITE_OPHTALMIC,O2O2_Multifocal_K2_SMDH_WHITE_OPHTALMIC,P1025A-00.75+1.50,Q1025-00.75+1.50,R1025-00.75+1.50,45,0.43,627.80,접수,5,Si_1-Day_M/F,2026-03-25,FOB,S관(3공장),0,45,0,0,0,0,9010,0,0,0,0,0,0,0
2.03E+11,X2355,이탈리아,임승진,Marshal Intergroup,2026-04-17,USD,T1025A-01.25+2.00,O2O2_Multifocal_K2_SMDH_WHITE_OPHTALMIC,O2O2_Multifocal_K2_SMDH_WHITE_OPHTALMIC,P1025A-01.25+2.00,Q1025-01.25+2.00,R1025-01.25+2.00,40,0.43,627.80,접수,5,Si_1-Day_M/F,2026-03-25,FOB,S관(3공장),0,40,0,0,0,0,1910,0,0,0,0,0,0,0
2.03E+11,X2355,이탈리아,임승진,Marshal Intergroup,2026-04-17,USD,T1025A-02.00+1.00,O2O2_Multifocal_K2_SMDH_WHITE_OPHTALMIC,O2O2_Multifocal_K2_SMDH_WHITE_OPHTALMIC,P1025A-02.00+1.00,Q1025-02.00+1.00,R1025-02.00+1.00,55,0.43,627.80,접수,5,Si_1-Day_M/F,2026-03-25,FOB,S관(3공장),0,55,0,0,0,0,10185,0,0,0,0,0,0,0
2.03E+11,X2355,이탈리아,임승진,Marshal Intergroup,2026-04-17,USD,T1025A-03.00+2.00,O2O2_Multifocal_K2_SMDH_WHITE_OPHTALMIC,O2O2_Multifocal_K2_SMDH_WHITE_OPHTALMIC,P1025A-03.00+2.00,Q1025-03.00+2.00,R1025-03.00+2.00,45,0.43,627.80,접수,5,Si_1-Day_M/F,2026-03-25,FOB,S관(3공장),0,45,0,0,0,0,5610,0,0,0,0,0,0,0
2.03E+11,X2355,이탈리아,임승진,Marshal Intergroup,2026-04-17,USD,T1025A-03.25+1.00,O2O2_Multifocal_K2_SMDH_WHITE_OPHTALMIC,O2O2_Multifocal_K2_SMDH_WHITE_OPHTALMIC,P1025A-03.25+1.00,Q1025-03.25+1.00,R1025-03.25+1.00,75,0.43,627.80,접수,5,Si_1-Day_M/F,2026-03-25,FOB,S관(3공장),0,75,0,0,0,0,26335,0,0,0,0,0,0,0
2.03E+11,X2355,이탈리아,임승진,Marshal Intergroup,2026-04-17,USD,T1025A-03.25+2.00,O2O2_Multifocal_K2_SMDH_WHITE_OPHTALMIC,O2O2_Multifocal_K2_SMDH_WHITE_OPHTALMIC,P1025A-03.25+2.00,Q1025-03.25+2.00,R1025-03.25+2.00,80,0.43,627.80,접수,5,Si_1-Day_M/F,2026-03-25,FOB,S관(3공장),0,80,0,0,0,0,23830,0,0,0,0,0,0,0
2.03E+11,X2355,이탈리아,임승진,Marshal Intergroup,2026-04-17,USD,T1025A-03.50+1.00,O2O2_Multifocal_K2_SMDH_WHITE_OPHTALMIC,O2O2_Multifocal_K2_SMDH_WHITE_OPHTALMIC,P1025A-03.50+1.00,Q1025-03.50+1.00,R1025-03.50+1.00,25,0.43,627.80,접수,5,Si_1-Day_M/F,2026-03-25,FOB,S관(3공장),0,25,0,0,0,0,7495,0,0,0,0,0,0,0
2.03E+11,X2355,이탈리아,임승진,Marshal Intergroup,2026-04-17,USD,T1025A-04.00+1.00,O2O2_Multifocal_K2_SMDH_WHITE_OPHTALMIC,O2O2_Multifocal_K2_SMDH_WHITE_OPHTALMIC,P1025A-04.00+1.00,Q1025-04.00+1.00,R1025-04.00+1.00,55,0.43,627.80,접수,5,Si_1-Day_M/F,2026-03-25,FOB,S관(3공장),0,55,0,0,0,0,9355,0,0,0,0,0,0,0
2.03E+11,X2355,이탈리아,임승진,Marshal Intergroup,2026-04-17,USD,T1025A-05.00+2.00,O2O2_Multifocal_K2_SMDH_WHITE_OPHTALMIC,O2O2_Multifocal_K2_SMDH_WHITE_OPHTALMIC,P1025A-05.00+2.00,Q1025-05.00+2.00,R1025-05.00+2.00,25,0.43,627.80,접수,5,Si_1-Day_M/F,2026-03-25,FOB,S관(3공장),0,25,0,0,0,0,6120,0,0,0,0,0,0,0
2.03E+11,X2355,이탈리아,임승진,Marshal Intergroup,2026-04-17,USD,T1025A-05.00+2.50,O2O2_Multifocal_K2_SMDH_WHITE_OPHTALMIC,O2O2_Multifocal_K2_SMDH_WHITE_OPHTALMIC,P1025A-05.00+2.50,Q1025-05.00+2.50,R1025-05.00+2.50,15,0.43,627.80,접수,5,Si_1-Day_M/F,2026-03-25,FOB,S관(3공장),0,15,0,0,0,0,10005,0,0,0,0,0,0,0
2.03E+11,X2355,이탈리아,임승진,Marshal Intergroup,2026-04-17,USD,T1025A-06.00+1.00,O2O2_Multifocal_K2_SMDH_WHITE_OPHTALMIC,O2O2_Multifocal_K2_SMDH_WHITE_OPHTALMIC,P1025A-06.00+1.00,Q1025-06.00+1.00,R1025-06.00+1.00,5,0.43,627.80,접수,5,Si_1-Day_M/F,2026-03-25,FOB,S관(3공장),0,5,0,0,0,0,14925,0,0,0,0,0,0,0
2.03E+11,X2355,이탈리아,임승진,Marshal Intergroup,2026-04-17,USD,T1025A-06.00+2.00,O2O2_Multifocal_K2_SMDH_WHITE_OPHTALMIC,O2O2_Multifocal_K2_SMDH_WHITE_OPHTALMIC,P1025A-06.00+2.00,Q1025-06.00+2.00,R1025-06.00+2.00,40,0.43,627.80,접수,5,Si_1-Day_M/F,2026-03-25,FOB,S관(3공장),0,40,0,0,0,0,2400,0,0,0,0,0,0,0
2.02603E+11,D1866,베트남,이상윤,Isupply,2026-04-27,USD,T3400M-00.00BRW,(NEW)O2O2 M_Natural Brown EX_(중),,P3400M-00.00BRW,Q3400-00.00BRW,R3400-00.00BRW,20,1.36,114.24,전송,2,Si_FRP_Color_Sph,2026-03-26,FOB,S관(3공장),0,20,0,2617,0,0,1942,0,0,0,0,0,0,0
2.02603E+11,D1866,베트남,이상윤,Isupply,2026-04-27,USD,T3400M-01.00BRW,(NEW)O2O2 M_Natural Brown EX_(중),,P3400M-01.00BRW,Q3400-01.00BRW,R3400-01.00BRW,4,1.36,114.24,전송,2,Si_FRP_Color_Sph,2026-03-26,FOB,S관(3공장),0,4,0,2845,0,0,175,0,0,0,0,0,0,0
2.02603E+11,D1866,베트남,이상윤,Isupply,2026-04-27,USD,T3400M-01.25BRW,(NEW)O2O2 M_Natural Brown EX_(중),,P3400M-01.25BRW,Q3400-01.25BRW,R3400-01.25BRW,4,1.36,114.24,전송,2,Si_FRP_Color_Sph,2026-03-26,FOB,S관(3공장),0,4,0,0,0,0,470,0,0,0,0,0,0,0
2.02603E+11,D1866,베트남,이상윤,Isupply,2026-04-27,USD,T3400M-01.75BRW,(NEW)O2O2 M_Natural Brown EX_(중),,P3400M-01.75BRW,Q3400-01.75BRW,R3400-01.75BRW,8,1.36,114.24,전송,2,Si_FRP_Color_Sph,2026-03-26,FOB,S관(3공장),0,8,0,361,0,0,106,0,0,0,0,0,0,0
2.02603E+11,D1866,베트남,이상윤,Isupply,2026-04-27,USD,T3400M-02.25BRW,(NEW)O2O2 M_Natural Brown EX_(중),,P3400M-02.25BRW,Q3400-02.25BRW,R3400-02.25BRW,4,1.36,114.24,전송,2,Si_FRP_Color_Sph,2026-03-26,FOB,S관(3공장),0,4,0,1139,0,0,2,0,0,0,0,0,0,0
2.02603E+11,D1866,베트남,이상윤,Isupply,2026-04-27,USD,T3400M-03.00BRW,(NEW)O2O2 M_Natural Brown EX_(중),,P3400M-03.00BRW,Q3400-03.00BRW,R3400-03.00BRW,4,1.36,114.24,전송,2,Si_FRP_Color_Sph,2026-03-26,FOB,S관(3공장),0,4,0,1593,0,0,188,0,0,0,0,0,0,0
2.02603E+11,D1866,베트남,이상윤,Isupply,2026-04-27,USD,T3400M-03.50BRW,(NEW)O2O2 M_Natural Brown EX_(중),,P3400M-03.50BRW,Q3400-03.50BRW,R3400-03.50BRW,8,1.36,114.24,전송,2,Si_FRP_Color_Sph,2026-03-26,FOB,S관(3공장),0,8,0,4382,0,0,21,0,0,0,0,0,0,0
2.02603E+11,D1866,베트남,이상윤,Isupply,2026-04-27,USD,T3400M-03.75BRW,(NEW)O2O2 M_Natural Brown EX_(중),,P3400M-03.75BRW,Q3400-03.75BRW,R3400-03.75BRW,6,1.36,114.24,전송,2,Si_FRP_Color_Sph,2026-03-26,FOB,S관(3공장),0,6,0,2210,0,0,8,0,0,0,0,0,0,0
2.02603E+11,D1866,베트남,이상윤,Isupply,2026-04-27,USD,T3400M-04.50BRW,(NEW)O2O2 M_Natural Brown EX_(중),,P3400M-04.50BRW,Q3400-04.50BRW,R3400-04.50BRW,6,1.36,114.24,전송,2,Si_FRP_Color_Sph,2026-03-26,FOB,S관(3공장),0,6,0,1508,0,0,409,0,0,0,0,0,0,0
2.02603E+11,D1866,베트남,이상윤,Isupply,2026-04-27,USD,T3400M-06.00BRW,(NEW)O2O2 M_Natural Brown EX_(중),,P3400M-06.00BRW,Q3400-06.00BRW,R3400-06.00BRW,6,1.36,114.24,전송,2,Si_FRP_Color_Sph,2026-03-26,FOB,S관(3공장),0,6,0,901,0,0,55,0,0,0,0,0,0,0
2.02603E+11,D1866,베트남,이상윤,Isupply,2026-04-27,USD,T3400M-06.50BRW,(NEW)O2O2 M_Natural Brown EX_(중),,P3400M-06.50BRW,Q3400-06.50BRW,R3400-06.50BRW,6,1.36,114.24,전송,2,Si_FRP_Color_Sph,2026-03-26,FOB,S관(3공장),0,6,0,0,0,0,588,0,0,0,0,0,0,0
2.02603E+11,D1866,베트남,이상윤,Isupply,2026-04-27,USD,T3400M-07.00BRW,(NEW)O2O2 M_Natural Brown EX_(중),,P3400M-07.00BRW,Q3400-07.00BRW,R3400-07.00BRW,4,1.36,114.24,전송,2,Si_FRP_Color_Sph,2026-03-26,FOB,S관(3공장),0,4,0,861,0,0,297,0,0,0,0,0,0,0
2.02603E+11,D1866,베트남,이상윤,Isupply,2026-04-27,USD,T3400M-08.50BRW,(NEW)O2O2 M_Natural Brown EX_(중),,P3400M-08.50BRW,Q3400-08.50BRW,R3400-08.50BRW,4,1.36,114.24,전송,2,Si_FRP_Color_Sph,2026-03-26,FOB,S관(3공장),0,4,0,0,0,0,578,0,0,0,0,0,0,0
2.02603E+11,D1866,베트남,이상윤,Isupply,2026-04-27,USD,T3402M-00.00BRW,(NEW)O2O2 M_Natural Chocolat EX_(중),O2O2 M_Natural Chocolat EX_(중),P3402M-00.00BRW,Q3402-00.00BRW,R3402-00.00BRW,40,1.36,"1,071.68",전송,2,Si_FRP_Color_Sph,2026-03-26,FOB,S관(3공장),0,40,0,921,0,0,3314,0,0,0,0,0,0,0
2.02603E+11,D1866,베트남,이상윤,Isupply,2026-04-27,USD,T3402M-01.00BRW,(NEW)O2O2 M_Natural Chocolat EX_(중),O2O2 M_Natural Chocolat EX_(중),P3402M-01.00BRW,Q3402-01.00BRW,R3402-01.00BRW,30,1.36,"1,071.68",전송,2,Si_FRP_Color_Sph,2026-03-26,FOB,S관(3공장),0,30,0,819,0,0,536,0,0,0,0,0,0,0
2.02603E+11,D1866,베트남,이상윤,Isupply,2026-04-27,USD,T3402M-01.25BRW,(NEW)O2O2 M_Natural Chocolat EX_(중),O2O2 M_Natural Chocolat EX_(중),P3402M-01.25BRW,Q3402-01.25BRW,R3402-01.25BRW,30,1.36,"1,071.68",전송,2,Si_FRP_Color_Sph,2026-03-26,FOB,S관(3공장),0,30,0,0,0,0,628,0,0,0,0,0,0,0
2.02603E+11,D1866,베트남,이상윤,Isupply,2026-04-27,USD,T3402M-01.50BRW,(NEW)O2O2 M_Natural Chocolat EX_(중),O2O2 M_Natural Chocolat EX_(중),P3402M-01.50BRW,Q3402-01.50BRW,R3402-01.50BRW,30,1.36,"1,071.68",전송,2,Si_FRP_Color_Sph,2026-03-26,FOB,S관(3공장),0,30,0,3069,0,0,201,0,0,0,0,0,0,0
2.02603E+11,D1866,베트남,이상윤,Isupply,2026-04-27,USD,T3402M-01.75BRW,(NEW)O2O2 M_Natural Chocolat EX_(중),O2O2 M_Natural Chocolat EX_(중),P3402M-01.75BRW,Q3402-01.75BRW,R3402-01.75BRW,30,1.36,"1,071.68",전송,2,Si_FRP_Color_Sph,2026-03-26,FOB,S관(3공장),0,30,0,5495,0,0,632,0,0,0,0,0,0,0
2.02603E+11,D1866,베트남,이상윤,Isupply,2026-04-27,USD,T3402M-02.00BRW,(NEW)O2O2 M_Natural Chocolat EX_(중),O2O2 M_Natural Chocolat EX_(중),P3402M-02.00BRW,Q3402-02.00BRW,R3402-02.00BRW,30,1.36,"1,071.68",전송,2,Si_FRP_Color_Sph,2026-03-26,FOB,S관(3공장),0,30,0,3115,0,0,118,0,0,0,0,0,0,0
2.02603E+11,D1866,베트남,이상윤,Isupply,2026-04-27,USD,T3402M-02.25BRW,(NEW)O2O2 M_Natural Chocolat EX_(중),O2O2 M_Natural Chocolat EX_(중),P3402M-02.25BRW,Q3402-02.25BRW,R3402-02.25BRW,30,1.36,"1,071.68",전송,2,Si_FRP_Color_Sph,2026-03-26,FOB,S관(3공장),0,30,0,0,0,0,507,0,0,0,0,0,0,0
2.02603E+11,D1866,베트남,이상윤,Isupply,2026-04-27,USD,T3402M-02.50BRW,(NEW)O2O2 M_Natural Chocolat EX_(중),O2O2 M_Natural Chocolat EX_(중),P3402M-02.50BRW,Q3402-02.50BRW,R3402-02.50BRW,40,1.36,"1,071.68",전송,2,Si_FRP_Color_Sph,2026-03-26,FOB,S관(3공장),0,40,0,2969,0,0,37,0,0,0,0,0,0,0
2.02603E+11,D1866,베트남,이상윤,Isupply,2026-04-27,USD,T3402M-02.75BRW,(NEW)O2O2 M_Natural Chocolat EX_(중),O2O2 M_Natural Chocolat EX_(중),P3402M-02.75BRW,Q3402-02.75BRW,R3402-02.75BRW,30,1.36,"1,071.68",전송,2,Si_FRP_Color_Sph,2026-03-26,FOB,S관(3공장),0,30,0,167,0,0,842,0,0,0,0,0,0,0
2.02603E+11,D1866,베트남,이상윤,Isupply,2026-04-27,USD,T3402M-03.00BRW,(NEW)O2O2 M_Natural Chocolat EX_(중),O2O2 M_Natural Chocolat EX_(중),P3402M-03.00BRW,Q3402-03.00BRW,R3402-03.00BRW,30,1.36,"1,071.68",전송,2,Si_FRP_Color_Sph,2026-03-26,FOB,S관(3공장),0,30,0,5276,0,0,1193,0,0,0,0,0,0,0
2.02603E+11,D1866,베트남,이상윤,Isupply,2026-04-27,USD,T3402M-03.25BRW,(NEW)O2O2 M_Natural Chocolat EX_(중),O2O2 M_Natural Chocolat EX_(중),P3402M-03.25BRW,Q3402-03.25BRW,R3402-03.25BRW,30,1.36,"1,071.68",전송,2,Si_FRP_Color_Sph,2026-03-26,FOB,S관(3공장),0,30,0,0,0,0,527,0,0,0,0,0,0,0
2.02603E+11,D1866,베트남,이상윤,Isupply,2026-04-27,USD,T3402M-03.50BRW,(NEW)O2O2 M_Natural Chocolat EX_(중),O2O2 M_Natural Chocolat EX_(중),P3402M-03.50BRW,Q3402-03.50BRW,R3402-03.50BRW,40,1.36,"1,071.68",전송,2,Si_FRP_Color_Sph,2026-03-26,FOB,S관(3공장),0,40,0,644,0,0,972,0,0,0,0,0,0,0
2.02603E+11,D1866,베트남,이상윤,Isupply,2026-04-27,USD,T3402M-03.75BRW,(NEW)O2O2 M_Natural Chocolat EX_(중),O2O2 M_Natural Chocolat EX_(중),P3402M-03.75BRW,Q3402-03.75BRW,R3402-03.75BRW,40,1.36,"1,071.68",전송,2,Si_FRP_Color_Sph,2026-03-26,FOB,S관(3공장),0,40,0,3373,0,0,1254,0,0,0,0,0,0,0
2.02603E+11,D1866,베트남,이상윤,Isupply,2026-04-27,USD,T3402M-04.00BRW,(NEW)O2O2 M_Natural Chocolat EX_(중),O2O2 M_Natural Chocolat EX_(중),P3402M-04.00BRW,Q3402-04.00BRW,R3402-04.00BRW,40,1.36,"1,071.68",전송,2,Si_FRP_Color_Sph,2026-03-26,FOB,S관(3공장),0,40,0,811,0,0,383,0,0,0,0,0,0,0
2.02603E+11,D1866,베트남,이상윤,Isupply,2026-04-27,USD,T3402M-04.25BRW,(NEW)O2O2 M_Natural Chocolat EX_(중),O2O2 M_Natural Chocolat EX_(중),P3402M-04.25BRW,Q3402-04.25BRW,R3402-04.25BRW,40,1.36,"1,071.68",전송,2,Si_FRP_Color_Sph,2026-03-26,FOB,S관(3공장),0,40,0,1171,0,0,612,0,0,0,0,0,0,0
2.02603E+11,D1866,베트남,이상윤,Isupply,2026-04-27,USD,T3402M-04.50BRW,(NEW)O2O2 M_Natural Chocolat EX_(중),O2O2 M_Natural Chocolat EX_(중),P3402M-04.50BRW,Q3402-04.50BRW,R3402-04.50BRW,30,1.36,"1,071.68",전송,2,Si_FRP_Color_Sph,2026-03-26,FOB,S관(3공장),0,30,0,0,0,0,1372,0,0,0,0,0,0,0
2.02603E+11,D1866,베트남,이상윤,Isupply,2026-04-27,USD,T3402M-04.75BRW,(NEW)O2O2 M_Natural Chocolat EX_(중),O2O2 M_Natural Chocolat EX_(중),P3402M-04.75BRW,Q3402-04.75BRW,R3402-04.75BRW,20,1.36,"1,071.68",전송,2,Si_FRP_Color_Sph,2026-03-26,FOB,S관(3공장),0,20,0,633,0,0,103,0,0,0,0,0,0,0
2.02603E+11,D1866,베트남,이상윤,Isupply,2026-04-27,USD,T3402M-05.00BRW,(NEW)O2O2 M_Natural Chocolat EX_(중),O2O2 M_Natural Chocolat EX_(중),P3402M-05.00BRW,Q3402-05.00BRW,R3402-05.00BRW,40,1.36,"1,071.68",전송,2,Si_FRP_Color_Sph,2026-03-26,FOB,S관(3공장),0,40,0,0,0,0,832,0,0,0,0,0,0,0
2.02603E+11,D1866,베트남,이상윤,Isupply,2026-04-27,USD,T3402M-05.25BRW,(NEW)O2O2 M_Natural Chocolat EX_(중),O2O2 M_Natural Chocolat EX_(중),P3402M-05.25BRW,Q3402-05.25BRW,R3402-05.25BRW,30,1.36,"1,071.68",전송,2,Si_FRP_Color_Sph,2026-03-26,FOB,S관(3공장),0,30,0,822,0,0,173,0,0,0,0,0,0,0
2.02603E+11,D1866,베트남,이상윤,Isupply,2026-04-27,USD,T3402M-05.50BRW,(NEW)O2O2 M_Natural Chocolat EX_(중),O2O2 M_Natural Chocolat EX_(중),P3402M-05.50BRW,Q3402-05.50BRW,R3402-05.50BRW,40,1.36,"1,071.68",전송,2,Si_FRP_Color_Sph,2026-03-26,FOB,S관(3공장),0,40,0,0,0,0,736,0,0,0,0,0,0,0
2.02603E+11,D1866,베트남,이상윤,Isupply,2026-04-27,USD,T3402M-05.75BRW,(NEW)O2O2 M_Natural Chocolat EX_(중),O2O2 M_Natural Chocolat EX_(중),P3402M-05.75BRW,Q3402-05.75BRW,R3402-05.75BRW,30,1.36,"1,071.68",전송,2,Si_FRP_Color_Sph,2026-03-26,FOB,S관(3공장),0,30,0,982,0,0,76,0,0,0,0,0,0,0
2.02603E+11,D1866,베트남,이상윤,Isupply,2026-04-27,USD,T3402M-06.00BRW,(NEW)O2O2 M_Natural Chocolat EX_(중),O2O2 M_Natural Chocolat EX_(중),P3402M-06.00BRW,Q3402-06.00BRW,R3402-06.00BRW,40,1.36,"1,071.68",전송,2,Si_FRP_Color_Sph,2026-03-26,FOB,S관(3공장),0,40,0,938,0,0,839,0,0,0,0,0,0,0
2.02603E+11,D1866,베트남,이상윤,Isupply,2026-04-27,USD,T3402M-06.50BRW,(NEW)O2O2 M_Natural Chocolat EX_(중),O2O2 M_Natural Chocolat EX_(중),P3402M-06.50BRW,Q3402-06.50BRW,R3402-06.50BRW,10,1.36,"1,071.68",전송,2,Si_FRP_Color_Sph,2026-03-26,FOB,S관(3공장),0,10,0,0,0,0,375,0,0,0,0,0,0,0
2.02603E+11,D1866,베트남,이상윤,Isupply,2026-04-27,USD,T3402M-07.00BRW,(NEW)O2O2 M_Natural Chocolat EX_(중),O2O2 M_Natural Chocolat EX_(중),P3402M-07.00BRW,Q3402-07.00BRW,R3402-07.00BRW,10,1.36,"1,071.68",전송,2,Si_FRP_Color_Sph,2026-03-26,FOB,S관(3공장),0,10,0,2514,0,0,124,0,0,0,0,0,0,0
2.02603E+11,D1866,베트남,이상윤,Isupply,2026-04-27,USD,T3402M-07.50BRW,(NEW)O2O2 M_Natural Chocolat EX_(중),O2O2 M_Natural Chocolat EX_(중),P3402M-07.50BRW,Q3402-07.50BRW,R3402-07.50BRW,10,1.36,"1,071.68",전송,2,Si_FRP_Color_Sph,2026-03-26,FOB,S관(3공장),0,10,0,377,0,0,183,0,0,0,0,0,0,0
2.02603E+11,D1866,베트남,이상윤,Isupply,2026-04-27,USD,T3402M-08.00BRW,(NEW)O2O2 M_Natural Chocolat EX_(중),O2O2 M_Natural Chocolat EX_(중),P3402M-08.00BRW,Q3402-08.00BRW,R3402-08.00BRW,10,1.36,"1,071.68",전송,2,Si_FRP_Color_Sph,2026-03-26,FOB,S관(3공장),0,10,0,727,0,0,568,0,0,0,0,0,0,0
2.02603E+11,D1866,베트남,이상윤,Isupply,2026-04-27,USD,T3402M-08.50BRW,(NEW)O2O2 M_Natural Chocolat EX_(중),O2O2 M_Natural Chocolat EX_(중),P3402M-08.50BRW,Q3402-08.50BRW,R3402-08.50BRW,4,1.36,"1,071.68",전송,2,Si_FRP_Color_Sph,2026-03-26,FOB,S관(3공장),0,4,0,0,0,0,742,0,0,0,0,0,0,0
2.02603E+11,D1866,베트남,이상윤,Isupply,2026-04-27,USD,T3402M-09.00BRW,(NEW)O2O2 M_Natural Chocolat EX_(중),O2O2 M_Natural Chocolat EX_(중),P3402M-09.00BRW,Q3402-09.00BRW,R3402-09.00BRW,4,1.36,"1,071.68",전송,2,Si_FRP_Color_Sph,2026-03-26,FOB,S관(3공장),0,4,0,0,0,0,164,0,0,0,0,0,0,0
2.02603E+11,D1866,베트남,이상윤,Isupply,2026-04-27,USD,T3401M-02.00GRA,(NEW)O2O2 M_Natural Gray EX_(중),O2O2 M_Natural Gray EX_(중),P3401M-02.00GRA,Q3401-02.00GRA,R3401-02.00GRA,4,1.36,16.32,전송,2,Si_FRP_Color_Sph,2026-03-26,FOB,S관(3공장),0,4,0,1492,0,0,774,0,0,0,0,0,0,0
2.02603E+11,D1866,베트남,이상윤,Isupply,2026-04-27,USD,T3401M-03.00GRA,(NEW)O2O2 M_Natural Gray EX_(중),O2O2 M_Natural Gray EX_(중),P3401M-03.00GRA,Q3401-03.00GRA,R3401-03.00GRA,4,1.36,16.32,전송,2,Si_FRP_Color_Sph,2026-03-26,FOB,S관(3공장),0,4,0,2532,0,0,100,0,0,0,0,0,0,0
2.02603E+11,D1866,베트남,이상윤,Isupply,2026-04-27,USD,T3401M-05.25GRA,(NEW)O2O2 M_Natural Gray EX_(중),O2O2 M_Natural Gray EX_(중),P3401M-05.25GRA,Q3401-05.25GRA,R3401-05.25GRA,4,1.36,16.32,전송,2,Si_FRP_Color_Sph,2026-03-26,FOB,S관(3공장),0,4,0,0,0,0,18,0,0,0,0,0,0,0
2.02603E+11,D1866,베트남,이상윤,Isupply,2026-04-27,USD,T3403M-00.00GRA,(NEW)O2O2 M_Mysti Gray EX_(중),,P3403M-00.00GRA,Q3403-00.00GRA,R3403-00.00GRA,10,1.36,48.96,전송,2,Si_FRP_Color_Sph,2026-03-26,FOB,S관(3공장),0,10,8545,768,0,0,169,0,0,0,11,0,0,0
2.02603E+11,D1866,베트남,이상윤,Isupply,2026-04-27,USD,T3403M-01.75GRA,(NEW)O2O2 M_Mysti Gray EX_(중),,P3403M-01.75GRA,Q3403-01.75GRA,R3403-01.75GRA,6,1.36,48.96,전송,2,Si_FRP_Color_Sph,2026-03-26,FOB,S관(3공장),0,6,0,0,0,0,54,0,0,11,8,0,0,0
2.02603E+11,D1866,베트남,이상윤,Isupply,2026-04-27,USD,T3403M-03.00GRA,(NEW)O2O2 M_Mysti Gray EX_(중),,P3403M-03.00GRA,Q3403-03.00GRA,R3403-03.00GRA,6,1.36,48.96,전송,2,Si_FRP_Color_Sph,2026-03-26,FOB,S관(3공장),0,6,0,0,0,0,19,0,0,11,8,0,0,0
2.02603E+11,D1866,베트남,이상윤,Isupply,2026-04-27,USD,T3403M-04.75GRA,(NEW)O2O2 M_Mysti Gray EX_(중),,P3403M-04.75GRA,Q3403-04.75GRA,R3403-04.75GRA,6,1.36,48.96,전송,2,Si_FRP_Color_Sph,2026-03-26,FOB,S관(3공장),0,6,0,0,0,0,540,0,0,0,0,0,0,0
2.02603E+11,D1866,베트남,이상윤,Isupply,2026-04-27,USD,T3403M-07.50GRA,(NEW)O2O2 M_Mysti Gray EX_(중),,P3403M-07.50GRA,Q3403-07.50GRA,R3403-07.50GRA,8,1.36,48.96,전송,2,Si_FRP_Color_Sph,2026-03-26,FOB,S관(3공장),0,8,0,0,0,0,510,0,0,0,0,0,0,0
2.02603E+11,D1866,베트남,이상윤,Isupply,2026-04-27,USD,T3404M-00.50GRN,(NEW)O2O2 M_Mysti Khaki EX_(중),,P3404M-00.50GRN,Q3404-00.50GRN,R3404-00.50GRN,4,1.36,5.44,전송,2,Si_FRP_Color_Sph,2026-03-26,FOB,S관(3공장),0,4,0,0,0,0,1037,0,0,0,0,0,0,0
2.02603E+11,GG0185,일본,송미정,"SINCERE Co.,Ltd",2026-05-08,USD,T0101A-01.25,sincere Natural 1day,sincere Natural 1day,P0101A-01.25,Q0588-01.25,R0588-01.25,1800,0.167,"20,140.20",접수,30,1-Day_Sph,2026-03-27,CIF,S관(3공장),0,1800,0,0,0,0,14960,0,0,0,0,0,0,0
2.02603E+11,GG0185,일본,송미정,"SINCERE Co.,Ltd",2026-05-08,USD,T0101A-01.50,sincere Natural 1day,sincere Natural 1day,P0101A-01.50,Q0588-01.50,R0588-01.50,2700,0.167,"20,140.20",접수,30,1-Day_Sph,2026-03-27,CIF,S관(3공장),0,2700,0,0,0,0,18755,0,0,0,0,0,0,0
2.02603E+11,GG0185,일본,송미정,"SINCERE Co.,Ltd",2026-05-08,USD,T0101A-01.75,sincere Natural 1day,sincere Natural 1day,P0101A-01.75,Q0588-01.75,R0588-01.75,4500,0.167,"20,140.20",접수,30,1-Day_Sph,2026-03-27,CIF,S관(3공장),0,4500,0,0,0,0,1900,0,2600,4133,3922,2989,2922,2630
2.02603E+11,GG0185,일본,송미정,"SINCERE Co.,Ltd",2026-05-08,USD,T0101A-02.00,sincere Natural 1day,sincere Natural 1day,P0101A-02.00,Q0588-02.00,R0588-02.00,900,0.167,"20,140.20",접수,30,1-Day_Sph,2026-03-27,CIF,S관(3공장),0,900,0,0,0,0,17545,0,0,0,0,0,0,0
2.02603E+11,GG0185,일본,송미정,"SINCERE Co.,Ltd",2026-05-08,USD,T0101A-02.25,sincere Natural 1day,sincere Natural 1day,P0101A-02.25,Q0588-02.25,R0588-02.25,5400,0.167,"20,140.20",접수,30,1-Day_Sph,2026-03-27,CIF,S관(3공장),0,5400,0,0,0,0,14745,0,0,0,0,0,0,0
2.02603E+11,GG0185,일본,송미정,"SINCERE Co.,Ltd",2026-05-08,USD,T0101A-02.50,sincere Natural 1day,sincere Natural 1day,P0101A-02.50,Q0588-02.50,R0588-02.50,7200,0.167,"20,140.20",접수,30,1-Day_Sph,2026-03-27,CIF,S관(3공장),0,7200,0,0,0,0,4785,0,2415,3841,3645,2778,2715,2443
2.02603E+11,GG0185,일본,송미정,"SINCERE Co.,Ltd",2026-05-08,USD,T0101A-02.75,sincere Natural 1day,sincere Natural 1day,P0101A-02.75,Q0588-02.75,R0588-02.75,6300,0.167,"20,140.20",접수,30,1-Day_Sph,2026-03-27,CIF,S관(3공장),0,6300,0,0,0,0,3105,0,3195,5080,4821,3674,3591,3232
2.02603E+11,GG0185,일본,송미정,"SINCERE Co.,Ltd",2026-05-08,USD,T0101A-03.00,sincere Natural 1day,sincere Natural 1day,P0101A-03.00,Q0588-03.00,R0588-03.00,5400,0.167,"20,140.20",접수,30,1-Day_Sph,2026-03-27,CIF,S관(3공장),0,5400,0,0,0,0,26395,0,0,0,0,0,0,0
2.02603E+11,GG0185,일본,송미정,"SINCERE Co.,Ltd",2026-05-08,USD,T0101A-03.25,sincere Natural 1day,sincere Natural 1day,P0101A-03.25,Q0588-03.25,R0588-03.25,4500,0.167,"20,140.20",접수,30,1-Day_Sph,2026-03-27,CIF,S관(3공장),0,4500,0,0,0,0,18380,0,0,0,0,0,0,0
2.02603E+11,GG0185,일본,송미정,"SINCERE Co.,Ltd",2026-05-08,USD,T0101A-03.50,sincere Natural 1day,sincere Natural 1day,P0101A-03.50,Q0588-03.50,R0588-03.50,7200,0.167,"20,140.20",접수,30,1-Day_Sph,2026-03-27,CIF,S관(3공장),0,7200,0,0,0,0,3885,0,3315,5271,5002,3812,3726,3353
2.02603E+11,GG0185,일본,송미정,"SINCERE Co.,Ltd",2026-05-08,USD,T0101A-03.75,sincere Natural 1day,sincere Natural 1day,P0101A-03.75,Q0588-03.75,R0588-03.75,8100,0.167,"20,140.20",접수,30,1-Day_Sph,2026-03-27,CIF,S관(3공장),0,8100,0,0,0,0,8225,0,0,0,0,0,0,0
2.02603E+11,GG0185,일본,송미정,"SINCERE Co.,Ltd",2026-05-08,USD,T0101A-04.00,sincere Natural 1day,sincere Natural 1day,P0101A-04.00,Q0588-04.00,R0588-04.00,7200,0.167,"20,140.20",접수,30,1-Day_Sph,2026-03-27,CIF,S관(3공장),0,7200,0,0,0,0,5170,0,2030,3229,3064,2335,2282,2054
2.02603E+11,GG0185,일본,송미정,"SINCERE Co.,Ltd",2026-05-08,USD,T0101A-04.25,sincere Natural 1day,sincere Natural 1day,P0101A-04.25,Q0588-04.25,R0588-04.25,4500,0.167,"20,140.20",접수,30,1-Day_Sph,2026-03-27,CIF,S관(3공장),0,4500,0,0,0,0,17920,0,0,0,0,0,0,0
2.02603E+11,GG0185,일본,송미정,"SINCERE Co.,Ltd",2026-05-08,USD,T0101A-04.50,sincere Natural 1day,sincere Natural 1day,P0101A-04.50,Q0588-04.50,R0588-04.50,7200,0.167,"20,140.20",접수,30,1-Day_Sph,2026-03-27,CIF,S관(3공장),0,7200,0,0,0,0,7560,0,0,0,0,0,0,0
2.02603E+11,GG0185,일본,송미정,"SINCERE Co.,Ltd",2026-05-08,USD,T0101A-04.75,sincere Natural 1day,sincere Natural 1day,P0101A-04.75,Q0588-04.75,R0588-04.75,6300,0.167,"20,140.20",접수,30,1-Day_Sph,2026-03-27,CIF,S관(3공장),0,6300,0,0,0,0,15940,0,0,0,0,0,0,0
2.02603E+11,GG0185,일본,송미정,"SINCERE Co.,Ltd",2026-05-08,USD,T0101A-05.00,sincere Natural 1day,sincere Natural 1day,P0101A-05.00,Q0588-05.00,R0588-05.00,6300,0.167,"20,140.20",접수,30,1-Day_Sph,2026-03-27,CIF,S관(3공장),0,6300,0,0,0,0,17955,0,0,0,0,0,0,0
2.02603E+11,GG0185,일본,송미정,"SINCERE Co.,Ltd",2026-05-08,USD,T0101A-05.25,sincere Natural 1day,sincere Natural 1day,P0101A-05.25,Q0588-05.25,R0588-05.25,3600,0.167,"20,140.20",접수,30,1-Day_Sph,2026-03-27,CIF,S관(3공장),0,3600,0,0,0,0,27415,0,0,0,0,0,0,0
2.02603E+11,GG0185,일본,송미정,"SINCERE Co.,Ltd",2026-05-08,USD,T0101A-05.50,sincere Natural 1day,sincere Natural 1day,P0101A-05.50,Q0588-05.50,R0588-05.50,5400,0.167,"20,140.20",접수,30,1-Day_Sph,2026-03-27,CIF,S관(3공장),0,5400,0,0,0,0,21575,0,0,0,0,0,0,0
2.02603E+11,GG0185,일본,송미정,"SINCERE Co.,Ltd",2026-05-08,USD,T0101A-05.75,sincere Natural 1day,sincere Natural 1day,P0101A-05.75,Q0588-05.75,R0588-05.75,2700,0.167,"20,140.20",접수,30,1-Day_Sph,2026-03-27,CIF,S관(3공장),0,2700,0,0,0,0,8250,0,0,0,0,0,0,0
2.02603E+11,GG0185,일본,송미정,"SINCERE Co.,Ltd",2026-05-08,USD,T0101A-06.00,sincere Natural 1day,sincere Natural 1day,P0101A-06.00,Q0588-06.00,R0588-06.00,2700,0.167,"20,140.20",접수,30,1-Day_Sph,2026-03-27,CIF,S관(3공장),0,2700,0,0,0,0,16575,0,0,0,0,0,0,0
2.02603E+11,GG0185,일본,송미정,"SINCERE Co.,Ltd",2026-05-08,USD,T0101A-06.50,sincere Natural 1day,sincere Natural 1day,P0101A-06.50,Q0588-06.50,R0588-06.50,7200,0.167,"20,140.20",접수,30,1-Day_Sph,2026-03-27,CIF,S관(3공장),0,7200,0,0,0,0,6670,0,530,846,802,611,597,537
2.02603E+11,GG0185,일본,송미정,"SINCERE Co.,Ltd",2026-05-08,USD,T0101A-07.00,sincere Natural 1day,sincere Natural 1day,P0101A-07.00,Q0588-07.00,R0588-07.00,5400,0.167,"20,140.20",접수,30,1-Day_Sph,2026-03-27,CIF,S관(3공장),0,5400,0,0,0,0,38000,0,0,0,0,0,0,0
2.02603E+11,GG0185,일본,송미정,"SINCERE Co.,Ltd",2026-05-08,USD,T0101A-07.50,sincere Natural 1day,sincere Natural 1day,P0101A-07.50,Q0588-07.50,R0588-07.50,3600,0.167,"20,140.20",접수,30,1-Day_Sph,2026-03-27,CIF,S관(3공장),0,3600,0,0,0,0,7430,0,0,0,0,0,0,0
2.02603E+11,GG0185,일본,송미정,"SINCERE Co.,Ltd",2026-05-08,USD,T0101A-08.00,sincere Natural 1day,sincere Natural 1day,P0101A-08.00,Q0588-08.00,R0588-08.00,4500,0.167,"20,140.20",접수,30,1-Day_Sph,2026-03-27,CIF,S관(3공장),0,4500,0,0,0,0,25550,0,0,0,0,0,0,0
2.02603E+11,HW0308,그리스,임현우,OPTIMAX,2026-05-01,EUR,T5420A+00.50,O2O2 D_Spherical(DK70)_K2-SMD_White,O2O2 D_Spherical(DK70)_K2-SMD_White,P5420A+00.50,Q5420+00.50,R5420+00.50,150,0.27,972,전송,30,Si_1-Day_Sph,2026-03-31,CFR,S관(3공장),0,150,0,0,0,0,1095,0,0,0,0,0,0,0
2.02603E+11,HW0308,그리스,임현우,OPTIMAX,2026-05-01,EUR,T5420A+06.50,O2O2 D_Spherical(DK70)_K2-SMD_White,O2O2 D_Spherical(DK70)_K2-SMD_White,P5420A+06.50,Q5420+06.50,R5420+06.50,150,0.27,972,전송,30,Si_1-Day_Sph,2026-03-31,CFR,S관(3공장),0,150,10313,0,0,0,1210,0,0,0,0,0,0,0
2.02603E+11,HW0308,그리스,임현우,OPTIMAX,2026-05-01,EUR,T5420A+07.50,O2O2 D_Spherical(DK70)_K2-SMD_White,O2O2 D_Spherical(DK70)_K2-SMD_White,P5420A+07.50,Q5420+07.50,R5420+07.50,150,0.27,972,전송,30,Si_1-Day_Sph,2026-03-31,CFR,S관(3공장),0,150,3869,0,0,0,1655,0,0,0,0,0,0,0
2.02603E+11,HW0308,그리스,임현우,OPTIMAX,2026-05-01,EUR,T5420A-02.50,O2O2 D_Spherical(DK70)_K2-SMD_White,O2O2 D_Spherical(DK70)_K2-SMD_White,P5420A-02.50,Q5420-02.50,R5420-02.50,450,0.27,972,전송,30,Si_1-Day_Sph,2026-03-31,CFR,S관(3공장),0,450,16259,0,0,0,242285,0,0,0,0,0,0,0
2.02603E+11,HW0308,그리스,임현우,OPTIMAX,2026-05-01,EUR,T5420A-02.75,O2O2 D_Spherical(DK70)_K2-SMD_White,O2O2 D_Spherical(DK70)_K2-SMD_White,P5420A-02.75,Q5420-02.75,R5420-02.75,450,0.27,972,전송,30,Si_1-Day_Sph,2026-03-31,CFR,S관(3공장),0,450,8820,0,0,0,463945,0,0,0,0,0,0,0
2.02603E+11,HW0308,그리스,임현우,OPTIMAX,2026-05-01,EUR,T5420A-03.00,O2O2 D_Spherical(DK70)_K2-SMD_White,O2O2 D_Spherical(DK70)_K2-SMD_White,P5420A-03.00,Q5420-03.00,R5420-03.00,450,0.27,972,전송,30,Si_1-Day_Sph,2026-03-31,CFR,S관(3공장),0,450,11142,0,0,0,409225,0,0,0,0,0,0,0
2.02603E+11,HW0308,그리스,임현우,OPTIMAX,2026-05-01,EUR,T5420A-03.25,O2O2 D_Spherical(DK70)_K2-SMD_White,O2O2 D_Spherical(DK70)_K2-SMD_White,P5420A-03.25,Q5420-03.25,R5420-03.25,300,0.27,972,전송,30,Si_1-Day_Sph,2026-03-31,CFR,S관(3공장),0,300,8394,0,0,0,236360,0,0,0,0,0,0,0
2.02603E+11,HW0308,그리스,임현우,OPTIMAX,2026-05-01,EUR,T5420A-03.50,O2O2 D_Spherical(DK70)_K2-SMD_White,O2O2 D_Spherical(DK70)_K2-SMD_White,P5420A-03.50,Q5420-03.50,R5420-03.50,450,0.27,972,전송,30,Si_1-Day_Sph,2026-03-31,CFR,S관(3공장),0,450,15214,0,0,0,190400,0,0,0,0,0,0,0
2.02603E+11,HW0308,그리스,임현우,OPTIMAX,2026-05-01,EUR,T5420A-03.75,O2O2 D_Spherical(DK70)_K2-SMD_White,O2O2 D_Spherical(DK70)_K2-SMD_White,P5420A-03.75,Q5420-03.75,R5420-03.75,450,0.27,972,전송,30,Si_1-Day_Sph,2026-03-31,CFR,S관(3공장),0,450,9454,0,0,0,162695,0,0,0,0,0,0,0
2.02603E+11,HW0308,그리스,임현우,OPTIMAX,2026-05-01,EUR,T5420A-04.00,O2O2 D_Spherical(DK70)_K2-SMD_White,O2O2 D_Spherical(DK70)_K2-SMD_White,P5420A-04.00,Q5420-04.00,R5420-04.00,300,0.27,972,전송,30,Si_1-Day_Sph,2026-03-31,CFR,S관(3공장),0,300,2280,0,0,0,365630,0,0,0,0,0,0,0
2.02603E+11,HW0308,그리스,임현우,OPTIMAX,2026-05-01,EUR,T5420A-05.00,O2O2 D_Spherical(DK70)_K2-SMD_White,O2O2 D_Spherical(DK70)_K2-SMD_White,P5420A-05.00,Q5420-05.00,R5420-05.00,150,0.27,972,전송,30,Si_1-Day_Sph,2026-03-31,CFR,S관(3공장),0,150,6815,0,0,0,245785,0,0,0,0,0,0,0
2.02603E+11,HW0308,그리스,임현우,OPTIMAX,2026-05-01,EUR,T5420A-10.00,O2O2 D_Spherical(DK70)_K2-SMD_White,O2O2 D_Spherical(DK70)_K2-SMD_White,P5420A-10.00,Q5420-10.00,R5420-10.00,150,0.27,972,전송,30,Si_1-Day_Sph,2026-03-31,CFR,S관(3공장),0,150,4144,0,0,0,40550,0,0,0,0,0,0,0
2.02603E+11,V3082,프랑스,손지윤,OPHTALMIC France,2026-04-14,EUR,T1025A+01.00+1.00,O2O2_Multifocal_K2_SMDH_WHITE_OPHTALMIC,O2O2_Multifocal_K2_SMDH_WHITE_OPHTALMIC,P1025A+01.00+1.00,Q1025+01.00+1.00,R1025+01.00+1.00,1170,0.32,"1,008",전송,90,Si_1-Day_M/F,2026-03-31,FOB,S관(3공장),0,1170,0,0,0,0,19400,0,0,0,0,0,0,0
2.02603E+11,V3082,프랑스,손지윤,OPHTALMIC France,2026-04-14,EUR,T1025A-09.00+1.50,O2O2_Multifocal_K2_SMDH_WHITE_OPHTALMIC,O2O2_Multifocal_K2_SMDH_WHITE_OPHTALMIC,P1025A-09.00+1.50,Q1025-09.00+1.50,R1025-09.00+1.50,360,0.32,"1,008",전송,90,Si_1-Day_M/F,2026-03-31,FOB,S관(3공장),0,360,0,0,0,0,12875,0,0,0,0,0,0,0
2.02603E+11,V3082,프랑스,손지윤,OPHTALMIC France,2026-04-14,EUR,T1025A-03.75+2.00,O2O2_Multifocal_K2_SMDH_WHITE_OPHTALMIC,O2O2_Multifocal_K2_SMDH_WHITE_OPHTALMIC,P1025A-03.75+2.00,Q1025-03.75+2.00,R1025-03.75+2.00,1080,0.32,"1,008",전송,90,Si_1-Day_M/F,2026-03-31,FOB,S관(3공장),0,1080,0,0,0,0,2335,0,0,0,0,0,0,0
2.02603E+11,V3082,프랑스,손지윤,OPHTALMIC France,2026-04-14,EUR,T1025A-10.00+2.50,O2O2_Multifocal_K2_SMDH_WHITE_OPHTALMIC,O2O2_Multifocal_K2_SMDH_WHITE_OPHTALMIC,P1025A-10.00+2.50,Q1025-10.00+2.50,R1025-10.00+2.50,540,0.32,"1,008",전송,90,Si_1-Day_M/F,2026-03-31,FOB,S관(3공장),0,540,0,0,0,0,5195,0,0,0,0,0,0,0
2.02603E+11,V3082,프랑스,손지윤,OPHTALMIC France,2026-04-14,EUR,T1025A+01.25+1.00,O2O2_Multifocal_K2_SMDH_WHITE_OPHTALMIC,O2O2_Multifocal_K2_SMDH_WHITE_OPHTALMIC,P1025A+01.25+1.00,Q1025+01.25+1.00,R1025+01.25+1.00,160,0.32,921.6,전송,5,Si_1-Day_M/F,2026-03-31,FOB,S관(3공장),0,160,0,0,0,0,12304,0,0,0,0,0,0,0
2.02603E+11,V3082,프랑스,손지윤,OPHTALMIC France,2026-04-14,EUR,T1025A+02.25+1.00,O2O2_Multifocal_K2_SMDH_WHITE_OPHTALMIC,O2O2_Multifocal_K2_SMDH_WHITE_OPHTALMIC,P1025A+02.25+1.00,Q1025+02.25+1.00,R1025+02.25+1.00,110,0.32,921.6,전송,5,Si_1-Day_M/F,2026-03-31,FOB,S관(3공장),0,110,0,0,0,0,28325,0,0,0,0,0,0,0
2.02603E+11,V3082,프랑스,손지윤,OPHTALMIC France,2026-04-14,EUR,T1025A-02.75+1.00,O2O2_Multifocal_K2_SMDH_WHITE_OPHTALMIC,O2O2_Multifocal_K2_SMDH_WHITE_OPHTALMIC,P1025A-02.75+1.00,Q1025-02.75+1.00,R1025-02.75+1.00,170,0.32,921.6,전송,5,Si_1-Day_M/F,2026-03-31,FOB,S관(3공장),0,170,0,0,0,0,10810,0,0,0,0,0,0,0
2.02603E+11,V3082,프랑스,손지윤,OPHTALMIC France,2026-04-14,EUR,T1025A-03.25+1.00,O2O2_Multifocal_K2_SMDH_WHITE_OPHTALMIC,O2O2_Multifocal_K2_SMDH_WHITE_OPHTALMIC,P1025A-03.25+1.00,Q1025-03.25+1.00,R1025-03.25+1.00,180,0.32,921.6,전송,5,Si_1-Day_M/F,2026-03-31,FOB,S관(3공장),0,180,0,0,0,0,26335,0,0,0,0,0,0,0
2.02603E+11,V3082,프랑스,손지윤,OPHTALMIC France,2026-04-14,EUR,T1025A+01.00+1.50,O2O2_Multifocal_K2_SMDH_WHITE_OPHTALMIC,O2O2_Multifocal_K2_SMDH_WHITE_OPHTALMIC,P1025A+01.00+1.50,Q1025+01.00+1.50,R1025+01.00+1.50,325,0.32,921.6,전송,5,Si_1-Day_M/F,2026-03-31,FOB,S관(3공장),0,325,0,0,0,0,230,0,95,164,153,113,111,99
2.02603E+11,V3082,프랑스,손지윤,OPHTALMIC France,2026-04-14,EUR,T1025A+01.25+1.50,O2O2_Multifocal_K2_SMDH_WHITE_OPHTALMIC,O2O2_Multifocal_K2_SMDH_WHITE_OPHTALMIC,P1025A+01.25+1.50,Q1025+01.25+1.50,R1025+01.25+1.50,305,0.32,921.6,전송,5,Si_1-Day_M/F,2026-03-31,FOB,S관(3공장),0,305,6588,0,0,0,16940,0,0,0,0,0,0,0
2.02603E+11,V3082,프랑스,손지윤,OPHTALMIC France,2026-04-14,EUR,T1025A+03.25+1.50,O2O2_Multifocal_K2_SMDH_WHITE_OPHTALMIC,O2O2_Multifocal_K2_SMDH_WHITE_OPHTALMIC,P1025A+03.25+1.50,Q1025+03.25+1.50,R1025+03.25+1.50,160,0.32,921.6,전송,5,Si_1-Day_M/F,2026-03-31,FOB,S관(3공장),0,160,0,0,0,0,9040,0,0,0,0,0,0,0
2.02603E+11,V3082,프랑스,손지윤,OPHTALMIC France,2026-04-14,EUR,T1025A+03.50+1.50,O2O2_Multifocal_K2_SMDH_WHITE_OPHTALMIC,O2O2_Multifocal_K2_SMDH_WHITE_OPHTALMIC,P1025A+03.50+1.50,Q1025+03.50+1.50,R1025+03.50+1.50,80,0.32,921.6,전송,5,Si_1-Day_M/F,2026-03-31,FOB,S관(3공장),0,80,0,0,0,0,6270,0,0,0,0,0,0,0
2.02603E+11,V3082,프랑스,손지윤,OPHTALMIC France,2026-04-14,EUR,T1025A-01.50+1.50,O2O2_Multifocal_K2_SMDH_WHITE_OPHTALMIC,O2O2_Multifocal_K2_SMDH_WHITE_OPHTALMIC,P1025A-01.50+1.50,Q1025-01.50+1.50,R1025-01.50+1.50,175,0.32,921.6,전송,5,Si_1-Day_M/F,2026-03-31,FOB,S관(3공장),0,175,0,0,0,0,8560,0,0,0,0,0,0,0
2.02603E+11,V3082,프랑스,손지윤,OPHTALMIC France,2026-04-14,EUR,T1025A-02.25+1.50,O2O2_Multifocal_K2_SMDH_WHITE_OPHTALMIC,O2O2_Multifocal_K2_SMDH_WHITE_OPHTALMIC,P1025A-02.25+1.50,Q1025-02.25+1.50,R1025-02.25+1.50,155,0.32,921.6,전송,5,Si_1-Day_M/F,2026-03-31,FOB,S관(3공장),0,155,0,0,0,0,23725,0,0,0,0,0,0,0
2.02603E+11,V3082,프랑스,손지윤,OPHTALMIC France,2026-04-14,EUR,T1025A-05.00+1.50,O2O2_Multifocal_K2_SMDH_WHITE_OPHTALMIC,O2O2_Multifocal_K2_SMDH_WHITE_OPHTALMIC,P1025A-05.00+1.50,Q1025-05.00+1.50,R1025-05.00+1.50,110,0.32,921.6,전송,5,Si_1-Day_M/F,2026-03-31,FOB,S관(3공장),0,110,0,0,0,0,5200,0,0,0,0,0,0,0
2.02603E+11,V3082,프랑스,손지윤,OPHTALMIC France,2026-04-14,EUR,T1025A-05.50+1.50,O2O2_Multifocal_K2_SMDH_WHITE_OPHTALMIC,O2O2_Multifocal_K2_SMDH_WHITE_OPHTALMIC,P1025A-05.50+1.50,Q1025-05.50+1.50,R1025-05.50+1.50,145,0.32,921.6,전송,5,Si_1-Day_M/F,2026-03-31,FOB,S관(3공장),0,145,0,0,0,0,4860,0,0,0,0,0,0,0
2.02603E+11,V3082,프랑스,손지윤,OPHTALMIC France,2026-04-14,EUR,T1025A+00.75+2.00,O2O2_Multifocal_K2_SMDH_WHITE_OPHTALMIC,O2O2_Multifocal_K2_SMDH_WHITE_OPHTALMIC,P1025A+00.75+2.00,Q1025+00.75+2.00,R1025+00.75+2.00,315,0.32,921.6,전송,5,Si_1-Day_M/F,2026-03-31,FOB,S관(3공장),0,315,0,0,0,0,3565,0,0,0,0,0,0,0
2.02603E+11,V3082,프랑스,손지윤,OPHTALMIC France,2026-04-14,EUR,T1025A+02.50+2.00,O2O2_Multifocal_K2_SMDH_WHITE_OPHTALMIC,O2O2_Multifocal_K2_SMDH_WHITE_OPHTALMIC,P1025A+02.50+2.00,Q1025+02.50+2.00,R1025+02.50+2.00,300,0.32,921.6,전송,5,Si_1-Day_M/F,2026-03-31,FOB,S관(3공장),0,300,0,0,0,0,21820,0,0,0,0,0,0,0
2.02603E+11,V3082,프랑스,손지윤,OPHTALMIC France,2026-04-14,EUR,T1025A-03.50+2.00,O2O2_Multifocal_K2_SMDH_WHITE_OPHTALMIC,O2O2_Multifocal_K2_SMDH_WHITE_OPHTALMIC,P1025A-03.50+2.00,Q1025-03.50+2.00,R1025-03.50+2.00,110,0.32,921.6,전송,5,Si_1-Day_M/F,2026-03-31,FOB,S관(3공장),0,110,0,0,0,0,9140,0,0,0,0,0,0,0
2.02603E+11,V3082,프랑스,손지윤,OPHTALMIC France,2026-04-14,EUR,T1025A+03.25+2.50,O2O2_Multifocal_K2_SMDH_WHITE_OPHTALMIC,O2O2_Multifocal_K2_SMDH_WHITE_OPHTALMIC,P1025A+03.25+2.50,Q1025+03.25+2.50,R1025+03.25+2.50,80,0.32,921.6,전송,5,Si_1-Day_M/F,2026-03-31,FOB,S관(3공장),0,80,0,0,0,0,10650,0,0,0,0,0,0,0
2.02603E+11,V3082,프랑스,손지윤,OPHTALMIC France,2026-04-14,EUR,T1025A+01.25+2.00,O2O2_Multifocal_K2_SMDH_WHITE_OPHTALMIC,O2O2_Multifocal_K2_SMDH_WHITE_OPHTALMIC,P1025A+01.25+2.00,Q1025+01.25+2.00,R1025+01.25+2.00,1980,0.32,854.4,전송,30,Si_1-Day_M/F,2026-03-31,FOB,S관(3공장),0,1980,0,0,0,0,14515,0,0,0,0,0,0,0
2.02603E+11,V3082,프랑스,손지윤,OPHTALMIC France,2026-04-14,EUR,T1025A+03.75+2.00,O2O2_Multifocal_K2_SMDH_WHITE_OPHTALMIC,O2O2_Multifocal_K2_SMDH_WHITE_OPHTALMIC,P1025A+03.75+2.00,Q1025+03.75+2.00,R1025+03.75+2.00,330,0.32,854.4,전송,30,Si_1-Day_M/F,2026-03-31,FOB,S관(3공장),0,330,0,0,0,0,9045,0,0,0,0,0,0,0
2.02603E+11,V3082,프랑스,손지윤,OPHTALMIC France,2026-04-14,EUR,T1025A-06.00+2.50,O2O2_Multifocal_K2_SMDH_WHITE_OPHTALMIC,O2O2_Multifocal_K2_SMDH_WHITE_OPHTALMIC,P1025A-06.00+2.50,Q1025-06.00+2.50,R1025-06.00+2.50,360,0.32,854.4,전송,30,Si_1-Day_M/F,2026-03-31,FOB,S관(3공장),0,360,0,0,0,0,14220,0,0,0,0,0,0,0
2.02603E+11,V3083,프랑스,손지윤,OPHTALMIC France,2026-04-14,EUR,T1026A-07.50,O2O2 Spherical_K2-SMDH_WHITE_OPHTALMIC,O2O2 Spherical_K2-SMDH_WHITE_OPHTALMIC,P1026A-07.50,Q1026-07.50,R1026-07.50,1440,0.22,316.8,전송,90,Si_1-Day_Sph,2026-03-31,FOB,S관(3공장),0,1440,0,0,0,0,66035,0,0,0,0,0,0,0
2.02603E+11,V3083,프랑스,손지윤,OPHTALMIC France,2026-04-14,EUR,T1026A+01.00,O2O2 Spherical_K2-SMDH_WHITE_OPHTALMIC,O2O2 Spherical_K2-SMDH_WHITE_OPHTALMIC,P1026A+01.00,Q1026+01.00,R1026+01.00,430,0.22,906.4,전송,5,Si_1-Day_Sph,2026-03-31,FOB,S관(3공장),0,430,0,0,0,0,47180,0,0,0,0,0,0,0
2.02603E+11,V3083,프랑스,손지윤,OPHTALMIC France,2026-04-14,EUR,T1026A+03.00,O2O2 Spherical_K2-SMDH_WHITE_OPHTALMIC,O2O2 Spherical_K2-SMDH_WHITE_OPHTALMIC,P1026A+03.00,Q1026+03.00,R1026+03.00,275,0.22,906.4,전송,5,Si_1-Day_Sph,2026-03-31,FOB,S관(3공장),0,275,0,0,0,0,50015,0,0,0,0,0,0,0
2.02603E+11,V3083,프랑스,손지윤,OPHTALMIC France,2026-04-14,EUR,T1026A-01.00,O2O2 Spherical_K2-SMDH_WHITE_OPHTALMIC,O2O2 Spherical_K2-SMDH_WHITE_OPHTALMIC,P1026A-01.00,Q1026-01.00,R1026-01.00,855,0.22,906.4,전송,5,Si_1-Day_Sph,2026-03-31,FOB,S관(3공장),0,855,0,0,0,0,345510,0,0,0,0,0,0,0
2.02603E+11,V3083,프랑스,손지윤,OPHTALMIC France,2026-04-14,EUR,T1026A-02.75,O2O2 Spherical_K2-SMDH_WHITE_OPHTALMIC,O2O2 Spherical_K2-SMDH_WHITE_OPHTALMIC,P1026A-02.75,Q1026-02.75,R1026-02.75,740,0.22,906.4,전송,5,Si_1-Day_Sph,2026-03-31,FOB,S관(3공장),0,740,7296,5127,1879,0,411019,0,0,0,0,0,0,0
2.02603E+11,V3083,프랑스,손지윤,OPHTALMIC France,2026-04-14,EUR,T1026A-03.00,O2O2 Spherical_K2-SMDH_WHITE_OPHTALMIC,O2O2 Spherical_K2-SMDH_WHITE_OPHTALMIC,P1026A-03.00,Q1026-03.00,R1026-03.00,800,0.22,906.4,전송,5,Si_1-Day_Sph,2026-03-31,FOB,S관(3공장),0,800,0,0,0,0,547744,0,0,0,0,0,0,0
2.02603E+11,V3083,프랑스,손지윤,OPHTALMIC France,2026-04-14,EUR,T1026A-04.50,O2O2 Spherical_K2-SMDH_WHITE_OPHTALMIC,O2O2 Spherical_K2-SMDH_WHITE_OPHTALMIC,P1026A-04.50,Q1026-04.50,R1026-04.50,580,0.22,906.4,전송,5,Si_1-Day_Sph,2026-03-31,FOB,S관(3공장),0,580,2397,12348,9832,2430,507725,0,0,0,0,0,0,0
2.02603E+11,V3083,프랑스,손지윤,OPHTALMIC France,2026-04-14,EUR,T1026A-06.50,O2O2 Spherical_K2-SMDH_WHITE_OPHTALMIC,O2O2 Spherical_K2-SMDH_WHITE_OPHTALMIC,P1026A-06.50,Q1026-06.50,R1026-06.50,350,0.22,906.4,전송,5,Si_1-Day_Sph,2026-03-31,FOB,S관(3공장),0,350,0,2442,0,0,83714,0,0,0,0,0,0,0
2.02603E+11,V3083,프랑스,손지윤,OPHTALMIC France,2026-04-14,EUR,T1026A-08.50,O2O2 Spherical_K2-SMDH_WHITE_OPHTALMIC,O2O2 Spherical_K2-SMDH_WHITE_OPHTALMIC,P1026A-08.50,Q1026-08.50,R1026-08.50,50,0.22,906.4,전송,5,Si_1-Day_Sph,2026-03-31,FOB,S관(3공장),0,50,0,0,0,0,21340,0,0,0,0,0,0,0
2.02603E+11,V3083,프랑스,손지윤,OPHTALMIC France,2026-04-14,EUR,T1026A-09.50,O2O2 Spherical_K2-SMDH_WHITE_OPHTALMIC,O2O2 Spherical_K2-SMDH_WHITE_OPHTALMIC,P1026A-09.50,Q1026-09.50,R1026-09.50,40,0.22,906.4,전송,5,Si_1-Day_Sph,2026-03-31,FOB,S관(3공장),0,40,0,0,0,0,25950,0,0,0,0,0,0,0
2.02604E+11,X2368,영국,임승진,CROSSBIRD LIMITED (Feel Good Contacts),2026-04-20,USD,T5416A+05.00+1.00,O2O2 D_Multifocal_FGC,O2O2 D_Multifocal_FGC,P5416A+05.00+1.00,Q1025+05.00+1.00,R1025+05.00+1.00,210,0.4,"4,248",전송,30,Si_1-Day_M/F,2026-04-01,EXW,S관(3공장),0,210,0,0,0,0,2195,0,0,0,0,0,0,0
2.02604E+11,X2368,영국,임승진,CROSSBIRD LIMITED (Feel Good Contacts),2026-04-20,USD,T5416A+01.25+2.50,O2O2 D_Multifocal_FGC,O2O2 D_Multifocal_FGC,P5416A+01.25+2.50,Q1025+01.25+2.50,R1025+01.25+2.50,570,0.4,"4,248",전송,30,Si_1-Day_M/F,2026-04-01,EXW,S관(3공장),0,570,0,0,0,0,2345,0,0,0,0,0,0,0
2.02604E+11,X2368,영국,임승진,CROSSBIRD LIMITED (Feel Good Contacts),2026-04-20,USD,T5416A-03.50+2.00,O2O2 D_Multifocal_FGC,O2O2 D_Multifocal_FGC,P5416A-03.50+2.00,Q1025-03.50+2.00,R1025-03.50+2.00,480,0.4,"4,248",전송,30,Si_1-Day_M/F,2026-04-01,EXW,S관(3공장),0,480,0,0,0,0,460,0,20,37,34,25,24,21
2.02604E+11,X2368,영국,임승진,CROSSBIRD LIMITED (Feel Good Contacts),2026-04-20,USD,T5416A-04.75+1.00,O2O2 D_Multifocal_FGC,O2O2 D_Multifocal_FGC,P5416A-04.75+1.00,Q1025-04.75+1.00,R1025-04.75+1.00,150,0.4,"4,248",전송,30,Si_1-Day_M/F,2026-04-01,EXW,S관(3공장),0,150,0,0,0,0,510,0,0,0,0,0,0,0
2.02604E+11,X2368,영국,임승진,CROSSBIRD LIMITED (Feel Good Contacts),2026-04-20,USD,T5416A-06.00+1.50,O2O2 D_Multifocal_FGC,O2O2 D_Multifocal_FGC,P5416A-06.00+1.50,Q1025-06.00+1.50,R1025-06.00+1.50,180,0.4,"4,248",전송,30,Si_1-Day_M/F,2026-04-01,EXW,S관(3공장),0,180,0,0,0,0,240,0,0,0,0,0,0,0
2.02604E+11,X2368,영국,임승진,CROSSBIRD LIMITED (Feel Good Contacts),2026-04-20,USD,T5416A+01.25+1.50,O2O2 D_Multifocal_FGC,O2O2 D_Multifocal_FGC,P5416A+01.25+1.50,Q1025+01.25+1.50,R1025+01.25+1.50,210,0.4,"4,248",전송,30,Si_1-Day_M/F,2026-04-01,EXW,S관(3공장),0,210,6588,0,0,0,1410,0,0,0,0,0,0,0
2.02604E+11,X2368,영국,임승진,CROSSBIRD LIMITED (Feel Good Contacts),2026-04-20,USD,T5416A+02.50+1.00,O2O2 D_Multifocal_FGC,O2O2 D_Multifocal_FGC,P5416A+02.50+1.00,Q1025+02.50+1.00,R1025+02.50+1.00,270,0.4,"4,248",전송,30,Si_1-Day_M/F,2026-04-01,EXW,S관(3공장),0,270,0,0,0,0,755,0,0,0,0,0,0,0
2.02604E+11,X2368,영국,임승진,CROSSBIRD LIMITED (Feel Good Contacts),2026-04-20,USD,T5416A-02.50+1.50,O2O2 D_Multifocal_FGC,O2O2 D_Multifocal_FGC,P5416A-02.50+1.50,Q1025-02.50+1.50,R1025-02.50+1.50,540,0.4,"4,248",전송,30,Si_1-Day_M/F,2026-04-01,EXW,S관(3공장),0,540,0,0,0,0,875,0,415,703,658,487,482,432
2.02604E+11,X2368,영국,임승진,CROSSBIRD LIMITED (Feel Good Contacts),2026-04-20,USD,T5416A+04.00+2.00,O2O2 D_Multifocal_FGC,O2O2 D_Multifocal_FGC,P5416A+04.00+2.00,Q1025+04.00+2.00,R1025+04.00+2.00,120,0.4,"4,248",전송,30,Si_1-Day_M/F,2026-04-01,EXW,S관(3공장),0,120,0,0,0,0,255,0,15,28,26,19,18,16
2.02604E+11,X2368,영국,임승진,CROSSBIRD LIMITED (Feel Good Contacts),2026-04-20,USD,T5416A-08.00+1.50,O2O2 D_Multifocal_FGC,O2O2 D_Multifocal_FGC,P5416A-08.00+1.50,Q1025-08.00+1.50,R1025-08.00+1.50,120,0.4,"4,248",전송,30,Si_1-Day_M/F,2026-04-01,EXW,S관(3공장),0,120,0,0,0,0,1950,0,0,0,0,0,0,0
2.02604E+11,X2368,영국,임승진,CROSSBIRD LIMITED (Feel Good Contacts),2026-04-20,USD,T5416A+00.25+1.50,O2O2 D_Multifocal_FGC,O2O2 D_Multifocal_FGC,P5416A+00.25+1.50,Q1025+00.25+1.50,R1025+00.25+1.50,90,0.4,"4,248",전송,30,Si_1-Day_M/F,2026-04-01,EXW,S관(3공장),0,90,0,0,0,0,1050,0,0,0,0,0,0,0
2.02604E+11,X2368,영국,임승진,CROSSBIRD LIMITED (Feel Good Contacts),2026-04-20,USD,T5416A-03.75+2.00,O2O2 D_Multifocal_FGC,O2O2 D_Multifocal_FGC,P5416A-03.75+2.00,Q1025-03.75+2.00,R1025-03.75+2.00,390,0.4,"4,248",전송,30,Si_1-Day_M/F,2026-04-01,EXW,S관(3공장),0,390,0,0,0,0,780,0,0,0,0,0,0,0
2.02604E+11,X2368,영국,임승진,CROSSBIRD LIMITED (Feel Good Contacts),2026-04-20,USD,T5416A+02.00+1.50,O2O2 D_Multifocal_FGC,O2O2 D_Multifocal_FGC,P5416A+02.00+1.50,Q1025+02.00+1.50,R1025+02.00+1.50,210,0.4,"4,248",전송,30,Si_1-Day_M/F,2026-04-01,EXW,S관(3공장),0,210,4396,0,0,0,1185,0,0,0,0,0,0,0
2.02604E+11,X2368,영국,임승진,CROSSBIRD LIMITED (Feel Good Contacts),2026-04-20,USD,T5416A-03.50+1.00,O2O2 D_Multifocal_FGC,O2O2 D_Multifocal_FGC,P5416A-03.50+1.00,Q1025-03.50+1.00,R1025-03.50+1.00,180,0.4,"4,248",전송,30,Si_1-Day_M/F,2026-04-01,EXW,S관(3공장),0,180,0,0,0,0,1615,0,0,0,0,0,0,0
2.02604E+11,X2368,영국,임승진,CROSSBIRD LIMITED (Feel Good Contacts),2026-04-20,USD,T5416A-01.75+1.00,O2O2 D_Multifocal_FGC,O2O2 D_Multifocal_FGC,P5416A-01.75+1.00,Q1025-01.75+1.00,R1025-01.75+1.00,180,0.4,"4,248",전송,30,Si_1-Day_M/F,2026-04-01,EXW,S관(3공장),0,180,0,0,0,0,545,0,0,0,0,0,0,0
2.02604E+11,X2368,영국,임승진,CROSSBIRD LIMITED (Feel Good Contacts),2026-04-20,USD,T5416A-03.25+2.00,O2O2 D_Multifocal_FGC,O2O2 D_Multifocal_FGC,P5416A-03.25+2.00,Q1025-03.25+2.00,R1025-03.25+2.00,180,0.4,"4,248",전송,30,Si_1-Day_M/F,2026-04-01,EXW,S관(3공장),0,180,0,0,0,0,405,0,0,0,0,0,0,0
2.02604E+11,X2368,영국,임승진,CROSSBIRD LIMITED (Feel Good Contacts),2026-04-20,USD,T5416A-04.00+1.50,O2O2 D_Multifocal_FGC,O2O2 D_Multifocal_FGC,P5416A-04.00+1.50,Q1025-04.00+1.50,R1025-04.00+1.50,300,0.4,"4,248",전송,30,Si_1-Day_M/F,2026-04-01,EXW,S관(3공장),0,300,0,0,0,0,270,0,30,54,50,37,36,32
2.02604E+11,X2368,영국,임승진,CROSSBIRD LIMITED (Feel Good Contacts),2026-04-20,USD,T5416A+01.00+2.50,O2O2 D_Multifocal_FGC,O2O2 D_Multifocal_FGC,P5416A+01.00+2.50,Q1025+01.00+2.50,R1025+01.00+2.50,150,0.4,"4,248",전송,30,Si_1-Day_M/F,2026-04-01,EXW,S관(3공장),0,150,0,0,0,0,490,0,0,0,0,0,0,0
2.02604E+11,X2368,영국,임승진,CROSSBIRD LIMITED (Feel Good Contacts),2026-04-20,USD,T5416A-02.00+2.00,O2O2 D_Multifocal_FGC,O2O2 D_Multifocal_FGC,P5416A-02.00+2.00,Q1025-02.00+2.00,R1025-02.00+2.00,150,0.4,"4,248",전송,30,Si_1-Day_M/F,2026-04-01,EXW,S관(3공장),0,150,0,0,0,0,570,0,0,0,0,0,0,0
2.02604E+11,X2368,영국,임승진,CROSSBIRD LIMITED (Feel Good Contacts),2026-04-20,USD,T5416A-05.50+2.50,O2O2 D_Multifocal_FGC,O2O2 D_Multifocal_FGC,P5416A-05.50+2.50,Q1025-05.50+2.50,R1025-05.50+2.50,150,0.4,"4,248",전송,30,Si_1-Day_M/F,2026-04-01,EXW,S관(3공장),0,150,0,0,0,0,1880,0,0,0,0,0,0,0
2.02604E+11,X2368,영국,임승진,CROSSBIRD LIMITED (Feel Good Contacts),2026-04-20,USD,T5416A-02.75+2.00,O2O2 D_Multifocal_FGC,O2O2 D_Multifocal_FGC,P5416A-02.75+2.00,Q1025-02.75+2.00,R1025-02.75+2.00,120,0.4,"4,248",전송,30,Si_1-Day_M/F,2026-04-01,EXW,S관(3공장),0,120,0,0,0,0,1070,0,0,0,0,0,0,0
2.02604E+11,X2368,영국,임승진,CROSSBIRD LIMITED (Feel Good Contacts),2026-04-20,USD,T5416A+03.50+2.00,O2O2 D_Multifocal_FGC,O2O2 D_Multifocal_FGC,P5416A+03.50+2.00,Q1025+03.50+2.00,R1025+03.50+2.00,120,0.4,"4,248",전송,30,Si_1-Day_M/F,2026-04-01,EXW,S관(3공장),0,120,0,0,0,0,400,0,0,0,0,0,0,0
2.02604E+11,X2368,영국,임승진,CROSSBIRD LIMITED (Feel Good Contacts),2026-04-20,USD,T5416A-04.50+2.00,O2O2 D_Multifocal_FGC,O2O2 D_Multifocal_FGC,P5416A-04.50+2.00,Q1025-04.50+2.00,R1025-04.50+2.00,90,0.4,"4,248",전송,30,Si_1-Day_M/F,2026-04-01,EXW,S관(3공장),0,90,0,0,0,0,485,0,0,0,0,0,0,0
2.02604E+11,X2368,영국,임승진,CROSSBIRD LIMITED (Feel Good Contacts),2026-04-20,USD,T5416A-03.25+2.50,O2O2 D_Multifocal_FGC,O2O2 D_Multifocal_FGC,P5416A-03.25+2.50,Q1025-03.25+2.50,R1025-03.25+2.50,90,0.4,"4,248",전송,30,Si_1-Day_M/F,2026-04-01,EXW,S관(3공장),0,90,0,0,0,0,1170,0,0,0,0,0,0,0
2.02604E+11,X2368,영국,임승진,CROSSBIRD LIMITED (Feel Good Contacts),2026-04-20,USD,T5416A-05.00+2.50,O2O2 D_Multifocal_FGC,O2O2 D_Multifocal_FGC,P5416A-05.00+2.50,Q1025-05.00+2.50,R1025-05.00+2.50,30,0.4,"4,248",전송,30,Si_1-Day_M/F,2026-04-01,EXW,S관(3공장),0,30,0,0,0,0,3950,0,0,0,0,0,0,0
2.02604E+11,X2368,영국,임승진,CROSSBIRD LIMITED (Feel Good Contacts),2026-04-20,USD,T5416A+01.75+2.00,O2O2 D_Multifocal_FGC,O2O2 D_Multifocal_FGC,P5416A+01.75+2.00,Q1025+01.75+2.00,R1025+01.75+2.00,60,0.4,"4,248",전송,30,Si_1-Day_M/F,2026-04-01,EXW,S관(3공장),0,60,0,0,0,0,1435,0,0,0,0,0,0,0
2.02604E+11,X2368,영국,임승진,CROSSBIRD LIMITED (Feel Good Contacts),2026-04-20,USD,T5416A-03.00+1.50,O2O2 D_Multifocal_FGC,O2O2 D_Multifocal_FGC,P5416A-03.00+1.50,Q1025-03.00+1.50,R1025-03.00+1.50,870,0.4,"4,248",전송,30,Si_1-Day_M/F,2026-04-01,EXW,S관(3공장),0,870,0,0,0,0,660,0,540,914,856,634,627,562
2.02604E+11,X2368,영국,임승진,CROSSBIRD LIMITED (Feel Good Contacts),2026-04-20,USD,T5416A+02.50+2.50,O2O2 D_Multifocal_FGC,O2O2 D_Multifocal_FGC,P5416A+02.50+2.50,Q1025+02.50+2.50,R1025+02.50+2.50,810,0.4,"4,248",전송,30,Si_1-Day_M/F,2026-04-01,EXW,S관(3공장),0,810,0,0,0,0,475,0,635,1074,1006,745,737,660
2.02604E+11,X2368,영국,임승진,CROSSBIRD LIMITED (Feel Good Contacts),2026-04-20,USD,T5416A-07.00+2.50,O2O2 D_Multifocal_FGC,O2O2 D_Multifocal_FGC,P5416A-07.00+2.50,Q1025-07.00+2.50,R1025-07.00+2.50,510,0.4,"4,248",전송,30,Si_1-Day_M/F,2026-04-01,EXW,S관(3공장),0,510,0,0,0,0,7875,0,0,0,0,0,0,0
2.02604E+11,X2368,영국,임승진,CROSSBIRD LIMITED (Feel Good Contacts),2026-04-20,USD,T5416A-05.00+2.00,O2O2 D_Multifocal_FGC,O2O2 D_Multifocal_FGC,P5416A-05.00+2.00,Q1025-05.00+2.00,R1025-05.00+2.00,420,0.4,"4,248",전송,30,Si_1-Day_M/F,2026-04-01,EXW,S관(3공장),0,420,0,0,0,0,860,0,310,527,493,365,361,323
2.02604E+11,X2368,영국,임승진,CROSSBIRD LIMITED (Feel Good Contacts),2026-04-20,USD,T5416A-06.50+2.50,O2O2 D_Multifocal_FGC,O2O2 D_Multifocal_FGC,P5416A-06.50+2.50,Q1025-06.50+2.50,R1025-06.50+2.50,450,0.4,"4,248",전송,30,Si_1-Day_M/F,2026-04-01,EXW,S관(3공장),0,450,0,0,0,0,2890,0,0,0,0,0,0,0
2.02604E+11,X2368,영국,임승진,CROSSBIRD LIMITED (Feel Good Contacts),2026-04-20,USD,T5416A+00.25+2.00,O2O2 D_Multifocal_FGC,O2O2 D_Multifocal_FGC,P5416A+00.25+2.00,Q1025+00.25+2.00,R1025+00.25+2.00,360,0.4,"4,248",전송,30,Si_1-Day_M/F,2026-04-01,EXW,S관(3공장),0,360,0,0,0,0,1725,0,0,0,0,0,0,0
2.02604E+11,X2368,영국,임승진,CROSSBIRD LIMITED (Feel Good Contacts),2026-04-20,USD,T5416A-03.75+1.00,O2O2 D_Multifocal_FGC,O2O2 D_Multifocal_FGC,P5416A-03.75+1.00,Q1025-03.75+1.00,R1025-03.75+1.00,60,0.4,"4,248",전송,30,Si_1-Day_M/F,2026-04-01,EXW,S관(3공장),0,60,0,0,0,0,6540,0,0,0,0,0,0,0
2.02604E+11,X2368,영국,임승진,CROSSBIRD LIMITED (Feel Good Contacts),2026-04-20,USD,T5416A+03.00+1.00,O2O2 D_Multifocal_FGC,O2O2 D_Multifocal_FGC,P5416A+03.00+1.00,Q1025+03.00+1.00,R1025+03.00+1.00,450,0.4,"4,248",전송,30,Si_1-Day_M/F,2026-04-01,EXW,S관(3공장),0,450,0,0,0,0,1320,0,0,0,0,0,0,0
2.02604E+11,X2368,영국,임승진,CROSSBIRD LIMITED (Feel Good Contacts),2026-04-20,USD,T5416A-06.50+1.00,O2O2 D_Multifocal_FGC,O2O2 D_Multifocal_FGC,P5416A-06.50+1.00,Q1025-06.50+1.00,R1025-06.50+1.00,390,0.4,"4,248",전송,30,Si_1-Day_M/F,2026-04-01,EXW,S관(3공장),0,390,0,0,0,0,575,0,355,601,563,417,412,369
2.02604E+11,X2368,영국,임승진,CROSSBIRD LIMITED (Feel Good Contacts),2026-04-20,USD,T5416A+03.25+2.50,O2O2 D_Multifocal_FGC,O2O2 D_Multifocal_FGC,P5416A+03.25+2.50,Q1025+03.25+2.50,R1025+03.25+2.50,240,0.4,"4,248",전송,30,Si_1-Day_M/F,2026-04-01,EXW,S관(3공장),0,240,0,0,0,0,660,0,0,0,0,0,0,0
2.02604E+11,X2368,영국,임승진,CROSSBIRD LIMITED (Feel Good Contacts),2026-04-20,USD,T5416A-02.75+2.50,O2O2 D_Multifocal_FGC,O2O2 D_Multifocal_FGC,P5416A-02.75+2.50,Q1025-02.75+2.50,R1025-02.75+2.50,360,0.4,"4,248",전송,30,Si_1-Day_M/F,2026-04-01,EXW,S관(3공장),0,360,0,0,0,0,465,0,345,584,547,405,401,359
2.02604E+11,X2368,영국,임승진,CROSSBIRD LIMITED (Feel Good Contacts),2026-04-20,USD,T5416A-07.50+1.00,O2O2 D_Multifocal_FGC,O2O2 D_Multifocal_FGC,P5416A-07.50+1.00,Q1025-07.50+1.00,R1025-07.50+1.00,180,0.4,"4,248",전송,30,Si_1-Day_M/F,2026-04-01,EXW,S관(3공장),0,180,0,0,0,0,495,0,0,0,0,0,0,0
2.02604E+11,X2368,영국,임승진,CROSSBIRD LIMITED (Feel Good Contacts),2026-04-20,USD,T5416A-08.50+2.50,O2O2 D_Multifocal_FGC,O2O2 D_Multifocal_FGC,P5416A-08.50+2.50,Q1025-08.50+2.50,R1025-08.50+2.50,180,0.4,"4,248",전송,30,Si_1-Day_M/F,2026-04-01,EXW,S관(3공장),0,180,0,0,0,0,1825,0,0,0,0,0,0,0
202604010002,국내,국내,,,2026-04-07,KRW,S653-08.00,Clalen O2O2 1Day_10P,O2O2 D_Spherical(DK70)_K2-SMD,P5423A-08.00,Q1026-08.00,R1026-08.00,300,,,접수,,Si_1-Day_Sph,2026-04-01,,S관(3공장),0,300,0,0,0,0,3325,0,0,0,0,0,0,0
202604010002,국내,국내,,,2026-04-07,KRW,S654-01.00,Clalen O2O2 1Day_30P,O2O2 D_Spherical(DK70)_K2-SMD,P5423A-01.00,Q1026-01.00,R1026-01.00,5130,,,접수,,Si_1-Day_Sph,2026-04-01,,S관(3공장),0,5130,0,0,0,0,116875,0,0,0,0,0,0,0
202604010002,국내,국내,,,2026-04-07,KRW,S654-01.75,Clalen O2O2 1Day_30P,O2O2 D_Spherical(DK70)_K2-SMD,P5423A-01.75,Q1026-01.75,R1026-01.75,8700,,,접수,,Si_1-Day_Sph,2026-04-01,,S관(3공장),0,8700,0,0,0,0,134551,0,0,0,0,0,0,0
202604010002,국내,국내,,,2026-04-07,KRW,S654-02.00,Clalen O2O2 1Day_30P,O2O2 D_Spherical(DK70)_K2-SMD,P5423A-02.00,Q1026-02.00,R1026-02.00,8310,,,접수,,Si_1-Day_Sph,2026-04-01,,S관(3공장),0,8310,0,0,0,0,82364,0,0,0,0,0,0,0
202604010002,국내,국내,,,2026-04-07,KRW,S654-02.25,Clalen O2O2 1Day_30P,O2O2 D_Spherical(DK70)_K2-SMD,P5423A-02.25,Q1026-02.25,R1026-02.25,5850,,,접수,,Si_1-Day_Sph,2026-04-01,,S관(3공장),0,5850,7316,3949,0,0,100472,0,0,0,0,0,0,0
202604010002,국내,국내,,,2026-04-07,KRW,S654-02.75,Clalen O2O2 1Day_30P,O2O2 D_Spherical(DK70)_K2-SMD,P5423A-02.75,Q1026-02.75,R1026-02.75,11250,,,접수,,Si_1-Day_Sph,2026-04-01,,S관(3공장),0,11250,7296,5127,0,0,231391,0,0,0,0,0,0,0
202604010002,국내,국내,,,2026-04-07,KRW,S654-03.00,Clalen O2O2 1Day_30P,O2O2 D_Spherical(DK70)_K2-SMD,P5423A-03.00,Q1026-03.00,R1026-03.00,10500,,,접수,,Si_1-Day_Sph,2026-04-01,,S관(3공장),0,10500,0,0,0,0,49072,0,0,0,0,0,0,0
202604010002,국내,국내,,,2026-04-07,KRW,S654-03.25,Clalen O2O2 1Day_30P,O2O2 D_Spherical(DK70)_K2-SMD,P5423A-03.25,Q1026-03.25,R1026-03.25,11880,,,접수,,Si_1-Day_Sph,2026-04-01,,S관(3공장),0,11880,0,0,0,0,109086,0,0,0,0,0,0,0
202604010002,국내,국내,,,2026-04-07,KRW,S654-03.50,Clalen O2O2 1Day_30P,O2O2 D_Spherical(DK70)_K2-SMD,P5423A-03.50,Q1026-03.50,R1026-03.50,10860,,,접수,,Si_1-Day_Sph,2026-04-01,,S관(3공장),0,10860,7901,1921,0,0,93671,0,0,0,0,0,0,0
202604010002,국내,국내,,,2026-04-07,KRW,S654-03.75,Clalen O2O2 1Day_30P,O2O2 D_Spherical(DK70)_K2-SMD,P5423A-03.75,Q1026-03.75,R1026-03.75,6120,,,접수,,Si_1-Day_Sph,2026-04-01,,S관(3공장),0,6120,0,36979,0,0,63279,0,0,0,0,0,0,0
202604010002,국내,국내,,,2026-04-07,KRW,S654-04.25,Clalen O2O2 1Day_30P,O2O2 D_Spherical(DK70)_K2-SMD,P5423A-04.25,Q1026-04.25,R1026-04.25,8310,,,접수,,Si_1-Day_Sph,2026-04-01,,S관(3공장),0,8310,0,0,0,0,106935,0,0,0,0,0,0,0
202604010002,국내,국내,,,2026-04-07,KRW,S654-04.50,Clalen O2O2 1Day_30P,O2O2 D_Spherical(DK70)_K2-SMD,P5423A-04.50,Q1026-04.50,R1026-04.50,7350,,,접수,,Si_1-Day_Sph,2026-04-01,,S관(3공장),0,7350,2397,12348,0,0,94634,0,0,0,0,0,0,0
202604010002,국내,국내,,,2026-04-07,KRW,S654-04.75,Clalen O2O2 1Day_30P,O2O2 D_Spherical(DK70)_K2-SMD,P5423A-04.75,Q1026-04.75,R1026-04.75,7830,,,접수,,Si_1-Day_Sph,2026-04-01,,S관(3공장),0,7830,3158,22469,0,0,29386,0,0,0,0,0,0,0
202604010002,국내,국내,,,2026-04-07,KRW,S654-05.00,Clalen O2O2 1Day_30P,O2O2 D_Spherical(DK70)_K2-SMD,P5423A-05.00,Q1026-05.00,R1026-05.00,8760,,,접수,,Si_1-Day_Sph,2026-04-01,,S관(3공장),0,8760,0,4112,0,0,79811,0,0,0,0,0,0,0
202604010002,국내,국내,,,2026-04-07,KRW,S654-05.50,Clalen O2O2 1Day_30P,O2O2 D_Spherical(DK70)_K2-SMD,P5423A-05.50,Q1026-05.50,R1026-05.50,6780,,,접수,,Si_1-Day_Sph,2026-04-01,,S관(3공장),0,6780,0,0,0,0,41623,0,0,0,0,0,0,0
202604010002,국내,국내,,,2026-04-07,KRW,S654-06.00,Clalen O2O2 1Day_30P,O2O2 D_Spherical(DK70)_K2-SMD,P5423A-06.00,Q1026-06.00,R1026-06.00,2310,,,접수,,Si_1-Day_Sph,2026-04-01,,S관(3공장),0,2310,0,0,0,0,25596,0,0,0,0,0,0,0
202604010002,국내,국내,,,2026-04-07,KRW,S654-06.50,Clalen O2O2 1Day_30P,O2O2 D_Spherical(DK70)_K2-SMD,P5423A-06.50,Q1026-06.50,R1026-06.50,6420,,,접수,,Si_1-Day_Sph,2026-04-01,,S관(3공장),0,6420,0,2442,0,0,23018,0,0,0,0,0,0,0
202604010002,국내,국내,,,2026-04-07,KRW,S654-07.00,Clalen O2O2 1Day_30P,O2O2 D_Spherical(DK70)_K2-SMD,P5423A-07.00,Q1026-07.00,R1026-07.00,4800,,,접수,,Si_1-Day_Sph,2026-04-01,,S관(3공장),0,4800,0,0,0,0,77197,0,0,0,0,0,0,0
202604010002,국내,국내,,,2026-04-07,KRW,S654-08.00,Clalen O2O2 1Day_30P,O2O2 D_Spherical(DK70)_K2-SMD,P5423A-08.00,Q1026-08.00,R1026-08.00,3390,,,접수,,Si_1-Day_Sph,2026-04-01,,S관(3공장),0,3390,0,0,0,0,3325,0,365,489,481,403,399,371
202604010002,국내,국내,,,2026-04-07,KRW,S654-10.00,Clalen O2O2 1Day_30P,O2O2 D_Spherical(DK70)_K2-SMD,P5423A-10.00,Q1026-10.00,R1026-10.00,1200,,,접수,,Si_1-Day_Sph,2026-04-01,,S관(3공장),0,1200,0,0,0,0,5735,0,0,0,0,0,0,0
202604010003,국내,국내,,,2026-04-10,KRW,S174-01.00,Clalen O2O2 D_Micelia_Deep Black_30P,Clalen O2O2 D_Deep Black_45%,P0174A-01.00DBK3,Q0174-01.00DBK3,R0174-01.00DBK3,540,,,접수,,Si_1-Day_Color_Sph,2026-04-01,,S관(3공장),0,540,0,0,0,0,58308,0,0,0,0,0,0,0
202604010003,국내,국내,,,2026-04-10,KRW,S174-01.75,Clalen O2O2 D_Micelia_Deep Black_30P,Clalen O2O2 D_Deep Black_45%,P0174A-01.75DBK3,Q0174-01.75DBK3,R0174-01.75DBK3,780,,,접수,,Si_1-Day_Color_Sph,2026-04-01,,S관(3공장),0,780,0,0,0,0,5098,0,0,0,0,0,0,0
202604010003,국내,국내,,,2026-04-10,KRW,S174-02.00,Clalen O2O2 D_Micelia_Deep Black_30P,Clalen O2O2 D_Deep Black_45%,P0174A-02.00DBK3,Q0174-02.00DBK3,R0174-02.00DBK3,450,,,접수,,Si_1-Day_Color_Sph,2026-04-01,,S관(3공장),0,450,0,0,0,0,32077,0,0,0,0,0,0,0
202604010003,국내,국내,,,2026-04-10,KRW,S174-02.25,Clalen O2O2 D_Micelia_Deep Black_30P,Clalen O2O2 D_Deep Black_45%,P0174A-02.25DBK3,Q0174-02.25DBK3,R0174-02.25DBK3,4110,,,접수,,Si_1-Day_Color_Sph,2026-04-01,,S관(3공장),0,4110,0,0,0,0,39462,0,0,0,0,0,0,0
202604010003,국내,국내,,,2026-04-10,KRW,S174-03.00,Clalen O2O2 D_Micelia_Deep Black_30P,Clalen O2O2 D_Deep Black_45%,P0174A-03.00DBK3,Q0174-03.00DBK3,R0174-03.00DBK3,30,,,접수,,Si_1-Day_Color_Sph,2026-04-01,,S관(3공장),0,30,0,0,0,0,31422,0,0,0,0,0,0,0
202604010003,국내,국내,,,2026-04-10,KRW,S174-04.00,Clalen O2O2 D_Micelia_Deep Black_30P,Clalen O2O2 D_Deep Black_45%,P0174A-04.00DBK3,Q0174-04.00DBK3,R0174-04.00DBK3,1680,,,접수,,Si_1-Day_Color_Sph,2026-04-01,,S관(3공장),0,1680,0,0,0,0,50885,0,0,0,0,0,0,0
202604010003,국내,국내,,,2026-04-10,KRW,S174-04.25,Clalen O2O2 D_Micelia_Deep Black_30P,Clalen O2O2 D_Deep Black_45%,P0174A-04.25DBK3,Q0174-04.25DBK3,R0174-04.25DBK3,330,,,접수,,Si_1-Day_Color_Sph,2026-04-01,,S관(3공장),0,330,0,0,0,0,12456,0,0,0,0,0,0,0
202604010003,국내,국내,,,2026-04-10,KRW,S174-04.50,Clalen O2O2 D_Micelia_Deep Black_30P,Clalen O2O2 D_Deep Black_45%,P0174A-04.50DBK3,Q0174-04.50DBK3,R0174-04.50DBK3,5220,,,접수,,Si_1-Day_Color_Sph,2026-04-01,,S관(3공장),0,5220,0,0,0,0,28533,0,0,0,0,0,0,0
202604010003,국내,국내,,,2026-04-10,KRW,S174-04.75,Clalen O2O2 D_Micelia_Deep Black_30P,Clalen O2O2 D_Deep Black_45%,P0174A-04.75DBK3,Q0174-04.75DBK3,R0174-04.75DBK3,5670,,,접수,,Si_1-Day_Color_Sph,2026-04-01,,S관(3공장),0,5670,0,0,0,0,22610,0,0,0,0,0,0,0
202604010003,국내,국내,,,2026-04-10,KRW,S174-05.00,Clalen O2O2 D_Micelia_Deep Black_30P,Clalen O2O2 D_Deep Black_45%,P0174A-05.00DBK3,Q0174-05.00DBK3,R0174-05.00DBK3,2940,,,접수,,Si_1-Day_Color_Sph,2026-04-01,,S관(3공장),0,2940,0,0,0,0,21154,0,0,0,0,0,0,0
202604010003,국내,국내,,,2026-04-10,KRW,S174-05.50,Clalen O2O2 D_Micelia_Deep Black_30P,Clalen O2O2 D_Deep Black_45%,P0174A-05.50DBK3,Q0174-05.50DBK3,R0174-05.50DBK3,2070,,,접수,,Si_1-Day_Color_Sph,2026-04-01,,S관(3공장),0,2070,0,0,0,0,29883,0,0,0,0,0,0,0
202604010003,국내,국내,,,2026-04-10,KRW,S174-06.00,Clalen O2O2 D_Micelia_Deep Black_30P,Clalen O2O2 D_Deep Black_45%,P0174A-06.00DBK3,Q0174-06.00DBK3,R0174-06.00DBK3,3180,,,접수,,Si_1-Day_Color_Sph,2026-04-01,,S관(3공장),0,3180,0,0,0,0,20977,0,0,0,0,0,0,0
202604010003,국내,국내,,,2026-04-10,KRW,S174-06.50,Clalen O2O2 D_Micelia_Deep Black_30P,Clalen O2O2 D_Deep Black_45%,P0174A-06.50DBK3,Q0174-06.50DBK3,R0174-06.50DBK3,4320,,,접수,,Si_1-Day_Color_Sph,2026-04-01,,S관(3공장),0,4320,0,0,0,0,10810,0,0,0,0,0,0,0
202604010003,국내,국내,,,2026-04-10,KRW,S174-07.00,Clalen O2O2 D_Micelia_Deep Black_30P,Clalen O2O2 D_Deep Black_45%,P0174A-07.00DBK3,Q0174-07.00DBK3,R0174-07.00DBK3,5340,,,접수,,Si_1-Day_Color_Sph,2026-04-01,,S관(3공장),0,5340,0,0,0,0,2362,0,3428,5744,4879,3703,3679,3464
202604010003,국내,국내,,,2026-04-10,KRW,S174-07.50,Clalen O2O2 D_Micelia_Deep Black_30P,Clalen O2O2 D_Deep Black_45%,P0174A-07.50DBK3,Q0174-07.50DBK3,R0174-07.50DBK3,2280,,,접수,,Si_1-Day_Color_Sph,2026-04-01,,S관(3공장),0,2280,0,0,0,0,9650,0,0,0,0,0,0,0
202604010003,국내,국내,,,2026-04-10,KRW,S174-08.00,Clalen O2O2 D_Micelia_Deep Black_30P,Clalen O2O2 D_Deep Black_45%,P0174A-08.00DBK3,Q0174-08.00DBK3,R0174-08.00DBK3,7260,,,접수,,Si_1-Day_Color_Sph,2026-04-01,,S관(3공장),0,7260,0,0,0,0,8175,0,0,0,0,0,0,0
202604010003,국내,국내,,,2026-04-10,KRW,S300-00.00,Clalen O2O2 D_Micelia_Deep Black_10P,Clalen O2O2 D_Deep Black_45%,P0174A-00.00DBK3,Q0174-00.00DBK3,R0174-00.00DBK3,3300,,,접수,,Si_1-Day_Color_Sph,2026-04-01,,S관(3공장),0,3300,0,0,0,0,86855,0,0,0,0,0,0,0
202604010003,국내,국내,,,2026-04-10,KRW,S300-01.00,Clalen O2O2 D_Micelia_Deep Black_10P,Clalen O2O2 D_Deep Black_45%,P0174A-01.00DBK3,Q0174-01.00DBK3,R0174-01.00DBK3,2100,,,접수,,Si_1-Day_Color_Sph,2026-04-01,,S관(3공장),0,2100,0,0,0,0,58308,0,0,0,0,0,0,0
202604010003,국내,국내,,,2026-04-10,KRW,S300-01.25,Clalen O2O2 D_Micelia_Deep Black_10P,Clalen O2O2 D_Deep Black_45%,P0174A-01.25DBK3,Q0174-01.25DBK3,R0174-01.25DBK3,1700,,,접수,,Si_1-Day_Color_Sph,2026-04-01,,S관(3공장),0,1700,0,0,0,0,36948,0,0,0,0,0,0,0
202604010003,국내,국내,,,2026-04-10,KRW,S300-01.50,Clalen O2O2 D_Micelia_Deep Black_10P,Clalen O2O2 D_Deep Black_45%,P0174A-01.50DBK3,Q0174-01.50DBK3,R0174-01.50DBK3,2000,,,접수,,Si_1-Day_Color_Sph,2026-04-01,,S관(3공장),0,2000,0,0,0,0,8810,0,0,0,0,0,0,0
202604010003,국내,국내,,,2026-04-10,KRW,S300-01.75,Clalen O2O2 D_Micelia_Deep Black_10P,Clalen O2O2 D_Deep Black_45%,P0174A-01.75DBK3,Q0174-01.75DBK3,R0174-01.75DBK3,1700,,,접수,,Si_1-Day_Color_Sph,2026-04-01,,S관(3공장),0,1700,0,0,0,0,5098,0,0,0,0,0,0,0
202604010003,국내,국내,,,2026-04-10,KRW,S300-02.00,Clalen O2O2 D_Micelia_Deep Black_10P,Clalen O2O2 D_Deep Black_45%,P0174A-02.00DBK3,Q0174-02.00DBK3,R0174-02.00DBK3,1700,,,접수,,Si_1-Day_Color_Sph,2026-04-01,,S관(3공장),0,1700,0,0,0,0,32077,0,0,0,0,0,0,0
202604010003,국내,국내,,,2026-04-10,KRW,S300-02.25,Clalen O2O2 D_Micelia_Deep Black_10P,Clalen O2O2 D_Deep Black_45%,P0174A-02.25DBK3,Q0174-02.25DBK3,R0174-02.25DBK3,1900,,,접수,,Si_1-Day_Color_Sph,2026-04-01,,S관(3공장),0,1900,0,0,0,0,39462,0,0,0,0,0,0,0
202604010003,국내,국내,,,2026-04-10,KRW,S300-02.50,Clalen O2O2 D_Micelia_Deep Black_10P,Clalen O2O2 D_Deep Black_45%,P0174A-02.50DBK3,Q0174-02.50DBK3,R0174-02.50DBK3,1900,,,접수,,Si_1-Day_Color_Sph,2026-04-01,,S관(3공장),0,1900,0,0,0,0,34317,0,0,0,0,0,0,0
202604010003,국내,국내,,,2026-04-10,KRW,S300-02.75,Clalen O2O2 D_Micelia_Deep Black_10P,Clalen O2O2 D_Deep Black_45%,P0174A-02.75DBK3,Q0174-02.75DBK3,R0174-02.75DBK3,1800,,,접수,,Si_1-Day_Color_Sph,2026-04-01,,S관(3공장),0,1800,0,0,0,0,35353,0,0,0,0,0,0,0
202604010003,국내,국내,,,2026-04-10,KRW,S300-03.00,Clalen O2O2 D_Micelia_Deep Black_10P,Clalen O2O2 D_Deep Black_45%,P0174A-03.00DBK3,Q0174-03.00DBK3,R0174-03.00DBK3,1700,,,접수,,Si_1-Day_Color_Sph,2026-04-01,,S관(3공장),0,1700,0,0,0,0,31422,0,0,0,0,0,0,0
202604010003,국내,국내,,,2026-04-10,KRW,S300-03.25,Clalen O2O2 D_Micelia_Deep Black_10P,Clalen O2O2 D_Deep Black_45%,P0174A-03.25DBK3,Q0174-03.25DBK3,R0174-03.25DBK3,1700,,,접수,,Si_1-Day_Color_Sph,2026-04-01,,S관(3공장),0,1700,0,0,0,0,19517,0,0,0,0,0,0,0
202604010003,국내,국내,,,2026-04-10,KRW,S300-03.50,Clalen O2O2 D_Micelia_Deep Black_10P,Clalen O2O2 D_Deep Black_45%,P0174A-03.50DBK3,Q0174-03.50DBK3,R0174-03.50DBK3,1700,,,접수,,Si_1-Day_Color_Sph,2026-04-01,,S관(3공장),0,1700,1130,0,0,0,17994,0,0,0,0,0,0,0
202604010003,국내,국내,,,2026-04-10,KRW,S300-03.75,Clalen O2O2 D_Micelia_Deep Black_10P,Clalen O2O2 D_Deep Black_45%,P0174A-03.75DBK3,Q0174-03.75DBK3,R0174-03.75DBK3,1700,,,접수,,Si_1-Day_Color_Sph,2026-04-01,,S관(3공장),0,1700,0,0,0,0,34360,0,0,0,0,0,0,0
202604010003,국내,국내,,,2026-04-10,KRW,S300-04.00,Clalen O2O2 D_Micelia_Deep Black_10P,Clalen O2O2 D_Deep Black_45%,P0174A-04.00DBK3,Q0174-04.00DBK3,R0174-04.00DBK3,1700,,,접수,,Si_1-Day_Color_Sph,2026-04-01,,S관(3공장),0,1700,0,0,0,0,50885,0,0,0,0,0,0,0
202604010003,국내,국내,,,2026-04-10,KRW,S300-04.25,Clalen O2O2 D_Micelia_Deep Black_10P,Clalen O2O2 D_Deep Black_45%,P0174A-04.25DBK3,Q0174-04.25DBK3,R0174-04.25DBK3,1700,,,접수,,Si_1-Day_Color_Sph,2026-04-01,,S관(3공장),0,1700,0,0,0,0,12456,0,0,0,0,0,0,0
202604010003,국내,국내,,,2026-04-10,KRW,S300-04.50,Clalen O2O2 D_Micelia_Deep Black_10P,Clalen O2O2 D_Deep Black_45%,P0174A-04.50DBK3,Q0174-04.50DBK3,R0174-04.50DBK3,1700,,,접수,,Si_1-Day_Color_Sph,2026-04-01,,S관(3공장),0,1700,0,0,0,0,28533,0,0,0,0,0,0,0
202604010003,국내,국내,,,2026-04-10,KRW,S300-04.75,Clalen O2O2 D_Micelia_Deep Black_10P,Clalen O2O2 D_Deep Black_45%,P0174A-04.75DBK3,Q0174-04.75DBK3,R0174-04.75DBK3,1800,,,접수,,Si_1-Day_Color_Sph,2026-04-01,,S관(3공장),0,1800,0,0,0,0,22610,0,0,0,0,0,0,0
202604010003,국내,국내,,,2026-04-10,KRW,S300-05.00,Clalen O2O2 D_Micelia_Deep Black_10P,Clalen O2O2 D_Deep Black_45%,P0174A-05.00DBK3,Q0174-05.00DBK3,R0174-05.00DBK3,1700,,,접수,,Si_1-Day_Color_Sph,2026-04-01,,S관(3공장),0,1700,0,0,0,0,21154,0,0,0,0,0,0,0
202604010003,국내,국내,,,2026-04-10,KRW,S300-05.50,Clalen O2O2 D_Micelia_Deep Black_10P,Clalen O2O2 D_Deep Black_45%,P0174A-05.50DBK3,Q0174-05.50DBK3,R0174-05.50DBK3,1900,,,접수,,Si_1-Day_Color_Sph,2026-04-01,,S관(3공장),0,1900,0,0,0,0,29883,0,0,0,0,0,0,0
202604010003,국내,국내,,,2026-04-10,KRW,S300-06.00,Clalen O2O2 D_Micelia_Deep Black_10P,Clalen O2O2 D_Deep Black_45%,P0174A-06.00DBK3,Q0174-06.00DBK3,R0174-06.00DBK3,1700,,,접수,,Si_1-Day_Color_Sph,2026-04-01,,S관(3공장),0,1700,0,0,0,0,20977,0,0,0,0,0,0,0
202604010003,국내,국내,,,2026-04-10,KRW,S300-06.50,Clalen O2O2 D_Micelia_Deep Black_10P,Clalen O2O2 D_Deep Black_45%,P0174A-06.50DBK3,Q0174-06.50DBK3,R0174-06.50DBK3,1600,,,접수,,Si_1-Day_Color_Sph,2026-04-01,,S관(3공장),0,1600,0,0,0,0,10810,0,0,0,0,0,0,0
202604010003,국내,국내,,,2026-04-10,KRW,S300-07.00,Clalen O2O2 D_Micelia_Deep Black_10P,Clalen O2O2 D_Deep Black_45%,P0174A-07.00DBK3,Q0174-07.00DBK3,R0174-07.00DBK3,1700,,,접수,,Si_1-Day_Color_Sph,2026-04-01,,S관(3공장),0,1700,0,0,0,0,2362,0,1700,2848,2419,1836,1824,1717
202604010003,국내,국내,,,2026-04-10,KRW,S300-07.50,Clalen O2O2 D_Micelia_Deep Black_10P,Clalen O2O2 D_Deep Black_45%,P0174A-07.50DBK3,Q0174-07.50DBK3,R0174-07.50DBK3,1600,,,접수,,Si_1-Day_Color_Sph,2026-04-01,,S관(3공장),0,1600,0,0,0,0,9650,0,0,0,0,0,0,0
202604010003,국내,국내,,,2026-04-10,KRW,S300-08.00,Clalen O2O2 D_Micelia_Deep Black_10P,Clalen O2O2 D_Deep Black_45%,P0174A-08.00DBK3,Q0174-08.00DBK3,R0174-08.00DBK3,1700,,,접수,,Si_1-Day_Color_Sph,2026-04-01,,S관(3공장),0,1700,0,0,0,0,8175,0,1235,2071,1759,1335,1326,1248
202604010004,국내,국내,,,2026-04-14,KRW,S308-00.00,Clalen O2O2 D_Micelia_Lake Gray_10P,Clalen O2O2 D_Lake Gray_45%,P0175A-00.00LKG3,Q0175-00.00LKG3,R0175-00.00LKG3,2100,,,저장,,Si_1-Day_Color_Sph,2026-04-01,,S관(3공장),0,2100,0,4843,0,0,94103,0,0,0,0,0,0,0
202604010004,국내,국내,,,2026-04-14,KRW,S308-01.00,Clalen O2O2 D_Micelia_Lake Gray_10P,Clalen O2O2 D_Lake Gray_45%,P0175A-01.00LKG3,Q0175-01.00LKG3,R0175-01.00LKG3,1700,,,저장,,Si_1-Day_Color_Sph,2026-04-01,,S관(3공장),0,1700,0,0,0,0,19766,0,0,0,0,0,0,0
202604010004,국내,국내,,,2026-04-14,KRW,S308-01.25,Clalen O2O2 D_Micelia_Lake Gray_10P,Clalen O2O2 D_Lake Gray_45%,P0175A-01.25LKG3,Q0175-01.25LKG3,R0175-01.25LKG3,1500,,,저장,,Si_1-Day_Color_Sph,2026-04-01,,S관(3공장),0,1500,0,0,0,0,9730,0,0,0,0,0,0,0
202604010004,국내,국내,,,2026-04-14,KRW,S308-01.50,Clalen O2O2 D_Micelia_Lake Gray_10P,Clalen O2O2 D_Lake Gray_45%,P0175A-01.50LKG3,Q0175-01.50LKG3,R0175-01.50LKG3,1600,,,저장,,Si_1-Day_Color_Sph,2026-04-01,,S관(3공장),0,1600,0,0,0,0,5325,0,0,0,0,0,0,0
202604010004,국내,국내,,,2026-04-14,KRW,S308-01.75,Clalen O2O2 D_Micelia_Lake Gray_10P,Clalen O2O2 D_Lake Gray_45%,P0175A-01.75LKG3,Q0175-01.75LKG3,R0175-01.75LKG3,1800,,,저장,,Si_1-Day_Color_Sph,2026-04-01,,S관(3공장),0,1800,0,0,0,0,7320,0,0,0,0,0,0,0
202604010004,국내,국내,,,2026-04-14,KRW,S308-02.00,Clalen O2O2 D_Micelia_Lake Gray_10P,Clalen O2O2 D_Lake Gray_45%,P0175A-02.00LKG3,Q0175-02.00LKG3,R0175-02.00LKG3,1600,,,저장,,Si_1-Day_Color_Sph,2026-04-01,,S관(3공장),0,1600,0,0,0,0,39188,0,0,0,0,0,0,0
202604010004,국내,국내,,,2026-04-14,KRW,S308-02.25,Clalen O2O2 D_Micelia_Lake Gray_10P,Clalen O2O2 D_Lake Gray_45%,P0175A-02.25LKG3,Q0175-02.25LKG3,R0175-02.25LKG3,1600,,,저장,,Si_1-Day_Color_Sph,2026-04-01,,S관(3공장),0,1600,0,0,0,0,11450,0,0,0,0,0,0,0
202604010004,국내,국내,,,2026-04-14,KRW,S308-02.50,Clalen O2O2 D_Micelia_Lake Gray_10P,Clalen O2O2 D_Lake Gray_45%,P0175A-02.50LKG3,Q0175-02.50LKG3,R0175-02.50LKG3,1800,,,저장,,Si_1-Day_Color_Sph,2026-04-01,,S관(3공장),0,1800,0,0,0,0,23511,0,0,0,0,0,0,0
202604010004,국내,국내,,,2026-04-14,KRW,S308-02.75,Clalen O2O2 D_Micelia_Lake Gray_10P,Clalen O2O2 D_Lake Gray_45%,P0175A-02.75LKG3,Q0175-02.75LKG3,R0175-02.75LKG3,1800,,,저장,,Si_1-Day_Color_Sph,2026-04-01,,S관(3공장),0,1800,0,0,0,0,30010,0,0,0,0,0,0,0
202604010004,국내,국내,,,2026-04-14,KRW,S308-03.00,Clalen O2O2 D_Micelia_Lake Gray_10P,Clalen O2O2 D_Lake Gray_45%,P0175A-03.00LKG3,Q0175-03.00LKG3,R0175-03.00LKG3,1800,,,저장,,Si_1-Day_Color_Sph,2026-04-01,,S관(3공장),0,1800,0,0,0,0,15695,0,0,0,0,0,0,0
202604010004,국내,국내,,,2026-04-14,KRW,S308-03.25,Clalen O2O2 D_Micelia_Lake Gray_10P,Clalen O2O2 D_Lake Gray_45%,P0175A-03.25LKG3,Q0175-03.25LKG3,R0175-03.25LKG3,1900,,,저장,,Si_1-Day_Color_Sph,2026-04-01,,S관(3공장),0,1900,0,0,0,0,16795,0,0,0,0,0,0,0
202604010004,국내,국내,,,2026-04-14,KRW,S308-03.50,Clalen O2O2 D_Micelia_Lake Gray_10P,Clalen O2O2 D_Lake Gray_45%,P0175A-03.50LKG3,Q0175-03.50LKG3,R0175-03.50LKG3,1500,,,저장,,Si_1-Day_Color_Sph,2026-04-01,,S관(3공장),0,1500,0,0,0,0,18560,0,0,0,0,0,0,0
202604010004,국내,국내,,,2026-04-14,KRW,S308-03.75,Clalen O2O2 D_Micelia_Lake Gray_10P,Clalen O2O2 D_Lake Gray_45%,P0175A-03.75LKG3,Q0175-03.75LKG3,R0175-03.75LKG3,1700,,,저장,,Si_1-Day_Color_Sph,2026-04-01,,S관(3공장),0,1700,0,0,0,0,9055,0,0,0,0,0,0,0
202604010004,국내,국내,,,2026-04-14,KRW,S308-04.00,Clalen O2O2 D_Micelia_Lake Gray_10P,Clalen O2O2 D_Lake Gray_45%,P0175A-04.00LKG3,Q0175-04.00LKG3,R0175-04.00LKG3,1800,,,저장,,Si_1-Day_Color_Sph,2026-04-01,,S관(3공장),0,1800,0,0,0,0,9445,0,0,0,0,0,0,0
202604010004,국내,국내,,,2026-04-14,KRW,S308-04.25,Clalen O2O2 D_Micelia_Lake Gray_10P,Clalen O2O2 D_Lake Gray_45%,P0175A-04.25LKG3,Q0175-04.25LKG3,R0175-04.25LKG3,1500,,,저장,,Si_1-Day_Color_Sph,2026-04-01,,S관(3공장),0,1500,0,0,0,0,0,0,1500,2514,2135,1620,1610,1516
202604010004,국내,국내,,,2026-04-14,KRW,S308-04.50,Clalen O2O2 D_Micelia_Lake Gray_10P,Clalen O2O2 D_Lake Gray_45%,P0175A-04.50LKG3,Q0175-04.50LKG3,R0175-04.50LKG3,1800,,,저장,,Si_1-Day_Color_Sph,2026-04-01,,S관(3공장),0,1800,0,0,0,0,35490,0,0,0,0,0,0,0
202604010004,국내,국내,,,2026-04-14,KRW,S308-04.75,Clalen O2O2 D_Micelia_Lake Gray_10P,Clalen O2O2 D_Lake Gray_45%,P0175A-04.75LKG3,Q0175-04.75LKG3,R0175-04.75LKG3,1600,,,저장,,Si_1-Day_Color_Sph,2026-04-01,,S관(3공장),0,1600,0,0,0,0,32050,0,0,0,0,0,0,0
202604010004,국내,국내,,,2026-04-14,KRW,S308-05.00,Clalen O2O2 D_Micelia_Lake Gray_10P,Clalen O2O2 D_Lake Gray_45%,P0175A-05.00LKG3,Q0175-05.00LKG3,R0175-05.00LKG3,1500,,,저장,,Si_1-Day_Color_Sph,2026-04-01,,S관(3공장),0,1500,0,0,0,0,25770,0,0,0,0,0,0,0
202604010004,국내,국내,,,2026-04-14,KRW,S308-05.50,Clalen O2O2 D_Micelia_Lake Gray_10P,Clalen O2O2 D_Lake Gray_45%,P0175A-05.50LKG3,Q0175-05.50LKG3,R0175-05.50LKG3,1900,,,저장,,Si_1-Day_Color_Sph,2026-04-01,,S관(3공장),0,1900,0,0,0,0,25635,0,0,0,0,0,0,0
202604010004,국내,국내,,,2026-04-14,KRW,S308-06.00,Clalen O2O2 D_Micelia_Lake Gray_10P,Clalen O2O2 D_Lake Gray_45%,P0175A-06.00LKG3,Q0175-06.00LKG3,R0175-06.00LKG3,2000,,,저장,,Si_1-Day_Color_Sph,2026-04-01,,S관(3공장),0,2000,0,0,0,0,23870,0,0,0,0,0,0,0
202604010004,국내,국내,,,2026-04-14,KRW,S308-06.50,Clalen O2O2 D_Micelia_Lake Gray_10P,Clalen O2O2 D_Lake Gray_45%,P0175A-06.50LKG3,Q0175-06.50LKG3,R0175-06.50LKG3,1500,,,저장,,Si_1-Day_Color_Sph,2026-04-01,,S관(3공장),0,1500,0,0,0,0,3560,0,0,0,0,0,0,0
202604010004,국내,국내,,,2026-04-14,KRW,S308-07.00,Clalen O2O2 D_Micelia_Lake Gray_10P,Clalen O2O2 D_Lake Gray_45%,P0175A-07.00LKG3,Q0175-07.00LKG3,R0175-07.00LKG3,1600,,,저장,,Si_1-Day_Color_Sph,2026-04-01,,S관(3공장),0,1600,0,0,0,0,13490,0,0,0,0,0,0,0
202604010004,국내,국내,,,2026-04-14,KRW,S308-07.50,Clalen O2O2 D_Micelia_Lake Gray_10P,Clalen O2O2 D_Lake Gray_45%,P0175A-07.50LKG3,Q0175-07.50LKG3,R0175-07.50LKG3,1500,,,저장,,Si_1-Day_Color_Sph,2026-04-01,,S관(3공장),0,1500,0,0,0,0,13635,0,0,0,0,0,0,0
202604010004,국내,국내,,,2026-04-14,KRW,S308-08.00,Clalen O2O2 D_Micelia_Lake Gray_10P,Clalen O2O2 D_Lake Gray_45%,P0175A-08.00LKG3,Q0175-08.00LKG3,R0175-08.00LKG3,1500,,,저장,,Si_1-Day_Color_Sph,2026-04-01,,S관(3공장),0,1500,0,0,0,0,7073,0,0,0,0,0,0,0
202604010004,국내,국내,,,2026-04-14,KRW,S175-01.00,Clalen O2O2 D_Micelia_Lake Gray_30P,Clalen O2O2 D_Lake Gray_45%,P0175A-01.00LKG3,Q0175-01.00LKG3,R0175-01.00LKG3,6300,,,저장,,Si_1-Day_Color_Sph,2026-04-01,,S관(3공장),0,6300,0,0,0,0,19766,0,0,0,0,0,0,0
202604010004,국내,국내,,,2026-04-14,KRW,S175-01.25,Clalen O2O2 D_Micelia_Lake Gray_30P,Clalen O2O2 D_Lake Gray_45%,P0175A-01.25LKG3,Q0175-01.25LKG3,R0175-01.25LKG3,6600,,,저장,,Si_1-Day_Color_Sph,2026-04-01,,S관(3공장),0,6600,0,0,0,0,9730,0,0,0,0,0,0,0
202604010004,국내,국내,,,2026-04-14,KRW,S175-01.50,Clalen O2O2 D_Micelia_Lake Gray_30P,Clalen O2O2 D_Lake Gray_45%,P0175A-01.50LKG3,Q0175-01.50LKG3,R0175-01.50LKG3,4620,,,저장,,Si_1-Day_Color_Sph,2026-04-01,,S관(3공장),0,4620,0,0,0,0,5325,0,1345,2256,1916,1454,1444,1359
202604010004,국내,국내,,,2026-04-14,KRW,S175-01.75,Clalen O2O2 D_Micelia_Lake Gray_30P,Clalen O2O2 D_Lake Gray_45%,P0175A-01.75LKG3,Q0175-01.75LKG3,R0175-01.75LKG3,7800,,,저장,,Si_1-Day_Color_Sph,2026-04-01,,S관(3공장),0,7800,0,0,0,0,7320,0,2730,4577,3888,2951,2931,2759
202604010004,국내,국내,,,2026-04-14,KRW,S175-02.00,Clalen O2O2 D_Micelia_Lake Gray_30P,Clalen O2O2 D_Lake Gray_45%,P0175A-02.00LKG3,Q0175-02.00LKG3,R0175-02.00LKG3,4320,,,저장,,Si_1-Day_Color_Sph,2026-04-01,,S관(3공장),0,4320,0,0,0,0,39188,0,0,0,0,0,0,0
202604010004,국내,국내,,,2026-04-14,KRW,S175-02.25,Clalen O2O2 D_Micelia_Lake Gray_30P,Clalen O2O2 D_Lake Gray_45%,P0175A-02.25LKG3,Q0175-02.25LKG3,R0175-02.25LKG3,5100,,,저장,,Si_1-Day_Color_Sph,2026-04-01,,S관(3공장),0,5100,0,0,0,0,11450,0,0,0,0,0,0,0
202604010004,국내,국내,,,2026-04-14,KRW,S175-02.50,Clalen O2O2 D_Micelia_Lake Gray_30P,Clalen O2O2 D_Lake Gray_45%,P0175A-02.50LKG3,Q0175-02.50LKG3,R0175-02.50LKG3,6900,,,저장,,Si_1-Day_Color_Sph,2026-04-01,,S관(3공장),0,6900,0,0,0,0,23511,0,0,0,0,0,0,0
202604010004,국내,국내,,,2026-04-14,KRW,S175-02.75,Clalen O2O2 D_Micelia_Lake Gray_30P,Clalen O2O2 D_Lake Gray_45%,P0175A-02.75LKG3,Q0175-02.75LKG3,R0175-02.75LKG3,6990,,,저장,,Si_1-Day_Color_Sph,2026-04-01,,S관(3공장),0,6990,0,0,0,0,30010,0,0,0,0,0,0,0
202604010004,국내,국내,,,2026-04-14,KRW,S175-03.00,Clalen O2O2 D_Micelia_Lake Gray_30P,Clalen O2O2 D_Lake Gray_45%,P0175A-03.00LKG3,Q0175-03.00LKG3,R0175-03.00LKG3,6570,,,저장,,Si_1-Day_Color_Sph,2026-04-01,,S관(3공장),0,6570,0,0,0,0,15695,0,0,0,0,0,0,0
202604010004,국내,국내,,,2026-04-14,KRW,S175-03.25,Clalen O2O2 D_Micelia_Lake Gray_30P,Clalen O2O2 D_Lake Gray_45%,P0175A-03.25LKG3,Q0175-03.25LKG3,R0175-03.25LKG3,6900,,,저장,,Si_1-Day_Color_Sph,2026-04-01,,S관(3공장),0,6900,0,0,0,0,16795,0,0,0,0,0,0,0
202604010004,국내,국내,,,2026-04-14,KRW,S175-03.50,Clalen O2O2 D_Micelia_Lake Gray_30P,Clalen O2O2 D_Lake Gray_45%,P0175A-03.50LKG3,Q0175-03.50LKG3,R0175-03.50LKG3,4350,,,저장,,Si_1-Day_Color_Sph,2026-04-01,,S관(3공장),0,4350,0,0,0,0,18560,0,0,0,0,0,0,0
202604010004,국내,국내,,,2026-04-14,KRW,S175-03.75,Clalen O2O2 D_Micelia_Lake Gray_30P,Clalen O2O2 D_Lake Gray_45%,P0175A-03.75LKG3,Q0175-03.75LKG3,R0175-03.75LKG3,8400,,,저장,,Si_1-Day_Color_Sph,2026-04-01,,S관(3공장),0,8400,0,0,0,0,9055,0,1495,2508,2130,1616,1605,1511
202604010004,국내,국내,,,2026-04-14,KRW,S175-04.00,Clalen O2O2 D_Micelia_Lake Gray_30P,Clalen O2O2 D_Lake Gray_45%,P0175A-04.00LKG3,Q0175-04.00LKG3,R0175-04.00LKG3,4890,,,저장,,Si_1-Day_Color_Sph,2026-04-01,,S관(3공장),0,4890,0,0,0,0,9445,0,0,0,0,0,0,0
202604010004,국내,국내,,,2026-04-14,KRW,S175-04.25,Clalen O2O2 D_Micelia_Lake Gray_30P,Clalen O2O2 D_Lake Gray_45%,P0175A-04.25LKG3,Q0175-04.25LKG3,R0175-04.25LKG3,7680,,,저장,,Si_1-Day_Color_Sph,2026-04-01,,S관(3공장),0,7680,0,0,0,0,0,0,7680,12866,10929,8295,8241,7759
202604010004,국내,국내,,,2026-04-14,KRW,S175-04.50,Clalen O2O2 D_Micelia_Lake Gray_30P,Clalen O2O2 D_Lake Gray_45%,P0175A-04.50LKG3,Q0175-04.50LKG3,R0175-04.50LKG3,5310,,,저장,,Si_1-Day_Color_Sph,2026-04-01,,S관(3공장),0,5310,0,0,0,0,35490,0,0,0,0,0,0,0
202604010004,국내,국내,,,2026-04-14,KRW,S175-04.75,Clalen O2O2 D_Micelia_Lake Gray_30P,Clalen O2O2 D_Lake Gray_45%,P0175A-04.75LKG3,Q0175-04.75LKG3,R0175-04.75LKG3,6690,,,저장,,Si_1-Day_Color_Sph,2026-04-01,,S관(3공장),0,6690,0,0,0,0,32050,0,0,0,0,0,0,0
202604010004,국내,국내,,,2026-04-14,KRW,S175-05.00,Clalen O2O2 D_Micelia_Lake Gray_30P,Clalen O2O2 D_Lake Gray_45%,P0175A-05.00LKG3,Q0175-05.00LKG3,R0175-05.00LKG3,6510,,,저장,,Si_1-Day_Color_Sph,2026-04-01,,S관(3공장),0,6510,0,0,0,0,25770,0,0,0,0,0,0,0
202604010004,국내,국내,,,2026-04-14,KRW,S175-05.50,Clalen O2O2 D_Micelia_Lake Gray_30P,Clalen O2O2 D_Lake Gray_45%,P0175A-05.50LKG3,Q0175-05.50LKG3,R0175-05.50LKG3,6510,,,저장,,Si_1-Day_Color_Sph,2026-04-01,,S관(3공장),0,6510,0,0,0,0,25635,0,0,0,0,0,0,0
202604010004,국내,국내,,,2026-04-14,KRW,S175-06.00,Clalen O2O2 D_Micelia_Lake Gray_30P,Clalen O2O2 D_Lake Gray_45%,P0175A-06.00LKG3,Q0175-06.00LKG3,R0175-06.00LKG3,4650,,,저장,,Si_1-Day_Color_Sph,2026-04-01,,S관(3공장),0,4650,0,0,0,0,23870,0,0,0,0,0,0,0
202604010004,국내,국내,,,2026-04-14,KRW,S175-06.50,Clalen O2O2 D_Micelia_Lake Gray_30P,Clalen O2O2 D_Lake Gray_45%,P0175A-06.50LKG3,Q0175-06.50LKG3,R0175-06.50LKG3,6210,,,저장,,Si_1-Day_Color_Sph,2026-04-01,,S관(3공장),0,6210,0,0,0,0,3560,0,4600,7710,6549,4970,4937,4648
202604010004,국내,국내,,,2026-04-14,KRW,S175-07.00,Clalen O2O2 D_Micelia_Lake Gray_30P,Clalen O2O2 D_Lake Gray_45%,P0175A-07.00LKG3,Q0175-07.00LKG3,R0175-07.00LKG3,5130,,,저장,,Si_1-Day_Color_Sph,2026-04-01,,S관(3공장),0,5130,0,0,0,0,13490,0,0,0,0,0,0,0
202604010004,국내,국내,,,2026-04-14,KRW,S175-07.50,Clalen O2O2 D_Micelia_Lake Gray_30P,Clalen O2O2 D_Lake Gray_45%,P0175A-07.50LKG3,Q0175-07.50LKG3,R0175-07.50LKG3,3510,,,저장,,Si_1-Day_Color_Sph,2026-04-01,,S관(3공장),0,3510,0,0,0,0,13635,0,0,0,0,0,0,0
202604010004,국내,국내,,,2026-04-14,KRW,S175-08.00,Clalen O2O2 D_Micelia_Lake Gray_30P,Clalen O2O2 D_Lake Gray_45%,P0175A-08.00LKG3,Q0175-08.00LKG3,R0175-08.00LKG3,6240,,,저장,,Si_1-Day_Color_Sph,2026-04-01,,S관(3공장),0,6240,0,0,0,0,7073,0,1117,1875,1592,1208,1200,1129
202604010005,국내,국내,,,2026-04-17,KRW,S309-00.00,Clalen O2O2 D_Micelia_Mute Brown_10P,Clalen O2O2 D_Mute Brown_45%,P0176A-00.00MBN3,Q0176-00.00MBN3,R0176-00.00MBN3,2100,,,저장,,Si_1-Day_Color_Sph,2026-04-01,,S관(3공장),0,2100,0,0,0,0,57936,0,0,0,0,0,0,0
202604010005,국내,국내,,,2026-04-17,KRW,S309-01.00,Clalen O2O2 D_Micelia_Mute Brown_10P,Clalen O2O2 D_Mute Brown_45%,P0176A-01.00MBN3,Q0176-01.00MBN3,R0176-01.00MBN3,1900,,,저장,,Si_1-Day_Color_Sph,2026-04-01,,S관(3공장),0,1900,0,0,0,0,16060,0,0,0,0,0,0,0
202604010005,국내,국내,,,2026-04-17,KRW,S309-01.25,Clalen O2O2 D_Micelia_Mute Brown_10P,Clalen O2O2 D_Mute Brown_45%,P0176A-01.25MBN3,Q0176-01.25MBN3,R0176-01.25MBN3,1500,,,저장,,Si_1-Day_Color_Sph,2026-04-01,,S관(3공장),0,1500,0,0,0,0,22615,0,0,0,0,0,0,0
202604010005,국내,국내,,,2026-04-17,KRW,S309-01.50,Clalen O2O2 D_Micelia_Mute Brown_10P,Clalen O2O2 D_Mute Brown_45%,P0176A-01.50MBN3,Q0176-01.50MBN3,R0176-01.50MBN3,1700,,,저장,,Si_1-Day_Color_Sph,2026-04-01,,S관(3공장),0,1700,0,0,0,0,32025,0,0,0,0,0,0,0
202604010005,국내,국내,,,2026-04-17,KRW,S309-01.75,Clalen O2O2 D_Micelia_Mute Brown_10P,Clalen O2O2 D_Mute Brown_45%,P0176A-01.75MBN3,Q0176-01.75MBN3,R0176-01.75MBN3,1600,,,저장,,Si_1-Day_Color_Sph,2026-04-01,,S관(3공장),0,1600,0,0,0,0,18885,0,0,0,0,0,0,0
202604010005,국내,국내,,,2026-04-17,KRW,S309-02.00,Clalen O2O2 D_Micelia_Mute Brown_10P,Clalen O2O2 D_Mute Brown_45%,P0176A-02.00MBN3,Q0176-02.00MBN3,R0176-02.00MBN3,1600,,,저장,,Si_1-Day_Color_Sph,2026-04-01,,S관(3공장),0,1600,0,0,0,0,29330,0,0,0,0,0,0,0
202604010005,국내,국내,,,2026-04-17,KRW,S309-02.25,Clalen O2O2 D_Micelia_Mute Brown_10P,Clalen O2O2 D_Mute Brown_45%,P0176A-02.25MBN3,Q0176-02.25MBN3,R0176-02.25MBN3,2000,,,저장,,Si_1-Day_Color_Sph,2026-04-01,,S관(3공장),0,2000,0,0,0,0,646,0,1804,3023,2568,1949,1936,1823
202604010005,국내,국내,,,2026-04-17,KRW,S309-02.50,Clalen O2O2 D_Micelia_Mute Brown_10P,Clalen O2O2 D_Mute Brown_45%,P0176A-02.50MBN3,Q0176-02.50MBN3,R0176-02.50MBN3,2000,,,저장,,Si_1-Day_Color_Sph,2026-04-01,,S관(3공장),0,2000,0,0,0,0,14105,0,0,0,0,0,0,0
202604010005,국내,국내,,,2026-04-17,KRW,S309-02.75,Clalen O2O2 D_Micelia_Mute Brown_10P,Clalen O2O2 D_Mute Brown_45%,P0176A-02.75MBN3,Q0176-02.75MBN3,R0176-02.75MBN3,2000,,,저장,,Si_1-Day_Color_Sph,2026-04-01,,S관(3공장),0,2000,0,0,0,0,834,0,1616,2708,2301,1746,1735,1633
202604010005,국내,국내,,,2026-04-17,KRW,S309-03.00,Clalen O2O2 D_Micelia_Mute Brown_10P,Clalen O2O2 D_Mute Brown_45%,P0176A-03.00MBN3,Q0176-03.00MBN3,R0176-03.00MBN3,1700,,,저장,,Si_1-Day_Color_Sph,2026-04-01,,S관(3공장),0,1700,0,0,0,0,22376,0,0,0,0,0,0,0
202604010005,국내,국내,,,2026-04-17,KRW,S309-03.25,Clalen O2O2 D_Micelia_Mute Brown_10P,Clalen O2O2 D_Mute Brown_45%,P0176A-03.25MBN3,Q0176-03.25MBN3,R0176-03.25MBN3,1600,,,저장,,Si_1-Day_Color_Sph,2026-04-01,,S관(3공장),0,1600,0,0,0,0,26114,0,0,0,0,0,0,0
202604010005,국내,국내,,,2026-04-17,KRW,S309-03.50,Clalen O2O2 D_Micelia_Mute Brown_10P,Clalen O2O2 D_Mute Brown_45%,P0176A-03.50MBN3,Q0176-03.50MBN3,R0176-03.50MBN3,1800,,,저장,,Si_1-Day_Color_Sph,2026-04-01,,S관(3공장),0,1800,0,0,0,0,23496,0,0,0,0,0,0,0
202604010005,국내,국내,,,2026-04-17,KRW,S309-03.75,Clalen O2O2 D_Micelia_Mute Brown_10P,Clalen O2O2 D_Mute Brown_45%,P0176A-03.75MBN3,Q0176-03.75MBN3,R0176-03.75MBN3,1400,,,저장,,Si_1-Day_Color_Sph,2026-04-01,,S관(3공장),0,1400,0,0,0,0,9460,0,0,0,0,0,0,0
202604010005,국내,국내,,,2026-04-17,KRW,S309-04.00,Clalen O2O2 D_Micelia_Mute Brown_10P,Clalen O2O2 D_Mute Brown_45%,P0176A-04.00MBN3,Q0176-04.00MBN3,R0176-04.00MBN3,1900,,,저장,,Si_1-Day_Color_Sph,2026-04-01,,S관(3공장),0,1900,0,0,0,0,24105,0,0,0,0,0,0,0
202604010005,국내,국내,,,2026-04-17,KRW,S309-04.25,Clalen O2O2 D_Micelia_Mute Brown_10P,Clalen O2O2 D_Mute Brown_45%,P0176A-04.25MBN3,Q0176-04.25MBN3,R0176-04.25MBN3,1600,,,저장,,Si_1-Day_Color_Sph,2026-04-01,,S관(3공장),0,1600,0,0,0,0,15082,0,0,0,0,0,0,0
202604010005,국내,국내,,,2026-04-17,KRW,S309-04.50,Clalen O2O2 D_Micelia_Mute Brown_10P,Clalen O2O2 D_Mute Brown_45%,P0176A-04.50MBN3,Q0176-04.50MBN3,R0176-04.50MBN3,1600,,,저장,,Si_1-Day_Color_Sph,2026-04-01,,S관(3공장),0,1600,0,0,0,0,9795,0,0,0,0,0,0,0
202604010005,국내,국내,,,2026-04-17,KRW,S309-04.75,Clalen O2O2 D_Micelia_Mute Brown_10P,Clalen O2O2 D_Mute Brown_45%,P0176A-04.75MBN3,Q0176-04.75MBN3,R0176-04.75MBN3,1900,,,저장,,Si_1-Day_Color_Sph,2026-04-01,,S관(3공장),0,1900,0,0,0,0,13544,0,0,0,0,0,0,0
202604010005,국내,국내,,,2026-04-17,KRW,S309-05.00,Clalen O2O2 D_Micelia_Mute Brown_10P,Clalen O2O2 D_Mute Brown_45%,P0176A-05.00MBN3,Q0176-05.00MBN3,R0176-05.00MBN3,1900,,,저장,,Si_1-Day_Color_Sph,2026-04-01,,S관(3공장),0,1900,0,0,0,0,14195,0,0,0,0,0,0,0
202604010005,국내,국내,,,2026-04-17,KRW,S309-05.50,Clalen O2O2 D_Micelia_Mute Brown_10P,Clalen O2O2 D_Mute Brown_45%,P0176A-05.50MBN3,Q0176-05.50MBN3,R0176-05.50MBN3,1700,,,저장,,Si_1-Day_Color_Sph,2026-04-01,,S관(3공장),0,1700,0,0,0,0,4060,0,0,0,0,0,0,0
202604010005,국내,국내,,,2026-04-17,KRW,S309-06.00,Clalen O2O2 D_Micelia_Mute Brown_10P,Clalen O2O2 D_Mute Brown_45%,P0176A-06.00MBN3,Q0176-06.00MBN3,R0176-06.00MBN3,1900,,,저장,,Si_1-Day_Color_Sph,2026-04-01,,S관(3공장),0,1900,0,0,0,0,9130,0,0,0,0,0,0,0
202604010005,국내,국내,,,2026-04-17,KRW,S309-06.50,Clalen O2O2 D_Micelia_Mute Brown_10P,Clalen O2O2 D_Mute Brown_45%,P0176A-06.50MBN3,Q0176-06.50MBN3,R0176-06.50MBN3,1900,,,저장,,Si_1-Day_Color_Sph,2026-04-01,,S관(3공장),0,1900,0,0,0,0,13045,0,0,0,0,0,0,0
202604010005,국내,국내,,,2026-04-17,KRW,S309-07.00,Clalen O2O2 D_Micelia_Mute Brown_10P,Clalen O2O2 D_Mute Brown_45%,P0176A-07.00MBN3,Q0176-07.00MBN3,R0176-07.00MBN3,1600,,,저장,,Si_1-Day_Color_Sph,2026-04-01,,S관(3공장),0,1600,0,0,0,0,16415,0,0,0,0,0,0,0
202604010005,국내,국내,,,2026-04-17,KRW,S309-07.50,Clalen O2O2 D_Micelia_Mute Brown_10P,Clalen O2O2 D_Mute Brown_45%,P0176A-07.50MBN3,Q0176-07.50MBN3,R0176-07.50MBN3,1500,,,저장,,Si_1-Day_Color_Sph,2026-04-01,,S관(3공장),0,1500,0,0,0,0,6585,0,0,0,0,0,0,0
202604010005,국내,국내,,,2026-04-17,KRW,S309-08.00,Clalen O2O2 D_Micelia_Mute Brown_10P,Clalen O2O2 D_Mute Brown_45%,P0176A-08.00MBN3,Q0176-08.00MBN3,R0176-08.00MBN3,1600,,,저장,,Si_1-Day_Color_Sph,2026-04-01,,S관(3공장),0,1600,0,0,0,0,2325,0,0,0,0,0,0,0
202604010005,국내,국내,,,2026-04-17,KRW,S176-00.00,Clalen O2O2 D_Micelia_Mute Brown_30P,Clalen O2O2 D_Mute Brown_45%,P0176A-00.00MBN3,Q0176-00.00MBN3,R0176-00.00MBN3,660,,,저장,,Si_1-Day_Color_Sph,2026-04-01,,S관(3공장),0,660,0,0,0,0,57936,0,0,0,0,0,0,0
202604010005,국내,국내,,,2026-04-17,KRW,S176-01.00,Clalen O2O2 D_Micelia_Mute Brown_30P,Clalen O2O2 D_Mute Brown_45%,P0176A-01.00MBN3,Q0176-01.00MBN3,R0176-01.00MBN3,8790,,,저장,,Si_1-Day_Color_Sph,2026-04-01,,S관(3공장),0,8790,0,0,0,0,16060,0,0,0,0,0,0,0
202604010005,국내,국내,,,2026-04-17,KRW,S176-01.25,Clalen O2O2 D_Micelia_Mute Brown_30P,Clalen O2O2 D_Mute Brown_45%,P0176A-01.25MBN3,Q0176-01.25MBN3,R0176-01.25MBN3,7050,,,저장,,Si_1-Day_Color_Sph,2026-04-01,,S관(3공장),0,7050,0,0,0,0,22615,0,0,0,0,0,0,0
202604010005,국내,국내,,,2026-04-17,KRW,S176-01.50,Clalen O2O2 D_Micelia_Mute Brown_30P,Clalen O2O2 D_Mute Brown_45%,P0176A-01.50MBN3,Q0176-01.50MBN3,R0176-01.50MBN3,6630,,,저장,,Si_1-Day_Color_Sph,2026-04-01,,S관(3공장),0,6630,0,0,0,0,32025,0,0,0,0,0,0,0
202604010005,국내,국내,,,2026-04-17,KRW,S176-01.75,Clalen O2O2 D_Micelia_Mute Brown_30P,Clalen O2O2 D_Mute Brown_45%,P0176A-01.75MBN3,Q0176-01.75MBN3,R0176-01.75MBN3,7530,,,저장,,Si_1-Day_Color_Sph,2026-04-01,,S관(3공장),0,7530,0,0,0,0,18885,0,0,0,0,0,0,0
202604010005,국내,국내,,,2026-04-17,KRW,S176-02.00,Clalen O2O2 D_Micelia_Mute Brown_30P,Clalen O2O2 D_Mute Brown_45%,P0176A-02.00MBN3,Q0176-02.00MBN3,R0176-02.00MBN3,8430,,,저장,,Si_1-Day_Color_Sph,2026-04-01,,S관(3공장),0,8430,0,0,0,0,29330,0,0,0,0,0,0,0
202604010005,국내,국내,,,2026-04-17,KRW,S176-02.25,Clalen O2O2 D_Micelia_Mute Brown_30P,Clalen O2O2 D_Mute Brown_45%,P0176A-02.25MBN3,Q0176-02.25MBN3,R0176-02.25MBN3,7470,,,저장,,Si_1-Day_Color_Sph,2026-04-01,,S관(3공장),0,7470,0,0,0,0,646,0,7470,12514,10630,8068,8016,7547
202604010005,국내,국내,,,2026-04-17,KRW,S176-02.50,Clalen O2O2 D_Micelia_Mute Brown_30P,Clalen O2O2 D_Mute Brown_45%,P0176A-02.50MBN3,Q0176-02.50MBN3,R0176-02.50MBN3,5010,,,저장,,Si_1-Day_Color_Sph,2026-04-01,,S관(3공장),0,5010,0,0,0,0,14105,0,0,0,0,0,0,0
202604010005,국내,국내,,,2026-04-17,KRW,S176-02.75,Clalen O2O2 D_Micelia_Mute Brown_30P,Clalen O2O2 D_Mute Brown_45%,P0176A-02.75MBN3,Q0176-02.75MBN3,R0176-02.75MBN3,4410,,,저장,,Si_1-Day_Color_Sph,2026-04-01,,S관(3공장),0,4410,0,0,0,0,834,0,4410,7389,6276,4764,4732,4456
202604010005,국내,국내,,,2026-04-17,KRW,S176-03.00,Clalen O2O2 D_Micelia_Mute Brown_30P,Clalen O2O2 D_Mute Brown_45%,P0176A-03.00MBN3,Q0176-03.00MBN3,R0176-03.00MBN3,8310,,,저장,,Si_1-Day_Color_Sph,2026-04-01,,S관(3공장),0,8310,0,0,0,0,22376,0,0,0,0,0,0,0
202604010005,국내,국내,,,2026-04-17,KRW,S176-03.25,Clalen O2O2 D_Micelia_Mute Brown_30P,Clalen O2O2 D_Mute Brown_45%,P0176A-03.25MBN3,Q0176-03.25MBN3,R0176-03.25MBN3,8100,,,저장,,Si_1-Day_Color_Sph,2026-04-01,,S관(3공장),0,8100,0,0,0,0,26114,0,0,0,0,0,0,0
202604010005,국내,국내,,,2026-04-17,KRW,S176-03.50,Clalen O2O2 D_Micelia_Mute Brown_30P,Clalen O2O2 D_Mute Brown_45%,P0176A-03.50MBN3,Q0176-03.50MBN3,R0176-03.50MBN3,6990,,,저장,,Si_1-Day_Color_Sph,2026-04-01,,S관(3공장),0,6990,0,0,0,0,23496,0,0,0,0,0,0,0
202604010005,국내,국내,,,2026-04-17,KRW,S176-03.75,Clalen O2O2 D_Micelia_Mute Brown_30P,Clalen O2O2 D_Mute Brown_45%,P0176A-03.75MBN3,Q0176-03.75MBN3,R0176-03.75MBN3,3450,,,저장,,Si_1-Day_Color_Sph,2026-04-01,,S관(3공장),0,3450,0,0,0,0,9460,0,0,0,0,0,0,0
202604010005,국내,국내,,,2026-04-17,KRW,S176-04.00,Clalen O2O2 D_Micelia_Mute Brown_30P,Clalen O2O2 D_Mute Brown_45%,P0176A-04.00MBN3,Q0176-04.00MBN3,R0176-04.00MBN3,6240,,,저장,,Si_1-Day_Color_Sph,2026-04-01,,S관(3공장),0,6240,0,0,0,0,24105,0,0,0,0,0,0,0
202604010005,국내,국내,,,2026-04-17,KRW,S176-04.25,Clalen O2O2 D_Micelia_Mute Brown_30P,Clalen O2O2 D_Mute Brown_45%,P0176A-04.25MBN3,Q0176-04.25MBN3,R0176-04.25MBN3,6060,,,저장,,Si_1-Day_Color_Sph,2026-04-01,,S관(3공장),0,6060,0,0,0,0,15082,0,0,0,0,0,0,0
202604010005,국내,국내,,,2026-04-17,KRW,S176-04.50,Clalen O2O2 D_Micelia_Mute Brown_30P,Clalen O2O2 D_Mute Brown_45%,P0176A-04.50MBN3,Q0176-04.50MBN3,R0176-04.50MBN3,7740,,,저장,,Si_1-Day_Color_Sph,2026-04-01,,S관(3공장),0,7740,0,0,0,0,9795,0,0,0,0,0,0,0
202604010005,국내,국내,,,2026-04-17,KRW,S176-04.75,Clalen O2O2 D_Micelia_Mute Brown_30P,Clalen O2O2 D_Mute Brown_45%,P0176A-04.75MBN3,Q0176-04.75MBN3,R0176-04.75MBN3,6030,,,저장,,Si_1-Day_Color_Sph,2026-04-01,,S관(3공장),0,6030,0,0,0,0,13544,0,0,0,0,0,0,0
202604010005,국내,국내,,,2026-04-17,KRW,S176-05.00,Clalen O2O2 D_Micelia_Mute Brown_30P,Clalen O2O2 D_Mute Brown_45%,P0176A-05.00MBN3,Q0176-05.00MBN3,R0176-05.00MBN3,7140,,,저장,,Si_1-Day_Color_Sph,2026-04-01,,S관(3공장),0,7140,0,0,0,0,14195,0,0,0,0,0,0,0
202604010005,국내,국내,,,2026-04-17,KRW,S176-05.50,Clalen O2O2 D_Micelia_Mute Brown_30P,Clalen O2O2 D_Mute Brown_45%,P0176A-05.50MBN3,Q0176-05.50MBN3,R0176-05.50MBN3,8070,,,저장,,Si_1-Day_Color_Sph,2026-04-01,,S관(3공장),0,8070,0,0,0,0,4060,0,6160,10321,8767,6654,6610,6224
202604010005,국내,국내,,,2026-04-17,KRW,S176-06.00,Clalen O2O2 D_Micelia_Mute Brown_30P,Clalen O2O2 D_Mute Brown_45%,P0176A-06.00MBN3,Q0176-06.00MBN3,R0176-06.00MBN3,8970,,,저장,,Si_1-Day_Color_Sph,2026-04-01,,S관(3공장),0,8970,0,0,0,0,9130,0,2190,3672,3119,2367,2351,2213
202604010005,국내,국내,,,2026-04-17,KRW,S176-06.50,Clalen O2O2 D_Micelia_Mute Brown_30P,Clalen O2O2 D_Mute Brown_45%,P0176A-06.50MBN3,Q0176-06.50MBN3,R0176-06.50MBN3,6270,,,저장,,Si_1-Day_Color_Sph,2026-04-01,,S관(3공장),0,6270,0,0,0,0,13045,0,0,0,0,0,0,0
202604010005,국내,국내,,,2026-04-17,KRW,S176-07.00,Clalen O2O2 D_Micelia_Mute Brown_30P,Clalen O2O2 D_Mute Brown_45%,P0176A-07.00MBN3,Q0176-07.00MBN3,R0176-07.00MBN3,8370,,,저장,,Si_1-Day_Color_Sph,2026-04-01,,S관(3공장),0,8370,0,0,0,0,16415,0,0,0,0,0,0,0
202604010005,국내,국내,,,2026-04-17,KRW,S176-07.50,Clalen O2O2 D_Micelia_Mute Brown_30P,Clalen O2O2 D_Mute Brown_45%,P0176A-07.50MBN3,Q0176-07.50MBN3,R0176-07.50MBN3,8100,,,저장,,Si_1-Day_Color_Sph,2026-04-01,,S관(3공장),0,8100,0,0,0,0,6585,0,3465,5808,4933,3744,3719,3501
202604010005,국내,국내,,,2026-04-17,KRW,S176-08.00,Clalen O2O2 D_Micelia_Mute Brown_30P,Clalen O2O2 D_Mute Brown_45%,P0176A-08.00MBN3,Q0176-08.00MBN3,R0176-08.00MBN3,4800,,,저장,,Si_1-Day_Color_Sph,2026-04-01,,S관(3공장),0,4800,0,0,0,0,2325,0,4525,7582,6440,4888,4856,4572
202604010005,국내,국내,,,2026-04-17,KRW,S611-00.00,Clalen O2O2 M_Natural Chocolat EX_2P,O2O2 M_Natural Chocolat EX_(중),P3402M-00.00BRW,Q3402-00.00BRW,R3402-00.00BRW,204,,,저장,,Si_FRP_Color_Sph,2026-04-01,,S관(3공장),0,204,0,921,0,0,3314,0,0,0,0,0,0,0
202604010005,국내,국내,,,2026-04-17,KRW,S611-01.75,Clalen O2O2 M_Natural Chocolat EX_2P,O2O2 M_Natural Chocolat EX_(중),P3402M-01.75BRW,Q3402-01.75BRW,R3402-01.75BRW,132,,,저장,,Si_FRP_Color_Sph,2026-04-01,,S관(3공장),0,132,0,5495,0,0,632,0,0,0,0,0,0,0
202604010005,국내,국내,,,2026-04-17,KRW,S611-02.75,Clalen O2O2 M_Natural Chocolat EX_2P,O2O2 M_Natural Chocolat EX_(중),P3402M-02.75BRW,Q3402-02.75BRW,R3402-02.75BRW,44,,,저장,,Si_FRP_Color_Sph,2026-04-01,,S관(3공장),0,44,0,167,0,0,842,0,0,0,0,0,0,0
202604010005,국내,국내,,,2026-04-17,KRW,S611-03.00,Clalen O2O2 M_Natural Chocolat EX_2P,O2O2 M_Natural Chocolat EX_(중),P3402M-03.00BRW,Q3402-03.00BRW,R3402-03.00BRW,148,,,저장,,Si_FRP_Color_Sph,2026-04-01,,S관(3공장),0,148,0,5276,0,0,1193,0,0,0,0,0,0,0
202604010005,국내,국내,,,2026-04-17,KRW,S611-03.25,Clalen O2O2 M_Natural Chocolat EX_2P,O2O2 M_Natural Chocolat EX_(중),P3402M-03.25BRW,Q3402-03.25BRW,R3402-03.25BRW,74,,,저장,,Si_FRP_Color_Sph,2026-04-01,,S관(3공장),0,74,0,0,0,0,527,0,0,0,0,0,0,0
202604010005,국내,국내,,,2026-04-17,KRW,S611-03.50,Clalen O2O2 M_Natural Chocolat EX_2P,O2O2 M_Natural Chocolat EX_(중),P3402M-03.50BRW,Q3402-03.50BRW,R3402-03.50BRW,118,,,저장,,Si_FRP_Color_Sph,2026-04-01,,S관(3공장),0,118,0,644,0,0,972,0,0,0,0,0,0,0
202604010005,국내,국내,,,2026-04-17,KRW,S611-03.75,Clalen O2O2 M_Natural Chocolat EX_2P,O2O2 M_Natural Chocolat EX_(중),P3402M-03.75BRW,Q3402-03.75BRW,R3402-03.75BRW,96,,,저장,,Si_FRP_Color_Sph,2026-04-01,,S관(3공장),0,96,0,3373,0,0,1254,0,0,0,0,0,0,0
202604010005,국내,국내,,,2026-04-17,KRW,S611-04.00,Clalen O2O2 M_Natural Chocolat EX_2P,O2O2 M_Natural Chocolat EX_(중),P3402M-04.00BRW,Q3402-04.00BRW,R3402-04.00BRW,28,,,저장,,Si_FRP_Color_Sph,2026-04-01,,S관(3공장),0,28,0,811,0,0,383,0,0,0,0,0,0,0
202604010005,국내,국내,,,2026-04-17,KRW,S611-05.00,Clalen O2O2 M_Natural Chocolat EX_2P,O2O2 M_Natural Chocolat EX_(중),P3402M-05.00BRW,Q3402-05.00BRW,R3402-05.00BRW,14,,,저장,,Si_FRP_Color_Sph,2026-04-01,,S관(3공장),0,14,0,0,0,0,832,0,0,0,0,0,0,0
202604010005,국내,국내,,,2026-04-17,KRW,S611-05.50,Clalen O2O2 M_Natural Chocolat EX_2P,O2O2 M_Natural Chocolat EX_(중),P3402M-05.50BRW,Q3402-05.50BRW,R3402-05.50BRW,94,,,저장,,Si_FRP_Color_Sph,2026-04-01,,S관(3공장),0,94,0,0,0,0,736,0,0,0,0,0,0,0
202604010006,국내,국내,,,2026-04-21,KRW,S619-00.00,Clalen O2O2 D_Ash Gray EX_30P,O2O2 D_Ash Gray EX,P3407A-00.00ASG,Q3407-00.00ASG,R3407-00.00ASG,8790,,,저장,,Si_1-Day_Color_Sph,2026-04-01,,S관(3공장),0,8790,0,0,0,0,98950,0,0,0,0,0,0,0
202604010006,국내,국내,,,2026-04-21,KRW,S619-01.75,Clalen O2O2 D_Ash Gray EX_30P,O2O2 D_Ash Gray EX,P3407A-01.75ASG,Q3407-01.75ASG,R3407-01.75ASG,3450,,,저장,,Si_1-Day_Color_Sph,2026-04-01,,S관(3공장),0,3450,0,0,923,0,6870,0,0,0,0,0,0,0
202604010006,국내,국내,,,2026-04-21,KRW,S619-02.00,Clalen O2O2 D_Ash Gray EX_30P,O2O2 D_Ash Gray EX,P3407A-02.00ASG,Q3407-02.00ASG,R3407-02.00ASG,4200,,,저장,,Si_1-Day_Color_Sph,2026-04-01,,S관(3공장),0,4200,0,0,2168,0,11905,0,0,0,0,0,0,0
202604010006,국내,국내,,,2026-04-21,KRW,S619-02.25,Clalen O2O2 D_Ash Gray EX_30P,O2O2 D_Ash Gray EX,P3407A-02.25ASG,Q3407-02.25ASG,R3407-02.25ASG,480,,,저장,,Si_1-Day_Color_Sph,2026-04-01,,S관(3공장),0,480,0,0,1090,0,12245,0,0,0,0,0,0,0
202604010006,국내,국내,,,2026-04-21,KRW,S619-02.50,Clalen O2O2 D_Ash Gray EX_30P,O2O2 D_Ash Gray EX,P3407A-02.50ASG,Q3407-02.50ASG,R3407-02.50ASG,3810,,,저장,,Si_1-Day_Color_Sph,2026-04-01,,S관(3공장),0,3810,0,0,1133,0,19910,0,0,0,0,0,0,0
202604010006,국내,국내,,,2026-04-21,KRW,S619-02.75,Clalen O2O2 D_Ash Gray EX_30P,O2O2 D_Ash Gray EX,P3407A-02.75ASG,Q3407-02.75ASG,R3407-02.75ASG,3390,,,저장,,Si_1-Day_Color_Sph,2026-04-01,,S관(3공장),0,3390,0,0,0,0,24245,0,0,0,0,0,0,0
202604010006,국내,국내,,,2026-04-21,KRW,S619-03.25,Clalen O2O2 D_Ash Gray EX_30P,O2O2 D_Ash Gray EX,P3407A-03.25ASG,Q3407-03.25ASG,R3407-03.25ASG,3090,,,저장,,Si_1-Day_Color_Sph,2026-04-01,,S관(3공장),0,3090,0,0,0,0,21890,0,0,0,0,0,0,0
202604010006,국내,국내,,,2026-04-21,KRW,S619-03.75,Clalen O2O2 D_Ash Gray EX_30P,O2O2 D_Ash Gray EX,P3407A-03.75ASG,Q3407-03.75ASG,R3407-03.75ASG,5280,,,저장,,Si_1-Day_Color_Sph,2026-04-01,,S관(3공장),0,5280,0,0,0,0,6235,0,0,0,0,0,0,0
202604010006,국내,국내,,,2026-04-21,KRW,S619-04.25,Clalen O2O2 D_Ash Gray EX_30P,O2O2 D_Ash Gray EX,P3407A-04.25ASG,Q3407-04.25ASG,R3407-04.25ASG,1470,,,저장,,Si_1-Day_Color_Sph,2026-04-01,,S관(3공장),0,1470,0,0,0,0,23130,0,0,0,0,0,0,0
202604010006,국내,국내,,,2026-04-21,KRW,S619-04.50,Clalen O2O2 D_Ash Gray EX_30P,O2O2 D_Ash Gray EX,P3407A-04.50ASG,Q3407-04.50ASG,R3407-04.50ASG,120,,,저장,,Si_1-Day_Color_Sph,2026-04-01,,S관(3공장),0,120,0,0,0,0,4620,0,0,0,0,0,0,0
202604010006,국내,국내,,,2026-04-21,KRW,S619-05.00,Clalen O2O2 D_Ash Gray EX_30P,O2O2 D_Ash Gray EX,P3407A-05.00ASG,Q3407-05.00ASG,R3407-05.00ASG,2520,,,저장,,Si_1-Day_Color_Sph,2026-04-01,,S관(3공장),0,2520,0,0,0,0,3940,0,710,1190,1011,768,763,718
202604010006,국내,국내,,,2026-04-21,KRW,S619-05.50,Clalen O2O2 D_Ash Gray EX_30P,O2O2 D_Ash Gray EX,P3407A-05.50ASG,Q3407-05.50ASG,R3407-05.50ASG,1830,,,저장,,Si_1-Day_Color_Sph,2026-04-01,,S관(3공장),0,1830,0,0,0,0,13445,0,0,0,0,0,0,0
202604010006,국내,국내,,,2026-04-21,KRW,S619-06.50,Clalen O2O2 D_Ash Gray EX_30P,O2O2 D_Ash Gray EX,P3407A-06.50ASG,Q3407-06.50ASG,R3407-06.50ASG,4710,,,저장,,Si_1-Day_Color_Sph,2026-04-01,,S관(3공장),0,4710,0,0,0,0,7530,0,0,0,0,0,0,0
202604010006,국내,국내,,,2026-04-21,KRW,S183-00.00,Clalen O2O2 D_Ash Gray EX_90P,O2O2 D_Ash Gray EX,P3407A-00.00ASG,Q3407-00.00ASG,R3407-00.00ASG,7110,,,저장,,Si_1-Day_Color_Sph,2026-04-01,,S관(3공장),0,7110,0,0,0,0,98950,0,0,0,0,0,0,0
202604010006,국내,국내,,,2026-04-21,KRW,S183-00.50,Clalen O2O2 D_Ash Gray EX_90P,O2O2 D_Ash Gray EX,P3407A-00.50ASG,Q3407-00.50ASG,R3407-00.50ASG,540,,,저장,,Si_1-Day_Color_Sph,2026-04-01,,S관(3공장),0,540,0,0,0,0,2825,0,0,0,0,0,0,0
202604010006,국내,국내,,,2026-04-21,KRW,S183-00.75,Clalen O2O2 D_Ash Gray EX_90P,O2O2 D_Ash Gray EX,P3407A-00.75ASG,Q3407-00.75ASG,R3407-00.75ASG,540,,,저장,,Si_1-Day_Color_Sph,2026-04-01,,S관(3공장),0,540,0,0,0,0,22125,0,0,0,0,0,0,0
202604010006,국내,국내,,,2026-04-21,KRW,S183-01.00,Clalen O2O2 D_Ash Gray EX_90P,O2O2 D_Ash Gray EX,P3407A-01.00ASG,Q3407-01.00ASG,R3407-01.00ASG,4680,,,저장,,Si_1-Day_Color_Sph,2026-04-01,,S관(3공장),0,4680,0,0,0,0,6775,0,0,0,0,0,0,0
202604010006,국내,국내,,,2026-04-21,KRW,S183-01.25,Clalen O2O2 D_Ash Gray EX_90P,O2O2 D_Ash Gray EX,P3407A-01.25ASG,Q3407-01.25ASG,R3407-01.25ASG,2070,,,저장,,Si_1-Day_Color_Sph,2026-04-01,,S관(3공장),0,2070,0,0,0,0,5035,0,0,0,0,0,0,0
202604010006,국내,국내,,,2026-04-21,KRW,S183-01.50,Clalen O2O2 D_Ash Gray EX_90P,O2O2 D_Ash Gray EX,P3407A-01.50ASG,Q3407-01.50ASG,R3407-01.50ASG,3870,,,저장,,Si_1-Day_Color_Sph,2026-04-01,,S관(3공장),0,3870,0,0,0,0,14710,0,0,0,0,0,0,0
202604010006,국내,국내,,,2026-04-21,KRW,S183-01.75,Clalen O2O2 D_Ash Gray EX_90P,O2O2 D_Ash Gray EX,P3407A-01.75ASG,Q3407-01.75ASG,R3407-01.75ASG,1440,,,저장,,Si_1-Day_Color_Sph,2026-04-01,,S관(3공장),0,1440,0,0,923,0,6870,0,420,0,0,0,0,425
202604010006,국내,국내,,,2026-04-21,KRW,S183-02.00,Clalen O2O2 D_Ash Gray EX_90P,O2O2 D_Ash Gray EX,P3407A-02.00ASG,Q3407-02.00ASG,R3407-02.00ASG,1980,,,저장,,Si_1-Day_Color_Sph,2026-04-01,,S관(3공장),0,1980,0,0,2168,0,11905,0,0,0,0,0,0,0
202604010006,국내,국내,,,2026-04-21,KRW,S183-02.25,Clalen O2O2 D_Ash Gray EX_90P,O2O2 D_Ash Gray EX,P3407A-02.25ASG,Q3407-02.25ASG,R3407-02.25ASG,6480,,,저장,,Si_1-Day_Color_Sph,2026-04-01,,S관(3공장),0,6480,0,0,1090,0,12245,0,0,0,0,0,0,0
202604010006,국내,국내,,,2026-04-21,KRW,S183-02.50,Clalen O2O2 D_Ash Gray EX_90P,O2O2 D_Ash Gray EX,P3407A-02.50ASG,Q3407-02.50ASG,R3407-02.50ASG,4590,,,저장,,Si_1-Day_Color_Sph,2026-04-01,,S관(3공장),0,4590,0,0,1133,0,19910,0,0,0,0,0,0,0
202604010006,국내,국내,,,2026-04-21,KRW,S183-02.75,Clalen O2O2 D_Ash Gray EX_90P,O2O2 D_Ash Gray EX,P3407A-02.75ASG,Q3407-02.75ASG,R3407-02.75ASG,3150,,,저장,,Si_1-Day_Color_Sph,2026-04-01,,S관(3공장),0,3150,0,0,0,0,24245,0,0,0,0,0,0,0
202604010006,국내,국내,,,2026-04-21,KRW,S183-03.00,Clalen O2O2 D_Ash Gray EX_90P,O2O2 D_Ash Gray EX,P3407A-03.00ASG,Q3407-03.00ASG,R3407-03.00ASG,5310,,,저장,,Si_1-Day_Color_Sph,2026-04-01,,S관(3공장),0,5310,0,0,0,0,12935,0,0,0,0,0,0,0
202604010006,국내,국내,,,2026-04-21,KRW,S183-03.25,Clalen O2O2 D_Ash Gray EX_90P,O2O2 D_Ash Gray EX,P3407A-03.25ASG,Q3407-03.25ASG,R3407-03.25ASG,3600,,,저장,,Si_1-Day_Color_Sph,2026-04-01,,S관(3공장),0,3600,0,0,0,0,21890,0,0,0,0,0,0,0
202604010006,국내,국내,,,2026-04-21,KRW,S183-03.50,Clalen O2O2 D_Ash Gray EX_90P,O2O2 D_Ash Gray EX,P3407A-03.50ASG,Q3407-03.50ASG,R3407-03.50ASG,7650,,,저장,,Si_1-Day_Color_Sph,2026-04-01,,S관(3공장),0,7650,0,0,0,0,10890,0,0,0,0,0,0,0
202604010006,국내,국내,,,2026-04-21,KRW,S183-03.75,Clalen O2O2 D_Ash Gray EX_90P,O2O2 D_Ash Gray EX,P3407A-03.75ASG,Q3407-03.75ASG,R3407-03.75ASG,7650,,,저장,,Si_1-Day_Color_Sph,2026-04-01,,S관(3공장),0,7650,0,0,0,0,6235,0,7145,11970,10168,7717,7667,7219
202604010006,국내,국내,,,2026-04-21,KRW,S183-04.00,Clalen O2O2 D_Ash Gray EX_90P,O2O2 D_Ash Gray EX,P3407A-04.00ASG,Q3407-04.00ASG,R3407-04.00ASG,4590,,,저장,,Si_1-Day_Color_Sph,2026-04-01,,S관(3공장),0,4590,0,0,0,0,16355,0,0,0,0,0,0,0
202604010006,국내,국내,,,2026-04-21,KRW,S183-04.25,Clalen O2O2 D_Ash Gray EX_90P,O2O2 D_Ash Gray EX,P3407A-04.25ASG,Q3407-04.25ASG,R3407-04.25ASG,4950,,,저장,,Si_1-Day_Color_Sph,2026-04-01,,S관(3공장),0,4950,0,0,0,0,23130,0,0,0,0,0,0,0
202604010006,국내,국내,,,2026-04-21,KRW,S183-04.50,Clalen O2O2 D_Ash Gray EX_90P,O2O2 D_Ash Gray EX,P3407A-04.50ASG,Q3407-04.50ASG,R3407-04.50ASG,3600,,,저장,,Si_1-Day_Color_Sph,2026-04-01,,S관(3공장),0,3600,0,0,0,0,4620,0,0,0,0,0,0,0
202604010006,국내,국내,,,2026-04-21,KRW,S183-04.75,Clalen O2O2 D_Ash Gray EX_90P,O2O2 D_Ash Gray EX,P3407A-04.75ASG,Q3407-04.75ASG,R3407-04.75ASG,3420,,,저장,,Si_1-Day_Color_Sph,2026-04-01,,S관(3공장),0,3420,0,0,0,0,15060,0,0,0,0,0,0,0
202604010006,국내,국내,,,2026-04-21,KRW,S183-05.00,Clalen O2O2 D_Ash Gray EX_90P,O2O2 D_Ash Gray EX,P3407A-05.00ASG,Q3407-05.00ASG,R3407-05.00ASG,2790,,,저장,,Si_1-Day_Color_Sph,2026-04-01,,S관(3공장),0,2790,0,0,0,0,3940,0,2790,4676,3972,3014,2994,2819
202604010006,국내,국내,,,2026-04-21,KRW,S183-05.50,Clalen O2O2 D_Ash Gray EX_90P,O2O2 D_Ash Gray EX,P3407A-05.50ASG,Q3407-05.50ASG,R3407-05.50ASG,6750,,,저장,,Si_1-Day_Color_Sph,2026-04-01,,S관(3공장),0,6750,0,0,0,0,13445,0,0,0,0,0,0,0
202604010006,국내,국내,,,2026-04-21,KRW,S183-06.00,Clalen O2O2 D_Ash Gray EX_90P,O2O2 D_Ash Gray EX,P3407A-06.00ASG,Q3407-06.00ASG,R3407-06.00ASG,4860,,,저장,,Si_1-Day_Color_Sph,2026-04-01,,S관(3공장),0,4860,0,0,0,0,4560,0,960,1611,1368,1038,1031,970
202604010006,국내,국내,,,2026-04-21,KRW,S183-06.50,Clalen O2O2 D_Ash Gray EX_90P,O2O2 D_Ash Gray EX,P3407A-06.50ASG,Q3407-06.50ASG,R3407-06.50ASG,2250,,,저장,,Si_1-Day_Color_Sph,2026-04-01,,S관(3공장),0,2250,0,0,0,0,7530,0,0,0,0,0,0,0
202604010006,국내,국내,,,2026-04-21,KRW,S183-07.00,Clalen O2O2 D_Ash Gray EX_90P,O2O2 D_Ash Gray EX,P3407A-07.00ASG,Q3407-07.00ASG,R3407-07.00ASG,2520,,,저장,,Si_1-Day_Color_Sph,2026-04-01,,S관(3공장),0,2520,0,0,0,0,4755,0,0,0,0,0,0,0
202604010006,국내,국내,,,2026-04-21,KRW,S183-08.00,Clalen O2O2 D_Ash Gray EX_90P,O2O2 D_Ash Gray EX,P3407A-08.00ASG,Q3407-08.00ASG,R3407-08.00ASG,270,,,저장,,Si_1-Day_Color_Sph,2026-04-01,,S관(3공장),0,270,0,0,0,0,8995,0,0,0,0,0,0,0
202604010006,국내,국내,,,2026-04-21,KRW,S183-08.50,Clalen O2O2 D_Ash Gray EX_90P,O2O2 D_Ash Gray EX,P3407A-08.50ASG,Q3407-08.50ASG,R3407-08.50ASG,1260,,,저장,,Si_1-Day_Color_Sph,2026-04-01,,S관(3공장),0,1260,0,0,0,0,110,0,1210,2030,1724,1308,1299,1223
202604010006,국내,국내,,,2026-04-21,KRW,S183-09.00,Clalen O2O2 D_Ash Gray EX_90P,O2O2 D_Ash Gray EX,P3407A-09.00ASG,Q3407-09.00ASG,R3407-09.00ASG,270,,,저장,,Si_1-Day_Color_Sph,2026-04-01,,S관(3공장),0,270,0,0,0,0,7150,0,0,0,0,0,0,0
202604010006,국내,국내,,,2026-04-21,KRW,S183-10.00,Clalen O2O2 D_Ash Gray EX_90P,O2O2 D_Ash Gray EX,P3407A-10.00ASG,Q3407-10.00ASG,R3407-10.00ASG,270,,,저장,,Si_1-Day_Color_Sph,2026-04-01,,S관(3공장),0,270,0,0,0,0,275,0,25,46,39,29,28,26
202604010006,국내,국내,,,2026-04-21,KRW,S615-00.00,Clalen O2O2 D_Sepia Choco EX_30P,O2O2 D_Sepia Choco EX,P3405A-00.00SPC,Q3405-00.00SPC,R3405-00.00SPC,20820,,,저장,,Si_1-Day_Color_Sph,2026-04-01,,S관(3공장),0,20820,9601,42298,26546,21110,113130,0,0,0,0,0,0,0
202604010006,국내,국내,,,2026-04-21,KRW,S615-00.50,Clalen O2O2 D_Sepia Choco EX_30P,O2O2 D_Sepia Choco EX,P3405A-00.50SPC,Q3405-00.50SPC,R3405-00.50SPC,7860,,,저장,,Si_1-Day_Color_Sph,2026-04-01,,S관(3공장),0,7860,0,0,0,0,7780,0,80,135,114,87,86,81
202604010006,국내,국내,,,2026-04-21,KRW,S615-01.00,Clalen O2O2 D_Sepia Choco EX_30P,O2O2 D_Sepia Choco EX,P3405A-01.00SPC,Q3405-01.00SPC,R3405-01.00SPC,13830,,,저장,,Si_1-Day_Color_Sph,2026-04-01,,S관(3공장),0,13830,0,0,0,0,34545,0,0,0,0,0,0,0
202604010006,국내,국내,,,2026-04-21,KRW,S615-01.25,Clalen O2O2 D_Sepia Choco EX_30P,O2O2 D_Sepia Choco EX,P3405A-01.25SPC,Q3405-01.25SPC,R3405-01.25SPC,1860,,,저장,,Si_1-Day_Color_Sph,2026-04-01,,S관(3공장),0,1860,0,0,0,0,13960,0,0,0,0,0,0,0
202604010006,국내,국내,,,2026-04-21,KRW,S615-01.50,Clalen O2O2 D_Sepia Choco EX_30P,O2O2 D_Sepia Choco EX,P3405A-01.50SPC,Q3405-01.50SPC,R3405-01.50SPC,15300,,,저장,,Si_1-Day_Color_Sph,2026-04-01,,S관(3공장),0,15300,0,0,0,0,32885,0,0,0,0,0,0,0
202604010006,국내,국내,,,2026-04-21,KRW,S615-01.75,Clalen O2O2 D_Sepia Choco EX_30P,O2O2 D_Sepia Choco EX,P3405A-01.75SPC,Q3405-01.75SPC,R3405-01.75SPC,10440,,,저장,,Si_1-Day_Color_Sph,2026-04-01,,S관(3공장),0,10440,0,0,0,0,7955,0,10440,17488,14855,11275,11202,10548
202604010006,국내,국내,,,2026-04-21,KRW,S615-02.00,Clalen O2O2 D_Sepia Choco EX_30P,O2O2 D_Sepia Choco EX,P3405A-02.00SPC,Q3405-02.00SPC,R3405-02.00SPC,16230,,,저장,,Si_1-Day_Color_Sph,2026-04-01,,S관(3공장),0,16230,0,0,0,0,7700,0,9040,15144,12864,9764,9701,9134
202604010006,국내,국내,,,2026-04-21,KRW,S615-02.25,Clalen O2O2 D_Sepia Choco EX_30P,O2O2 D_Sepia Choco EX,P3405A-02.25SPC,Q3405-02.25SPC,R3405-02.25SPC,17970,,,저장,,Si_1-Day_Color_Sph,2026-04-01,,S관(3공장),0,17970,254,2570,3017,0,16595,0,9625,12581,10779,9016,8958,9725
202604010006,국내,국내,,,2026-04-21,KRW,S615-02.50,Clalen O2O2 D_Sepia Choco EX_30P,O2O2 D_Sepia Choco EX,P3405A-02.50SPC,Q3405-02.50SPC,R3405-02.50SPC,18180,,,저장,,Si_1-Day_Color_Sph,2026-04-01,,S관(3공장),0,18180,0,0,1325,1395,29190,0,1260,1799,1528,1160,1152,1177
202604010006,국내,국내,,,2026-04-21,KRW,S615-02.75,Clalen O2O2 D_Sepia Choco EX_30P,O2O2 D_Sepia Choco EX,P3405A-02.75SPC,Q3405-02.75SPC,R3405-02.75SPC,1020,,,저장,,Si_1-Day_Color_Sph,2026-04-01,,S관(3공장),0,1020,0,0,1312,0,3780,0,1020,1618,1375,1043,1037,1030
202604010006,국내,국내,,,2026-04-21,KRW,S615-03.00,Clalen O2O2 D_Sepia Choco EX_30P,O2O2 D_Sepia Choco EX,P3405A-03.00SPC,Q3405-03.00SPC,R3405-03.00SPC,15870,,,저장,,Si_1-Day_Color_Sph,2026-04-01,,S관(3공장),0,15870,0,0,0,1550,13590,0,15870,25308,21499,16317,16212,15265
202604010006,국내,국내,,,2026-04-21,KRW,S615-03.25,Clalen O2O2 D_Sepia Choco EX_30P,O2O2 D_Sepia Choco EX,P3405A-03.25SPC,Q3405-03.25SPC,R3405-03.25SPC,12690,,,저장,,Si_1-Day_Color_Sph,2026-04-01,,S관(3공장),0,12690,0,0,0,0,5700,0,12690,21257,18057,13705,13617,12821
202604010006,국내,국내,,,2026-04-21,KRW,S615-03.50,Clalen O2O2 D_Sepia Choco EX_30P,O2O2 D_Sepia Choco EX,P3405A-03.50SPC,Q3405-03.50SPC,R3405-03.50SPC,13440,,,저장,,Si_1-Day_Color_Sph,2026-04-01,,S관(3공장),0,13440,0,0,0,0,1215,0,13440,22513,19124,14515,14421,13579
202604010006,국내,국내,,,2026-04-21,KRW,S615-03.75,Clalen O2O2 D_Sepia Choco EX_30P,O2O2 D_Sepia Choco EX,P3405A-03.75SPC,Q3405-03.75SPC,R3405-03.75SPC,11370,,,저장,,Si_1-Day_Color_Sph,2026-04-01,,S관(3공장),0,11370,0,0,0,0,2425,0,9425,15789,13412,10180,10114,9523
202604010006,국내,국내,,,2026-04-21,KRW,S615-04.00,Clalen O2O2 D_Sepia Choco EX_30P,O2O2 D_Sepia Choco EX,P3405A-04.00SPC,Q3405-04.00SPC,R3405-04.00SPC,15390,,,저장,,Si_1-Day_Color_Sph,2026-04-01,,S관(3공장),0,15390,0,0,0,0,13360,0,13940,23352,19837,15056,14958,14085
202604010006,국내,국내,,,2026-04-21,KRW,S615-04.25,Clalen O2O2 D_Sepia Choco EX_30P,O2O2 D_Sepia Choco EX,P3405A-04.25SPC,Q3405-04.25SPC,R3405-04.25SPC,13740,,,저장,,Si_1-Day_Color_Sph,2026-04-01,,S관(3공장),0,13740,0,0,0,0,8065,0,13740,23015,19551,14839,14743,13882
202604010006,국내,국내,,,2026-04-21,KRW,S615-04.50,Clalen O2O2 D_Sepia Choco EX_30P,O2O2 D_Sepia Choco EX,P3405A-04.50SPC,Q3405-04.50SPC,R3405-04.50SPC,11460,,,저장,,Si_1-Day_Color_Sph,2026-04-01,,S관(3공장),0,11460,0,0,0,0,54060,0,0,0,0,0,0,0
202604010006,국내,국내,,,2026-04-21,KRW,S615-04.75,Clalen O2O2 D_Sepia Choco EX_30P,O2O2 D_Sepia Choco EX,P3405A-04.75SPC,Q3405-04.75SPC,R3405-04.75SPC,6360,,,저장,,Si_1-Day_Color_Sph,2026-04-01,,S관(3공장),0,6360,0,0,0,0,12875,0,0,0,0,0,0,0
202604010006,국내,국내,,,2026-04-21,KRW,S615-05.00,Clalen O2O2 D_Sepia Choco EX_30P,O2O2 D_Sepia Choco EX,P3405A-05.00SPC,Q3405-05.00SPC,R3405-05.00SPC,13110,,,저장,,Si_1-Day_Color_Sph,2026-04-01,,S관(3공장),0,13110,0,0,0,610,44295,0,0,0,0,0,0,0
202604010006,국내,국내,,,2026-04-21,KRW,S615-05.50,Clalen O2O2 D_Sepia Choco EX_30P,O2O2 D_Sepia Choco EX,P3405A-05.50SPC,Q3405-05.50SPC,R3405-05.50SPC,13710,,,저장,,Si_1-Day_Color_Sph,2026-04-01,,S관(3공장),0,13710,0,0,0,1145,4245,0,13710,22247,18898,14344,14250,13418
202604010006,국내,국내,,,2026-04-21,KRW,S615-06.00,Clalen O2O2 D_Sepia Choco EX_30P,O2O2 D_Sepia Choco EX,P3405A-06.00SPC,Q3405-06.00SPC,R3405-06.00SPC,11250,,,저장,,Si_1-Day_Color_Sph,2026-04-01,,S관(3공장),0,11250,0,1273,0,0,5460,0,11250,18261,15512,12150,12071,11366
202604010006,국내,국내,,,2026-04-21,KRW,S615-10.00,Clalen O2O2 D_Sepia Choco EX_30P,O2O2 D_Sepia Choco EX,P3405A-10.00SPC,Q3405-10.00SPC,R3405-10.00SPC,1380,,,저장,,Si_1-Day_Color_Sph,2026-04-01,,S관(3공장),0,1380,0,0,0,0,2150,0,0,0,0,0,0,0
202604010006,국내,국내,,,2026-04-21,KRW,S181-00.00,Clalen O2O2 D_Sepia Choco EX_90P,O2O2 D_Sepia Choco EX,P3405A-00.00SPC,Q3405-00.00SPC,R3405-00.00SPC,17820,,,저장,,Si_1-Day_Color_Sph,2026-04-01,,S관(3공장),0,17820,9601,42298,26546,21110,113130,0,4290,0,0,0,0,0
202604010006,국내,국내,,,2026-04-21,KRW,S181-00.50,Clalen O2O2 D_Sepia Choco EX_90P,O2O2 D_Sepia Choco EX,P3405A-00.50SPC,Q3405-00.50SPC,R3405-00.50SPC,3150,,,저장,,Si_1-Day_Color_Sph,2026-04-01,,S관(3공장),0,3150,0,0,0,0,7780,0,3150,5279,4485,3403,3381,3183
202604010006,국내,국내,,,2026-04-21,KRW,S181-01.00,Clalen O2O2 D_Sepia Choco EX_90P,O2O2 D_Sepia Choco EX,P3405A-01.00SPC,Q3405-01.00SPC,R3405-01.00SPC,9900,,,저장,,Si_1-Day_Color_Sph,2026-04-01,,S관(3공장),0,9900,0,0,0,0,34545,0,735,1235,1049,796,790,743
202604010006,국내,국내,,,2026-04-21,KRW,S181-01.25,Clalen O2O2 D_Sepia Choco EX_90P,O2O2 D_Sepia Choco EX,P3405A-01.25SPC,Q3405-01.25SPC,R3405-01.25SPC,14400,,,저장,,Si_1-Day_Color_Sph,2026-04-01,,S관(3공장),0,14400,0,0,0,0,13960,0,9410,15765,13392,10164,10098,9508
202604010006,국내,국내,,,2026-04-21,KRW,S181-01.50,Clalen O2O2 D_Sepia Choco EX_90P,O2O2 D_Sepia Choco EX,P3405A-01.50SPC,Q3405-01.50SPC,R3405-01.50SPC,6300,,,저장,,Si_1-Day_Color_Sph,2026-04-01,,S관(3공장),0,6300,0,0,0,0,32885,0,0,0,0,0,0,0
202604010006,국내,국내,,,2026-04-21,KRW,S181-01.75,Clalen O2O2 D_Sepia Choco EX_90P,O2O2 D_Sepia Choco EX,P3405A-01.75SPC,Q3405-01.75SPC,R3405-01.75SPC,10530,,,저장,,Si_1-Day_Color_Sph,2026-04-01,,S관(3공장),0,10530,0,0,0,0,7955,0,10530,17639,14983,11372,11298,10639
202604010006,국내,국내,,,2026-04-21,KRW,S181-02.00,Clalen O2O2 D_Sepia Choco EX_90P,O2O2 D_Sepia Choco EX,P3405A-02.00SPC,Q3405-02.00SPC,R3405-02.00SPC,10800,,,저장,,Si_1-Day_Color_Sph,2026-04-01,,S관(3공장),0,10800,0,0,0,0,7700,0,10800,18091,15368,11664,11588,10911
202604010006,국내,국내,,,2026-04-21,KRW,S181-02.25,Clalen O2O2 D_Sepia Choco EX_90P,O2O2 D_Sepia Choco EX,P3405A-02.25SPC,Q3405-02.25SPC,R3405-02.25SPC,12870,,,저장,,Si_1-Day_Color_Sph,2026-04-01,,S관(3공장),0,12870,254,2570,3017,0,16595,0,12870,16821,14413,12055,11976,13003
202604010006,국내,국내,,,2026-04-21,KRW,S181-02.50,Clalen O2O2 D_Sepia Choco EX_90P,O2O2 D_Sepia Choco EX,P3405A-02.50SPC,Q3405-02.50SPC,R3405-02.50SPC,16920,,,저장,,Si_1-Day_Color_Sph,2026-04-01,,S관(3공장),0,16920,0,0,1325,1395,29190,0,16920,24147,20512,15568,15467,15796
202604010006,국내,국내,,,2026-04-21,KRW,S181-02.75,Clalen O2O2 D_Sepia Choco EX_90P,O2O2 D_Sepia Choco EX,P3405A-02.75SPC,Q3405-02.75SPC,R3405-02.75SPC,15480,,,저장,,Si_1-Day_Color_Sph,2026-04-01,,S관(3공장),0,15480,0,0,1312,0,3780,0,15480,24568,20870,15840,15737,15640
202604010006,국내,국내,,,2026-04-21,KRW,S181-03.00,Clalen O2O2 D_Sepia Choco EX_90P,O2O2 D_Sepia Choco EX,P3405A-03.00SPC,Q3405-03.00SPC,R3405-03.00SPC,15750,,,저장,,Si_1-Day_Color_Sph,2026-04-01,,S관(3공장),0,15750,0,0,0,1550,13590,0,15750,25117,21336,16194,16089,15149
202604010006,국내,국내,,,2026-04-21,KRW,S181-03.25,Clalen O2O2 D_Sepia Choco EX_90P,O2O2 D_Sepia Choco EX,P3405A-03.25SPC,Q3405-03.25SPC,R3405-03.25SPC,12060,,,저장,,Si_1-Day_Color_Sph,2026-04-01,,S관(3공장),0,12060,0,0,0,0,5700,0,12060,20201,17160,13025,12940,12184
202604010006,국내,국내,,,2026-04-21,KRW,S181-03.50,Clalen O2O2 D_Sepia Choco EX_90P,O2O2 D_Sepia Choco EX,P3405A-03.50SPC,Q3405-03.50SPC,R3405-03.50SPC,15300,,,저장,,Si_1-Day_Color_Sph,2026-04-01,,S관(3공장),0,15300,0,0,0,0,1215,0,15300,25629,21771,16524,16417,15458
202604010006,국내,국내,,,2026-04-21,KRW,S181-03.75,Clalen O2O2 D_Sepia Choco EX_90P,O2O2 D_Sepia Choco EX,P3405A-03.75SPC,Q3405-03.75SPC,R3405-03.75SPC,7650,,,저장,,Si_1-Day_Color_Sph,2026-04-01,,S관(3공장),0,7650,0,0,0,0,2425,0,7650,12815,10886,8262,8208,7729
202604010006,국내,국내,,,2026-04-21,KRW,S181-04.00,Clalen O2O2 D_Sepia Choco EX_90P,O2O2 D_Sepia Choco EX,P3405A-04.00SPC,Q3405-04.00SPC,R3405-04.00SPC,11700,,,저장,,Si_1-Day_Color_Sph,2026-04-01,,S관(3공장),0,11700,0,0,0,0,13360,0,11700,19598,16648,12636,12554,11820
202604010006,국내,국내,,,2026-04-21,KRW,S181-04.25,Clalen O2O2 D_Sepia Choco EX_90P,O2O2 D_Sepia Choco EX,P3405A-04.25SPC,Q3405-04.25SPC,R3405-04.25SPC,11430,,,저장,,Si_1-Day_Color_Sph,2026-04-01,,S관(3공장),0,11430,0,0,0,0,8065,0,11430,19146,16264,12344,12264,11548
202604010006,국내,국내,,,2026-04-21,KRW,S181-04.50,Clalen O2O2 D_Sepia Choco EX_90P,O2O2 D_Sepia Choco EX,P3405A-04.50SPC,Q3405-04.50SPC,R3405-04.50SPC,8820,,,저장,,Si_1-Day_Color_Sph,2026-04-01,,S관(3공장),0,8820,0,0,0,0,54060,0,0,0,0,0,0,0
202604010006,국내,국내,,,2026-04-21,KRW,S181-04.75,Clalen O2O2 D_Sepia Choco EX_90P,O2O2 D_Sepia Choco EX,P3405A-04.75SPC,Q3405-04.75SPC,R3405-04.75SPC,7380,,,저장,,Si_1-Day_Color_Sph,2026-04-01,,S관(3공장),0,7380,0,0,0,0,12875,0,1345,2256,1916,1454,1444,1359
202604010006,국내,국내,,,2026-04-21,KRW,S181-05.00,Clalen O2O2 D_Sepia Choco EX_90P,O2O2 D_Sepia Choco EX,P3405A-05.00SPC,Q3405-05.00SPC,R3405-05.00SPC,8910,,,저장,,Si_1-Day_Color_Sph,2026-04-01,,S관(3공장),0,8910,0,0,0,610,44295,0,0,0,0,0,0,0
202604010006,국내,국내,,,2026-04-21,KRW,S181-05.50,Clalen O2O2 D_Sepia Choco EX_90P,O2O2 D_Sepia Choco EX,P3405A-05.50SPC,Q3405-05.50SPC,R3405-05.50SPC,12150,,,저장,,Si_1-Day_Color_Sph,2026-04-01,,S관(3공장),0,12150,0,0,0,1145,4245,0,12150,19715,16748,12711,12629,11891
202604010006,국내,국내,,,2026-04-21,KRW,S181-06.00,Clalen O2O2 D_Sepia Choco EX_90P,O2O2 D_Sepia Choco EX,P3405A-06.00SPC,Q3405-06.00SPC,R3405-06.00SPC,12420,,,저장,,Si_1-Day_Color_Sph,2026-04-01,,S관(3공장),0,12420,0,1273,0,0,5460,0,12420,20159,17125,13414,13327,12548
202604010006,국내,국내,,,2026-04-21,KRW,S181-06.50,Clalen O2O2 D_Sepia Choco EX_90P,O2O2 D_Sepia Choco EX,P3405A-06.50SPC,Q3405-06.50SPC,R3405-06.50SPC,4770,,,저장,,Si_1-Day_Color_Sph,2026-04-01,,S관(3공장),0,4770,0,1393,0,0,32915,0,0,0,0,0,0,0
202604010006,국내,국내,,,2026-04-21,KRW,S181-07.00,Clalen O2O2 D_Sepia Choco EX_90P,O2O2 D_Sepia Choco EX,P3405A-07.00SPC,Q3405-07.00SPC,R3405-07.00SPC,3240,,,저장,,Si_1-Day_Color_Sph,2026-04-01,,S관(3공장),0,3240,0,2951,0,0,11025,0,0,0,0,0,0,0
202604010006,국내,국내,,,2026-04-21,KRW,S181-07.50,Clalen O2O2 D_Sepia Choco EX_90P,O2O2 D_Sepia Choco EX,P3405A-07.50SPC,Q3405-07.50SPC,R3405-07.50SPC,6480,,,저장,,Si_1-Day_Color_Sph,2026-04-01,,S관(3공장),0,6480,0,1411,0,0,25435,0,0,0,0,0,0,0
202604010006,국내,국내,,,2026-04-21,KRW,S181-08.00,Clalen O2O2 D_Sepia Choco EX_90P,O2O2 D_Sepia Choco EX,P3405A-08.00SPC,Q3405-08.00SPC,R3405-08.00SPC,7290,,,저장,,Si_1-Day_Color_Sph,2026-04-01,,S관(3공장),0,7290,0,0,0,0,8955,0,0,0,0,0,0,0
202604010006,국내,국내,,,2026-04-21,KRW,S181-08.50,Clalen O2O2 D_Sepia Choco EX_90P,O2O2 D_Sepia Choco EX,P3405A-08.50SPC,Q3405-08.50SPC,R3405-08.50SPC,2430,,,저장,,Si_1-Day_Color_Sph,2026-04-01,,S관(3공장),0,2430,0,0,0,0,3410,0,0,0,0,0,0,0
202604010006,국내,국내,,,2026-04-21,KRW,S181-09.00,Clalen O2O2 D_Sepia Choco EX_90P,O2O2 D_Sepia Choco EX,P3405A-09.00SPC,Q3405-09.00SPC,R3405-09.00SPC,1980,,,저장,,Si_1-Day_Color_Sph,2026-04-01,,S관(3공장),0,1980,0,0,0,0,4655,0,0,0,0,0,0,0
202604010006,국내,국내,,,2026-04-21,KRW,S181-09.50,Clalen O2O2 D_Sepia Choco EX_90P,O2O2 D_Sepia Choco EX,P3405A-09.50SPC,Q3405-09.50SPC,R3405-09.50SPC,1980,,,저장,,Si_1-Day_Color_Sph,2026-04-01,,S관(3공장),0,1980,0,0,0,0,6205,0,0,0,0,0,0,0
202604010006,국내,국내,,,2026-04-21,KRW,S181-10.00,Clalen O2O2 D_Sepia Choco EX_90P,O2O2 D_Sepia Choco EX,P3405A-10.00SPC,Q3405-10.00SPC,R3405-10.00SPC,1980,,,저장,,Si_1-Day_Color_Sph,2026-04-01,,S관(3공장),0,1980,0,0,0,0,2150,0,1270,2130,1809,1373,1364,1284
202604010007,국내,국내,,,2026-04-23,KRW,S617-00.00,Clalen O2O2 D_Ash Brown EX_30P,O2O2 D_Ash Brown EX,P3406A-00.00ASB,Q3406-00.00ASB,R3406-00.00ASB,9780,,,저장,,Si_1-Day_Color_Sph,2026-04-01,,S관(3공장),0,9780,0,0,0,0,8175,0,9780,16381,13915,10562,10493,9881
202604010007,국내,국내,,,2026-04-23,KRW,S617-01.00,Clalen O2O2 D_Ash Brown EX_30P,O2O2 D_Ash Brown EX,P3406A-01.00ASB,Q3406-01.00ASB,R3406-01.00ASB,1530,,,저장,,Si_1-Day_Color_Sph,2026-04-01,,S관(3공장),0,1530,0,0,0,0,15850,0,0,0,0,0,0,0
202604010007,국내,국내,,,2026-04-23,KRW,S617-01.50,Clalen O2O2 D_Ash Brown EX_30P,O2O2 D_Ash Brown EX,P3406A-01.50ASB,Q3406-01.50ASB,R3406-01.50ASB,1560,,,저장,,Si_1-Day_Color_Sph,2026-04-01,,S관(3공장),0,1560,0,0,0,0,12515,0,0,0,0,0,0,0
202604010007,국내,국내,,,2026-04-23,KRW,S617-01.75,Clalen O2O2 D_Ash Brown EX_30P,O2O2 D_Ash Brown EX,P3406A-01.75ASB,Q3406-01.75ASB,R3406-01.75ASB,3450,,,저장,,Si_1-Day_Color_Sph,2026-04-01,,S관(3공장),0,3450,0,0,0,0,5405,0,0,0,0,0,0,0
202604010007,국내,국내,,,2026-04-23,KRW,S617-02.00,Clalen O2O2 D_Ash Brown EX_30P,O2O2 D_Ash Brown EX,P3406A-02.00ASB,Q3406-02.00ASB,R3406-02.00ASB,1950,,,저장,,Si_1-Day_Color_Sph,2026-04-01,,S관(3공장),0,1950,0,0,1732,0,10170,0,0,0,0,0,0,0
202604010007,국내,국내,,,2026-04-23,KRW,S617-02.50,Clalen O2O2 D_Ash Brown EX_30P,O2O2 D_Ash Brown EX,P3406A-02.50ASB,Q3406-02.50ASB,R3406-02.50ASB,3300,,,저장,,Si_1-Day_Color_Sph,2026-04-01,,S관(3공장),0,3300,0,0,1621,0,14140,0,0,0,0,0,0,0
202604010007,국내,국내,,,2026-04-23,KRW,S617-03.25,Clalen O2O2 D_Ash Brown EX_30P,O2O2 D_Ash Brown EX,P3406A-03.25ASB,Q3406-03.25ASB,R3406-03.25ASB,5040,,,저장,,Si_1-Day_Color_Sph,2026-04-01,,S관(3공장),0,5040,0,0,0,0,5165,0,3925,6576,5586,4240,4212,3966
202604010007,국내,국내,,,2026-04-23,KRW,S617-03.50,Clalen O2O2 D_Ash Brown EX_30P,O2O2 D_Ash Brown EX,P3406A-03.50ASB,Q3406-03.50ASB,R3406-03.50ASB,1140,,,저장,,Si_1-Day_Color_Sph,2026-04-01,,S관(3공장),0,1140,0,0,0,0,16010,0,0,0,0,0,0,0
202604010007,국내,국내,,,2026-04-23,KRW,S617-03.75,Clalen O2O2 D_Ash Brown EX_30P,O2O2 D_Ash Brown EX,P3406A-03.75ASB,Q3406-03.75ASB,R3406-03.75ASB,720,,,저장,,Si_1-Day_Color_Sph,2026-04-01,,S관(3공장),0,720,0,0,0,0,6000,0,0,0,0,0,0,0
202604010007,국내,국내,,,2026-04-23,KRW,S617-04.50,Clalen O2O2 D_Ash Brown EX_30P,O2O2 D_Ash Brown EX,P3406A-04.50ASB,Q3406-04.50ASB,R3406-04.50ASB,150,,,저장,,Si_1-Day_Color_Sph,2026-04-01,,S관(3공장),0,150,0,0,0,0,1985,0,0,0,0,0,0,0
202604010007,국내,국내,,,2026-04-23,KRW,S182-00.00,Clalen O2O2 D_Ash Brown EX_90P,O2O2 D_Ash Brown EX,P3406A-00.00ASB,Q3406-00.00ASB,R3406-00.00ASB,7020,,,저장,,Si_1-Day_Color_Sph,2026-04-01,,S관(3공장),0,7020,0,0,0,0,8175,0,7020,11758,9988,7581,7532,7092
202604010007,국내,국내,,,2026-04-23,KRW,S182-00.50,Clalen O2O2 D_Ash Brown EX_90P,O2O2 D_Ash Brown EX,P3406A-00.50ASB,Q3406-00.50ASB,R3406-00.50ASB,990,,,저장,,Si_1-Day_Color_Sph,2026-04-01,,S관(3공장),0,990,0,0,0,0,10195,0,0,0,0,0,0,0
202604010007,국내,국내,,,2026-04-23,KRW,S182-00.75,Clalen O2O2 D_Ash Brown EX_90P,O2O2 D_Ash Brown EX,P3406A-00.75ASB,Q3406-00.75ASB,R3406-00.75ASB,900,,,저장,,Si_1-Day_Color_Sph,2026-04-01,,S관(3공장),0,900,0,0,0,0,15765,0,0,0,0,0,0,0
202604010007,국내,국내,,,2026-04-23,KRW,S182-01.00,Clalen O2O2 D_Ash Brown EX_90P,O2O2 D_Ash Brown EX,P3406A-01.00ASB,Q3406-01.00ASB,R3406-01.00ASB,2790,,,저장,,Si_1-Day_Color_Sph,2026-04-01,,S관(3공장),0,2790,0,0,0,0,15850,0,0,0,0,0,0,0
202604010007,국내,국내,,,2026-04-23,KRW,S182-01.25,Clalen O2O2 D_Ash Brown EX_90P,O2O2 D_Ash Brown EX,P3406A-01.25ASB,Q3406-01.25ASB,R3406-01.25ASB,4050,,,저장,,Si_1-Day_Color_Sph,2026-04-01,,S관(3공장),0,4050,0,0,0,0,26175,0,0,0,0,0,0,0
202604010007,국내,국내,,,2026-04-23,KRW,S182-01.50,Clalen O2O2 D_Ash Brown EX_90P,O2O2 D_Ash Brown EX,P3406A-01.50ASB,Q3406-01.50ASB,R3406-01.50ASB,4410,,,저장,,Si_1-Day_Color_Sph,2026-04-01,,S관(3공장),0,4410,0,0,0,0,12515,0,0,0,0,0,0,0
202604010007,국내,국내,,,2026-04-23,KRW,S182-01.75,Clalen O2O2 D_Ash Brown EX_90P,O2O2 D_Ash Brown EX,P3406A-01.75ASB,Q3406-01.75ASB,R3406-01.75ASB,2250,,,저장,,Si_1-Day_Color_Sph,2026-04-01,,S관(3공장),0,2250,0,0,0,0,5405,0,955,1601,1360,1032,1025,965
202604010007,국내,국내,,,2026-04-23,KRW,S182-02.25,Clalen O2O2 D_Ash Brown EX_90P,O2O2 D_Ash Brown EX,P3406A-02.25ASB,Q3406-02.25ASB,R3406-02.25ASB,3960,,,저장,,Si_1-Day_Color_Sph,2026-04-01,,S관(3공장),0,3960,0,0,0,0,11605,0,0,0,0,0,0,0
202604010007,국내,국내,,,2026-04-23,KRW,S182-02.50,Clalen O2O2 D_Ash Brown EX_90P,O2O2 D_Ash Brown EX,P3406A-02.50ASB,Q3406-02.50ASB,R3406-02.50ASB,2610,,,저장,,Si_1-Day_Color_Sph,2026-04-01,,S관(3공장),0,2610,0,0,1621,0,14140,0,0,0,0,0,0,0
202604010007,국내,국내,,,2026-04-23,KRW,S182-02.75,Clalen O2O2 D_Ash Brown EX_90P,O2O2 D_Ash Brown EX,P3406A-02.75ASB,Q3406-02.75ASB,R3406-02.75ASB,3150,,,저장,,Si_1-Day_Color_Sph,2026-04-01,,S관(3공장),0,3150,0,0,0,0,24045,0,0,0,0,0,0,0
202604010007,국내,국내,,,2026-04-23,KRW,S182-03.00,Clalen O2O2 D_Ash Brown EX_90P,O2O2 D_Ash Brown EX,P3406A-03.00ASB,Q3406-03.00ASB,R3406-03.00ASB,3060,,,저장,,Si_1-Day_Color_Sph,2026-04-01,,S관(3공장),0,3060,0,0,0,0,11495,0,3060,5126,4355,3305,3283,3091
202604010007,국내,국내,,,2026-04-23,KRW,S182-03.25,Clalen O2O2 D_Ash Brown EX_90P,O2O2 D_Ash Brown EX,P3406A-03.25ASB,Q3406-03.25ASB,R3406-03.25ASB,7650,,,저장,,Si_1-Day_Color_Sph,2026-04-01,,S관(3공장),0,7650,0,0,0,0,5165,0,7650,12815,10886,8262,8209,7729
202604010007,국내,국내,,,2026-04-23,KRW,S182-03.50,Clalen O2O2 D_Ash Brown EX_90P,O2O2 D_Ash Brown EX,P3406A-03.50ASB,Q3406-03.50ASB,R3406-03.50ASB,4410,,,저장,,Si_1-Day_Color_Sph,2026-04-01,,S관(3공장),0,4410,0,0,0,0,16010,0,0,0,0,0,0,0
202604010007,국내,국내,,,2026-04-23,KRW,S182-03.75,Clalen O2O2 D_Ash Brown EX_90P,O2O2 D_Ash Brown EX,P3406A-03.75ASB,Q3406-03.75ASB,R3406-03.75ASB,4140,,,저장,,Si_1-Day_Color_Sph,2026-04-01,,S관(3공장),0,4140,0,0,0,0,6000,0,0,0,0,0,0,0
202604010007,국내,국내,,,2026-04-23,KRW,S182-04.00,Clalen O2O2 D_Ash Brown EX_90P,O2O2 D_Ash Brown EX,P3406A-04.00ASB,Q3406-04.00ASB,R3406-04.00ASB,4140,,,저장,,Si_1-Day_Color_Sph,2026-04-01,,S관(3공장),0,4140,0,0,0,0,3465,0,1485,2491,2116,1606,1595,1501
202604010007,국내,국내,,,2026-04-23,KRW,S182-04.25,Clalen O2O2 D_Ash Brown EX_90P,O2O2 D_Ash Brown EX,P3406A-04.25ASB,Q3406-04.25ASB,R3406-04.25ASB,4770,,,저장,,Si_1-Day_Color_Sph,2026-04-01,,S관(3공장),0,4770,0,0,0,0,16025,0,0,0,0,0,0,0
202604010007,국내,국내,,,2026-04-23,KRW,S182-04.50,Clalen O2O2 D_Ash Brown EX_90P,O2O2 D_Ash Brown EX,P3406A-04.50ASB,Q3406-04.50ASB,R3406-04.50ASB,7650,,,저장,,Si_1-Day_Color_Sph,2026-04-01,,S관(3공장),0,7650,0,0,0,0,1985,0,6265,10496,8916,6767,6723,6330
202604010007,국내,국내,,,2026-04-23,KRW,S182-04.75,Clalen O2O2 D_Ash Brown EX_90P,O2O2 D_Ash Brown EX,P3406A-04.75ASB,Q3406-04.75ASB,R3406-04.75ASB,4680,,,저장,,Si_1-Day_Color_Sph,2026-04-01,,S관(3공장),0,4680,0,0,0,0,150,0,4680,7843,6661,5055,5023,4728
202604010007,국내,국내,,,2026-04-23,KRW,S182-05.00,Clalen O2O2 D_Ash Brown EX_90P,O2O2 D_Ash Brown EX,P3406A-05.00ASB,Q3406-05.00ASB,R3406-05.00ASB,2700,,,저장,,Si_1-Day_Color_Sph,2026-04-01,,S관(3공장),0,2700,0,0,0,0,3515,0,0,0,0,0,0,0
202604010007,국내,국내,,,2026-04-23,KRW,S182-05.50,Clalen O2O2 D_Ash Brown EX_90P,O2O2 D_Ash Brown EX,P3406A-05.50ASB,Q3406-05.50ASB,R3406-05.50ASB,7650,,,저장,,Si_1-Day_Color_Sph,2026-04-01,,S관(3공장),0,7650,0,0,0,0,21255,0,0,0,0,0,0,0
202604010007,국내,국내,,,2026-04-23,KRW,S182-06.00,Clalen O2O2 D_Ash Brown EX_90P,O2O2 D_Ash Brown EX,P3406A-06.00ASB,Q3406-06.00ASB,R3406-06.00ASB,2520,,,저장,,Si_1-Day_Color_Sph,2026-04-01,,S관(3공장),0,2520,0,0,0,0,9180,0,0,0,0,0,0,0
202604010007,국내,국내,,,2026-04-23,KRW,S182-06.50,Clalen O2O2 D_Ash Brown EX_90P,O2O2 D_Ash Brown EX,P3406A-06.50ASB,Q3406-06.50ASB,R3406-06.50ASB,1800,,,저장,,Si_1-Day_Color_Sph,2026-04-01,,S관(3공장),0,1800,0,0,0,0,13070,0,0,0,0,0,0,0
202604010007,국내,국내,,,2026-04-23,KRW,S182-07.00,Clalen O2O2 D_Ash Brown EX_90P,O2O2 D_Ash Brown EX,P3406A-07.00ASB,Q3406-07.00ASB,R3406-07.00ASB,1890,,,저장,,Si_1-Day_Color_Sph,2026-04-01,,S관(3공장),0,1890,0,0,0,0,6645,0,0,0,0,0,0,0
202604010007,국내,국내,,,2026-04-23,KRW,S182-08.00,Clalen O2O2 D_Ash Brown EX_90P,O2O2 D_Ash Brown EX,P3406A-08.00ASB,Q3406-08.00ASB,R3406-08.00ASB,450,,,저장,,Si_1-Day_Color_Sph,2026-04-01,,S관(3공장),0,450,0,0,0,0,6150,0,0,0,0,0,0,0
202604010007,국내,국내,,,2026-04-23,KRW,S182-08.50,Clalen O2O2 D_Ash Brown EX_90P,O2O2 D_Ash Brown EX,P3406A-08.50ASB,Q3406-08.50ASB,R3406-08.50ASB,1260,,,저장,,Si_1-Day_Color_Sph,2026-04-01,,S관(3공장),0,1260,0,0,0,0,8090,0,0,0,0,0,0,0
202604010008,국내,국내,,,2026-04-27,KRW,S524-08.00-1.75,Clalen O2O2 D Toric_Ash Brown EX_30P,O2O2 D Toric_Ash Brown EX,P5024A-08.00-1.75180,Q5024-08.00-1.75180,R5024-08.00-1.75180,240,,,저장,,Si_1-Day_Color_Toric,2026-04-01,,S관(3공장),0,240,0,0,0,0,0,0,240,793,570,270,261,245
202604010008,국내,국내,,,2026-04-27,KRW,S522-05.00-1.75,Clalen O2O2 D Toric_Sepia Choco EX_30P,O2O2 D Toric_Sepia Choco EX,P5022A-05.00-1.75180,Q5022-05.00-1.75180,R5022-05.00-1.75180,2760,,,저장,,Si_1-Day_Color_Toric,2026-04-01,,S관(3공장),0,2760,0,0,0,0,4690,0,0,0,0,0,0,0
202604010008,국내,국내,,,2026-04-27,KRW,S061-01.50-0.75090,Clalen O2O2 D Toric_사축_30개입,O2O2 D_UV_Toric_SMD_White,P5405A-01.50-0.75090,Q1052-01.50-0.75090,R1052-01.50-0.75090,30,,,저장,,Si_1-Day_Toric,2026-04-01,,S관(3공장),0,30,0,0,0,0,0,0,30,53,50,36,35,31
202604010008,국내,국내,,,2026-04-27,KRW,S061-03.00-0.75170,Clalen O2O2 D Toric_사축_30개입,O2O2 D_UV_Toric_SMD_White,P5405A-03.00-0.75170,Q1052-03.00-0.75170,R1052-03.00-0.75170,30,,,저장,,Si_1-Day_Toric,2026-04-01,,S관(3공장),0,30,0,0,0,0,0,0,30,53,50,36,35,31
202604010008,국내,국내,,,2026-04-27,KRW,S061-04.25-1.25170,Clalen O2O2 D Toric_사축_30개입,O2O2 D_UV_Toric_SMD_White,P5405A-04.25-1.25170,Q1052-04.25-1.25170,R1052-04.25-1.25170,30,,,저장,,Si_1-Day_Toric,2026-04-01,,S관(3공장),0,30,0,0,0,0,0,0,30,53,50,36,35,31
202601270003,해외,국내,,,2026-02-23,KRW,S609-00.00,Clalen O2O2 M_Natural Brown EX_2P,,P3400M-00.00BRW,Q3400-00.00BRW,R3400-00.00BRW,2570,,,접수,,Si_FRP_Color_Sph,2026-01-27,,S관(3공장),0,2570,0,2617,0,0,1942,0,0,0,0,0,0,0
202601270003,해외,국내,,,2026-02-23,KRW,S609-01.00,Clalen O2O2 M_Natural Brown EX_2P,,P3400M-01.00BRW,Q3400-01.00BRW,R3400-01.00BRW,370,,,접수,,Si_FRP_Color_Sph,2026-01-27,,S관(3공장),0,370,0,2845,0,0,175,0,0,0,0,0,0,0
202601270003,해외,국내,,,2026-02-23,KRW,S609-01.25,Clalen O2O2 M_Natural Brown EX_2P,,P3400M-01.25BRW,Q3400-01.25BRW,R3400-01.25BRW,220,,,접수,,Si_FRP_Color_Sph,2026-01-27,,S관(3공장),0,220,0,0,0,0,470,0,0,0,0,0,0,0
202601270003,해외,국내,,,2026-02-23,KRW,S609-01.50,Clalen O2O2 M_Natural Brown EX_2P,,P3400M-01.50BRW,Q3400-01.50BRW,R3400-01.50BRW,290,,,접수,,Si_FRP_Color_Sph,2026-01-27,,S관(3공장),0,290,0,0,0,0,588,0,0,0,0,0,0,0
202601270003,해외,국내,,,2026-02-23,KRW,S609-01.75,Clalen O2O2 M_Natural Brown EX_2P,,P3400M-01.75BRW,Q3400-01.75BRW,R3400-01.75BRW,280,,,접수,,Si_FRP_Color_Sph,2026-01-27,,S관(3공장),0,280,0,361,0,0,106,0,0,0,0,0,0,0
202601270003,해외,국내,,,2026-02-23,KRW,S609-02.00,Clalen O2O2 M_Natural Brown EX_2P,,P3400M-02.00BRW,Q3400-02.00BRW,R3400-02.00BRW,320,,,접수,,Si_FRP_Color_Sph,2026-01-27,,S관(3공장),0,320,0,1483,0,0,908,0,0,0,0,0,0,0
202601270003,해외,국내,,,2026-02-23,KRW,S609-05.50,Clalen O2O2 M_Natural Brown EX_2P,,P3400M-05.50BRW,Q3400-05.50BRW,R3400-05.50BRW,458,,,접수,,Si_FRP_Color_Sph,2026-01-27,,S관(3공장),0,458,0,1604,0,0,799,0,0,0,0,0,0,0
202601270003,해외,국내,,,2026-02-23,KRW,S609-06.00,Clalen O2O2 M_Natural Brown EX_2P,,P3400M-06.00BRW,Q3400-06.00BRW,R3400-06.00BRW,312,,,접수,,Si_FRP_Color_Sph,2026-01-27,,S관(3공장),0,312,0,901,0,0,55,0,0,0,0,0,0,0
202601270003,해외,국내,,,2026-02-23,KRW,S609-06.50,Clalen O2O2 M_Natural Brown EX_2P,,P3400M-06.50BRW,Q3400-06.50BRW,R3400-06.50BRW,280,,,접수,,Si_FRP_Color_Sph,2026-01-27,,S관(3공장),0,280,0,0,0,0,588,0,0,0,0,0,0,0
202601270003,해외,국내,,,2026-02-23,KRW,S609-07.00,Clalen O2O2 M_Natural Brown EX_2P,,P3400M-07.00BRW,Q3400-07.00BRW,R3400-07.00BRW,168,,,접수,,Si_FRP_Color_Sph,2026-01-27,,S관(3공장),0,168,0,861,0,0,297,0,0,0,0,0,0,0
202601270003,해외,국내,,,2026-02-23,KRW,S609-07.50,Clalen O2O2 M_Natural Brown EX_2P,,P3400M-07.50BRW,Q3400-07.50BRW,R3400-07.50BRW,136,,,접수,,Si_FRP_Color_Sph,2026-01-27,,S관(3공장),0,136,0,2591,0,0,123,0,0,0,0,0,0,0
202601270003,해외,국내,,,2026-02-23,KRW,S609-08.00,Clalen O2O2 M_Natural Brown EX_2P,,P3400M-08.00BRW,Q3400-08.00BRW,R3400-08.00BRW,150,,,접수,,Si_FRP_Color_Sph,2026-01-27,,S관(3공장),0,150,0,591,0,0,204,0,0,0,0,0,0,0
202601270003,해외,국내,,,2026-02-23,KRW,S609-03.75,Clalen O2O2 M_Natural Brown EX_2P,,P3400M-03.75BRW,Q3400-03.75BRW,R3400-03.75BRW,418,,,접수,,Si_FRP_Color_Sph,2026-01-27,,S관(3공장),0,418,0,2210,0,0,8,0,0,0,0,0,0,0
202601270003,해외,국내,,,2026-02-23,KRW,S609-04.00,Clalen O2O2 M_Natural Brown EX_2P,,P3400M-04.00BRW,Q3400-04.00BRW,R3400-04.00BRW,380,,,접수,,Si_FRP_Color_Sph,2026-01-27,,S관(3공장),0,380,0,3341,0,0,53,0,0,0,0,0,0,0
202601270003,해외,국내,,,2026-02-23,KRW,S609-04.25,Clalen O2O2 M_Natural Brown EX_2P,,P3400M-04.25BRW,Q3400-04.25BRW,R3400-04.25BRW,320,,,접수,,Si_FRP_Color_Sph,2026-01-27,,S관(3공장),0,320,0,1194,0,0,311,0,0,0,0,0,0,0
202601270003,해외,국내,,,2026-02-23,KRW,S609-04.50,Clalen O2O2 M_Natural Brown EX_2P,,P3400M-04.50BRW,Q3400-04.50BRW,R3400-04.50BRW,340,,,접수,,Si_FRP_Color_Sph,2026-01-27,,S관(3공장),0,340,0,1508,0,0,409,0,0,0,0,0,0,0
202601270003,해외,국내,,,2026-02-23,KRW,S609-04.75,Clalen O2O2 M_Natural Brown EX_2P,,P3400M-04.75BRW,Q3400-04.75BRW,R3400-04.75BRW,320,,,접수,,Si_FRP_Color_Sph,2026-01-27,,S관(3공장),0,320,0,633,0,0,291,0,0,0,0,0,0,0
202601270003,해외,국내,,,2026-02-23,KRW,S609-05.00,Clalen O2O2 M_Natural Brown EX_2P,,P3400M-05.00BRW,Q3400-05.00BRW,R3400-05.00BRW,450,,,접수,,Si_FRP_Color_Sph,2026-01-27,,S관(3공장),0,450,0,1961,0,0,463,0,0,0,0,0,0,0
202601270003,해외,국내,,,2026-02-23,KRW,S609-02.25,Clalen O2O2 M_Natural Brown EX_2P,,P3400M-02.25BRW,Q3400-02.25BRW,R3400-02.25BRW,240,,,접수,,Si_FRP_Color_Sph,2026-01-27,,S관(3공장),0,240,0,1139,0,0,2,0,0,0,0,0,0,0
202601270003,해외,국내,,,2026-02-23,KRW,S609-02.50,Clalen O2O2 M_Natural Brown EX_2P,,P3400M-02.50BRW,Q3400-02.50BRW,R3400-02.50BRW,390,,,접수,,Si_FRP_Color_Sph,2026-01-27,,S관(3공장),0,390,0,1428,0,0,147,0,0,0,0,0,0,0
202601270003,해외,국내,,,2026-02-23,KRW,S609-02.75,Clalen O2O2 M_Natural Brown EX_2P,,P3400M-02.75BRW,Q3400-02.75BRW,R3400-02.75BRW,326,,,접수,,Si_FRP_Color_Sph,2026-01-27,,S관(3공장),0,326,0,0,0,0,387,0,0,0,0,0,0,0
202601270003,해외,국내,,,2026-02-23,KRW,S609-03.00,Clalen O2O2 M_Natural Brown EX_2P,,P3400M-03.00BRW,Q3400-03.00BRW,R3400-03.00BRW,450,,,접수,,Si_FRP_Color_Sph,2026-01-27,,S관(3공장),0,450,0,1593,0,0,188,0,0,0,0,0,0,0
202601270003,해외,국내,,,2026-02-23,KRW,S609-03.25,Clalen O2O2 M_Natural Brown EX_2P,,P3400M-03.25BRW,Q3400-03.25BRW,R3400-03.25BRW,320,,,접수,,Si_FRP_Color_Sph,2026-01-27,,S관(3공장),0,320,0,4279,0,0,274,0,0,0,0,0,0,0
202601270003,해외,국내,,,2026-02-23,KRW,S609-03.50,Clalen O2O2 M_Natural Brown EX_2P,,P3400M-03.50BRW,Q3400-03.50BRW,R3400-03.50BRW,380,,,접수,,Si_FRP_Color_Sph,2026-01-27,,S관(3공장),0,380,0,4382,0,0,21,0,0,0,0,0,0,0
202601270003,해외,국내,,,2026-02-23,KRW,S610-00.00,Clalen O2O2 M_Natural Gray EX_2P,O2O2 M_Natural Gray EX_(중),P3401M-00.00GRA,Q3401-00.00GRA,R3401-00.00GRA,2570,,,접수,,Si_FRP_Color_Sph,2026-01-27,,S관(3공장),0,2570,0,2963,0,0,1073,0,0,0,0,0,0,0
202601270003,해외,국내,,,2026-02-23,KRW,S610-01.00,Clalen O2O2 M_Natural Gray EX_2P,O2O2 M_Natural Gray EX_(중),P3401M-01.00GRA,Q3401-01.00GRA,R3401-01.00GRA,370,,,접수,,Si_FRP_Color_Sph,2026-01-27,,S관(3공장),0,370,0,0,0,0,453,0,0,0,0,0,0,0
202601270003,해외,국내,,,2026-02-23,KRW,S610-01.25,Clalen O2O2 M_Natural Gray EX_2P,O2O2 M_Natural Gray EX_(중),P3401M-01.25GRA,Q3401-01.25GRA,R3401-01.25GRA,220,,,접수,,Si_FRP_Color_Sph,2026-01-27,,S관(3공장),0,220,0,5646,0,0,349,0,0,0,0,0,0,0
202601270003,해외,국내,,,2026-02-23,KRW,S610-01.50,Clalen O2O2 M_Natural Gray EX_2P,O2O2 M_Natural Gray EX_(중),P3401M-01.50GRA,Q3401-01.50GRA,R3401-01.50GRA,290,,,접수,,Si_FRP_Color_Sph,2026-01-27,,S관(3공장),0,290,0,817,0,0,216,0,0,0,0,0,0,0
202601270003,해외,국내,,,2026-02-23,KRW,S610-01.75,Clalen O2O2 M_Natural Gray EX_2P,O2O2 M_Natural Gray EX_(중),P3401M-01.75GRA,Q3401-01.75GRA,R3401-01.75GRA,280,,,접수,,Si_FRP_Color_Sph,2026-01-27,,S관(3공장),0,280,0,1306,0,0,264,0,0,0,0,0,0,0
202601270003,해외,국내,,,2026-02-23,KRW,S610-02.00,Clalen O2O2 M_Natural Gray EX_2P,O2O2 M_Natural Gray EX_(중),P3401M-02.00GRA,Q3401-02.00GRA,R3401-02.00GRA,320,,,접수,,Si_FRP_Color_Sph,2026-01-27,,S관(3공장),0,320,0,1492,0,0,774,0,0,0,0,0,0,0
202601270003,해외,국내,,,2026-02-23,KRW,S610-05.50,Clalen O2O2 M_Natural Gray EX_2P,O2O2 M_Natural Gray EX_(중),P3401M-05.50GRA,Q3401-05.50GRA,R3401-05.50GRA,460,,,접수,,Si_FRP_Color_Sph,2026-01-27,,S관(3공장),0,460,0,1238,0,0,54,0,0,0,0,0,0,0
202601270003,해외,국내,,,2026-02-23,KRW,S610-06.00,Clalen O2O2 M_Natural Gray EX_2P,O2O2 M_Natural Gray EX_(중),P3401M-06.00GRA,Q3401-06.00GRA,R3401-06.00GRA,340,,,접수,,Si_FRP_Color_Sph,2026-01-27,,S관(3공장),0,340,0,0,0,0,756,0,0,0,0,0,0,0
202601270003,해외,국내,,,2026-02-23,KRW,S610-06.50,Clalen O2O2 M_Natural Gray EX_2P,O2O2 M_Natural Gray EX_(중),P3401M-06.50GRA,Q3401-06.50GRA,R3401-06.50GRA,280,,,접수,,Si_FRP_Color_Sph,2026-01-27,,S관(3공장),0,280,0,0,0,0,823,0,0,0,0,0,0,0
202601270003,해외,국내,,,2026-02-23,KRW,S610-07.00,Clalen O2O2 M_Natural Gray EX_2P,O2O2 M_Natural Gray EX_(중),P3401M-07.00GRA,Q3401-07.00GRA,R3401-07.00GRA,164,,,접수,,Si_FRP_Color_Sph,2026-01-27,,S관(3공장),0,164,0,1702,0,0,273,0,0,0,0,0,0,0
202601270003,해외,국내,,,2026-02-23,KRW,S610-07.50,Clalen O2O2 M_Natural Gray EX_2P,O2O2 M_Natural Gray EX_(중),P3401M-07.50GRA,Q3401-07.50GRA,R3401-07.50GRA,140,,,접수,,Si_FRP_Color_Sph,2026-01-27,,S관(3공장),0,140,0,3741,0,0,193,0,0,0,0,0,0,0
202601270003,해외,국내,,,2026-02-23,KRW,S610-08.00,Clalen O2O2 M_Natural Gray EX_2P,O2O2 M_Natural Gray EX_(중),P3401M-08.00GRA,Q3401-08.00GRA,R3401-08.00GRA,150,,,접수,,Si_FRP_Color_Sph,2026-01-27,,S관(3공장),0,150,0,1269,0,0,10,0,0,0,0,0,0,0
202601270003,해외,국내,,,2026-02-23,KRW,S610-03.75,Clalen O2O2 M_Natural Gray EX_2P,O2O2 M_Natural Gray EX_(중),P3401M-03.75GRA,Q3401-03.75GRA,R3401-03.75GRA,420,,,접수,,Si_FRP_Color_Sph,2026-01-27,,S관(3공장),0,420,0,0,0,0,593,0,0,0,0,0,0,0
202601270003,해외,국내,,,2026-02-23,KRW,S610-04.00,Clalen O2O2 M_Natural Gray EX_2P,O2O2 M_Natural Gray EX_(중),P3401M-04.00GRA,Q3401-04.00GRA,R3401-04.00GRA,380,,,접수,,Si_FRP_Color_Sph,2026-01-27,,S관(3공장),0,380,0,816,0,0,574,0,0,0,0,0,0,0
202601270003,해외,국내,,,2026-02-23,KRW,S610-04.25,Clalen O2O2 M_Natural Gray EX_2P,O2O2 M_Natural Gray EX_(중),P3401M-04.25GRA,Q3401-04.25GRA,R3401-04.25GRA,320,,,접수,,Si_FRP_Color_Sph,2026-01-27,,S관(3공장),0,320,0,1576,0,0,228,0,0,0,0,0,0,0
202601270003,해외,국내,,,2026-02-23,KRW,S610-04.50,Clalen O2O2 M_Natural Gray EX_2P,O2O2 M_Natural Gray EX_(중),P3401M-04.50GRA,Q3401-04.50GRA,R3401-04.50GRA,340,,,접수,,Si_FRP_Color_Sph,2026-01-27,,S관(3공장),0,340,0,0,0,0,1747,0,0,0,0,0,0,0
202601270003,해외,국내,,,2026-02-23,KRW,S610-04.75,Clalen O2O2 M_Natural Gray EX_2P,O2O2 M_Natural Gray EX_(중),P3401M-04.75GRA,Q3401-04.75GRA,R3401-04.75GRA,320,,,접수,,Si_FRP_Color_Sph,2026-01-27,,S관(3공장),0,320,0,0,0,0,1467,0,0,0,0,0,0,0
202601270003,해외,국내,,,2026-02-23,KRW,S610-05.00,Clalen O2O2 M_Natural Gray EX_2P,O2O2 M_Natural Gray EX_(중),P3401M-05.00GRA,Q3401-05.00GRA,R3401-05.00GRA,450,,,접수,,Si_FRP_Color_Sph,2026-01-27,,S관(3공장),0,450,0,0,0,0,1718,0,0,0,0,0,0,0
202601270003,해외,국내,,,2026-02-23,KRW,S610-02.25,Clalen O2O2 M_Natural Gray EX_2P,O2O2 M_Natural Gray EX_(중),P3401M-02.25GRA,Q3401-02.25GRA,R3401-02.25GRA,260,,,접수,,Si_FRP_Color_Sph,2026-01-27,,S관(3공장),0,260,0,3413,0,0,197,0,0,0,0,0,0,0
202601270003,해외,국내,,,2026-02-23,KRW,S610-02.50,Clalen O2O2 M_Natural Gray EX_2P,O2O2 M_Natural Gray EX_(중),P3401M-02.50GRA,Q3401-02.50GRA,R3401-02.50GRA,390,,,접수,,Si_FRP_Color_Sph,2026-01-27,,S관(3공장),0,390,0,0,0,0,595,0,0,0,0,0,0,0
202601270003,해외,국내,,,2026-02-23,KRW,S610-02.75,Clalen O2O2 M_Natural Gray EX_2P,O2O2 M_Natural Gray EX_(중),P3401M-02.75GRA,Q3401-02.75GRA,R3401-02.75GRA,380,,,접수,,Si_FRP_Color_Sph,2026-01-27,,S관(3공장),0,380,0,4885,0,0,92,0,0,0,0,0,0,0
202601270003,해외,국내,,,2026-02-23,KRW,S610-03.00,Clalen O2O2 M_Natural Gray EX_2P,O2O2 M_Natural Gray EX_(중),P3401M-03.00GRA,Q3401-03.00GRA,R3401-03.00GRA,450,,,접수,,Si_FRP_Color_Sph,2026-01-27,,S관(3공장),0,450,0,2532,0,0,100,0,0,0,0,0,0,0
202601270003,해외,국내,,,2026-02-23,KRW,S610-03.25,Clalen O2O2 M_Natural Gray EX_2P,O2O2 M_Natural Gray EX_(중),P3401M-03.25GRA,Q3401-03.25GRA,R3401-03.25GRA,320,,,접수,,Si_FRP_Color_Sph,2026-01-27,,S관(3공장),0,320,0,2923,0,0,357,0,0,0,0,0,0,0
202601270003,해외,국내,,,2026-02-23,KRW,S610-03.50,Clalen O2O2 M_Natural Gray EX_2P,O2O2 M_Natural Gray EX_(중),P3401M-03.50GRA,Q3401-03.50GRA,R3401-03.50GRA,380,,,접수,,Si_FRP_Color_Sph,2026-01-27,,S관(3공장),0,380,0,1445,0,0,327,0,0,0,0,0,0,0
202601270003,해외,국내,,,2026-02-23,KRW,S611-00.00,Clalen O2O2 M_Natural Chocolat EX_2P,O2O2 M_Natural Chocolat EX_(중),P3402M-00.00BRW,Q3402-00.00BRW,R3402-00.00BRW,2570,,,접수,,Si_FRP_Color_Sph,2026-01-27,,S관(3공장),0,2570,0,921,0,0,3314,0,0,0,0,0,0,0
202601270003,해외,국내,,,2026-02-23,KRW,S611-01.00,Clalen O2O2 M_Natural Chocolat EX_2P,O2O2 M_Natural Chocolat EX_(중),P3402M-01.00BRW,Q3402-01.00BRW,R3402-01.00BRW,346,,,접수,,Si_FRP_Color_Sph,2026-01-27,,S관(3공장),0,346,0,819,0,0,536,0,0,0,0,0,0,0
202601270003,해외,국내,,,2026-02-23,KRW,S611-01.25,Clalen O2O2 M_Natural Chocolat EX_2P,O2O2 M_Natural Chocolat EX_(중),P3402M-01.25BRW,Q3402-01.25BRW,R3402-01.25BRW,216,,,접수,,Si_FRP_Color_Sph,2026-01-27,,S관(3공장),0,216,0,0,0,0,628,0,0,0,0,0,0,0
202601270003,해외,국내,,,2026-02-23,KRW,S611-01.50,Clalen O2O2 M_Natural Chocolat EX_2P,O2O2 M_Natural Chocolat EX_(중),P3402M-01.50BRW,Q3402-01.50BRW,R3402-01.50BRW,284,,,접수,,Si_FRP_Color_Sph,2026-01-27,,S관(3공장),0,284,0,3069,0,0,201,0,0,0,0,0,0,0
202601270003,해외,국내,,,2026-02-23,KRW,S611-01.75,Clalen O2O2 M_Natural Chocolat EX_2P,O2O2 M_Natural Chocolat EX_(중),P3402M-01.75BRW,Q3402-01.75BRW,R3402-01.75BRW,280,,,접수,,Si_FRP_Color_Sph,2026-01-27,,S관(3공장),0,280,0,5495,0,0,632,0,0,0,0,0,0,0
202601270003,해외,국내,,,2026-02-23,KRW,S611-02.00,Clalen O2O2 M_Natural Chocolat EX_2P,O2O2 M_Natural Chocolat EX_(중),P3402M-02.00BRW,Q3402-02.00BRW,R3402-02.00BRW,320,,,접수,,Si_FRP_Color_Sph,2026-01-27,,S관(3공장),0,320,0,3115,0,0,118,0,0,0,0,0,0,0
202601270003,해외,국내,,,2026-02-23,KRW,S611-05.50,Clalen O2O2 M_Natural Chocolat EX_2P,O2O2 M_Natural Chocolat EX_(중),P3402M-05.50BRW,Q3402-05.50BRW,R3402-05.50BRW,436,,,접수,,Si_FRP_Color_Sph,2026-01-27,,S관(3공장),0,436,0,0,0,0,736,0,0,0,0,0,0,0
202601270003,해외,국내,,,2026-02-23,KRW,S611-06.00,Clalen O2O2 M_Natural Chocolat EX_2P,O2O2 M_Natural Chocolat EX_(중),P3402M-06.00BRW,Q3402-06.00BRW,R3402-06.00BRW,336,,,접수,,Si_FRP_Color_Sph,2026-01-27,,S관(3공장),0,336,0,938,0,0,839,0,0,0,0,0,0,0
202601270003,해외,국내,,,2026-02-23,KRW,S611-06.50,Clalen O2O2 M_Natural Chocolat EX_2P,O2O2 M_Natural Chocolat EX_(중),P3402M-06.50BRW,Q3402-06.50BRW,R3402-06.50BRW,250,,,접수,,Si_FRP_Color_Sph,2026-01-27,,S관(3공장),0,250,0,0,0,0,375,0,0,0,0,0,0,0
202601270003,해외,국내,,,2026-02-23,KRW,S611-07.00,Clalen O2O2 M_Natural Chocolat EX_2P,O2O2 M_Natural Chocolat EX_(중),P3402M-07.00BRW,Q3402-07.00BRW,R3402-07.00BRW,152,,,접수,,Si_FRP_Color_Sph,2026-01-27,,S관(3공장),0,152,0,2514,0,0,124,0,0,0,0,0,0,0
202601270003,해외,국내,,,2026-02-23,KRW,S611-07.50,Clalen O2O2 M_Natural Chocolat EX_2P,O2O2 M_Natural Chocolat EX_(중),P3402M-07.50BRW,Q3402-07.50BRW,R3402-07.50BRW,140,,,접수,,Si_FRP_Color_Sph,2026-01-27,,S관(3공장),0,140,0,377,0,0,183,0,0,0,0,0,0,0
202601270003,해외,국내,,,2026-02-23,KRW,S611-08.00,Clalen O2O2 M_Natural Chocolat EX_2P,O2O2 M_Natural Chocolat EX_(중),P3402M-08.00BRW,Q3402-08.00BRW,R3402-08.00BRW,110,,,접수,,Si_FRP_Color_Sph,2026-01-27,,S관(3공장),0,110,0,727,0,0,568,0,0,0,0,0,0,0
202601270003,해외,국내,,,2026-02-23,KRW,S611-03.75,Clalen O2O2 M_Natural Chocolat EX_2P,O2O2 M_Natural Chocolat EX_(중),P3402M-03.75BRW,Q3402-03.75BRW,R3402-03.75BRW,420,,,접수,,Si_FRP_Color_Sph,2026-01-27,,S관(3공장),0,420,0,3373,0,0,1254,0,0,0,0,0,0,0
202601270003,해외,국내,,,2026-02-23,KRW,S611-04.00,Clalen O2O2 M_Natural Chocolat EX_2P,O2O2 M_Natural Chocolat EX_(중),P3402M-04.00BRW,Q3402-04.00BRW,R3402-04.00BRW,364,,,접수,,Si_FRP_Color_Sph,2026-01-27,,S관(3공장),0,364,0,811,0,0,383,0,0,0,0,0,0,0
202601270003,해외,국내,,,2026-02-23,KRW,S611-04.25,Clalen O2O2 M_Natural Chocolat EX_2P,O2O2 M_Natural Chocolat EX_(중),P3402M-04.25BRW,Q3402-04.25BRW,R3402-04.25BRW,320,,,접수,,Si_FRP_Color_Sph,2026-01-27,,S관(3공장),0,320,0,1171,0,0,612,0,0,0,0,0,0,0
202601270003,해외,국내,,,2026-02-23,KRW,S611-04.50,Clalen O2O2 M_Natural Chocolat EX_2P,O2O2 M_Natural Chocolat EX_(중),P3402M-04.50BRW,Q3402-04.50BRW,R3402-04.50BRW,330,,,접수,,Si_FRP_Color_Sph,2026-01-27,,S관(3공장),0,330,0,0,0,0,1372,0,0,0,0,0,0,0
202601270003,해외,국내,,,2026-02-23,KRW,S611-04.75,Clalen O2O2 M_Natural Chocolat EX_2P,O2O2 M_Natural Chocolat EX_(중),P3402M-04.75BRW,Q3402-04.75BRW,R3402-04.75BRW,320,,,접수,,Si_FRP_Color_Sph,2026-01-27,,S관(3공장),0,320,0,633,0,0,103,0,0,0,0,0,0,0
202601270003,해외,국내,,,2026-02-23,KRW,S611-05.00,Clalen O2O2 M_Natural Chocolat EX_2P,O2O2 M_Natural Chocolat EX_(중),P3402M-05.00BRW,Q3402-05.00BRW,R3402-05.00BRW,450,,,접수,,Si_FRP_Color_Sph,2026-01-27,,S관(3공장),0,450,0,0,0,0,832,0,0,0,0,0,0,0
202601270003,해외,국내,,,2026-02-23,KRW,S611-02.25,Clalen O2O2 M_Natural Chocolat EX_2P,O2O2 M_Natural Chocolat EX_(중),P3402M-02.25BRW,Q3402-02.25BRW,R3402-02.25BRW,246,,,접수,,Si_FRP_Color_Sph,2026-01-27,,S관(3공장),0,246,0,0,0,0,507,0,0,0,0,0,0,0
202601270003,해외,국내,,,2026-02-23,KRW,S611-02.50,Clalen O2O2 M_Natural Chocolat EX_2P,O2O2 M_Natural Chocolat EX_(중),P3402M-02.50BRW,Q3402-02.50BRW,R3402-02.50BRW,390,,,접수,,Si_FRP_Color_Sph,2026-01-27,,S관(3공장),0,390,0,2969,0,0,37,0,0,0,0,0,0,0
202601270003,해외,국내,,,2026-02-23,KRW,S611-02.75,Clalen O2O2 M_Natural Chocolat EX_2P,O2O2 M_Natural Chocolat EX_(중),P3402M-02.75BRW,Q3402-02.75BRW,R3402-02.75BRW,362,,,접수,,Si_FRP_Color_Sph,2026-01-27,,S관(3공장),0,362,0,167,0,0,842,0,0,0,0,0,0,0
202601270003,해외,국내,,,2026-02-23,KRW,S611-03.00,Clalen O2O2 M_Natural Chocolat EX_2P,O2O2 M_Natural Chocolat EX_(중),P3402M-03.00BRW,Q3402-03.00BRW,R3402-03.00BRW,450,,,접수,,Si_FRP_Color_Sph,2026-01-27,,S관(3공장),0,450,0,5276,0,0,1193,0,0,0,0,0,0,0
202601270003,해외,국내,,,2026-02-23,KRW,S611-03.25,Clalen O2O2 M_Natural Chocolat EX_2P,O2O2 M_Natural Chocolat EX_(중),P3402M-03.25BRW,Q3402-03.25BRW,R3402-03.25BRW,316,,,접수,,Si_FRP_Color_Sph,2026-01-27,,S관(3공장),0,316,0,0,0,0,527,0,0,0,0,0,0,0
202601270003,해외,국내,,,2026-02-23,KRW,S611-03.50,Clalen O2O2 M_Natural Chocolat EX_2P,O2O2 M_Natural Chocolat EX_(중),P3402M-03.50BRW,Q3402-03.50BRW,R3402-03.50BRW,374,,,접수,,Si_FRP_Color_Sph,2026-01-27,,S관(3공장),0,374,0,644,0,0,972,0,0,0,0,0,0,0
202601270003,해외,국내,,,2026-02-23,KRW,S612-00.00,Clalen O2O2 M_Mysti Gray EX_2P,,P3403M-00.00GRA,Q3403-00.00GRA,R3403-00.00GRA,2570,,,접수,,Si_FRP_Color_Sph,2026-01-27,,S관(3공장),0,2570,8545,768,0,0,169,0,0,0,2801,0,0,0
202601270003,해외,국내,,,2026-02-23,KRW,S612-01.00,Clalen O2O2 M_Mysti Gray EX_2P,,P3403M-01.00GRA,Q3403-01.00GRA,R3403-01.00GRA,370,,,접수,,Si_FRP_Color_Sph,2026-01-27,,S관(3공장),0,370,0,0,0,0,107,0,0,510,389,0,0,0
202601270003,해외,국내,,,2026-02-23,KRW,S612-01.25,Clalen O2O2 M_Mysti Gray EX_2P,,P3403M-01.25GRA,Q3403-01.25GRA,R3403-01.25GRA,220,,,접수,,Si_FRP_Color_Sph,2026-01-27,,S관(3공장),0,220,0,0,0,0,19,0,0,391,298,0,0,0
202601270003,해외,국내,,,2026-02-23,KRW,S612-01.50,Clalen O2O2 M_Mysti Gray EX_2P,,P3403M-01.50GRA,Q3403-01.50GRA,R3403-01.50GRA,290,,,접수,,Si_FRP_Color_Sph,2026-01-27,,S관(3공장),0,290,0,0,0,0,556,0,0,0,0,0,0,0
202601270003,해외,국내,,,2026-02-23,KRW,S612-01.75,Clalen O2O2 M_Mysti Gray EX_2P,,P3403M-01.75GRA,Q3403-01.75GRA,R3403-01.75GRA,280,,,접수,,Si_FRP_Color_Sph,2026-01-27,,S관(3공장),0,280,0,0,0,0,54,0,0,439,334,0,0,0
202601270003,해외,국내,,,2026-02-23,KRW,S612-02.00,Clalen O2O2 M_Mysti Gray EX_2P,,P3403M-02.00GRA,Q3403-02.00GRA,R3403-02.00GRA,320,,,접수,,Si_FRP_Color_Sph,2026-01-27,,S관(3공장),0,320,0,0,0,0,703,0,0,0,0,0,0,0
202601270003,해외,국내,,,2026-02-23,KRW,S612-05.50,Clalen O2O2 M_Mysti Gray EX_2P,,P3403M-05.50GRA,Q3403-05.50GRA,R3403-05.50GRA,460,,,접수,,Si_FRP_Color_Sph,2026-01-27,,S관(3공장),0,460,0,0,0,0,200,0,0,505,385,0,0,0
202601270003,해외,국내,,,2026-02-23,KRW,S612-06.00,Clalen O2O2 M_Mysti Gray EX_2P,,P3403M-06.00GRA,Q3403-06.00GRA,R3403-06.00GRA,340,,,접수,,Si_FRP_Color_Sph,2026-01-27,,S관(3공장),0,340,0,0,0,0,11,0,0,638,487,0,0,0
202601270003,해외,국내,,,2026-02-23,KRW,S612-06.50,Clalen O2O2 M_Mysti Gray EX_2P,,P3403M-06.50GRA,Q3403-06.50GRA,R3403-06.50GRA,280,,,접수,,Si_FRP_Color_Sph,2026-01-27,,S관(3공장),0,280,0,0,0,0,71,0,0,405,309,0,0,0
202601270003,해외,국내,,,2026-02-23,KRW,S612-07.00,Clalen O2O2 M_Mysti Gray EX_2P,,P3403M-07.00GRA,Q3403-07.00GRA,R3403-07.00GRA,170,,,접수,,Si_FRP_Color_Sph,2026-01-27,,S관(3공장),0,170,0,0,0,0,201,0,0,0,0,0,0,0
202601270003,해외,국내,,,2026-02-23,KRW,S612-07.50,Clalen O2O2 M_Mysti Gray EX_2P,,P3403M-07.50GRA,Q3403-07.50GRA,R3403-07.50GRA,140,,,접수,,Si_FRP_Color_Sph,2026-01-27,,S관(3공장),0,140,0,0,0,0,510,0,0,0,0,0,0,0
202601270003,해외,국내,,,2026-02-23,KRW,S612-08.00,Clalen O2O2 M_Mysti Gray EX_2P,,P3403M-08.00GRA,Q3403-08.00GRA,R3403-08.00GRA,150,,,접수,,Si_FRP_Color_Sph,2026-01-27,,S관(3공장),0,150,0,0,0,0,1330,0,0,0,0,0,0,0
202601270003,해외,국내,,,2026-02-23,KRW,S612-03.75,Clalen O2O2 M_Mysti Gray EX_2P,,P3403M-03.75GRA,Q3403-03.75GRA,R3403-03.75GRA,420,,,접수,,Si_FRP_Color_Sph,2026-01-27,,S관(3공장),0,420,0,662,0,0,176,0,0,0,0,0,0,0
202601270003,해외,국내,,,2026-02-23,KRW,S612-04.00,Clalen O2O2 M_Mysti Gray EX_2P,,P3403M-04.00GRA,Q3403-04.00GRA,R3403-04.00GRA,380,,,접수,,Si_FRP_Color_Sph,2026-01-27,,S관(3공장),0,380,0,955,0,0,196,0,0,0,0,0,0,0
202601270003,해외,국내,,,2026-02-23,KRW,S612-04.25,Clalen O2O2 M_Mysti Gray EX_2P,,P3403M-04.25GRA,Q3403-04.25GRA,R3403-04.25GRA,320,,,접수,,Si_FRP_Color_Sph,2026-01-27,,S관(3공장),0,320,0,556,0,0,303,0,0,0,0,0,0,0
202601270003,해외,국내,,,2026-02-23,KRW,S612-04.50,Clalen O2O2 M_Mysti Gray EX_2P,,P3403M-04.50GRA,Q3403-04.50GRA,R3403-04.50GRA,340,,,접수,,Si_FRP_Color_Sph,2026-01-27,,S관(3공장),0,340,0,0,0,0,241,0,0,193,147,0,0,0
202601270003,해외,국내,,,2026-02-23,KRW,S612-04.75,Clalen O2O2 M_Mysti Gray EX_2P,,P3403M-04.75GRA,Q3403-04.75GRA,R3403-04.75GRA,320,,,접수,,Si_FRP_Color_Sph,2026-01-27,,S관(3공장),0,320,0,0,0,0,540,0,0,0,0,0,0,0
202601270003,해외,국내,,,2026-02-23,KRW,S612-05.00,Clalen O2O2 M_Mysti Gray EX_2P,,P3403M-05.00GRA,Q3403-05.00GRA,R3403-05.00GRA,450,,,접수,,Si_FRP_Color_Sph,2026-01-27,,S관(3공장),0,450,0,0,0,0,86,0,0,705,538,0,0,0
202601270003,해외,국내,,,2026-02-23,KRW,S612-02.25,Clalen O2O2 M_Mysti Gray EX_2P,,P3403M-02.25GRA,Q3403-02.25GRA,R3403-02.25GRA,260,,,접수,,Si_FRP_Color_Sph,2026-01-27,,S관(3공장),0,260,0,0,0,0,333,0,0,0,0,0,0,0
202601270003,해외,국내,,,2026-02-23,KRW,S612-02.50,Clalen O2O2 M_Mysti Gray EX_2P,,P3403M-02.50GRA,Q3403-02.50GRA,R3403-02.50GRA,390,,,접수,,Si_FRP_Color_Sph,2026-01-27,,S관(3공장),0,390,0,0,0,0,362,0,0,55,42,0,0,0
202601270003,해외,국내,,,2026-02-23,KRW,S612-02.75,Clalen O2O2 M_Mysti Gray EX_2P,,P3403M-02.75GRA,Q3403-02.75GRA,R3403-02.75GRA,380,,,접수,,Si_FRP_Color_Sph,2026-01-27,,S관(3공장),0,380,0,0,0,0,231,0,0,290,221,0,0,0
202601270003,해외,국내,,,2026-02-23,KRW,S612-03.00,Clalen O2O2 M_Mysti Gray EX_2P,,P3403M-03.00GRA,Q3403-03.00GRA,R3403-03.00GRA,450,,,접수,,Si_FRP_Color_Sph,2026-01-27,,S관(3공장),0,450,0,0,0,0,19,0,0,836,637,0,0,0
202601270003,해외,국내,,,2026-02-23,KRW,S612-03.25,Clalen O2O2 M_Mysti Gray EX_2P,,P3403M-03.25GRA,Q3403-03.25GRA,R3403-03.25GRA,320,,,접수,,Si_FRP_Color_Sph,2026-01-27,,S관(3공장),0,320,0,0,0,0,484,0,0,0,0,0,0,0
202601270003,해외,국내,,,2026-02-23,KRW,S612-03.50,Clalen O2O2 M_Mysti Gray EX_2P,,P3403M-03.50GRA,Q3403-03.50GRA,R3403-03.50GRA,380,,,접수,,Si_FRP_Color_Sph,2026-01-27,,S관(3공장),0,380,0,867,0,0,681,0,0,0,0,0,0,0
202601270003,해외,국내,,,2026-02-23,KRW,S613-00.00,Clalen O2O2 M_Mysti Khaki EX_2P,,P3404M-00.00GRN,Q3404-00.00GRN,R3404-00.00GRN,2570,,,접수,,Si_FRP_Color_Sph,2026-01-27,,S관(3공장),0,2570,0,0,0,0,2104,0,0,903,689,0,0,0
202601270003,해외,국내,,,2026-02-23,KRW,S613-01.00,Clalen O2O2 M_Mysti Khaki EX_2P,,P3404M-01.00GRN,Q3404-01.00GRN,R3404-01.00GRN,370,,,접수,,Si_FRP_Color_Sph,2026-01-27,,S관(3공장),0,370,0,0,0,0,178,0,0,372,284,0,0,0
202601270003,해외,국내,,,2026-02-23,KRW,S613-01.25,Clalen O2O2 M_Mysti Khaki EX_2P,,P3404M-01.25GRN,Q3404-01.25GRN,R3404-01.25GRN,220,,,접수,,Si_FRP_Color_Sph,2026-01-27,,S관(3공장),0,220,0,0,0,0,892,0,0,0,0,0,0,0
202601270003,해외,국내,,,2026-02-23,KRW,S613-01.50,Clalen O2O2 M_Mysti Khaki EX_2P,,P3404M-01.50GRN,Q3404-01.50GRN,R3404-01.50GRN,290,,,접수,,Si_FRP_Color_Sph,2026-01-27,,S관(3공장),0,290,0,0,0,0,1107,0,0,0,0,0,0,0
202601270003,해외,국내,,,2026-02-23,KRW,S613-01.75,Clalen O2O2 M_Mysti Khaki EX_2P,,P3404M-01.75GRN,Q3404-01.75GRN,R3404-01.75GRN,280,,,접수,,Si_FRP_Color_Sph,2026-01-27,,S관(3공장),0,280,0,0,0,0,986,0,0,0,0,0,0,0
202601270003,해외,국내,,,2026-02-23,KRW,S613-02.00,Clalen O2O2 M_Mysti Khaki EX_2P,,P3404M-02.00GRN,Q3404-02.00GRN,R3404-02.00GRN,320,,,접수,,Si_FRP_Color_Sph,2026-01-27,,S관(3공장),0,320,0,0,0,0,535,0,0,0,0,0,0,0
202601270003,해외,국내,,,2026-02-23,KRW,S613-05.50,Clalen O2O2 M_Mysti Khaki EX_2P,,P3404M-05.50GRN,Q3404-05.50GRN,R3404-05.50GRN,460,,,접수,,Si_FRP_Color_Sph,2026-01-27,,S관(3공장),0,460,0,0,0,0,729,0,0,0,0,0,0,0
202601270003,해외,국내,,,2026-02-23,KRW,S613-06.00,Clalen O2O2 M_Mysti Khaki EX_2P,,P3404M-06.00GRN,Q3404-06.00GRN,R3404-06.00GRN,340,,,접수,,Si_FRP_Color_Sph,2026-01-27,,S관(3공장),0,340,0,0,0,0,494,0,0,0,0,0,0,0
202601270003,해외,국내,,,2026-02-23,KRW,S613-06.50,Clalen O2O2 M_Mysti Khaki EX_2P,,P3404M-06.50GRN,Q3404-06.50GRN,R3404-06.50GRN,280,,,접수,,Si_FRP_Color_Sph,2026-01-27,,S관(3공장),0,280,0,0,0,0,225,0,0,108,82,0,0,0
202601270003,해외,국내,,,2026-02-23,KRW,S613-07.00,Clalen O2O2 M_Mysti Khaki EX_2P,,P3404M-07.00GRN,Q3404-07.00GRN,R3404-07.00GRN,170,,,접수,,Si_FRP_Color_Sph,2026-01-27,,S관(3공장),0,170,0,0,0,0,721,0,0,0,0,0,0,0
202601270003,해외,국내,,,2026-02-23,KRW,S613-07.50,Clalen O2O2 M_Mysti Khaki EX_2P,,P3404M-07.50GRN,Q3404-07.50GRN,R3404-07.50GRN,140,,,접수,,Si_FRP_Color_Sph,2026-01-27,,S관(3공장),0,140,0,0,0,0,250,0,0,0,0,0,0,0
202601270003,해외,국내,,,2026-02-23,KRW,S613-08.00,Clalen O2O2 M_Mysti Khaki EX_2P,,P3404M-08.00GRN,Q3404-08.00GRN,R3404-08.00GRN,150,,,접수,,Si_FRP_Color_Sph,2026-01-27,,S관(3공장),0,150,0,0,0,0,185,0,0,0,0,0,0,0
202601270003,해외,국내,,,2026-02-23,KRW,S613-03.75,Clalen O2O2 M_Mysti Khaki EX_2P,,P3404M-03.75GRN,Q3404-03.75GRN,R3404-03.75GRN,420,,,접수,,Si_FRP_Color_Sph,2026-01-27,,S관(3공장),0,420,0,0,0,0,1530,0,0,0,0,0,0,0
202601270003,해외,국내,,,2026-02-23,KRW,S613-04.00,Clalen O2O2 M_Mysti Khaki EX_2P,,P3404M-04.00GRN,Q3404-04.00GRN,R3404-04.00GRN,380,,,접수,,Si_FRP_Color_Sph,2026-01-27,,S관(3공장),0,380,0,0,0,0,232,0,0,287,219,0,0,0
202601270003,해외,국내,,,2026-02-23,KRW,S613-04.25,Clalen O2O2 M_Mysti Khaki EX_2P,,P3404M-04.25GRN,Q3404-04.25GRN,R3404-04.25GRN,320,,,접수,,Si_FRP_Color_Sph,2026-01-27,,S관(3공장),0,320,0,0,0,0,411,0,0,0,0,0,0,0
202601270003,해외,국내,,,2026-02-23,KRW,S613-04.50,Clalen O2O2 M_Mysti Khaki EX_2P,,P3404M-04.50GRN,Q3404-04.50GRN,R3404-04.50GRN,340,,,접수,,Si_FRP_Color_Sph,2026-01-27,,S관(3공장),0,340,0,0,0,0,749,0,0,0,0,0,0,0
202601270003,해외,국내,,,2026-02-23,KRW,S613-04.75,Clalen O2O2 M_Mysti Khaki EX_2P,,P3404M-04.75GRN,Q3404-04.75GRN,R3404-04.75GRN,320,,,접수,,Si_FRP_Color_Sph,2026-01-27,,S관(3공장),0,320,0,0,0,0,304,0,0,32,24,0,0,0
202601270003,해외,국내,,,2026-02-23,KRW,S613-05.00,Clalen O2O2 M_Mysti Khaki EX_2P,,P3404M-05.00GRN,Q3404-05.00GRN,R3404-05.00GRN,450,,,접수,,Si_FRP_Color_Sph,2026-01-27,,S관(3공장),0,450,0,0,0,0,1233,0,0,0,0,0,0,0
202601270003,해외,국내,,,2026-02-23,KRW,S613-02.25,Clalen O2O2 M_Mysti Khaki EX_2P,,P3404M-02.25GRN,Q3404-02.25GRN,R3404-02.25GRN,260,,,접수,,Si_FRP_Color_Sph,2026-01-27,,S관(3공장),0,260,0,0,0,0,201,0,0,115,88,0,0,0
202601270003,해외,국내,,,2026-02-23,KRW,S613-02.50,Clalen O2O2 M_Mysti Khaki EX_2P,,P3404M-02.50GRN,Q3404-02.50GRN,R3404-02.50GRN,390,,,접수,,Si_FRP_Color_Sph,2026-01-27,,S관(3공장),0,390,0,0,0,0,736,0,0,0,0,0,0,0
202601270003,해외,국내,,,2026-02-23,KRW,S613-02.75,Clalen O2O2 M_Mysti Khaki EX_2P,,P3404M-02.75GRN,Q3404-02.75GRN,R3404-02.75GRN,380,,,접수,,Si_FRP_Color_Sph,2026-01-27,,S관(3공장),0,380,0,0,0,0,879,0,0,0,0,0,0,0
202601270003,해외,국내,,,2026-02-23,KRW,S613-03.00,Clalen O2O2 M_Mysti Khaki EX_2P,,P3404M-03.00GRN,Q3404-03.00GRN,R3404-03.00GRN,450,,,접수,,Si_FRP_Color_Sph,2026-01-27,,S관(3공장),0,450,0,0,0,0,667,0,0,0,0,0,0,0
202601270003,해외,국내,,,2026-02-23,KRW,S613-03.25,Clalen O2O2 M_Mysti Khaki EX_2P,,P3404M-03.25GRN,Q3404-03.25GRN,R3404-03.25GRN,320,,,접수,,Si_FRP_Color_Sph,2026-01-27,,S관(3공장),0,320,0,0,0,0,696,0,0,0,0,0,0,0
202601270003,해외,국내,,,2026-02-23,KRW,S613-03.50,Clalen O2O2 M_Mysti Khaki EX_2P,,P3404M-03.50GRN,Q3404-03.50GRN,R3404-03.50GRN,380,,,접수,,Si_FRP_Color_Sph,2026-01-27,,S관(3공장),0,380,0,0,0,0,656,0,0,0,0,0,0,0
202601270003,해외,국내,,,2026-02-23,KRW,S615-00.00,Clalen O2O2 D_Sepia Choco EX_30P,O2O2 D_Sepia Choco EX,P3405A-00.00SPC,Q3405-00.00SPC,R3405-00.00SPC,77100,,,접수,,Si_1-Day_Color_Sph,2026-01-27,,S관(3공장),0,77100,9601,42298,26546,21110,113130,0,0,0,0,0,0,0
202601270003,해외,국내,,,2026-02-23,KRW,S615-01.00,Clalen O2O2 D_Sepia Choco EX_30P,O2O2 D_Sepia Choco EX,P3405A-01.00SPC,Q3405-01.00SPC,R3405-01.00SPC,11100,,,접수,,Si_1-Day_Color_Sph,2026-01-27,,S관(3공장),0,11100,0,0,0,0,34545,0,0,0,0,0,0,0
202601270003,해외,국내,,,2026-02-23,KRW,S615-01.25,Clalen O2O2 D_Sepia Choco EX_30P,O2O2 D_Sepia Choco EX,P3405A-01.25SPC,Q3405-01.25SPC,R3405-01.25SPC,6600,,,접수,,Si_1-Day_Color_Sph,2026-01-27,,S관(3공장),0,6600,0,0,0,0,13960,0,0,0,0,0,0,0
202601270003,해외,국내,,,2026-02-23,KRW,S615-01.75,Clalen O2O2 D_Sepia Choco EX_30P,O2O2 D_Sepia Choco EX,P3405A-01.75SPC,Q3405-01.75SPC,R3405-01.75SPC,8400,,,접수,,Si_1-Day_Color_Sph,2026-01-27,,S관(3공장),0,8400,0,0,0,0,7955,0,445,746,634,481,478,450
202601270003,해외,국내,,,2026-02-23,KRW,S615-02.25,Clalen O2O2 D_Sepia Choco EX_30P,O2O2 D_Sepia Choco EX,P3405A-02.25SPC,Q3405-02.25SPC,R3405-02.25SPC,7800,,,접수,,Si_1-Day_Color_Sph,2026-01-27,,S관(3공장),0,7800,254,2570,3017,0,16595,0,0,0,0,0,0,0
202601270003,해외,국내,,,2026-02-23,KRW,S615-02.50,Clalen O2O2 D_Sepia Choco EX_30P,O2O2 D_Sepia Choco EX,P3405A-02.50SPC,Q3405-02.50SPC,R3405-02.50SPC,11700,,,접수,,Si_1-Day_Color_Sph,2026-01-27,,S관(3공장),0,11700,0,0,1325,1395,29190,0,0,0,0,0,0,0
202601270003,해외,국내,,,2026-02-23,KRW,S615-05.50,Clalen O2O2 D_Sepia Choco EX_30P,O2O2 D_Sepia Choco EX,P3405A-05.50SPC,Q3405-05.50SPC,R3405-05.50SPC,13800,,,접수,,Si_1-Day_Color_Sph,2026-01-27,,S관(3공장),0,13800,0,0,0,1145,4245,0,9555,15505,13171,9997,9932,9352
202601270003,해외,국내,,,2026-02-23,KRW,S615-06.00,Clalen O2O2 D_Sepia Choco EX_30P,O2O2 D_Sepia Choco EX,P3405A-06.00SPC,Q3405-06.00SPC,R3405-06.00SPC,10200,,,접수,,Si_1-Day_Color_Sph,2026-01-27,,S관(3공장),0,10200,0,1273,0,0,5460,0,4740,7694,6536,5120,5087,4790
202601270003,해외,국내,,,2026-02-23,KRW,S615-02.75,Clalen O2O2 D_Sepia Choco EX_30P,O2O2 D_Sepia Choco EX,P3405A-02.75SPC,Q3405-02.75SPC,R3405-02.75SPC,11400,,,접수,,Si_1-Day_Color_Sph,2026-01-27,,S관(3공장),0,11400,0,0,1312,0,3780,0,7620,12094,10274,7798,7748,7699
202601270003,해외,국내,,,2026-02-23,KRW,S615-03.00,Clalen O2O2 D_Sepia Choco EX_30P,O2O2 D_Sepia Choco EX,P3405A-03.00SPC,Q3405-03.00SPC,R3405-03.00SPC,13500,,,접수,,Si_1-Day_Color_Sph,2026-01-27,,S관(3공장),0,13500,0,0,0,1550,13590,0,0,0,0,0,0,0
202601270003,해외,국내,,,2026-02-23,KRW,S615-03.25,Clalen O2O2 D_Sepia Choco EX_30P,O2O2 D_Sepia Choco EX,P3405A-03.25SPC,Q3405-03.25SPC,R3405-03.25SPC,9600,,,접수,,Si_1-Day_Color_Sph,2026-01-27,,S관(3공장),0,9600,0,0,0,0,5700,0,3900,6533,5550,4213,4185,3941
202601270003,해외,국내,,,2026-02-23,KRW,S615-03.50,Clalen O2O2 D_Sepia Choco EX_30P,O2O2 D_Sepia Choco EX,P3405A-03.50SPC,Q3405-03.50SPC,R3405-03.50SPC,1500,,,접수,,Si_1-Day_Color_Sph,2026-01-27,,S관(3공장),0,1500,0,0,0,0,1215,0,285,478,406,308,306,288
202601270003,해외,국내,,,2026-02-23,KRW,S615-04.00,Clalen O2O2 D_Sepia Choco EX_30P,O2O2 D_Sepia Choco EX,P3405A-04.00SPC,Q3405-04.00SPC,R3405-04.00SPC,11400,,,접수,,Si_1-Day_Color_Sph,2026-01-27,,S관(3공장),0,11400,0,0,0,0,13360,0,0,0,0,0,0,0
202601270003,해외,국내,,,2026-02-23,KRW,S615-04.25,Clalen O2O2 D_Sepia Choco EX_30P,O2O2 D_Sepia Choco EX,P3405A-04.25SPC,Q3405-04.25SPC,R3405-04.25SPC,9600,,,접수,,Si_1-Day_Color_Sph,2026-01-27,,S관(3공장),0,9600,0,0,0,0,8065,0,1535,2572,2185,1658,1648,1551
202601270003,해외,국내,,,2026-02-23,KRW,S617-00.00,Clalen O2O2 D_Ash Brown EX_30P,O2O2 D_Ash Brown EX,P3406A-00.00ASB,Q3406-00.00ASB,R3406-00.00ASB,59940,,,접수,,Si_1-Day_Color_Sph,2026-01-27,,S관(3공장),0,59940,0,0,0,0,8175,0,51765,86707,73657,55906,55544,52300
202601270003,해외,국내,,,2026-02-23,KRW,S617-01.25,Clalen O2O2 D_Ash Brown EX_30P,O2O2 D_Ash Brown EX,P3406A-01.25ASB,Q3406-01.25ASB,R3406-01.25ASB,6600,,,접수,,Si_1-Day_Color_Sph,2026-01-27,,S관(3공장),0,6600,0,0,0,0,26175,0,0,0,0,0,0,0
202601270003,해외,국내,,,2026-02-23,KRW,S617-02.75,Clalen O2O2 D_Ash Brown EX_30P,O2O2 D_Ash Brown EX,P3406A-02.75ASB,Q3406-02.75ASB,R3406-02.75ASB,11400,,,접수,,Si_1-Day_Color_Sph,2026-01-27,,S관(3공장),0,11400,0,0,0,0,24045,0,0,0,0,0,0,0
202601270003,해외,국내,,,2026-02-23,KRW,S617-03.00,Clalen O2O2 D_Ash Brown EX_30P,O2O2 D_Ash Brown EX,P3406A-03.00ASB,Q3406-03.00ASB,R3406-03.00ASB,13500,,,접수,,Si_1-Day_Color_Sph,2026-01-27,,S관(3공장),0,13500,0,0,0,0,11495,0,2005,3360,2854,2166,2152,2026
202601270003,해외,국내,,,2026-02-23,KRW,S617-03.25,Clalen O2O2 D_Ash Brown EX_30P,O2O2 D_Ash Brown EX,P3406A-03.25ASB,Q3406-03.25ASB,R3406-03.25ASB,3600,,,접수,,Si_1-Day_Color_Sph,2026-01-27,,S관(3공장),0,3600,0,0,0,0,5165,0,0,0,0,0,0,0
202601270003,해외,국내,,,2026-02-23,KRW,S617-08.00,Clalen O2O2 D_Ash Brown EX_30P,O2O2 D_Ash Brown EX,P3406A-08.00ASB,Q3406-08.00ASB,R3406-08.00ASB,420,,,접수,,Si_1-Day_Color_Sph,2026-01-27,,S관(3공장),0,420,0,0,0,0,6150,0,0,0,0,0,0,0
202601270003,해외,국내,,,2026-02-23,KRW,S619-00.00,Clalen O2O2 D_Ash Gray EX_30P,O2O2 D_Ash Gray EX,P3407A-00.00ASG,Q3407-00.00ASG,R3407-00.00ASG,42510,,,접수,,Si_1-Day_Color_Sph,2026-01-27,,S관(3공장),0,42510,0,0,0,0,98950,0,0,0,0,0,0,0
202601270003,해외,국내,,,2026-02-23,KRW,S619-01.75,Clalen O2O2 D_Ash Gray EX_30P,O2O2 D_Ash Gray EX,P3407A-01.75ASG,Q3407-01.75ASG,R3407-01.75ASG,1500,,,접수,,Si_1-Day_Color_Sph,2026-01-27,,S관(3공장),0,1500,0,0,923,0,6870,0,0,0,0,0,0,0
202601270003,해외,국내,,,2026-02-23,KRW,S619-02.00,Clalen O2O2 D_Ash Gray EX_30P,O2O2 D_Ash Gray EX,P3407A-02.00ASG,Q3407-02.00ASG,R3407-02.00ASG,4500,,,접수,,Si_1-Day_Color_Sph,2026-01-27,,S관(3공장),0,4500,0,0,2168,0,11905,0,0,0,0,0,0,0
202601270003,해외,국내,,,2026-02-23,KRW,S619-05.00,Clalen O2O2 D_Ash Gray EX_30P,O2O2 D_Ash Gray EX,P3407A-05.00ASG,Q3407-05.00ASG,R3407-05.00ASG,1500,,,접수,,Si_1-Day_Color_Sph,2026-01-27,,S관(3공장),0,1500,0,0,0,0,3940,0,0,0,0,0,0,0
202601270003,해외,국내,,,2026-02-23,KRW,S619-07.00,Clalen O2O2 D_Ash Gray EX_30P,O2O2 D_Ash Gray EX,P3407A-07.00ASG,Q3407-07.00ASG,R3407-07.00ASG,60,,,접수,,Si_1-Day_Color_Sph,2026-01-27,,S관(3공장),0,60,0,0,0,0,4755,0,0,0,0,0,0,0
202601270003,해외,국내,,,2026-02-23,KRW,S619-07.50,Clalen O2O2 D_Ash Gray EX_30P,O2O2 D_Ash Gray EX,P3407A-07.50ASG,Q3407-07.50ASG,R3407-07.50ASG,360,,,접수,,Si_1-Day_Color_Sph,2026-01-27,,S관(3공장),0,360,0,0,0,0,5630,0,0,0,0,0,0,0
202601270003,해외,국내,,,2026-02-23,KRW,S625-00.00,Clalen O2O2 D_Blending Hazel EX_30P,O2O2 D_Blending Hazel EX,P3408A-00.00BRW,Q3408-00.00BRW,R3408-00.00BRW,77100,,,접수,,Si_1-Day_Color_Sph,2026-01-27,,S관(3공장),0,77100,0,0,3688,1840,129770,0,0,0,0,0,0,0
202601270003,해외,국내,,,2026-02-23,KRW,S625-05.00,Clalen O2O2 D_Blending Hazel EX_30P,O2O2 D_Blending Hazel EX,P3408A-05.00BRW,Q3408-05.00BRW,R3408-05.00BRW,3000,,,접수,,Si_1-Day_Color_Sph,2026-01-27,,S관(3공장),0,3000,0,0,0,0,6610,0,0,0,0,0,0,0
202601270003,해외,국내,,,2026-02-23,KRW,S627-00.00,Clalen O2O2 D_Blending Rose EX_30P,O2O2 D_Blending Rose EX,P3409A-00.00PIN,Q3409-00.00PIN,R3409-00.00PIN,71220,,,접수,,Si_1-Day_Color_Sph,2026-01-27,,S관(3공장),0,71220,0,0,0,57965,10075,0,61145,7716,6554,4974,4942,4653
202602030001,해외,국내,,,2026-02-28,KRW,S615-00.00,Clalen O2O2 D_Sepia Choco EX_30P,O2O2 D_Sepia Choco EX,P3405A-00.00SPC,Q3405-00.00SPC,R3405-00.00SPC,900,,,접수,,Si_1-Day_Color_Sph,2026-02-05,,S관(3공장),0,900,9601,42298,26546,21110,113130,0,0,0,0,0,0,0
202602030001,해외,국내,,,2026-02-28,KRW,S615-01.00,Clalen O2O2 D_Sepia Choco EX_30P,O2O2 D_Sepia Choco EX,P3405A-01.00SPC,Q3405-01.00SPC,R3405-01.00SPC,450,,,접수,,Si_1-Day_Color_Sph,2026-02-05,,S관(3공장),0,450,0,0,0,0,34545,0,0,0,0,0,0,0
202602030001,해외,국내,,,2026-02-28,KRW,S615-01.25,Clalen O2O2 D_Sepia Choco EX_30P,O2O2 D_Sepia Choco EX,P3405A-01.25SPC,Q3405-01.25SPC,R3405-01.25SPC,450,,,접수,,Si_1-Day_Color_Sph,2026-02-05,,S관(3공장),0,450,0,0,0,0,13960,0,0,0,0,0,0,0
202602030001,해외,국내,,,2026-02-28,KRW,S615-01.50,Clalen O2O2 D_Sepia Choco EX_30P,O2O2 D_Sepia Choco EX,P3405A-01.50SPC,Q3405-01.50SPC,R3405-01.50SPC,450,,,접수,,Si_1-Day_Color_Sph,2026-02-05,,S관(3공장),0,450,0,0,0,0,32885,0,0,0,0,0,0,0
202602030001,해외,국내,,,2026-02-28,KRW,S615-01.75,Clalen O2O2 D_Sepia Choco EX_30P,O2O2 D_Sepia Choco EX,P3405A-01.75SPC,Q3405-01.75SPC,R3405-01.75SPC,450,,,접수,,Si_1-Day_Color_Sph,2026-02-05,,S관(3공장),0,450,0,0,0,0,7955,0,450,754,641,487,483,455
202602030001,해외,국내,,,2026-02-28,KRW,S615-02.00,Clalen O2O2 D_Sepia Choco EX_30P,O2O2 D_Sepia Choco EX,P3405A-02.00SPC,Q3405-02.00SPC,R3405-02.00SPC,450,,,접수,,Si_1-Day_Color_Sph,2026-02-05,,S관(3공장),0,450,0,0,0,0,7700,0,0,0,0,0,0,0
202602030001,해외,국내,,,2026-02-28,KRW,S615-02.25,Clalen O2O2 D_Sepia Choco EX_30P,O2O2 D_Sepia Choco EX,P3405A-02.25SPC,Q3405-02.25SPC,R3405-02.25SPC,450,,,접수,,Si_1-Day_Color_Sph,2026-02-05,,S관(3공장),0,450,254,2570,3017,0,16595,0,0,0,0,0,0,0
202602030001,해외,국내,,,2026-02-28,KRW,S615-02.50,Clalen O2O2 D_Sepia Choco EX_30P,O2O2 D_Sepia Choco EX,P3405A-02.50SPC,Q3405-02.50SPC,R3405-02.50SPC,450,,,접수,,Si_1-Day_Color_Sph,2026-02-05,,S관(3공장),0,450,0,0,1325,1395,29190,0,0,0,0,0,0,0
202602030001,해외,국내,,,2026-02-28,KRW,S615-02.75,Clalen O2O2 D_Sepia Choco EX_30P,O2O2 D_Sepia Choco EX,P3405A-02.75SPC,Q3405-02.75SPC,R3405-02.75SPC,450,,,접수,,Si_1-Day_Color_Sph,2026-02-05,,S관(3공장),0,450,0,0,1312,0,3780,0,450,715,607,461,458,455
202602030001,해외,국내,,,2026-02-28,KRW,S615-03.00,Clalen O2O2 D_Sepia Choco EX_30P,O2O2 D_Sepia Choco EX,P3405A-03.00SPC,Q3405-03.00SPC,R3405-03.00SPC,450,,,접수,,Si_1-Day_Color_Sph,2026-02-05,,S관(3공장),0,450,0,0,0,1550,13590,0,360,575,488,371,368,347
202602030001,해외,국내,,,2026-02-28,KRW,S615-03.25,Clalen O2O2 D_Sepia Choco EX_30P,O2O2 D_Sepia Choco EX,P3405A-03.25SPC,Q3405-03.25SPC,R3405-03.25SPC,450,,,접수,,Si_1-Day_Color_Sph,2026-02-05,,S관(3공장),0,450,0,0,0,0,5700,0,450,754,641,486,483,455
202602030001,해외,국내,,,2026-02-28,KRW,S617-04.00,Clalen O2O2 D_Ash Brown EX_30P,O2O2 D_Ash Brown EX,P3406A-04.00ASB,Q3406-04.00ASB,R3406-04.00ASB,450,,,접수,,Si_1-Day_Color_Sph,2026-02-05,,S관(3공장),0,450,0,0,0,0,3465,0,0,0,0,0,0,0
202602030001,해외,국내,,,2026-02-28,KRW,S617-04.25,Clalen O2O2 D_Ash Brown EX_30P,O2O2 D_Ash Brown EX,P3406A-04.25ASB,Q3406-04.25ASB,R3406-04.25ASB,450,,,접수,,Si_1-Day_Color_Sph,2026-02-05,,S관(3공장),0,450,0,0,0,0,16025,0,0,0,0,0,0,0
202602030001,해외,국내,,,2026-02-28,KRW,S617-04.50,Clalen O2O2 D_Ash Brown EX_30P,O2O2 D_Ash Brown EX,P3406A-04.50ASB,Q3406-04.50ASB,R3406-04.50ASB,450,,,접수,,Si_1-Day_Color_Sph,2026-02-05,,S관(3공장),0,450,0,0,0,0,1985,0,0,0,0,0,0,0
202602030001,해외,국내,,,2026-02-28,KRW,S617-04.75,Clalen O2O2 D_Ash Brown EX_30P,O2O2 D_Ash Brown EX,P3406A-04.75ASB,Q3406-04.75ASB,R3406-04.75ASB,450,,,접수,,Si_1-Day_Color_Sph,2026-02-05,,S관(3공장),0,450,0,0,0,0,150,0,300,503,428,325,322,304
202602030001,해외,국내,,,2026-02-28,KRW,S617-05.00,Clalen O2O2 D_Ash Brown EX_30P,O2O2 D_Ash Brown EX,P3406A-05.00ASB,Q3406-05.00ASB,R3406-05.00ASB,450,,,접수,,Si_1-Day_Color_Sph,2026-02-05,,S관(3공장),0,450,0,0,0,0,3515,0,0,0,0,0,0,0
202602030001,해외,국내,,,2026-02-28,KRW,S617-05.50,Clalen O2O2 D_Ash Brown EX_30P,O2O2 D_Ash Brown EX,P3406A-05.50ASB,Q3406-05.50ASB,R3406-05.50ASB,450,,,접수,,Si_1-Day_Color_Sph,2026-02-05,,S관(3공장),0,450,0,0,0,0,21255,0,0,0,0,0,0,0
202602030001,해외,국내,,,2026-02-28,KRW,S617-06.00,Clalen O2O2 D_Ash Brown EX_30P,O2O2 D_Ash Brown EX,P3406A-06.00ASB,Q3406-06.00ASB,R3406-06.00ASB,450,,,접수,,Si_1-Day_Color_Sph,2026-02-05,,S관(3공장),0,450,0,0,0,0,9180,0,0,0,0,0,0,0
202602030001,해외,국내,,,2026-02-28,KRW,S617-06.50,Clalen O2O2 D_Ash Brown EX_30P,O2O2 D_Ash Brown EX,P3406A-06.50ASB,Q3406-06.50ASB,R3406-06.50ASB,450,,,접수,,Si_1-Day_Color_Sph,2026-02-05,,S관(3공장),0,450,0,0,0,0,13070,0,0,0,0,0,0,0
202602030001,해외,국내,,,2026-02-28,KRW,S617-07.00,Clalen O2O2 D_Ash Brown EX_30P,O2O2 D_Ash Brown EX,P3406A-07.00ASB,Q3406-07.00ASB,R3406-07.00ASB,450,,,접수,,Si_1-Day_Color_Sph,2026-02-05,,S관(3공장),0,450,0,0,0,0,6645,0,0,0,0,0,0,0
202602030001,해외,국내,,,2026-02-28,KRW,S617-07.50,Clalen O2O2 D_Ash Brown EX_30P,O2O2 D_Ash Brown EX,P3406A-07.50ASB,Q3406-07.50ASB,R3406-07.50ASB,450,,,접수,,Si_1-Day_Color_Sph,2026-02-05,,S관(3공장),0,450,0,0,0,0,16290,0,0,0,0,0,0,0
202602030001,해외,국내,,,2026-02-28,KRW,S617-08.00,Clalen O2O2 D_Ash Brown EX_30P,O2O2 D_Ash Brown EX,P3406A-08.00ASB,Q3406-08.00ASB,R3406-08.00ASB,450,,,접수,,Si_1-Day_Color_Sph,2026-02-05,,S관(3공장),0,450,0,0,0,0,6150,0,0,0,0,0,0,0
202602030001,해외,국내,,,2026-02-28,KRW,S619-00.00,Clalen O2O2 D_Ash Gray EX_30P,O2O2 D_Ash Gray EX,P3407A-00.00ASG,Q3407-00.00ASG,R3407-00.00ASG,900,,,접수,,Si_1-Day_Color_Sph,2026-02-05,,S관(3공장),0,900,0,0,0,0,98950,0,0,0,0,0,0,0
202602030001,해외,국내,,,2026-02-28,KRW,S619-01.00,Clalen O2O2 D_Ash Gray EX_30P,O2O2 D_Ash Gray EX,P3407A-01.00ASG,Q3407-01.00ASG,R3407-01.00ASG,450,,,접수,,Si_1-Day_Color_Sph,2026-02-05,,S관(3공장),0,450,0,0,0,0,6775,0,0,0,0,0,0,0
202602030001,해외,국내,,,2026-02-28,KRW,S619-01.25,Clalen O2O2 D_Ash Gray EX_30P,O2O2 D_Ash Gray EX,P3407A-01.25ASG,Q3407-01.25ASG,R3407-01.25ASG,450,,,접수,,Si_1-Day_Color_Sph,2026-02-05,,S관(3공장),0,450,0,0,0,0,5035,0,0,0,0,0,0,0
202602030001,해외,국내,,,2026-02-28,KRW,S619-01.50,Clalen O2O2 D_Ash Gray EX_30P,O2O2 D_Ash Gray EX,P3407A-01.50ASG,Q3407-01.50ASG,R3407-01.50ASG,450,,,접수,,Si_1-Day_Color_Sph,2026-02-05,,S관(3공장),0,450,0,0,0,0,14710,0,0,0,0,0,0,0
202602030001,해외,국내,,,2026-02-28,KRW,S619-01.75,Clalen O2O2 D_Ash Gray EX_30P,O2O2 D_Ash Gray EX,P3407A-01.75ASG,Q3407-01.75ASG,R3407-01.75ASG,450,,,접수,,Si_1-Day_Color_Sph,2026-02-05,,S관(3공장),0,450,0,0,923,0,6870,0,0,0,0,0,0,0
202602030001,해외,국내,,,2026-02-28,KRW,S619-02.00,Clalen O2O2 D_Ash Gray EX_30P,O2O2 D_Ash Gray EX,P3407A-02.00ASG,Q3407-02.00ASG,R3407-02.00ASG,450,,,접수,,Si_1-Day_Color_Sph,2026-02-05,,S관(3공장),0,450,0,0,2168,0,11905,0,0,0,0,0,0,0
202602030001,해외,국내,,,2026-02-28,KRW,S619-02.25,Clalen O2O2 D_Ash Gray EX_30P,O2O2 D_Ash Gray EX,P3407A-02.25ASG,Q3407-02.25ASG,R3407-02.25ASG,450,,,접수,,Si_1-Day_Color_Sph,2026-02-05,,S관(3공장),0,450,0,0,1090,0,12245,0,0,0,0,0,0,0
202602030001,해외,국내,,,2026-02-28,KRW,S619-02.50,Clalen O2O2 D_Ash Gray EX_30P,O2O2 D_Ash Gray EX,P3407A-02.50ASG,Q3407-02.50ASG,R3407-02.50ASG,450,,,접수,,Si_1-Day_Color_Sph,2026-02-05,,S관(3공장),0,450,0,0,1133,0,19910,0,0,0,0,0,0,0
202602030001,해외,국내,,,2026-02-28,KRW,S619-02.75,Clalen O2O2 D_Ash Gray EX_30P,O2O2 D_Ash Gray EX,P3407A-02.75ASG,Q3407-02.75ASG,R3407-02.75ASG,450,,,접수,,Si_1-Day_Color_Sph,2026-02-05,,S관(3공장),0,450,0,0,0,0,24245,0,0,0,0,0,0,0
202602030001,해외,국내,,,2026-02-28,KRW,S619-03.00,Clalen O2O2 D_Ash Gray EX_30P,O2O2 D_Ash Gray EX,P3407A-03.00ASG,Q3407-03.00ASG,R3407-03.00ASG,450,,,접수,,Si_1-Day_Color_Sph,2026-02-05,,S관(3공장),0,450,0,0,0,0,12935,0,0,0,0,0,0,0
202602030001,해외,국내,,,2026-02-28,KRW,S619-03.25,Clalen O2O2 D_Ash Gray EX_30P,O2O2 D_Ash Gray EX,P3407A-03.25ASG,Q3407-03.25ASG,R3407-03.25ASG,450,,,접수,,Si_1-Day_Color_Sph,2026-02-05,,S관(3공장),0,450,0,0,0,0,21890,0,0,0,0,0,0,0
202602030001,해외,국내,,,2026-02-28,KRW,S619-03.50,Clalen O2O2 D_Ash Gray EX_30P,O2O2 D_Ash Gray EX,P3407A-03.50ASG,Q3407-03.50ASG,R3407-03.50ASG,450,,,접수,,Si_1-Day_Color_Sph,2026-02-05,,S관(3공장),0,450,0,0,0,0,10890,0,0,0,0,0,0,0
202602030001,해외,국내,,,2026-02-28,KRW,S619-03.75,Clalen O2O2 D_Ash Gray EX_30P,O2O2 D_Ash Gray EX,P3407A-03.75ASG,Q3407-03.75ASG,R3407-03.75ASG,450,,,접수,,Si_1-Day_Color_Sph,2026-02-05,,S관(3공장),0,450,0,0,0,0,6235,0,0,0,0,0,0,0
202602030001,해외,국내,,,2026-02-28,KRW,S619-04.00,Clalen O2O2 D_Ash Gray EX_30P,O2O2 D_Ash Gray EX,P3407A-04.00ASG,Q3407-04.00ASG,R3407-04.00ASG,450,,,접수,,Si_1-Day_Color_Sph,2026-02-05,,S관(3공장),0,450,0,0,0,0,16355,0,0,0,0,0,0,0
202602030001,해외,국내,,,2026-02-28,KRW,S625-05.00,Clalen O2O2 D_Blending Hazel EX_30P,O2O2 D_Blending Hazel EX,P3408A-05.00BRW,Q3408-05.00BRW,R3408-05.00BRW,450,,,접수,,Si_1-Day_Color_Sph,2026-02-05,,S관(3공장),0,450,0,0,0,0,6610,0,0,0,0,0,0,0
202602030001,해외,국내,,,2026-02-28,KRW,S625-05.50,Clalen O2O2 D_Blending Hazel EX_30P,O2O2 D_Blending Hazel EX,P3408A-05.50BRW,Q3408-05.50BRW,R3408-05.50BRW,450,,,접수,,Si_1-Day_Color_Sph,2026-02-05,,S관(3공장),0,450,0,0,0,0,6780,0,0,0,0,0,0,0
202602030001,해외,국내,,,2026-02-28,KRW,S625-06.00,Clalen O2O2 D_Blending Hazel EX_30P,O2O2 D_Blending Hazel EX,P3408A-06.00BRW,Q3408-06.00BRW,R3408-06.00BRW,450,,,접수,,Si_1-Day_Color_Sph,2026-02-05,,S관(3공장),0,450,0,0,0,0,7700,0,0,0,0,0,0,0
202602030001,해외,국내,,,2026-02-28,KRW,S625-06.50,Clalen O2O2 D_Blending Hazel EX_30P,O2O2 D_Blending Hazel EX,P3408A-06.50BRW,Q3408-06.50BRW,R3408-06.50BRW,450,,,접수,,Si_1-Day_Color_Sph,2026-02-05,,S관(3공장),0,450,0,0,0,0,9010,0,0,0,0,0,0,0
202602030001,해외,국내,,,2026-02-28,KRW,S625-07.00,Clalen O2O2 D_Blending Hazel EX_30P,O2O2 D_Blending Hazel EX,P3408A-07.00BRW,Q3408-07.00BRW,R3408-07.00BRW,450,,,접수,,Si_1-Day_Color_Sph,2026-02-05,,S관(3공장),0,450,0,0,0,0,6355,0,0,0,0,0,0,0
202602030001,해외,국내,,,2026-02-28,KRW,S625-07.50,Clalen O2O2 D_Blending Hazel EX_30P,O2O2 D_Blending Hazel EX,P3408A-07.50BRW,Q3408-07.50BRW,R3408-07.50BRW,450,,,접수,,Si_1-Day_Color_Sph,2026-02-05,,S관(3공장),0,450,0,0,0,0,8600,0,0,0,0,0,0,0
202602030001,해외,국내,,,2026-02-28,KRW,S625-08.00,Clalen O2O2 D_Blending Hazel EX_30P,O2O2 D_Blending Hazel EX,P3408A-08.00BRW,Q3408-08.00BRW,R3408-08.00BRW,450,,,접수,,Si_1-Day_Color_Sph,2026-02-05,,S관(3공장),0,450,0,0,0,0,5020,0,0,0,0,0,0,0
202602030001,해외,국내,,,2026-02-28,KRW,S627-00.00,Clalen O2O2 D_Blending Rose EX_30P,O2O2 D_Blending Rose EX,P3409A-00.00PIN,Q3409-00.00PIN,R3409-00.00PIN,900,,,접수,,Si_1-Day_Color_Sph,2026-02-05,,S관(3공장),0,900,0,0,0,57965,10075,0,900,113,96,73,72,68
202602030001,해외,국내,,,2026-02-28,KRW,S627-01.00,Clalen O2O2 D_Blending Rose EX_30P,O2O2 D_Blending Rose EX,P3409A-01.00PIN,Q3409-01.00PIN,R3409-01.00PIN,450,,,접수,,Si_1-Day_Color_Sph,2026-02-05,,S관(3공장),0,450,0,0,0,0,12175,0,0,0,0,0,0,0
202602030001,해외,국내,,,2026-02-28,KRW,S627-01.25,Clalen O2O2 D_Blending Rose EX_30P,O2O2 D_Blending Rose EX,P3409A-01.25PIN,Q3409-01.25PIN,R3409-01.25PIN,450,,,접수,,Si_1-Day_Color_Sph,2026-02-05,,S관(3공장),0,450,0,0,0,0,4525,0,0,0,0,0,0,0
202602030001,해외,국내,,,2026-02-28,KRW,S627-01.50,Clalen O2O2 D_Blending Rose EX_30P,O2O2 D_Blending Rose EX,P3409A-01.50PIN,Q3409-01.50PIN,R3409-01.50PIN,450,,,접수,,Si_1-Day_Color_Sph,2026-02-05,,S관(3공장),0,450,0,0,0,0,0,0,450,757,643,488,484,455
202602030001,해외,국내,,,2026-02-28,KRW,S627-01.75,Clalen O2O2 D_Blending Rose EX_30P,O2O2 D_Blending Rose EX,P3409A-01.75PIN,Q3409-01.75PIN,R3409-01.75PIN,450,,,접수,,Si_1-Day_Color_Sph,2026-02-05,,S관(3공장),0,450,0,0,0,0,21735,0,0,0,0,0,0,0
202602030001,해외,국내,,,2026-02-28,KRW,S627-02.00,Clalen O2O2 D_Blending Rose EX_30P,O2O2 D_Blending Rose EX,P3409A-02.00PIN,Q3409-02.00PIN,R3409-02.00PIN,450,,,접수,,Si_1-Day_Color_Sph,2026-02-05,,S관(3공장),0,450,0,0,0,0,3635,0,0,0,0,0,0,0
202602030001,해외,국내,,,2026-02-28,KRW,S627-02.25,Clalen O2O2 D_Blending Rose EX_30P,O2O2 D_Blending Rose EX,P3409A-02.25PIN,Q3409-02.25PIN,R3409-02.25PIN,450,,,접수,,Si_1-Day_Color_Sph,2026-02-05,,S관(3공장),0,450,0,0,0,0,1140,0,0,0,0,0,0,0
202602030001,해외,국내,,,2026-02-28,KRW,S627-02.50,Clalen O2O2 D_Blending Rose EX_30P,O2O2 D_Blending Rose EX,P3409A-02.50PIN,Q3409-02.50PIN,R3409-02.50PIN,450,,,접수,,Si_1-Day_Color_Sph,2026-02-05,,S관(3공장),0,450,0,0,0,0,1115,0,0,0,0,0,0,0
202602030001,해외,국내,,,2026-02-28,KRW,S627-02.75,Clalen O2O2 D_Blending Rose EX_30P,O2O2 D_Blending Rose EX,P3409A-02.75PIN,Q3409-02.75PIN,R3409-02.75PIN,450,,,접수,,Si_1-Day_Color_Sph,2026-02-05,,S관(3공장),0,450,0,0,0,0,265,0,185,312,265,201,199,187
202602030001,해외,국내,,,2026-02-28,KRW,S627-03.00,Clalen O2O2 D_Blending Rose EX_30P,O2O2 D_Blending Rose EX,P3409A-03.00PIN,Q3409-03.00PIN,R3409-03.00PIN,450,,,접수,,Si_1-Day_Color_Sph,2026-02-05,,S관(3공장),0,450,0,0,0,0,4400,0,0,0,0,0,0,0
202602030001,해외,국내,,,2026-02-28,KRW,S627-03.25,Clalen O2O2 D_Blending Rose EX_30P,O2O2 D_Blending Rose EX,P3409A-03.25PIN,Q3409-03.25PIN,R3409-03.25PIN,450,,,접수,,Si_1-Day_Color_Sph,2026-02-05,,S관(3공장),0,450,0,0,0,0,2755,0,0,0,0,0,0,0
202602030001,해외,국내,,,2026-02-28,KRW,S627-03.50,Clalen O2O2 D_Blending Rose EX_30P,O2O2 D_Blending Rose EX,P3409A-03.50PIN,Q3409-03.50PIN,R3409-03.50PIN,450,,,접수,,Si_1-Day_Color_Sph,2026-02-05,,S관(3공장),0,450,0,0,0,0,1855,0,0,0,0,0,0,0
202602030001,해외,국내,,,2026-02-28,KRW,S627-03.75,Clalen O2O2 D_Blending Rose EX_30P,O2O2 D_Blending Rose EX,P3409A-03.75PIN,Q3409-03.75PIN,R3409-03.75PIN,450,,,접수,,Si_1-Day_Color_Sph,2026-02-05,,S관(3공장),0,450,0,0,0,0,7770,0,0,0,0,0,0,0
202602030001,해외,국내,,,2026-02-28,KRW,S627-04.00,Clalen O2O2 D_Blending Rose EX_30P,O2O2 D_Blending Rose EX,P3409A-04.00PIN,Q3409-04.00PIN,R3409-04.00PIN,450,,,접수,,Si_1-Day_Color_Sph,2026-02-05,,S관(3공장),0,450,0,0,0,0,2405,0,0,0,0,0,0,0
202602030001,해외,국내,,,2026-02-28,KRW,S627-04.25,Clalen O2O2 D_Blending Rose EX_30P,O2O2 D_Blending Rose EX,P3409A-04.25PIN,Q3409-04.25PIN,R3409-04.25PIN,450,,,접수,,Si_1-Day_Color_Sph,2026-02-05,,S관(3공장),0,450,0,0,0,0,24070,0,0,0,0,0,0,0
202602030001,해외,국내,,,2026-02-28,KRW,S627-04.50,Clalen O2O2 D_Blending Rose EX_30P,O2O2 D_Blending Rose EX,P3409A-04.50PIN,Q3409-04.50PIN,R3409-04.50PIN,450,,,접수,,Si_1-Day_Color_Sph,2026-02-05,,S관(3공장),0,450,0,0,0,0,9010,0,0,0,0,0,0,0
202602030001,해외,국내,,,2026-02-28,KRW,S627-04.75,Clalen O2O2 D_Blending Rose EX_30P,O2O2 D_Blending Rose EX,P3409A-04.75PIN,Q3409-04.75PIN,R3409-04.75PIN,450,,,접수,,Si_1-Day_Color_Sph,2026-02-05,,S관(3공장),0,450,0,0,0,0,1330,0,0,0,0,0,0,0
202602030001,해외,국내,,,2026-02-28,KRW,S627-05.00,Clalen O2O2 D_Blending Rose EX_30P,O2O2 D_Blending Rose EX,P3409A-05.00PIN,Q3409-05.00PIN,R3409-05.00PIN,450,,,접수,,Si_1-Day_Color_Sph,2026-02-05,,S관(3공장),0,450,0,0,0,0,2570,0,0,0,0,0,0,0
202602030001,해외,국내,,,2026-02-28,KRW,S611-07.00,Clalen O2O2 M_Natural Chocolat EX_2P,O2O2 M_Natural Chocolat EX_(중),P3402M-07.00BRW,Q3402-07.00BRW,R3402-07.00BRW,30,,,접수,,Si_FRP_Color_Sph,2026-02-05,,S관(3공장),0,30,0,2514,0,0,124,0,0,0,0,0,0,0
202602030001,해외,국내,,,2026-02-28,KRW,S611-07.50,Clalen O2O2 M_Natural Chocolat EX_2P,O2O2 M_Natural Chocolat EX_(중),P3402M-07.50BRW,Q3402-07.50BRW,R3402-07.50BRW,30,,,접수,,Si_FRP_Color_Sph,2026-02-05,,S관(3공장),0,30,0,377,0,0,183,0,0,0,0,0,0,0
202602030001,해외,국내,,,2026-02-28,KRW,S611-08.00,Clalen O2O2 M_Natural Chocolat EX_2P,O2O2 M_Natural Chocolat EX_(중),P3402M-08.00BRW,Q3402-08.00BRW,R3402-08.00BRW,30,,,접수,,Si_FRP_Color_Sph,2026-02-05,,S관(3공장),0,30,0,727,0,0,568,0,0,0,0,0,0,0
202602030001,해외,국내,,,2026-02-28,KRW,S609-00.00,Clalen O2O2 M_Natural Brown EX_2P,,P3400M-00.00BRW,Q3400-00.00BRW,R3400-00.00BRW,60,,,접수,,Si_FRP_Color_Sph,2026-02-05,,S관(3공장),0,60,0,2617,0,0,1942,0,0,0,0,0,0,0
202602030001,해외,국내,,,2026-02-28,KRW,S609-01.00,Clalen O2O2 M_Natural Brown EX_2P,,P3400M-01.00BRW,Q3400-01.00BRW,R3400-01.00BRW,30,,,접수,,Si_FRP_Color_Sph,2026-02-05,,S관(3공장),0,30,0,2845,0,0,175,0,0,0,0,0,0,0
202602030001,해외,국내,,,2026-02-28,KRW,S609-01.25,Clalen O2O2 M_Natural Brown EX_2P,,P3400M-01.25BRW,Q3400-01.25BRW,R3400-01.25BRW,30,,,접수,,Si_FRP_Color_Sph,2026-02-05,,S관(3공장),0,30,0,0,0,0,470,0,0,0,0,0,0,0
202602030001,해외,국내,,,2026-02-28,KRW,S609-01.50,Clalen O2O2 M_Natural Brown EX_2P,,P3400M-01.50BRW,Q3400-01.50BRW,R3400-01.50BRW,30,,,접수,,Si_FRP_Color_Sph,2026-02-05,,S관(3공장),0,30,0,0,0,0,588,0,0,0,0,0,0,0
202602030001,해외,국내,,,2026-02-28,KRW,S609-01.75,Clalen O2O2 M_Natural Brown EX_2P,,P3400M-01.75BRW,Q3400-01.75BRW,R3400-01.75BRW,30,,,접수,,Si_FRP_Color_Sph,2026-02-05,,S관(3공장),0,30,0,361,0,0,106,0,0,0,0,0,0,0
202602030001,해외,국내,,,2026-02-28,KRW,S609-02.00,Clalen O2O2 M_Natural Brown EX_2P,,P3400M-02.00BRW,Q3400-02.00BRW,R3400-02.00BRW,30,,,접수,,Si_FRP_Color_Sph,2026-02-05,,S관(3공장),0,30,0,1483,0,0,908,0,0,0,0,0,0,0
202602030001,해외,국내,,,2026-02-28,KRW,S609-02.25,Clalen O2O2 M_Natural Brown EX_2P,,P3400M-02.25BRW,Q3400-02.25BRW,R3400-02.25BRW,30,,,접수,,Si_FRP_Color_Sph,2026-02-05,,S관(3공장),0,30,0,1139,0,0,2,0,0,0,0,0,0,0
202602030001,해외,국내,,,2026-02-28,KRW,S609-02.50,Clalen O2O2 M_Natural Brown EX_2P,,P3400M-02.50BRW,Q3400-02.50BRW,R3400-02.50BRW,30,,,접수,,Si_FRP_Color_Sph,2026-02-05,,S관(3공장),0,30,0,1428,0,0,147,0,0,0,0,0,0,0
202602030001,해외,국내,,,2026-02-28,KRW,S609-02.75,Clalen O2O2 M_Natural Brown EX_2P,,P3400M-02.75BRW,Q3400-02.75BRW,R3400-02.75BRW,30,,,접수,,Si_FRP_Color_Sph,2026-02-05,,S관(3공장),0,30,0,0,0,0,387,0,0,0,0,0,0,0
202602030001,해외,국내,,,2026-02-28,KRW,S609-03.00,Clalen O2O2 M_Natural Brown EX_2P,,P3400M-03.00BRW,Q3400-03.00BRW,R3400-03.00BRW,30,,,접수,,Si_FRP_Color_Sph,2026-02-05,,S관(3공장),0,30,0,1593,0,0,188,0,0,0,0,0,0,0
202602030001,해외,국내,,,2026-02-28,KRW,S609-03.25,Clalen O2O2 M_Natural Brown EX_2P,,P3400M-03.25BRW,Q3400-03.25BRW,R3400-03.25BRW,30,,,접수,,Si_FRP_Color_Sph,2026-02-05,,S관(3공장),0,30,0,4279,0,0,274,0,0,0,0,0,0,0
202602030001,해외,국내,,,2026-02-28,KRW,S609-03.50,Clalen O2O2 M_Natural Brown EX_2P,,P3400M-03.50BRW,Q3400-03.50BRW,R3400-03.50BRW,30,,,접수,,Si_FRP_Color_Sph,2026-02-05,,S관(3공장),0,30,0,4382,0,0,21,0,0,0,0,0,0,0
202602030001,해외,국내,,,2026-02-28,KRW,S609-03.75,Clalen O2O2 M_Natural Brown EX_2P,,P3400M-03.75BRW,Q3400-03.75BRW,R3400-03.75BRW,30,,,접수,,Si_FRP_Color_Sph,2026-02-05,,S관(3공장),0,30,0,2210,0,0,8,0,0,0,0,0,0,0
202602030001,해외,국내,,,2026-02-28,KRW,S609-04.00,Clalen O2O2 M_Natural Brown EX_2P,,P3400M-04.00BRW,Q3400-04.00BRW,R3400-04.00BRW,30,,,접수,,Si_FRP_Color_Sph,2026-02-05,,S관(3공장),0,30,0,3341,0,0,53,0,0,0,0,0,0,0
202602030001,해외,국내,,,2026-02-28,KRW,S609-04.25,Clalen O2O2 M_Natural Brown EX_2P,,P3400M-04.25BRW,Q3400-04.25BRW,R3400-04.25BRW,30,,,접수,,Si_FRP_Color_Sph,2026-02-05,,S관(3공장),0,30,0,1194,0,0,311,0,0,0,0,0,0,0
202602030001,해외,국내,,,2026-02-28,KRW,S609-04.50,Clalen O2O2 M_Natural Brown EX_2P,,P3400M-04.50BRW,Q3400-04.50BRW,R3400-04.50BRW,30,,,접수,,Si_FRP_Color_Sph,2026-02-05,,S관(3공장),0,30,0,1508,0,0,409,0,0,0,0,0,0,0
202602030001,해외,국내,,,2026-02-28,KRW,S609-04.75,Clalen O2O2 M_Natural Brown EX_2P,,P3400M-04.75BRW,Q3400-04.75BRW,R3400-04.75BRW,30,,,접수,,Si_FRP_Color_Sph,2026-02-05,,S관(3공장),0,30,0,633,0,0,291,0,0,0,0,0,0,0
202602030001,해외,국내,,,2026-02-28,KRW,S609-05.00,Clalen O2O2 M_Natural Brown EX_2P,,P3400M-05.00BRW,Q3400-05.00BRW,R3400-05.00BRW,30,,,접수,,Si_FRP_Color_Sph,2026-02-05,,S관(3공장),0,30,0,1961,0,0,463,0,0,0,0,0,0,0
202602030001,해외,국내,,,2026-02-28,KRW,S609-05.50,Clalen O2O2 M_Natural Brown EX_2P,,P3400M-05.50BRW,Q3400-05.50BRW,R3400-05.50BRW,30,,,접수,,Si_FRP_Color_Sph,2026-02-05,,S관(3공장),0,30,0,1604,0,0,799,0,0,0,0,0,0,0
202602030001,해외,국내,,,2026-02-28,KRW,S609-06.00,Clalen O2O2 M_Natural Brown EX_2P,,P3400M-06.00BRW,Q3400-06.00BRW,R3400-06.00BRW,30,,,접수,,Si_FRP_Color_Sph,2026-02-05,,S관(3공장),0,30,0,901,0,0,55,0,0,0,0,0,0,0
202602030001,해외,국내,,,2026-02-28,KRW,S609-06.50,Clalen O2O2 M_Natural Brown EX_2P,,P3400M-06.50BRW,Q3400-06.50BRW,R3400-06.50BRW,30,,,접수,,Si_FRP_Color_Sph,2026-02-05,,S관(3공장),0,30,0,0,0,0,588,0,0,0,0,0,0,0
202602030001,해외,국내,,,2026-02-28,KRW,S609-07.00,Clalen O2O2 M_Natural Brown EX_2P,,P3400M-07.00BRW,Q3400-07.00BRW,R3400-07.00BRW,30,,,접수,,Si_FRP_Color_Sph,2026-02-05,,S관(3공장),0,30,0,861,0,0,297,0,0,0,0,0,0,0
202602030001,해외,국내,,,2026-02-28,KRW,S613-01.00,Clalen O2O2 M_Mysti Khaki EX_2P,,P3404M-01.00GRN,Q3404-01.00GRN,R3404-01.00GRN,30,,,접수,,Si_FRP_Color_Sph,2026-02-05,,S관(3공장),0,30,0,0,0,0,178,0,0,58,44,0,0,0
202602030001,해외,국내,,,2026-02-28,KRW,S613-01.25,Clalen O2O2 M_Mysti Khaki EX_2P,,P3404M-01.25GRN,Q3404-01.25GRN,R3404-01.25GRN,30,,,접수,,Si_FRP_Color_Sph,2026-02-05,,S관(3공장),0,30,0,0,0,0,892,0,0,0,0,0,0,0
202602030001,해외,국내,,,2026-02-28,KRW,S613-01.50,Clalen O2O2 M_Mysti Khaki EX_2P,,P3404M-01.50GRN,Q3404-01.50GRN,R3404-01.50GRN,30,,,접수,,Si_FRP_Color_Sph,2026-02-05,,S관(3공장),0,30,0,0,0,0,1107,0,0,0,0,0,0,0
202602030001,해외,국내,,,2026-02-28,KRW,S613-01.75,Clalen O2O2 M_Mysti Khaki EX_2P,,P3404M-01.75GRN,Q3404-01.75GRN,R3404-01.75GRN,30,,,접수,,Si_FRP_Color_Sph,2026-02-05,,S관(3공장),0,30,0,0,0,0,986,0,0,0,0,0,0,0
202602030001,해외,국내,,,2026-02-28,KRW,S613-02.00,Clalen O2O2 M_Mysti Khaki EX_2P,,P3404M-02.00GRN,Q3404-02.00GRN,R3404-02.00GRN,30,,,접수,,Si_FRP_Color_Sph,2026-02-05,,S관(3공장),0,30,0,0,0,0,535,0,0,0,0,0,0,0
202602030001,해외,국내,,,2026-02-28,KRW,S613-02.25,Clalen O2O2 M_Mysti Khaki EX_2P,,P3404M-02.25GRN,Q3404-02.25GRN,R3404-02.25GRN,30,,,접수,,Si_FRP_Color_Sph,2026-02-05,,S관(3공장),0,30,0,0,0,0,201,0,0,58,44,0,0,0
202602030001,해외,국내,,,2026-02-28,KRW,S613-02.50,Clalen O2O2 M_Mysti Khaki EX_2P,,P3404M-02.50GRN,Q3404-02.50GRN,R3404-02.50GRN,30,,,접수,,Si_FRP_Color_Sph,2026-02-05,,S관(3공장),0,30,0,0,0,0,736,0,0,0,0,0,0,0
202602030001,해외,국내,,,2026-02-28,KRW,S613-02.75,Clalen O2O2 M_Mysti Khaki EX_2P,,P3404M-02.75GRN,Q3404-02.75GRN,R3404-02.75GRN,30,,,접수,,Si_FRP_Color_Sph,2026-02-05,,S관(3공장),0,30,0,0,0,0,879,0,0,0,0,0,0,0
202602030001,해외,국내,,,2026-02-28,KRW,S613-03.00,Clalen O2O2 M_Mysti Khaki EX_2P,,P3404M-03.00GRN,Q3404-03.00GRN,R3404-03.00GRN,30,,,접수,,Si_FRP_Color_Sph,2026-02-05,,S관(3공장),0,30,0,0,0,0,667,0,0,0,0,0,0,0
202602030001,해외,국내,,,2026-02-28,KRW,S613-03.25,Clalen O2O2 M_Mysti Khaki EX_2P,,P3404M-03.25GRN,Q3404-03.25GRN,R3404-03.25GRN,30,,,접수,,Si_FRP_Color_Sph,2026-02-05,,S관(3공장),0,30,0,0,0,0,696,0,0,0,0,0,0,0
202602030001,해외,국내,,,2026-02-28,KRW,S613-03.50,Clalen O2O2 M_Mysti Khaki EX_2P,,P3404M-03.50GRN,Q3404-03.50GRN,R3404-03.50GRN,30,,,접수,,Si_FRP_Color_Sph,2026-02-05,,S관(3공장),0,30,0,0,0,0,656,0,0,0,0,0,0,0
202602030001,해외,국내,,,2026-02-28,KRW,S613-03.75,Clalen O2O2 M_Mysti Khaki EX_2P,,P3404M-03.75GRN,Q3404-03.75GRN,R3404-03.75GRN,30,,,접수,,Si_FRP_Color_Sph,2026-02-05,,S관(3공장),0,30,0,0,0,0,1530,0,0,0,0,0,0,0
202602030001,해외,국내,,,2026-02-28,KRW,S613-04.00,Clalen O2O2 M_Mysti Khaki EX_2P,,P3404M-04.00GRN,Q3404-04.00GRN,R3404-04.00GRN,30,,,접수,,Si_FRP_Color_Sph,2026-02-05,,S관(3공장),0,30,0,0,0,0,232,0,0,58,44,0,0,0
202602030001,해외,국내,,,2026-02-28,KRW,S613-04.25,Clalen O2O2 M_Mysti Khaki EX_2P,,P3404M-04.25GRN,Q3404-04.25GRN,R3404-04.25GRN,30,,,접수,,Si_FRP_Color_Sph,2026-02-05,,S관(3공장),0,30,0,0,0,0,411,0,0,0,0,0,0,0
202602030001,해외,국내,,,2026-02-28,KRW,S613-04.50,Clalen O2O2 M_Mysti Khaki EX_2P,,P3404M-04.50GRN,Q3404-04.50GRN,R3404-04.50GRN,30,,,접수,,Si_FRP_Color_Sph,2026-02-05,,S관(3공장),0,30,0,0,0,0,749,0,0,0,0,0,0,0
202602030001,해외,국내,,,2026-02-28,KRW,S613-04.75,Clalen O2O2 M_Mysti Khaki EX_2P,,P3404M-04.75GRN,Q3404-04.75GRN,R3404-04.75GRN,30,,,접수,,Si_FRP_Color_Sph,2026-02-05,,S관(3공장),0,30,0,0,0,0,304,0,0,58,44,0,0,0
202602030001,해외,국내,,,2026-02-28,KRW,S613-05.00,Clalen O2O2 M_Mysti Khaki EX_2P,,P3404M-05.00GRN,Q3404-05.00GRN,R3404-05.00GRN,30,,,접수,,Si_FRP_Color_Sph,2026-02-05,,S관(3공장),0,30,0,0,0,0,1233,0,0,0,0,0,0,0
202602030001,해외,국내,,,2026-02-28,KRW,S613-05.50,Clalen O2O2 M_Mysti Khaki EX_2P,,P3404M-05.50GRN,Q3404-05.50GRN,R3404-05.50GRN,30,,,접수,,Si_FRP_Color_Sph,2026-02-05,,S관(3공장),0,30,0,0,0,0,729,0,0,0,0,0,0,0
202602030001,해외,국내,,,2026-02-28,KRW,S613-06.00,Clalen O2O2 M_Mysti Khaki EX_2P,,P3404M-06.00GRN,Q3404-06.00GRN,R3404-06.00GRN,30,,,접수,,Si_FRP_Color_Sph,2026-02-05,,S관(3공장),0,30,0,0,0,0,494,0,0,0,0,0,0,0
202602030001,해외,국내,,,2026-02-28,KRW,S613-06.50,Clalen O2O2 M_Mysti Khaki EX_2P,,P3404M-06.50GRN,Q3404-06.50GRN,R3404-06.50GRN,30,,,접수,,Si_FRP_Color_Sph,2026-02-05,,S관(3공장),0,30,0,0,0,0,225,0,0,58,44,0,0,0
202602030001,해외,국내,,,2026-02-28,KRW,S613-07.00,Clalen O2O2 M_Mysti Khaki EX_2P,,P3404M-07.00GRN,Q3404-07.00GRN,R3404-07.00GRN,30,,,접수,,Si_FRP_Color_Sph,2026-02-05,,S관(3공장),0,30,0,0,0,0,721,0,0,0,0,0,0,0
202602030001,해외,국내,,,2026-02-28,KRW,S613-07.50,Clalen O2O2 M_Mysti Khaki EX_2P,,P3404M-07.50GRN,Q3404-07.50GRN,R3404-07.50GRN,30,,,접수,,Si_FRP_Color_Sph,2026-02-05,,S관(3공장),0,30,0,0,0,0,250,0,0,0,0,0,0,0
202602030001,해외,국내,,,2026-02-28,KRW,S613-08.00,Clalen O2O2 M_Mysti Khaki EX_2P,,P3404M-08.00GRN,Q3404-08.00GRN,R3404-08.00GRN,30,,,접수,,Si_FRP_Color_Sph,2026-02-05,,S관(3공장),0,30,0,0,0,0,185,0,0,0,0,0,0,0
202602030001,해외,국내,,,2026-02-28,KRW,S612-00.00,Clalen O2O2 M_Mysti Gray EX_2P,,P3403M-00.00GRA,Q3403-00.00GRA,R3403-00.00GRA,60,,,접수,,Si_FRP_Color_Sph,2026-02-05,,S관(3공장),0,60,8545,768,0,0,169,0,0,0,70,0,0,0
202602030001,해외,국내,,,2026-02-28,KRW,S612-01.00,Clalen O2O2 M_Mysti Gray EX_2P,,P3403M-01.00GRA,Q3403-01.00GRA,R3403-01.00GRA,30,,,접수,,Si_FRP_Color_Sph,2026-02-05,,S관(3공장),0,30,0,0,0,0,107,0,0,58,44,0,0,0
202602030001,해외,국내,,,2026-02-28,KRW,S174-02.00,Clalen O2O2 D_Micelia_Deep Black_30P,Clalen O2O2 D_Deep Black_45%,P0174A-02.00DBK3,Q0174-02.00DBK3,R0174-02.00DBK3,450,,,접수,,Si_1-Day_Color_Sph,2026-02-05,,S관(3공장),0,450,0,0,0,0,32077,0,0,0,0,0,0,0
202602030001,해외,국내,,,2026-02-28,KRW,S174-02.25,Clalen O2O2 D_Micelia_Deep Black_30P,Clalen O2O2 D_Deep Black_45%,P0174A-02.25DBK3,Q0174-02.25DBK3,R0174-02.25DBK3,450,,,접수,,Si_1-Day_Color_Sph,2026-02-05,,S관(3공장),0,450,0,0,0,0,39462,0,0,0,0,0,0,0
202602030001,해외,국내,,,2026-02-28,KRW,S174-02.50,Clalen O2O2 D_Micelia_Deep Black_30P,Clalen O2O2 D_Deep Black_45%,P0174A-02.50DBK3,Q0174-02.50DBK3,R0174-02.50DBK3,450,,,접수,,Si_1-Day_Color_Sph,2026-02-05,,S관(3공장),0,450,0,0,0,0,34317,0,0,0,0,0,0,0
202602030001,해외,국내,,,2026-02-28,KRW,S174-02.75,Clalen O2O2 D_Micelia_Deep Black_30P,Clalen O2O2 D_Deep Black_45%,P0174A-02.75DBK3,Q0174-02.75DBK3,R0174-02.75DBK3,450,,,접수,,Si_1-Day_Color_Sph,2026-02-05,,S관(3공장),0,450,0,0,0,0,35353,0,0,0,0,0,0,0
202602030001,해외,국내,,,2026-02-28,KRW,S174-03.00,Clalen O2O2 D_Micelia_Deep Black_30P,Clalen O2O2 D_Deep Black_45%,P0174A-03.00DBK3,Q0174-03.00DBK3,R0174-03.00DBK3,450,,,접수,,Si_1-Day_Color_Sph,2026-02-05,,S관(3공장),0,450,0,0,0,0,31422,0,0,0,0,0,0,0
202602030001,해외,국내,,,2026-02-28,KRW,S174-03.25,Clalen O2O2 D_Micelia_Deep Black_30P,Clalen O2O2 D_Deep Black_45%,P0174A-03.25DBK3,Q0174-03.25DBK3,R0174-03.25DBK3,450,,,접수,,Si_1-Day_Color_Sph,2026-02-05,,S관(3공장),0,450,0,0,0,0,19517,0,0,0,0,0,0,0
202602030001,해외,국내,,,2026-02-28,KRW,S174-03.50,Clalen O2O2 D_Micelia_Deep Black_30P,Clalen O2O2 D_Deep Black_45%,P0174A-03.50DBK3,Q0174-03.50DBK3,R0174-03.50DBK3,450,,,접수,,Si_1-Day_Color_Sph,2026-02-05,,S관(3공장),0,450,1130,0,0,0,17994,0,0,0,0,0,0,0
202602030001,해외,국내,,,2026-02-28,KRW,S174-03.75,Clalen O2O2 D_Micelia_Deep Black_30P,Clalen O2O2 D_Deep Black_45%,P0174A-03.75DBK3,Q0174-03.75DBK3,R0174-03.75DBK3,450,,,접수,,Si_1-Day_Color_Sph,2026-02-05,,S관(3공장),0,450,0,0,0,0,34360,0,0,0,0,0,0,0
202602030001,해외,국내,,,2026-02-28,KRW,S174-04.00,Clalen O2O2 D_Micelia_Deep Black_30P,Clalen O2O2 D_Deep Black_45%,P0174A-04.00DBK3,Q0174-04.00DBK3,R0174-04.00DBK3,450,,,접수,,Si_1-Day_Color_Sph,2026-02-05,,S관(3공장),0,450,0,0,0,0,50885,0,0,0,0,0,0,0
202602030001,해외,국내,,,2026-02-28,KRW,S174-04.25,Clalen O2O2 D_Micelia_Deep Black_30P,Clalen O2O2 D_Deep Black_45%,P0174A-04.25DBK3,Q0174-04.25DBK3,R0174-04.25DBK3,450,,,접수,,Si_1-Day_Color_Sph,2026-02-05,,S관(3공장),0,450,0,0,0,0,12456,0,0,0,0,0,0,0
202602030001,해외,국내,,,2026-02-28,KRW,S174-04.50,Clalen O2O2 D_Micelia_Deep Black_30P,Clalen O2O2 D_Deep Black_45%,P0174A-04.50DBK3,Q0174-04.50DBK3,R0174-04.50DBK3,450,,,접수,,Si_1-Day_Color_Sph,2026-02-05,,S관(3공장),0,450,0,0,0,0,28533,0,0,0,0,0,0,0
202602030001,해외,국내,,,2026-02-28,KRW,S174-04.75,Clalen O2O2 D_Micelia_Deep Black_30P,Clalen O2O2 D_Deep Black_45%,P0174A-04.75DBK3,Q0174-04.75DBK3,R0174-04.75DBK3,450,,,접수,,Si_1-Day_Color_Sph,2026-02-05,,S관(3공장),0,450,0,0,0,0,22610,0,0,0,0,0,0,0
202602030001,해외,국내,,,2026-02-28,KRW,S174-05.00,Clalen O2O2 D_Micelia_Deep Black_30P,Clalen O2O2 D_Deep Black_45%,P0174A-05.00DBK3,Q0174-05.00DBK3,R0174-05.00DBK3,450,,,접수,,Si_1-Day_Color_Sph,2026-02-05,,S관(3공장),0,450,0,0,0,0,21154,0,0,0,0,0,0,0
202602030001,해외,국내,,,2026-02-28,KRW,S174-05.50,Clalen O2O2 D_Micelia_Deep Black_30P,Clalen O2O2 D_Deep Black_45%,P0174A-05.50DBK3,Q0174-05.50DBK3,R0174-05.50DBK3,450,,,접수,,Si_1-Day_Color_Sph,2026-02-05,,S관(3공장),0,450,0,0,0,0,29883,0,0,0,0,0,0,0
202602030001,해외,국내,,,2026-02-28,KRW,S174-06.00,Clalen O2O2 D_Micelia_Deep Black_30P,Clalen O2O2 D_Deep Black_45%,P0174A-06.00DBK3,Q0174-06.00DBK3,R0174-06.00DBK3,450,,,접수,,Si_1-Day_Color_Sph,2026-02-05,,S관(3공장),0,450,0,0,0,0,20977,0,0,0,0,0,0,0
202602030001,해외,국내,,,2026-02-28,KRW,S174-06.50,Clalen O2O2 D_Micelia_Deep Black_30P,Clalen O2O2 D_Deep Black_45%,P0174A-06.50DBK3,Q0174-06.50DBK3,R0174-06.50DBK3,450,,,접수,,Si_1-Day_Color_Sph,2026-02-05,,S관(3공장),0,450,0,0,0,0,10810,0,0,0,0,0,0,0
202602030001,해외,국내,,,2026-02-28,KRW,S174-07.00,Clalen O2O2 D_Micelia_Deep Black_30P,Clalen O2O2 D_Deep Black_45%,P0174A-07.00DBK3,Q0174-07.00DBK3,R0174-07.00DBK3,450,,,접수,,Si_1-Day_Color_Sph,2026-02-05,,S관(3공장),0,450,0,0,0,0,2362,0,0,0,0,0,0,0
202602030001,해외,국내,,,2026-02-28,KRW,S174-07.50,Clalen O2O2 D_Micelia_Deep Black_30P,Clalen O2O2 D_Deep Black_45%,P0174A-07.50DBK3,Q0174-07.50DBK3,R0174-07.50DBK3,450,,,접수,,Si_1-Day_Color_Sph,2026-02-05,,S관(3공장),0,450,0,0,0,0,9650,0,0,0,0,0,0,0
202602030001,해외,국내,,,2026-02-28,KRW,S174-08.00,Clalen O2O2 D_Micelia_Deep Black_30P,Clalen O2O2 D_Deep Black_45%,P0174A-08.00DBK3,Q0174-08.00DBK3,R0174-08.00DBK3,450,,,접수,,Si_1-Day_Color_Sph,2026-02-05,,S관(3공장),0,450,0,0,0,0,8175,0,0,0,0,0,0,0
202602030001,해외,국내,,,2026-02-28,KRW,S175-00.00,Clalen O2O2 D_Micelia_Lake Gray_30P,Clalen O2O2 D_Lake Gray_45%,P0175A-00.00LKG3,Q0175-00.00LKG3,R0175-00.00LKG3,900,,,접수,,Si_1-Day_Color_Sph,2026-02-05,,S관(3공장),0,900,0,4843,0,0,94103,0,0,0,0,0,0,0
202602030001,해외,국내,,,2026-02-28,KRW,S175-01.00,Clalen O2O2 D_Micelia_Lake Gray_30P,Clalen O2O2 D_Lake Gray_45%,P0175A-01.00LKG3,Q0175-01.00LKG3,R0175-01.00LKG3,450,,,접수,,Si_1-Day_Color_Sph,2026-02-05,,S관(3공장),0,450,0,0,0,0,19766,0,0,0,0,0,0,0
202602030001,해외,국내,,,2026-02-28,KRW,S175-01.25,Clalen O2O2 D_Micelia_Lake Gray_30P,Clalen O2O2 D_Lake Gray_45%,P0175A-01.25LKG3,Q0175-01.25LKG3,R0175-01.25LKG3,450,,,접수,,Si_1-Day_Color_Sph,2026-02-05,,S관(3공장),0,450,0,0,0,0,9730,0,0,0,0,0,0,0
202602030001,해외,국내,,,2026-02-28,KRW,S175-01.50,Clalen O2O2 D_Micelia_Lake Gray_30P,Clalen O2O2 D_Lake Gray_45%,P0175A-01.50LKG3,Q0175-01.50LKG3,R0175-01.50LKG3,450,,,접수,,Si_1-Day_Color_Sph,2026-02-05,,S관(3공장),0,450,0,0,0,0,5325,0,0,0,0,0,0,0
202602030001,해외,국내,,,2026-02-28,KRW,S175-01.75,Clalen O2O2 D_Micelia_Lake Gray_30P,Clalen O2O2 D_Lake Gray_45%,P0175A-01.75LKG3,Q0175-01.75LKG3,R0175-01.75LKG3,450,,,접수,,Si_1-Day_Color_Sph,2026-02-05,,S관(3공장),0,450,0,0,0,0,7320,0,0,0,0,0,0,0
202602030001,해외,국내,,,2026-02-28,KRW,S175-02.00,Clalen O2O2 D_Micelia_Lake Gray_30P,Clalen O2O2 D_Lake Gray_45%,P0175A-02.00LKG3,Q0175-02.00LKG3,R0175-02.00LKG3,450,,,접수,,Si_1-Day_Color_Sph,2026-02-05,,S관(3공장),0,450,0,0,0,0,39188,0,0,0,0,0,0,0
202602030001,해외,국내,,,2026-02-28,KRW,S176-03.00,Clalen O2O2 D_Micelia_Mute Brown_30P,Clalen O2O2 D_Mute Brown_45%,P0176A-03.00MBN3,Q0176-03.00MBN3,R0176-03.00MBN3,450,,,접수,,Si_1-Day_Color_Sph,2026-02-05,,S관(3공장),0,450,0,0,0,0,22376,0,0,0,0,0,0,0
202602030001,해외,국내,,,2026-02-28,KRW,S176-03.25,Clalen O2O2 D_Micelia_Mute Brown_30P,Clalen O2O2 D_Mute Brown_45%,P0176A-03.25MBN3,Q0176-03.25MBN3,R0176-03.25MBN3,450,,,접수,,Si_1-Day_Color_Sph,2026-02-05,,S관(3공장),0,450,0,0,0,0,26114,0,0,0,0,0,0,0
202602030001,해외,국내,,,2026-02-28,KRW,S176-03.50,Clalen O2O2 D_Micelia_Mute Brown_30P,Clalen O2O2 D_Mute Brown_45%,P0176A-03.50MBN3,Q0176-03.50MBN3,R0176-03.50MBN3,450,,,접수,,Si_1-Day_Color_Sph,2026-02-05,,S관(3공장),0,450,0,0,0,0,23496,0,0,0,0,0,0,0
202602030001,해외,국내,,,2026-02-28,KRW,S176-03.75,Clalen O2O2 D_Micelia_Mute Brown_30P,Clalen O2O2 D_Mute Brown_45%,P0176A-03.75MBN3,Q0176-03.75MBN3,R0176-03.75MBN3,450,,,접수,,Si_1-Day_Color_Sph,2026-02-05,,S관(3공장),0,450,0,0,0,0,9460,0,0,0,0,0,0,0
202602030001,해외,국내,,,2026-02-28,KRW,S176-04.00,Clalen O2O2 D_Micelia_Mute Brown_30P,Clalen O2O2 D_Mute Brown_45%,P0176A-04.00MBN3,Q0176-04.00MBN3,R0176-04.00MBN3,450,,,접수,,Si_1-Day_Color_Sph,2026-02-05,,S관(3공장),0,450,0,0,0,0,24105,0,0,0,0,0,0,0
202602030001,해외,국내,,,2026-02-28,KRW,S176-04.25,Clalen O2O2 D_Micelia_Mute Brown_30P,Clalen O2O2 D_Mute Brown_45%,P0176A-04.25MBN3,Q0176-04.25MBN3,R0176-04.25MBN3,450,,,접수,,Si_1-Day_Color_Sph,2026-02-05,,S관(3공장),0,450,0,0,0,0,15082,0,0,0,0,0,0,0
202602030001,해외,국내,,,2026-02-28,KRW,S176-04.50,Clalen O2O2 D_Micelia_Mute Brown_30P,Clalen O2O2 D_Mute Brown_45%,P0176A-04.50MBN3,Q0176-04.50MBN3,R0176-04.50MBN3,450,,,접수,,Si_1-Day_Color_Sph,2026-02-05,,S관(3공장),0,450,0,0,0,0,9795,0,0,0,0,0,0,0
202602030001,해외,국내,,,2026-02-28,KRW,S176-04.75,Clalen O2O2 D_Micelia_Mute Brown_30P,Clalen O2O2 D_Mute Brown_45%,P0176A-04.75MBN3,Q0176-04.75MBN3,R0176-04.75MBN3,450,,,접수,,Si_1-Day_Color_Sph,2026-02-05,,S관(3공장),0,450,0,0,0,0,13544,0,0,0,0,0,0,0
202602030001,해외,국내,,,2026-02-28,KRW,S176-05.00,Clalen O2O2 D_Micelia_Mute Brown_30P,Clalen O2O2 D_Mute Brown_45%,P0176A-05.00MBN3,Q0176-05.00MBN3,R0176-05.00MBN3,450,,,접수,,Si_1-Day_Color_Sph,2026-02-05,,S관(3공장),0,450,0,0,0,0,14195,0,0,0,0,0,0,0
202602030001,해외,국내,,,2026-02-28,KRW,S176-05.50,Clalen O2O2 D_Micelia_Mute Brown_30P,Clalen O2O2 D_Mute Brown_45%,P0176A-05.50MBN3,Q0176-05.50MBN3,R0176-05.50MBN3,450,,,접수,,Si_1-Day_Color_Sph,2026-02-05,,S관(3공장),0,450,0,0,0,0,4060,0,0,0,0,0,0,0
202602030001,해외,국내,,,2026-02-28,KRW,S176-06.00,Clalen O2O2 D_Micelia_Mute Brown_30P,Clalen O2O2 D_Mute Brown_45%,P0176A-06.00MBN3,Q0176-06.00MBN3,R0176-06.00MBN3,450,,,접수,,Si_1-Day_Color_Sph,2026-02-05,,S관(3공장),0,450,0,0,0,0,9130,0,0,0,0,0,0,0
202602030001,해외,국내,,,2026-02-28,KRW,S176-06.50,Clalen O2O2 D_Micelia_Mute Brown_30P,Clalen O2O2 D_Mute Brown_45%,P0176A-06.50MBN3,Q0176-06.50MBN3,R0176-06.50MBN3,450,,,접수,,Si_1-Day_Color_Sph,2026-02-05,,S관(3공장),0,450,0,0,0,0,13045,0,0,0,0,0,0,0
202602030001,해외,국내,,,2026-02-28,KRW,S176-07.00,Clalen O2O2 D_Micelia_Mute Brown_30P,Clalen O2O2 D_Mute Brown_45%,P0176A-07.00MBN3,Q0176-07.00MBN3,R0176-07.00MBN3,450,,,접수,,Si_1-Day_Color_Sph,2026-02-05,,S관(3공장),0,450,0,0,0,0,16415,0,0,0,0,0,0,0
202602030001,해외,국내,,,2026-02-28,KRW,S176-07.50,Clalen O2O2 D_Micelia_Mute Brown_30P,Clalen O2O2 D_Mute Brown_45%,P0176A-07.50MBN3,Q0176-07.50MBN3,R0176-07.50MBN3,450,,,접수,,Si_1-Day_Color_Sph,2026-02-05,,S관(3공장),0,450,0,0,0,0,6585,0,0,0,0,0,0,0
202602030001,해외,국내,,,2026-02-28,KRW,S176-08.00,Clalen O2O2 D_Micelia_Mute Brown_30P,Clalen O2O2 D_Mute Brown_45%,P0176A-08.00MBN3,Q0176-08.00MBN3,R0176-08.00MBN3,450,,,접수,,Si_1-Day_Color_Sph,2026-02-05,,S관(3공장),0,450,0,0,0,0,2325,0,0,0,0,0,0,0
202602030001,해외,국내,,,2026-02-28,KRW,S615-03.50,Clalen O2O2 D_Sepia Choco EX_30P,O2O2 D_Sepia Choco EX,P3405A-03.50SPC,Q3405-03.50SPC,R3405-03.50SPC,450,,,접수,,Si_1-Day_Color_Sph,2026-02-05,,S관(3공장),0,450,0,0,0,0,1215,0,450,754,641,487,483,455
202602030001,해외,국내,,,2026-02-28,KRW,S615-03.75,Clalen O2O2 D_Sepia Choco EX_30P,O2O2 D_Sepia Choco EX,P3405A-03.75SPC,Q3405-03.75SPC,R3405-03.75SPC,450,,,접수,,Si_1-Day_Color_Sph,2026-02-05,,S관(3공장),0,450,0,0,0,0,2425,0,0,0,0,0,0,0
202602030001,해외,국내,,,2026-02-28,KRW,S615-04.00,Clalen O2O2 D_Sepia Choco EX_30P,O2O2 D_Sepia Choco EX,P3405A-04.00SPC,Q3405-04.00SPC,R3405-04.00SPC,450,,,접수,,Si_1-Day_Color_Sph,2026-02-05,,S관(3공장),0,450,0,0,0,0,13360,0,0,0,0,0,0,0
202602030001,해외,국내,,,2026-02-28,KRW,S615-04.25,Clalen O2O2 D_Sepia Choco EX_30P,O2O2 D_Sepia Choco EX,P3405A-04.25SPC,Q3405-04.25SPC,R3405-04.25SPC,450,,,접수,,Si_1-Day_Color_Sph,2026-02-05,,S관(3공장),0,450,0,0,0,0,8065,0,450,754,640,487,483,455
202602030001,해외,국내,,,2026-02-28,KRW,S615-04.50,Clalen O2O2 D_Sepia Choco EX_30P,O2O2 D_Sepia Choco EX,P3405A-04.50SPC,Q3405-04.50SPC,R3405-04.50SPC,450,,,접수,,Si_1-Day_Color_Sph,2026-02-05,,S관(3공장),0,450,0,0,0,0,54060,0,0,0,0,0,0,0
202602030001,해외,국내,,,2026-02-28,KRW,S615-04.75,Clalen O2O2 D_Sepia Choco EX_30P,O2O2 D_Sepia Choco EX,P3405A-04.75SPC,Q3405-04.75SPC,R3405-04.75SPC,450,,,접수,,Si_1-Day_Color_Sph,2026-02-05,,S관(3공장),0,450,0,0,0,0,12875,0,0,0,0,0,0,0
202602030001,해외,국내,,,2026-02-28,KRW,S615-05.00,Clalen O2O2 D_Sepia Choco EX_30P,O2O2 D_Sepia Choco EX,P3405A-05.00SPC,Q3405-05.00SPC,R3405-05.00SPC,450,,,접수,,Si_1-Day_Color_Sph,2026-02-05,,S관(3공장),0,450,0,0,0,610,44295,0,0,0,0,0,0,0
202602030001,해외,국내,,,2026-02-28,KRW,S615-05.50,Clalen O2O2 D_Sepia Choco EX_30P,O2O2 D_Sepia Choco EX,P3405A-05.50SPC,Q3405-05.50SPC,R3405-05.50SPC,450,,,접수,,Si_1-Day_Color_Sph,2026-02-05,,S관(3공장),0,450,0,0,0,1145,4245,0,450,731,621,471,468,441
202602030001,해외,국내,,,2026-02-28,KRW,S615-06.00,Clalen O2O2 D_Sepia Choco EX_30P,O2O2 D_Sepia Choco EX,P3405A-06.00SPC,Q3405-06.00SPC,R3405-06.00SPC,450,,,접수,,Si_1-Day_Color_Sph,2026-02-05,,S관(3공장),0,450,0,1273,0,0,5460,0,450,731,621,486,483,455
202602030001,해외,국내,,,2026-02-28,KRW,S615-06.50,Clalen O2O2 D_Sepia Choco EX_30P,O2O2 D_Sepia Choco EX,P3405A-06.50SPC,Q3405-06.50SPC,R3405-06.50SPC,450,,,접수,,Si_1-Day_Color_Sph,2026-02-05,,S관(3공장),0,450,0,1393,0,0,32915,0,0,0,0,0,0,0
202602030001,해외,국내,,,2026-02-28,KRW,S615-07.00,Clalen O2O2 D_Sepia Choco EX_30P,O2O2 D_Sepia Choco EX,P3405A-07.00SPC,Q3405-07.00SPC,R3405-07.00SPC,450,,,접수,,Si_1-Day_Color_Sph,2026-02-05,,S관(3공장),0,450,0,2951,0,0,11025,0,0,0,0,0,0,0
202602030001,해외,국내,,,2026-02-28,KRW,S615-07.50,Clalen O2O2 D_Sepia Choco EX_30P,O2O2 D_Sepia Choco EX,P3405A-07.50SPC,Q3405-07.50SPC,R3405-07.50SPC,450,,,접수,,Si_1-Day_Color_Sph,2026-02-05,,S관(3공장),0,450,0,1411,0,0,25435,0,0,0,0,0,0,0
202602030001,해외,국내,,,2026-02-28,KRW,S615-08.00,Clalen O2O2 D_Sepia Choco EX_30P,O2O2 D_Sepia Choco EX,P3405A-08.00SPC,Q3405-08.00SPC,R3405-08.00SPC,450,,,접수,,Si_1-Day_Color_Sph,2026-02-05,,S관(3공장),0,450,0,0,0,0,8955,0,0,0,0,0,0,0
202602030001,해외,국내,,,2026-02-28,KRW,S617-00.00,Clalen O2O2 D_Ash Brown EX_30P,O2O2 D_Ash Brown EX,P3406A-00.00ASB,Q3406-00.00ASB,R3406-00.00ASB,900,,,접수,,Si_1-Day_Color_Sph,2026-02-05,,S관(3공장),0,900,0,0,0,0,8175,0,900,1508,1281,972,966,910
202602030001,해외,국내,,,2026-02-28,KRW,S617-01.00,Clalen O2O2 D_Ash Brown EX_30P,O2O2 D_Ash Brown EX,P3406A-01.00ASB,Q3406-01.00ASB,R3406-01.00ASB,450,,,접수,,Si_1-Day_Color_Sph,2026-02-05,,S관(3공장),0,450,0,0,0,0,15850,0,0,0,0,0,0,0
202602030001,해외,국내,,,2026-02-28,KRW,S617-01.25,Clalen O2O2 D_Ash Brown EX_30P,O2O2 D_Ash Brown EX,P3406A-01.25ASB,Q3406-01.25ASB,R3406-01.25ASB,450,,,접수,,Si_1-Day_Color_Sph,2026-02-05,,S관(3공장),0,450,0,0,0,0,26175,0,0,0,0,0,0,0
202602030001,해외,국내,,,2026-02-28,KRW,S617-01.50,Clalen O2O2 D_Ash Brown EX_30P,O2O2 D_Ash Brown EX,P3406A-01.50ASB,Q3406-01.50ASB,R3406-01.50ASB,450,,,접수,,Si_1-Day_Color_Sph,2026-02-05,,S관(3공장),0,450,0,0,0,0,12515,0,0,0,0,0,0,0
202602030001,해외,국내,,,2026-02-28,KRW,S617-01.75,Clalen O2O2 D_Ash Brown EX_30P,O2O2 D_Ash Brown EX,P3406A-01.75ASB,Q3406-01.75ASB,R3406-01.75ASB,450,,,접수,,Si_1-Day_Color_Sph,2026-02-05,,S관(3공장),0,450,0,0,0,0,5405,0,0,0,0,0,0,0
202602030001,해외,국내,,,2026-02-28,KRW,S617-02.00,Clalen O2O2 D_Ash Brown EX_30P,O2O2 D_Ash Brown EX,P3406A-02.00ASB,Q3406-02.00ASB,R3406-02.00ASB,450,,,접수,,Si_1-Day_Color_Sph,2026-02-05,,S관(3공장),0,450,0,0,1732,0,10170,0,0,0,0,0,0,0
202602030001,해외,국내,,,2026-02-28,KRW,S617-02.25,Clalen O2O2 D_Ash Brown EX_30P,O2O2 D_Ash Brown EX,P3406A-02.25ASB,Q3406-02.25ASB,R3406-02.25ASB,450,,,접수,,Si_1-Day_Color_Sph,2026-02-05,,S관(3공장),0,450,0,0,0,0,11605,0,0,0,0,0,0,0
202602030001,해외,국내,,,2026-02-28,KRW,S617-02.50,Clalen O2O2 D_Ash Brown EX_30P,O2O2 D_Ash Brown EX,P3406A-02.50ASB,Q3406-02.50ASB,R3406-02.50ASB,450,,,접수,,Si_1-Day_Color_Sph,2026-02-05,,S관(3공장),0,450,0,0,1621,0,14140,0,0,0,0,0,0,0
202602030001,해외,국내,,,2026-02-28,KRW,S617-02.75,Clalen O2O2 D_Ash Brown EX_30P,O2O2 D_Ash Brown EX,P3406A-02.75ASB,Q3406-02.75ASB,R3406-02.75ASB,450,,,접수,,Si_1-Day_Color_Sph,2026-02-05,,S관(3공장),0,450,0,0,0,0,24045,0,0,0,0,0,0,0
202602030001,해외,국내,,,2026-02-28,KRW,S617-03.00,Clalen O2O2 D_Ash Brown EX_30P,O2O2 D_Ash Brown EX,P3406A-03.00ASB,Q3406-03.00ASB,R3406-03.00ASB,450,,,접수,,Si_1-Day_Color_Sph,2026-02-05,,S관(3공장),0,450,0,0,0,0,11495,0,450,754,640,486,483,455
202602030001,해외,국내,,,2026-02-28,KRW,S617-03.25,Clalen O2O2 D_Ash Brown EX_30P,O2O2 D_Ash Brown EX,P3406A-03.25ASB,Q3406-03.25ASB,R3406-03.25ASB,450,,,접수,,Si_1-Day_Color_Sph,2026-02-05,,S관(3공장),0,450,0,0,0,0,5165,0,0,0,0,0,0,0
202602030001,해외,국내,,,2026-02-28,KRW,S617-03.50,Clalen O2O2 D_Ash Brown EX_30P,O2O2 D_Ash Brown EX,P3406A-03.50ASB,Q3406-03.50ASB,R3406-03.50ASB,450,,,접수,,Si_1-Day_Color_Sph,2026-02-05,,S관(3공장),0,450,0,0,0,0,16010,0,0,0,0,0,0,0
202602030001,해외,국내,,,2026-02-28,KRW,S617-03.75,Clalen O2O2 D_Ash Brown EX_30P,O2O2 D_Ash Brown EX,P3406A-03.75ASB,Q3406-03.75ASB,R3406-03.75ASB,450,,,접수,,Si_1-Day_Color_Sph,2026-02-05,,S관(3공장),0,450,0,0,0,0,6000,0,0,0,0,0,0,0
202602030001,해외,국내,,,2026-02-28,KRW,S619-04.25,Clalen O2O2 D_Ash Gray EX_30P,O2O2 D_Ash Gray EX,P3407A-04.25ASG,Q3407-04.25ASG,R3407-04.25ASG,450,,,접수,,Si_1-Day_Color_Sph,2026-02-05,,S관(3공장),0,450,0,0,0,0,23130,0,0,0,0,0,0,0
202602030001,해외,국내,,,2026-02-28,KRW,S619-04.50,Clalen O2O2 D_Ash Gray EX_30P,O2O2 D_Ash Gray EX,P3407A-04.50ASG,Q3407-04.50ASG,R3407-04.50ASG,450,,,접수,,Si_1-Day_Color_Sph,2026-02-05,,S관(3공장),0,450,0,0,0,0,4620,0,0,0,0,0,0,0
202602030001,해외,국내,,,2026-02-28,KRW,S619-04.75,Clalen O2O2 D_Ash Gray EX_30P,O2O2 D_Ash Gray EX,P3407A-04.75ASG,Q3407-04.75ASG,R3407-04.75ASG,450,,,접수,,Si_1-Day_Color_Sph,2026-02-05,,S관(3공장),0,450,0,0,0,0,15060,0,0,0,0,0,0,0
202602030001,해외,국내,,,2026-02-28,KRW,S619-05.00,Clalen O2O2 D_Ash Gray EX_30P,O2O2 D_Ash Gray EX,P3407A-05.00ASG,Q3407-05.00ASG,R3407-05.00ASG,450,,,접수,,Si_1-Day_Color_Sph,2026-02-05,,S관(3공장),0,450,0,0,0,0,3940,0,0,0,0,0,0,0
202602030001,해외,국내,,,2026-02-28,KRW,S619-05.50,Clalen O2O2 D_Ash Gray EX_30P,O2O2 D_Ash Gray EX,P3407A-05.50ASG,Q3407-05.50ASG,R3407-05.50ASG,450,,,접수,,Si_1-Day_Color_Sph,2026-02-05,,S관(3공장),0,450,0,0,0,0,13445,0,0,0,0,0,0,0
202602030001,해외,국내,,,2026-02-28,KRW,S619-06.00,Clalen O2O2 D_Ash Gray EX_30P,O2O2 D_Ash Gray EX,P3407A-06.00ASG,Q3407-06.00ASG,R3407-06.00ASG,450,,,접수,,Si_1-Day_Color_Sph,2026-02-05,,S관(3공장),0,450,0,0,0,0,4560,0,0,0,0,0,0,0
202602030001,해외,국내,,,2026-02-28,KRW,S619-06.50,Clalen O2O2 D_Ash Gray EX_30P,O2O2 D_Ash Gray EX,P3407A-06.50ASG,Q3407-06.50ASG,R3407-06.50ASG,450,,,접수,,Si_1-Day_Color_Sph,2026-02-05,,S관(3공장),0,450,0,0,0,0,7530,0,0,0,0,0,0,0
202602030001,해외,국내,,,2026-02-28,KRW,S619-07.00,Clalen O2O2 D_Ash Gray EX_30P,O2O2 D_Ash Gray EX,P3407A-07.00ASG,Q3407-07.00ASG,R3407-07.00ASG,450,,,접수,,Si_1-Day_Color_Sph,2026-02-05,,S관(3공장),0,450,0,0,0,0,4755,0,0,0,0,0,0,0
202602030001,해외,국내,,,2026-02-28,KRW,S619-07.50,Clalen O2O2 D_Ash Gray EX_30P,O2O2 D_Ash Gray EX,P3407A-07.50ASG,Q3407-07.50ASG,R3407-07.50ASG,450,,,접수,,Si_1-Day_Color_Sph,2026-02-05,,S관(3공장),0,450,0,0,0,0,5630,0,0,0,0,0,0,0
202602030001,해외,국내,,,2026-02-28,KRW,S619-08.00,Clalen O2O2 D_Ash Gray EX_30P,O2O2 D_Ash Gray EX,P3407A-08.00ASG,Q3407-08.00ASG,R3407-08.00ASG,450,,,접수,,Si_1-Day_Color_Sph,2026-02-05,,S관(3공장),0,450,0,0,0,0,8995,0,0,0,0,0,0,0
202602030001,해외,국내,,,2026-02-28,KRW,S625-00.00,Clalen O2O2 D_Blending Hazel EX_30P,O2O2 D_Blending Hazel EX,P3408A-00.00BRW,Q3408-00.00BRW,R3408-00.00BRW,900,,,접수,,Si_1-Day_Color_Sph,2026-02-05,,S관(3공장),0,900,0,0,3688,1840,129770,0,0,0,0,0,0,0
202602030001,해외,국내,,,2026-02-28,KRW,S625-01.00,Clalen O2O2 D_Blending Hazel EX_30P,O2O2 D_Blending Hazel EX,P3408A-01.00BRW,Q3408-01.00BRW,R3408-01.00BRW,450,,,접수,,Si_1-Day_Color_Sph,2026-02-05,,S관(3공장),0,450,0,0,0,0,8585,0,0,0,0,0,0,0
202602030001,해외,국내,,,2026-02-28,KRW,S625-01.25,Clalen O2O2 D_Blending Hazel EX_30P,O2O2 D_Blending Hazel EX,P3408A-01.25BRW,Q3408-01.25BRW,R3408-01.25BRW,450,,,접수,,Si_1-Day_Color_Sph,2026-02-05,,S관(3공장),0,450,0,0,0,0,11270,0,0,0,0,0,0,0
202602030001,해외,국내,,,2026-02-28,KRW,S625-01.50,Clalen O2O2 D_Blending Hazel EX_30P,O2O2 D_Blending Hazel EX,P3408A-01.50BRW,Q3408-01.50BRW,R3408-01.50BRW,450,,,접수,,Si_1-Day_Color_Sph,2026-02-05,,S관(3공장),0,450,0,0,0,0,18010,0,0,0,0,0,0,0
202602030001,해외,국내,,,2026-02-28,KRW,S625-01.75,Clalen O2O2 D_Blending Hazel EX_30P,O2O2 D_Blending Hazel EX,P3408A-01.75BRW,Q3408-01.75BRW,R3408-01.75BRW,450,,,접수,,Si_1-Day_Color_Sph,2026-02-05,,S관(3공장),0,450,0,0,0,0,9245,0,0,0,0,0,0,0
202602030001,해외,국내,,,2026-02-28,KRW,S625-02.00,Clalen O2O2 D_Blending Hazel EX_30P,O2O2 D_Blending Hazel EX,P3408A-02.00BRW,Q3408-02.00BRW,R3408-02.00BRW,450,,,접수,,Si_1-Day_Color_Sph,2026-02-05,,S관(3공장),0,450,0,0,0,0,11470,0,0,0,0,0,0,0
202602030001,해외,국내,,,2026-02-28,KRW,S625-02.25,Clalen O2O2 D_Blending Hazel EX_30P,O2O2 D_Blending Hazel EX,P3408A-02.25BRW,Q3408-02.25BRW,R3408-02.25BRW,450,,,접수,,Si_1-Day_Color_Sph,2026-02-05,,S관(3공장),0,450,0,0,0,0,17145,0,0,0,0,0,0,0
202602030001,해외,국내,,,2026-02-28,KRW,S625-02.50,Clalen O2O2 D_Blending Hazel EX_30P,O2O2 D_Blending Hazel EX,P3408A-02.50BRW,Q3408-02.50BRW,R3408-02.50BRW,450,,,접수,,Si_1-Day_Color_Sph,2026-02-05,,S관(3공장),0,450,0,0,0,0,5730,0,0,0,0,0,0,0
202602030001,해외,국내,,,2026-02-28,KRW,S625-02.75,Clalen O2O2 D_Blending Hazel EX_30P,O2O2 D_Blending Hazel EX,P3408A-02.75BRW,Q3408-02.75BRW,R3408-02.75BRW,450,,,접수,,Si_1-Day_Color_Sph,2026-02-05,,S관(3공장),0,450,0,0,0,0,5775,0,0,0,0,0,0,0
202602030001,해외,국내,,,2026-02-28,KRW,S625-03.00,Clalen O2O2 D_Blending Hazel EX_30P,O2O2 D_Blending Hazel EX,P3408A-03.00BRW,Q3408-03.00BRW,R3408-03.00BRW,450,,,접수,,Si_1-Day_Color_Sph,2026-02-05,,S관(3공장),0,450,0,0,0,0,12705,0,0,0,0,0,0,0
202602030001,해외,국내,,,2026-02-28,KRW,S625-03.25,Clalen O2O2 D_Blending Hazel EX_30P,O2O2 D_Blending Hazel EX,P3408A-03.25BRW,Q3408-03.25BRW,R3408-03.25BRW,450,,,접수,,Si_1-Day_Color_Sph,2026-02-05,,S관(3공장),0,450,0,0,0,0,11835,0,0,0,0,0,0,0
202602030001,해외,국내,,,2026-02-28,KRW,S625-03.50,Clalen O2O2 D_Blending Hazel EX_30P,O2O2 D_Blending Hazel EX,P3408A-03.50BRW,Q3408-03.50BRW,R3408-03.50BRW,450,,,접수,,Si_1-Day_Color_Sph,2026-02-05,,S관(3공장),0,450,0,0,0,0,5780,0,0,0,0,0,0,0
202602030001,해외,국내,,,2026-02-28,KRW,S625-03.75,Clalen O2O2 D_Blending Hazel EX_30P,O2O2 D_Blending Hazel EX,P3408A-03.75BRW,Q3408-03.75BRW,R3408-03.75BRW,450,,,접수,,Si_1-Day_Color_Sph,2026-02-05,,S관(3공장),0,450,0,0,0,0,14230,0,0,0,0,0,0,0
202602030001,해외,국내,,,2026-02-28,KRW,S625-04.00,Clalen O2O2 D_Blending Hazel EX_30P,O2O2 D_Blending Hazel EX,P3408A-04.00BRW,Q3408-04.00BRW,R3408-04.00BRW,450,,,접수,,Si_1-Day_Color_Sph,2026-02-05,,S관(3공장),0,450,0,0,0,0,11860,0,0,0,0,0,0,0
202602030001,해외,국내,,,2026-02-28,KRW,S625-04.25,Clalen O2O2 D_Blending Hazel EX_30P,O2O2 D_Blending Hazel EX,P3408A-04.25BRW,Q3408-04.25BRW,R3408-04.25BRW,450,,,접수,,Si_1-Day_Color_Sph,2026-02-05,,S관(3공장),0,450,0,0,0,0,7185,0,0,0,0,0,0,0
202602030001,해외,국내,,,2026-02-28,KRW,S625-04.50,Clalen O2O2 D_Blending Hazel EX_30P,O2O2 D_Blending Hazel EX,P3408A-04.50BRW,Q3408-04.50BRW,R3408-04.50BRW,450,,,접수,,Si_1-Day_Color_Sph,2026-02-05,,S관(3공장),0,450,0,0,0,0,5410,0,0,0,0,0,0,0
202602030001,해외,국내,,,2026-02-28,KRW,S625-04.75,Clalen O2O2 D_Blending Hazel EX_30P,O2O2 D_Blending Hazel EX,P3408A-04.75BRW,Q3408-04.75BRW,R3408-04.75BRW,450,,,접수,,Si_1-Day_Color_Sph,2026-02-05,,S관(3공장),0,450,0,0,0,0,8055,0,0,0,0,0,0,0
202602030001,해외,국내,,,2026-02-28,KRW,S627-05.50,Clalen O2O2 D_Blending Rose EX_30P,O2O2 D_Blending Rose EX,P3409A-05.50PIN,Q3409-05.50PIN,R3409-05.50PIN,450,,,접수,,Si_1-Day_Color_Sph,2026-02-05,,S관(3공장),0,450,0,0,0,0,1065,0,0,0,0,0,0,0
202602030001,해외,국내,,,2026-02-28,KRW,S627-06.00,Clalen O2O2 D_Blending Rose EX_30P,O2O2 D_Blending Rose EX,P3409A-06.00PIN,Q3409-06.00PIN,R3409-06.00PIN,450,,,접수,,Si_1-Day_Color_Sph,2026-02-05,,S관(3공장),0,450,0,0,0,0,3030,0,0,0,0,0,0,0
202602030001,해외,국내,,,2026-02-28,KRW,S627-06.50,Clalen O2O2 D_Blending Rose EX_30P,O2O2 D_Blending Rose EX,P3409A-06.50PIN,Q3409-06.50PIN,R3409-06.50PIN,450,,,접수,,Si_1-Day_Color_Sph,2026-02-05,,S관(3공장),0,450,0,0,0,0,1060,0,0,0,0,0,0,0
202602030001,해외,국내,,,2026-02-28,KRW,S627-07.00,Clalen O2O2 D_Blending Rose EX_30P,O2O2 D_Blending Rose EX,P3409A-07.00PIN,Q3409-07.00PIN,R3409-07.00PIN,450,,,접수,,Si_1-Day_Color_Sph,2026-02-05,,S관(3공장),0,450,0,0,0,0,125,0,325,549,466,353,350,329
202602030001,해외,국내,,,2026-02-28,KRW,S627-07.50,Clalen O2O2 D_Blending Rose EX_30P,O2O2 D_Blending Rose EX,P3409A-07.50PIN,Q3409-07.50PIN,R3409-07.50PIN,450,,,접수,,Si_1-Day_Color_Sph,2026-02-05,,S관(3공장),0,450,0,0,0,0,3685,0,0,0,0,0,0,0
202602030001,해외,국내,,,2026-02-28,KRW,S627-08.00,Clalen O2O2 D_Blending Rose EX_30P,O2O2 D_Blending Rose EX,P3409A-08.00PIN,Q3409-08.00PIN,R3409-08.00PIN,450,,,접수,,Si_1-Day_Color_Sph,2026-02-05,,S관(3공장),0,450,0,0,0,0,0,0,450,757,643,488,484,455
202602030001,해외,국내,,,2026-02-28,KRW,S611-00.00,Clalen O2O2 M_Natural Chocolat EX_2P,O2O2 M_Natural Chocolat EX_(중),P3402M-00.00BRW,Q3402-00.00BRW,R3402-00.00BRW,60,,,접수,,Si_FRP_Color_Sph,2026-02-05,,S관(3공장),0,60,0,921,0,0,3314,0,0,0,0,0,0,0
202602030001,해외,국내,,,2026-02-28,KRW,S611-01.00,Clalen O2O2 M_Natural Chocolat EX_2P,O2O2 M_Natural Chocolat EX_(중),P3402M-01.00BRW,Q3402-01.00BRW,R3402-01.00BRW,30,,,접수,,Si_FRP_Color_Sph,2026-02-05,,S관(3공장),0,30,0,819,0,0,536,0,0,0,0,0,0,0
202602030001,해외,국내,,,2026-02-28,KRW,S611-01.25,Clalen O2O2 M_Natural Chocolat EX_2P,O2O2 M_Natural Chocolat EX_(중),P3402M-01.25BRW,Q3402-01.25BRW,R3402-01.25BRW,30,,,접수,,Si_FRP_Color_Sph,2026-02-05,,S관(3공장),0,30,0,0,0,0,628,0,0,0,0,0,0,0
202602030001,해외,국내,,,2026-02-28,KRW,S611-01.50,Clalen O2O2 M_Natural Chocolat EX_2P,O2O2 M_Natural Chocolat EX_(중),P3402M-01.50BRW,Q3402-01.50BRW,R3402-01.50BRW,30,,,접수,,Si_FRP_Color_Sph,2026-02-05,,S관(3공장),0,30,0,3069,0,0,201,0,0,0,0,0,0,0
202602030001,해외,국내,,,2026-02-28,KRW,S611-01.75,Clalen O2O2 M_Natural Chocolat EX_2P,O2O2 M_Natural Chocolat EX_(중),P3402M-01.75BRW,Q3402-01.75BRW,R3402-01.75BRW,30,,,접수,,Si_FRP_Color_Sph,2026-02-05,,S관(3공장),0,30,0,5495,0,0,632,0,0,0,0,0,0,0
202602030001,해외,국내,,,2026-02-28,KRW,S611-02.00,Clalen O2O2 M_Natural Chocolat EX_2P,O2O2 M_Natural Chocolat EX_(중),P3402M-02.00BRW,Q3402-02.00BRW,R3402-02.00BRW,30,,,접수,,Si_FRP_Color_Sph,2026-02-05,,S관(3공장),0,30,0,3115,0,0,118,0,0,0,0,0,0,0
202602030001,해외,국내,,,2026-02-28,KRW,S611-02.25,Clalen O2O2 M_Natural Chocolat EX_2P,O2O2 M_Natural Chocolat EX_(중),P3402M-02.25BRW,Q3402-02.25BRW,R3402-02.25BRW,30,,,접수,,Si_FRP_Color_Sph,2026-02-05,,S관(3공장),0,30,0,0,0,0,507,0,0,0,0,0,0,0
202602030001,해외,국내,,,2026-02-28,KRW,S611-02.50,Clalen O2O2 M_Natural Chocolat EX_2P,O2O2 M_Natural Chocolat EX_(중),P3402M-02.50BRW,Q3402-02.50BRW,R3402-02.50BRW,30,,,접수,,Si_FRP_Color_Sph,2026-02-05,,S관(3공장),0,30,0,2969,0,0,37,0,0,0,0,0,0,0
202602030001,해외,국내,,,2026-02-28,KRW,S611-02.75,Clalen O2O2 M_Natural Chocolat EX_2P,O2O2 M_Natural Chocolat EX_(중),P3402M-02.75BRW,Q3402-02.75BRW,R3402-02.75BRW,30,,,접수,,Si_FRP_Color_Sph,2026-02-05,,S관(3공장),0,30,0,167,0,0,842,0,0,0,0,0,0,0
202602030001,해외,국내,,,2026-02-28,KRW,S611-03.00,Clalen O2O2 M_Natural Chocolat EX_2P,O2O2 M_Natural Chocolat EX_(중),P3402M-03.00BRW,Q3402-03.00BRW,R3402-03.00BRW,30,,,접수,,Si_FRP_Color_Sph,2026-02-05,,S관(3공장),0,30,0,5276,0,0,1193,0,0,0,0,0,0,0
202602030001,해외,국내,,,2026-02-28,KRW,S611-03.25,Clalen O2O2 M_Natural Chocolat EX_2P,O2O2 M_Natural Chocolat EX_(중),P3402M-03.25BRW,Q3402-03.25BRW,R3402-03.25BRW,30,,,접수,,Si_FRP_Color_Sph,2026-02-05,,S관(3공장),0,30,0,0,0,0,527,0,0,0,0,0,0,0
202602030001,해외,국내,,,2026-02-28,KRW,S611-03.50,Clalen O2O2 M_Natural Chocolat EX_2P,O2O2 M_Natural Chocolat EX_(중),P3402M-03.50BRW,Q3402-03.50BRW,R3402-03.50BRW,30,,,접수,,Si_FRP_Color_Sph,2026-02-05,,S관(3공장),0,30,0,644,0,0,972,0,0,0,0,0,0,0
202602030001,해외,국내,,,2026-02-28,KRW,S611-03.75,Clalen O2O2 M_Natural Chocolat EX_2P,O2O2 M_Natural Chocolat EX_(중),P3402M-03.75BRW,Q3402-03.75BRW,R3402-03.75BRW,30,,,접수,,Si_FRP_Color_Sph,2026-02-05,,S관(3공장),0,30,0,3373,0,0,1254,0,0,0,0,0,0,0
202602030001,해외,국내,,,2026-02-28,KRW,S611-04.00,Clalen O2O2 M_Natural Chocolat EX_2P,O2O2 M_Natural Chocolat EX_(중),P3402M-04.00BRW,Q3402-04.00BRW,R3402-04.00BRW,30,,,접수,,Si_FRP_Color_Sph,2026-02-05,,S관(3공장),0,30,0,811,0,0,383,0,0,0,0,0,0,0
202602030001,해외,국내,,,2026-02-28,KRW,S611-04.25,Clalen O2O2 M_Natural Chocolat EX_2P,O2O2 M_Natural Chocolat EX_(중),P3402M-04.25BRW,Q3402-04.25BRW,R3402-04.25BRW,30,,,접수,,Si_FRP_Color_Sph,2026-02-05,,S관(3공장),0,30,0,1171,0,0,612,0,0,0,0,0,0,0
202602030001,해외,국내,,,2026-02-28,KRW,S611-04.50,Clalen O2O2 M_Natural Chocolat EX_2P,O2O2 M_Natural Chocolat EX_(중),P3402M-04.50BRW,Q3402-04.50BRW,R3402-04.50BRW,30,,,접수,,Si_FRP_Color_Sph,2026-02-05,,S관(3공장),0,30,0,0,0,0,1372,0,0,0,0,0,0,0
202602030001,해외,국내,,,2026-02-28,KRW,S611-04.75,Clalen O2O2 M_Natural Chocolat EX_2P,O2O2 M_Natural Chocolat EX_(중),P3402M-04.75BRW,Q3402-04.75BRW,R3402-04.75BRW,30,,,접수,,Si_FRP_Color_Sph,2026-02-05,,S관(3공장),0,30,0,633,0,0,103,0,0,0,0,0,0,0
202602030001,해외,국내,,,2026-02-28,KRW,S611-05.00,Clalen O2O2 M_Natural Chocolat EX_2P,O2O2 M_Natural Chocolat EX_(중),P3402M-05.00BRW,Q3402-05.00BRW,R3402-05.00BRW,30,,,접수,,Si_FRP_Color_Sph,2026-02-05,,S관(3공장),0,30,0,0,0,0,832,0,0,0,0,0,0,0
202602030001,해외,국내,,,2026-02-28,KRW,S611-05.50,Clalen O2O2 M_Natural Chocolat EX_2P,O2O2 M_Natural Chocolat EX_(중),P3402M-05.50BRW,Q3402-05.50BRW,R3402-05.50BRW,30,,,접수,,Si_FRP_Color_Sph,2026-02-05,,S관(3공장),0,30,0,0,0,0,736,0,0,0,0,0,0,0
202602030001,해외,국내,,,2026-02-28,KRW,S611-06.00,Clalen O2O2 M_Natural Chocolat EX_2P,O2O2 M_Natural Chocolat EX_(중),P3402M-06.00BRW,Q3402-06.00BRW,R3402-06.00BRW,30,,,접수,,Si_FRP_Color_Sph,2026-02-05,,S관(3공장),0,30,0,938,0,0,839,0,0,0,0,0,0,0
202602030001,해외,국내,,,2026-02-28,KRW,S611-06.50,Clalen O2O2 M_Natural Chocolat EX_2P,O2O2 M_Natural Chocolat EX_(중),P3402M-06.50BRW,Q3402-06.50BRW,R3402-06.50BRW,30,,,접수,,Si_FRP_Color_Sph,2026-02-05,,S관(3공장),0,30,0,0,0,0,375,0,0,0,0,0,0,0
202602030001,해외,국내,,,2026-02-28,KRW,S609-07.50,Clalen O2O2 M_Natural Brown EX_2P,,P3400M-07.50BRW,Q3400-07.50BRW,R3400-07.50BRW,30,,,접수,,Si_FRP_Color_Sph,2026-02-05,,S관(3공장),0,30,0,2591,0,0,123,0,0,0,0,0,0,0
202602030001,해외,국내,,,2026-02-28,KRW,S609-08.00,Clalen O2O2 M_Natural Brown EX_2P,,P3400M-08.00BRW,Q3400-08.00BRW,R3400-08.00BRW,30,,,접수,,Si_FRP_Color_Sph,2026-02-05,,S관(3공장),0,30,0,591,0,0,204,0,0,0,0,0,0,0
202602030001,해외,국내,,,2026-02-28,KRW,S610-00.00,Clalen O2O2 M_Natural Gray EX_2P,O2O2 M_Natural Gray EX_(중),P3401M-00.00GRA,Q3401-00.00GRA,R3401-00.00GRA,60,,,접수,,Si_FRP_Color_Sph,2026-02-05,,S관(3공장),0,60,0,2963,0,0,1073,0,0,0,0,0,0,0
202602030001,해외,국내,,,2026-02-28,KRW,S610-01.00,Clalen O2O2 M_Natural Gray EX_2P,O2O2 M_Natural Gray EX_(중),P3401M-01.00GRA,Q3401-01.00GRA,R3401-01.00GRA,30,,,접수,,Si_FRP_Color_Sph,2026-02-05,,S관(3공장),0,30,0,0,0,0,453,0,0,0,0,0,0,0
202602030001,해외,국내,,,2026-02-28,KRW,S610-01.25,Clalen O2O2 M_Natural Gray EX_2P,O2O2 M_Natural Gray EX_(중),P3401M-01.25GRA,Q3401-01.25GRA,R3401-01.25GRA,30,,,접수,,Si_FRP_Color_Sph,2026-02-05,,S관(3공장),0,30,0,5646,0,0,349,0,0,0,0,0,0,0
202602030001,해외,국내,,,2026-02-28,KRW,S610-01.50,Clalen O2O2 M_Natural Gray EX_2P,O2O2 M_Natural Gray EX_(중),P3401M-01.50GRA,Q3401-01.50GRA,R3401-01.50GRA,30,,,접수,,Si_FRP_Color_Sph,2026-02-05,,S관(3공장),0,30,0,817,0,0,216,0,0,0,0,0,0,0
202602030001,해외,국내,,,2026-02-28,KRW,S610-01.75,Clalen O2O2 M_Natural Gray EX_2P,O2O2 M_Natural Gray EX_(중),P3401M-01.75GRA,Q3401-01.75GRA,R3401-01.75GRA,30,,,접수,,Si_FRP_Color_Sph,2026-02-05,,S관(3공장),0,30,0,1306,0,0,264,0,0,0,0,0,0,0
202602030001,해외,국내,,,2026-02-28,KRW,S610-02.00,Clalen O2O2 M_Natural Gray EX_2P,O2O2 M_Natural Gray EX_(중),P3401M-02.00GRA,Q3401-02.00GRA,R3401-02.00GRA,30,,,접수,,Si_FRP_Color_Sph,2026-02-05,,S관(3공장),0,30,0,1492,0,0,774,0,0,0,0,0,0,0
202602030001,해외,국내,,,2026-02-28,KRW,S610-02.25,Clalen O2O2 M_Natural Gray EX_2P,O2O2 M_Natural Gray EX_(중),P3401M-02.25GRA,Q3401-02.25GRA,R3401-02.25GRA,30,,,접수,,Si_FRP_Color_Sph,2026-02-05,,S관(3공장),0,30,0,3413,0,0,197,0,0,0,0,0,0,0
202602030001,해외,국내,,,2026-02-28,KRW,S610-02.50,Clalen O2O2 M_Natural Gray EX_2P,O2O2 M_Natural Gray EX_(중),P3401M-02.50GRA,Q3401-02.50GRA,R3401-02.50GRA,30,,,접수,,Si_FRP_Color_Sph,2026-02-05,,S관(3공장),0,30,0,0,0,0,595,0,0,0,0,0,0,0
202602030001,해외,국내,,,2026-02-28,KRW,S610-02.75,Clalen O2O2 M_Natural Gray EX_2P,O2O2 M_Natural Gray EX_(중),P3401M-02.75GRA,Q3401-02.75GRA,R3401-02.75GRA,30,,,접수,,Si_FRP_Color_Sph,2026-02-05,,S관(3공장),0,30,0,4885,0,0,92,0,0,0,0,0,0,0
202602030001,해외,국내,,,2026-02-28,KRW,S610-03.00,Clalen O2O2 M_Natural Gray EX_2P,O2O2 M_Natural Gray EX_(중),P3401M-03.00GRA,Q3401-03.00GRA,R3401-03.00GRA,30,,,접수,,Si_FRP_Color_Sph,2026-02-05,,S관(3공장),0,30,0,2532,0,0,100,0,0,0,0,0,0,0
202602030001,해외,국내,,,2026-02-28,KRW,S610-03.25,Clalen O2O2 M_Natural Gray EX_2P,O2O2 M_Natural Gray EX_(중),P3401M-03.25GRA,Q3401-03.25GRA,R3401-03.25GRA,30,,,접수,,Si_FRP_Color_Sph,2026-02-05,,S관(3공장),0,30,0,2923,0,0,357,0,0,0,0,0,0,0
202602030001,해외,국내,,,2026-02-28,KRW,S610-03.50,Clalen O2O2 M_Natural Gray EX_2P,O2O2 M_Natural Gray EX_(중),P3401M-03.50GRA,Q3401-03.50GRA,R3401-03.50GRA,30,,,접수,,Si_FRP_Color_Sph,2026-02-05,,S관(3공장),0,30,0,1445,0,0,327,0,0,0,0,0,0,0
202602030001,해외,국내,,,2026-02-28,KRW,S610-03.75,Clalen O2O2 M_Natural Gray EX_2P,O2O2 M_Natural Gray EX_(중),P3401M-03.75GRA,Q3401-03.75GRA,R3401-03.75GRA,30,,,접수,,Si_FRP_Color_Sph,2026-02-05,,S관(3공장),0,30,0,0,0,0,593,0,0,0,0,0,0,0
202602030001,해외,국내,,,2026-02-28,KRW,S610-04.00,Clalen O2O2 M_Natural Gray EX_2P,O2O2 M_Natural Gray EX_(중),P3401M-04.00GRA,Q3401-04.00GRA,R3401-04.00GRA,30,,,접수,,Si_FRP_Color_Sph,2026-02-05,,S관(3공장),0,30,0,816,0,0,574,0,0,0,0,0,0,0
202602030001,해외,국내,,,2026-02-28,KRW,S610-04.25,Clalen O2O2 M_Natural Gray EX_2P,O2O2 M_Natural Gray EX_(중),P3401M-04.25GRA,Q3401-04.25GRA,R3401-04.25GRA,30,,,접수,,Si_FRP_Color_Sph,2026-02-05,,S관(3공장),0,30,0,1576,0,0,228,0,0,0,0,0,0,0
202602030001,해외,국내,,,2026-02-28,KRW,S610-04.50,Clalen O2O2 M_Natural Gray EX_2P,O2O2 M_Natural Gray EX_(중),P3401M-04.50GRA,Q3401-04.50GRA,R3401-04.50GRA,30,,,접수,,Si_FRP_Color_Sph,2026-02-05,,S관(3공장),0,30,0,0,0,0,1747,0,0,0,0,0,0,0
202602030001,해외,국내,,,2026-02-28,KRW,S610-04.75,Clalen O2O2 M_Natural Gray EX_2P,O2O2 M_Natural Gray EX_(중),P3401M-04.75GRA,Q3401-04.75GRA,R3401-04.75GRA,30,,,접수,,Si_FRP_Color_Sph,2026-02-05,,S관(3공장),0,30,0,0,0,0,1467,0,0,0,0,0,0,0
202602030001,해외,국내,,,2026-02-28,KRW,S610-05.00,Clalen O2O2 M_Natural Gray EX_2P,O2O2 M_Natural Gray EX_(중),P3401M-05.00GRA,Q3401-05.00GRA,R3401-05.00GRA,30,,,접수,,Si_FRP_Color_Sph,2026-02-05,,S관(3공장),0,30,0,0,0,0,1718,0,0,0,0,0,0,0
202602030001,해외,국내,,,2026-02-28,KRW,S610-05.50,Clalen O2O2 M_Natural Gray EX_2P,O2O2 M_Natural Gray EX_(중),P3401M-05.50GRA,Q3401-05.50GRA,R3401-05.50GRA,30,,,접수,,Si_FRP_Color_Sph,2026-02-05,,S관(3공장),0,30,0,1238,0,0,54,0,0,0,0,0,0,0
202602030001,해외,국내,,,2026-02-28,KRW,S610-06.00,Clalen O2O2 M_Natural Gray EX_2P,O2O2 M_Natural Gray EX_(중),P3401M-06.00GRA,Q3401-06.00GRA,R3401-06.00GRA,30,,,접수,,Si_FRP_Color_Sph,2026-02-05,,S관(3공장),0,30,0,0,0,0,756,0,0,0,0,0,0,0
202602030001,해외,국내,,,2026-02-28,KRW,S610-06.50,Clalen O2O2 M_Natural Gray EX_2P,O2O2 M_Natural Gray EX_(중),P3401M-06.50GRA,Q3401-06.50GRA,R3401-06.50GRA,30,,,접수,,Si_FRP_Color_Sph,2026-02-05,,S관(3공장),0,30,0,0,0,0,823,0,0,0,0,0,0,0
202602030001,해외,국내,,,2026-02-28,KRW,S610-07.00,Clalen O2O2 M_Natural Gray EX_2P,O2O2 M_Natural Gray EX_(중),P3401M-07.00GRA,Q3401-07.00GRA,R3401-07.00GRA,30,,,접수,,Si_FRP_Color_Sph,2026-02-05,,S관(3공장),0,30,0,1702,0,0,273,0,0,0,0,0,0,0
202602030001,해외,국내,,,2026-02-28,KRW,S610-07.50,Clalen O2O2 M_Natural Gray EX_2P,O2O2 M_Natural Gray EX_(중),P3401M-07.50GRA,Q3401-07.50GRA,R3401-07.50GRA,30,,,접수,,Si_FRP_Color_Sph,2026-02-05,,S관(3공장),0,30,0,3741,0,0,193,0,0,0,0,0,0,0
202602030001,해외,국내,,,2026-02-28,KRW,S610-08.00,Clalen O2O2 M_Natural Gray EX_2P,O2O2 M_Natural Gray EX_(중),P3401M-08.00GRA,Q3401-08.00GRA,R3401-08.00GRA,30,,,접수,,Si_FRP_Color_Sph,2026-02-05,,S관(3공장),0,30,0,1269,0,0,10,0,0,0,0,0,0,0
202602030001,해외,국내,,,2026-02-28,KRW,S613-00.00,Clalen O2O2 M_Mysti Khaki EX_2P,,P3404M-00.00GRN,Q3404-00.00GRN,R3404-00.00GRN,60,,,접수,,Si_FRP_Color_Sph,2026-02-05,,S관(3공장),0,60,0,0,0,0,2104,0,0,116,88,0,0,0
202602030001,해외,국내,,,2026-02-28,KRW,S612-01.25,Clalen O2O2 M_Mysti Gray EX_2P,,P3403M-01.25GRA,Q3403-01.25GRA,R3403-01.25GRA,30,,,접수,,Si_FRP_Color_Sph,2026-02-05,,S관(3공장),0,30,0,0,0,0,19,0,0,58,44,0,0,0
202602030001,해외,국내,,,2026-02-28,KRW,S612-01.50,Clalen O2O2 M_Mysti Gray EX_2P,,P3403M-01.50GRA,Q3403-01.50GRA,R3403-01.50GRA,30,,,접수,,Si_FRP_Color_Sph,2026-02-05,,S관(3공장),0,30,0,0,0,0,556,0,0,0,0,0,0,0
202602030001,해외,국내,,,2026-02-28,KRW,S612-01.75,Clalen O2O2 M_Mysti Gray EX_2P,,P3403M-01.75GRA,Q3403-01.75GRA,R3403-01.75GRA,30,,,접수,,Si_FRP_Color_Sph,2026-02-05,,S관(3공장),0,30,0,0,0,0,54,0,0,58,45,0,0,0
202602030001,해외,국내,,,2026-02-28,KRW,S612-02.00,Clalen O2O2 M_Mysti Gray EX_2P,,P3403M-02.00GRA,Q3403-02.00GRA,R3403-02.00GRA,30,,,접수,,Si_FRP_Color_Sph,2026-02-05,,S관(3공장),0,30,0,0,0,0,703,0,0,0,0,0,0,0
202602030001,해외,국내,,,2026-02-28,KRW,S612-02.25,Clalen O2O2 M_Mysti Gray EX_2P,,P3403M-02.25GRA,Q3403-02.25GRA,R3403-02.25GRA,30,,,접수,,Si_FRP_Color_Sph,2026-02-05,,S관(3공장),0,30,0,0,0,0,333,0,0,0,0,0,0,0
202602030001,해외,국내,,,2026-02-28,KRW,S612-02.50,Clalen O2O2 M_Mysti Gray EX_2P,,P3403M-02.50GRA,Q3403-02.50GRA,R3403-02.50GRA,30,,,접수,,Si_FRP_Color_Sph,2026-02-05,,S관(3공장),0,30,0,0,0,0,362,0,0,58,44,0,0,0
202602030001,해외,국내,,,2026-02-28,KRW,S612-02.75,Clalen O2O2 M_Mysti Gray EX_2P,,P3403M-02.75GRA,Q3403-02.75GRA,R3403-02.75GRA,30,,,접수,,Si_FRP_Color_Sph,2026-02-05,,S관(3공장),0,30,0,0,0,0,231,0,0,58,44,0,0,0
202602030001,해외,국내,,,2026-02-28,KRW,S612-03.00,Clalen O2O2 M_Mysti Gray EX_2P,,P3403M-03.00GRA,Q3403-03.00GRA,R3403-03.00GRA,30,,,접수,,Si_FRP_Color_Sph,2026-02-05,,S관(3공장),0,30,0,0,0,0,19,0,0,58,45,0,0,0
202602030001,해외,국내,,,2026-02-28,KRW,S612-03.25,Clalen O2O2 M_Mysti Gray EX_2P,,P3403M-03.25GRA,Q3403-03.25GRA,R3403-03.25GRA,30,,,접수,,Si_FRP_Color_Sph,2026-02-05,,S관(3공장),0,30,0,0,0,0,484,0,0,0,0,0,0,0
202602030001,해외,국내,,,2026-02-28,KRW,S612-03.50,Clalen O2O2 M_Mysti Gray EX_2P,,P3403M-03.50GRA,Q3403-03.50GRA,R3403-03.50GRA,30,,,접수,,Si_FRP_Color_Sph,2026-02-05,,S관(3공장),0,30,0,867,0,0,681,0,0,0,0,0,0,0
202602030001,해외,국내,,,2026-02-28,KRW,S612-03.75,Clalen O2O2 M_Mysti Gray EX_2P,,P3403M-03.75GRA,Q3403-03.75GRA,R3403-03.75GRA,30,,,접수,,Si_FRP_Color_Sph,2026-02-05,,S관(3공장),0,30,0,662,0,0,176,0,0,0,0,0,0,0
202602030001,해외,국내,,,2026-02-28,KRW,S612-04.00,Clalen O2O2 M_Mysti Gray EX_2P,,P3403M-04.00GRA,Q3403-04.00GRA,R3403-04.00GRA,30,,,접수,,Si_FRP_Color_Sph,2026-02-05,,S관(3공장),0,30,0,955,0,0,196,0,0,0,0,0,0,0
202602030001,해외,국내,,,2026-02-28,KRW,S612-04.25,Clalen O2O2 M_Mysti Gray EX_2P,,P3403M-04.25GRA,Q3403-04.25GRA,R3403-04.25GRA,30,,,접수,,Si_FRP_Color_Sph,2026-02-05,,S관(3공장),0,30,0,556,0,0,303,0,0,0,0,0,0,0
202602030001,해외,국내,,,2026-02-28,KRW,S612-04.50,Clalen O2O2 M_Mysti Gray EX_2P,,P3403M-04.50GRA,Q3403-04.50GRA,R3403-04.50GRA,30,,,접수,,Si_FRP_Color_Sph,2026-02-05,,S관(3공장),0,30,0,0,0,0,241,0,0,58,44,0,0,0
202602030001,해외,국내,,,2026-02-28,KRW,S612-04.75,Clalen O2O2 M_Mysti Gray EX_2P,,P3403M-04.75GRA,Q3403-04.75GRA,R3403-04.75GRA,30,,,접수,,Si_FRP_Color_Sph,2026-02-05,,S관(3공장),0,30,0,0,0,0,540,0,0,0,0,0,0,0
202602030001,해외,국내,,,2026-02-28,KRW,S612-05.00,Clalen O2O2 M_Mysti Gray EX_2P,,P3403M-05.00GRA,Q3403-05.00GRA,R3403-05.00GRA,30,,,접수,,Si_FRP_Color_Sph,2026-02-05,,S관(3공장),0,30,0,0,0,0,86,0,0,58,44,0,0,0
202602030001,해외,국내,,,2026-02-28,KRW,S612-05.50,Clalen O2O2 M_Mysti Gray EX_2P,,P3403M-05.50GRA,Q3403-05.50GRA,R3403-05.50GRA,30,,,접수,,Si_FRP_Color_Sph,2026-02-05,,S관(3공장),0,30,0,0,0,0,200,0,0,58,44,0,0,0
202602030001,해외,국내,,,2026-02-28,KRW,S612-06.00,Clalen O2O2 M_Mysti Gray EX_2P,,P3403M-06.00GRA,Q3403-06.00GRA,R3403-06.00GRA,30,,,접수,,Si_FRP_Color_Sph,2026-02-05,,S관(3공장),0,30,0,0,0,0,11,0,0,58,44,0,0,0
202602030001,해외,국내,,,2026-02-28,KRW,S612-06.50,Clalen O2O2 M_Mysti Gray EX_2P,,P3403M-06.50GRA,Q3403-06.50GRA,R3403-06.50GRA,30,,,접수,,Si_FRP_Color_Sph,2026-02-05,,S관(3공장),0,30,0,0,0,0,71,0,0,58,44,0,0,0
202602030001,해외,국내,,,2026-02-28,KRW,S612-07.00,Clalen O2O2 M_Mysti Gray EX_2P,,P3403M-07.00GRA,Q3403-07.00GRA,R3403-07.00GRA,30,,,접수,,Si_FRP_Color_Sph,2026-02-05,,S관(3공장),0,30,0,0,0,0,201,0,0,0,0,0,0,0
202602030001,해외,국내,,,2026-02-28,KRW,S612-07.50,Clalen O2O2 M_Mysti Gray EX_2P,,P3403M-07.50GRA,Q3403-07.50GRA,R3403-07.50GRA,30,,,접수,,Si_FRP_Color_Sph,2026-02-05,,S관(3공장),0,30,0,0,0,0,510,0,0,0,0,0,0,0
202602030001,해외,국내,,,2026-02-28,KRW,S612-08.00,Clalen O2O2 M_Mysti Gray EX_2P,,P3403M-08.00GRA,Q3403-08.00GRA,R3403-08.00GRA,30,,,접수,,Si_FRP_Color_Sph,2026-02-05,,S관(3공장),0,30,0,0,0,0,1330,0,0,0,0,0,0,0
202602030001,해외,국내,,,2026-02-28,KRW,S174-00.00,Clalen O2O2 D_Micelia_Deep Black_30P,Clalen O2O2 D_Deep Black_45%,P0174A-00.00DBK3,Q0174-00.00DBK3,R0174-00.00DBK3,900,,,접수,,Si_1-Day_Color_Sph,2026-02-05,,S관(3공장),0,900,0,0,0,0,86855,0,0,0,0,0,0,0
202602030001,해외,국내,,,2026-02-28,KRW,S174-01.00,Clalen O2O2 D_Micelia_Deep Black_30P,Clalen O2O2 D_Deep Black_45%,P0174A-01.00DBK3,Q0174-01.00DBK3,R0174-01.00DBK3,450,,,접수,,Si_1-Day_Color_Sph,2026-02-05,,S관(3공장),0,450,0,0,0,0,58308,0,0,0,0,0,0,0
202602030001,해외,국내,,,2026-02-28,KRW,S174-01.25,Clalen O2O2 D_Micelia_Deep Black_30P,Clalen O2O2 D_Deep Black_45%,P0174A-01.25DBK3,Q0174-01.25DBK3,R0174-01.25DBK3,450,,,접수,,Si_1-Day_Color_Sph,2026-02-05,,S관(3공장),0,450,0,0,0,0,36948,0,0,0,0,0,0,0
202602030001,해외,국내,,,2026-02-28,KRW,S174-01.50,Clalen O2O2 D_Micelia_Deep Black_30P,Clalen O2O2 D_Deep Black_45%,P0174A-01.50DBK3,Q0174-01.50DBK3,R0174-01.50DBK3,450,,,접수,,Si_1-Day_Color_Sph,2026-02-05,,S관(3공장),0,450,0,0,0,0,8810,0,0,0,0,0,0,0
202602030001,해외,국내,,,2026-02-28,KRW,S174-01.75,Clalen O2O2 D_Micelia_Deep Black_30P,Clalen O2O2 D_Deep Black_45%,P0174A-01.75DBK3,Q0174-01.75DBK3,R0174-01.75DBK3,450,,,접수,,Si_1-Day_Color_Sph,2026-02-05,,S관(3공장),0,450,0,0,0,0,5098,0,0,0,0,0,0,0
202602030001,해외,국내,,,2026-02-28,KRW,S175-02.25,Clalen O2O2 D_Micelia_Lake Gray_30P,Clalen O2O2 D_Lake Gray_45%,P0175A-02.25LKG3,Q0175-02.25LKG3,R0175-02.25LKG3,450,,,접수,,Si_1-Day_Color_Sph,2026-02-05,,S관(3공장),0,450,0,0,0,0,11450,0,0,0,0,0,0,0
202602030001,해외,국내,,,2026-02-28,KRW,S175-02.50,Clalen O2O2 D_Micelia_Lake Gray_30P,Clalen O2O2 D_Lake Gray_45%,P0175A-02.50LKG3,Q0175-02.50LKG3,R0175-02.50LKG3,450,,,접수,,Si_1-Day_Color_Sph,2026-02-05,,S관(3공장),0,450,0,0,0,0,23511,0,0,0,0,0,0,0
202602030001,해외,국내,,,2026-02-28,KRW,S175-02.75,Clalen O2O2 D_Micelia_Lake Gray_30P,Clalen O2O2 D_Lake Gray_45%,P0175A-02.75LKG3,Q0175-02.75LKG3,R0175-02.75LKG3,450,,,접수,,Si_1-Day_Color_Sph,2026-02-05,,S관(3공장),0,450,0,0,0,0,30010,0,0,0,0,0,0,0
202602030001,해외,국내,,,2026-02-28,KRW,S175-03.00,Clalen O2O2 D_Micelia_Lake Gray_30P,Clalen O2O2 D_Lake Gray_45%,P0175A-03.00LKG3,Q0175-03.00LKG3,R0175-03.00LKG3,450,,,접수,,Si_1-Day_Color_Sph,2026-02-05,,S관(3공장),0,450,0,0,0,0,15695,0,0,0,0,0,0,0
202602030001,해외,국내,,,2026-02-28,KRW,S175-03.25,Clalen O2O2 D_Micelia_Lake Gray_30P,Clalen O2O2 D_Lake Gray_45%,P0175A-03.25LKG3,Q0175-03.25LKG3,R0175-03.25LKG3,450,,,접수,,Si_1-Day_Color_Sph,2026-02-05,,S관(3공장),0,450,0,0,0,0,16795,0,0,0,0,0,0,0
202602030001,해외,국내,,,2026-02-28,KRW,S175-03.50,Clalen O2O2 D_Micelia_Lake Gray_30P,Clalen O2O2 D_Lake Gray_45%,P0175A-03.50LKG3,Q0175-03.50LKG3,R0175-03.50LKG3,450,,,접수,,Si_1-Day_Color_Sph,2026-02-05,,S관(3공장),0,450,0,0,0,0,18560,0,0,0,0,0,0,0
202602030001,해외,국내,,,2026-02-28,KRW,S175-03.75,Clalen O2O2 D_Micelia_Lake Gray_30P,Clalen O2O2 D_Lake Gray_45%,P0175A-03.75LKG3,Q0175-03.75LKG3,R0175-03.75LKG3,450,,,접수,,Si_1-Day_Color_Sph,2026-02-05,,S관(3공장),0,450,0,0,0,0,9055,0,0,0,0,0,0,0
202602030001,해외,국내,,,2026-02-28,KRW,S175-04.00,Clalen O2O2 D_Micelia_Lake Gray_30P,Clalen O2O2 D_Lake Gray_45%,P0175A-04.00LKG3,Q0175-04.00LKG3,R0175-04.00LKG3,450,,,접수,,Si_1-Day_Color_Sph,2026-02-05,,S관(3공장),0,450,0,0,0,0,9445,0,0,0,0,0,0,0
202602030001,해외,국내,,,2026-02-28,KRW,S175-04.25,Clalen O2O2 D_Micelia_Lake Gray_30P,Clalen O2O2 D_Lake Gray_45%,P0175A-04.25LKG3,Q0175-04.25LKG3,R0175-04.25LKG3,450,,,접수,,Si_1-Day_Color_Sph,2026-02-05,,S관(3공장),0,450,0,0,0,0,0,0,450,754,641,487,483,455
202602030001,해외,국내,,,2026-02-28,KRW,S175-04.50,Clalen O2O2 D_Micelia_Lake Gray_30P,Clalen O2O2 D_Lake Gray_45%,P0175A-04.50LKG3,Q0175-04.50LKG3,R0175-04.50LKG3,450,,,접수,,Si_1-Day_Color_Sph,2026-02-05,,S관(3공장),0,450,0,0,0,0,35490,0,0,0,0,0,0,0
202602030001,해외,국내,,,2026-02-28,KRW,S175-04.75,Clalen O2O2 D_Micelia_Lake Gray_30P,Clalen O2O2 D_Lake Gray_45%,P0175A-04.75LKG3,Q0175-04.75LKG3,R0175-04.75LKG3,450,,,접수,,Si_1-Day_Color_Sph,2026-02-05,,S관(3공장),0,450,0,0,0,0,32050,0,0,0,0,0,0,0
202602030001,해외,국내,,,2026-02-28,KRW,S175-05.00,Clalen O2O2 D_Micelia_Lake Gray_30P,Clalen O2O2 D_Lake Gray_45%,P0175A-05.00LKG3,Q0175-05.00LKG3,R0175-05.00LKG3,450,,,접수,,Si_1-Day_Color_Sph,2026-02-05,,S관(3공장),0,450,0,0,0,0,25770,0,0,0,0,0,0,0
202602030001,해외,국내,,,2026-02-28,KRW,S175-05.50,Clalen O2O2 D_Micelia_Lake Gray_30P,Clalen O2O2 D_Lake Gray_45%,P0175A-05.50LKG3,Q0175-05.50LKG3,R0175-05.50LKG3,450,,,접수,,Si_1-Day_Color_Sph,2026-02-05,,S관(3공장),0,450,0,0,0,0,25635,0,0,0,0,0,0,0
202602030001,해외,국내,,,2026-02-28,KRW,S175-06.00,Clalen O2O2 D_Micelia_Lake Gray_30P,Clalen O2O2 D_Lake Gray_45%,P0175A-06.00LKG3,Q0175-06.00LKG3,R0175-06.00LKG3,450,,,접수,,Si_1-Day_Color_Sph,2026-02-05,,S관(3공장),0,450,0,0,0,0,23870,0,0,0,0,0,0,0
202602030001,해외,국내,,,2026-02-28,KRW,S175-06.50,Clalen O2O2 D_Micelia_Lake Gray_30P,Clalen O2O2 D_Lake Gray_45%,P0175A-06.50LKG3,Q0175-06.50LKG3,R0175-06.50LKG3,450,,,접수,,Si_1-Day_Color_Sph,2026-02-05,,S관(3공장),0,450,0,0,0,0,3560,0,0,0,0,0,0,0
202602030001,해외,국내,,,2026-02-28,KRW,S175-07.00,Clalen O2O2 D_Micelia_Lake Gray_30P,Clalen O2O2 D_Lake Gray_45%,P0175A-07.00LKG3,Q0175-07.00LKG3,R0175-07.00LKG3,450,,,접수,,Si_1-Day_Color_Sph,2026-02-05,,S관(3공장),0,450,0,0,0,0,13490,0,0,0,0,0,0,0
202602030001,해외,국내,,,2026-02-28,KRW,S175-07.50,Clalen O2O2 D_Micelia_Lake Gray_30P,Clalen O2O2 D_Lake Gray_45%,P0175A-07.50LKG3,Q0175-07.50LKG3,R0175-07.50LKG3,450,,,접수,,Si_1-Day_Color_Sph,2026-02-05,,S관(3공장),0,450,0,0,0,0,13635,0,0,0,0,0,0,0
202602030001,해외,국내,,,2026-02-28,KRW,S175-08.00,Clalen O2O2 D_Micelia_Lake Gray_30P,Clalen O2O2 D_Lake Gray_45%,P0175A-08.00LKG3,Q0175-08.00LKG3,R0175-08.00LKG3,450,,,접수,,Si_1-Day_Color_Sph,2026-02-05,,S관(3공장),0,450,0,0,0,0,7073,0,0,0,0,0,0,0
202602030001,해외,국내,,,2026-02-28,KRW,S176-00.00,Clalen O2O2 D_Micelia_Mute Brown_30P,Clalen O2O2 D_Mute Brown_45%,P0176A-00.00MBN3,Q0176-00.00MBN3,R0176-00.00MBN3,900,,,접수,,Si_1-Day_Color_Sph,2026-02-05,,S관(3공장),0,900,0,0,0,0,57936,0,0,0,0,0,0,0
202602030001,해외,국내,,,2026-02-28,KRW,S176-01.00,Clalen O2O2 D_Micelia_Mute Brown_30P,Clalen O2O2 D_Mute Brown_45%,P0176A-01.00MBN3,Q0176-01.00MBN3,R0176-01.00MBN3,450,,,접수,,Si_1-Day_Color_Sph,2026-02-05,,S관(3공장),0,450,0,0,0,0,16060,0,0,0,0,0,0,0
202602030001,해외,국내,,,2026-02-28,KRW,S176-01.25,Clalen O2O2 D_Micelia_Mute Brown_30P,Clalen O2O2 D_Mute Brown_45%,P0176A-01.25MBN3,Q0176-01.25MBN3,R0176-01.25MBN3,450,,,접수,,Si_1-Day_Color_Sph,2026-02-05,,S관(3공장),0,450,0,0,0,0,22615,0,0,0,0,0,0,0
202602030001,해외,국내,,,2026-02-28,KRW,S176-01.50,Clalen O2O2 D_Micelia_Mute Brown_30P,Clalen O2O2 D_Mute Brown_45%,P0176A-01.50MBN3,Q0176-01.50MBN3,R0176-01.50MBN3,450,,,접수,,Si_1-Day_Color_Sph,2026-02-05,,S관(3공장),0,450,0,0,0,0,32025,0,0,0,0,0,0,0
202602030001,해외,국내,,,2026-02-28,KRW,S176-01.75,Clalen O2O2 D_Micelia_Mute Brown_30P,Clalen O2O2 D_Mute Brown_45%,P0176A-01.75MBN3,Q0176-01.75MBN3,R0176-01.75MBN3,450,,,접수,,Si_1-Day_Color_Sph,2026-02-05,,S관(3공장),0,450,0,0,0,0,18885,0,0,0,0,0,0,0
202602030001,해외,국내,,,2026-02-28,KRW,S176-02.00,Clalen O2O2 D_Micelia_Mute Brown_30P,Clalen O2O2 D_Mute Brown_45%,P0176A-02.00MBN3,Q0176-02.00MBN3,R0176-02.00MBN3,450,,,접수,,Si_1-Day_Color_Sph,2026-02-05,,S관(3공장),0,450,0,0,0,0,29330,0,0,0,0,0,0,0
202602030001,해외,국내,,,2026-02-28,KRW,S176-02.25,Clalen O2O2 D_Micelia_Mute Brown_30P,Clalen O2O2 D_Mute Brown_45%,P0176A-02.25MBN3,Q0176-02.25MBN3,R0176-02.25MBN3,450,,,접수,,Si_1-Day_Color_Sph,2026-02-05,,S관(3공장),0,450,0,0,0,0,646,0,0,0,0,0,0,0
202602030001,해외,국내,,,2026-02-28,KRW,S176-02.50,Clalen O2O2 D_Micelia_Mute Brown_30P,Clalen O2O2 D_Mute Brown_45%,P0176A-02.50MBN3,Q0176-02.50MBN3,R0176-02.50MBN3,450,,,접수,,Si_1-Day_Color_Sph,2026-02-05,,S관(3공장),0,450,0,0,0,0,14105,0,0,0,0,0,0,0
202602030001,해외,국내,,,2026-02-28,KRW,S176-02.75,Clalen O2O2 D_Micelia_Mute Brown_30P,Clalen O2O2 D_Mute Brown_45%,P0176A-02.75MBN3,Q0176-02.75MBN3,R0176-02.75MBN3,450,,,접수,,Si_1-Day_Color_Sph,2026-02-05,,S관(3공장),0,450,0,0,0,0,834,0,0,0,0,0,0,0
예외-2026-02-06-S505-01.00+1.00-P3505A-01.00+1.00-1,국내,예외:국내,,국내,2026-02-15,,S505-01.00+1.00,ZOOM D_ADD+1.00_30P,,P3505A-01.00+1.00,Q1025-01.00+1.00,R1025-01.00+1.00,30,,,접수,3,Si_1-Day_M/F,2026-02-06,,S관(3공장),0,30,0,0,0,0,155,0,0,0,0,0,0,0
예외-2026-02-06-S505-02.00+1.00-P3505A-02.00+1.00-2,국내,예외:국내,,국내,2026-02-15,,S505-02.00+1.00,ZOOM D_ADD+1.00_30P,,P3505A-02.00+1.00,Q1025-02.00+1.00,R1025-02.00+1.00,30,,,접수,3,Si_1-Day_M/F,2026-02-06,,S관(3공장),0,30,0,0,0,0,0,0,30,54,50,37,36,32
예외-2026-02-06-S505-02.25+1.00-P3505A-02.25+1.00-3,국내,예외:국내,,국내,2026-02-15,,S505-02.25+1.00,ZOOM D_ADD+1.00_30P,,P3505A-02.25+1.00,Q1025-02.25+1.00,R1025-02.25+1.00,30,,,접수,3,Si_1-Day_M/F,2026-02-06,,S관(3공장),0,30,0,0,0,0,10,0,20,37,34,25,24,21
예외-2026-02-06-S506-01.00+1.50-P3506A-01.00+1.50-4,국내,예외:국내,,국내,2026-02-15,,S506-01.00+1.50,ZOOM D_ADD+1.50_30P,,P3506A-01.00+1.50,Q1025-01.00+1.50,R1025-01.00+1.50,30,,,접수,3,Si_1-Day_M/F,2026-02-06,,S관(3공장),0,30,0,0,0,0,780,0,0,0,0,0,0,0
예외-2026-02-06-S506-01.50+1.50-P3506A-01.50+1.50-5,국내,예외:국내,,국내,2026-02-15,,S506-01.50+1.50,ZOOM D_ADD+1.50_30P,,P3506A-01.50+1.50,Q1025-01.50+1.50,R1025-01.50+1.50,30,,,접수,3,Si_1-Day_M/F,2026-02-06,,S관(3공장),0,30,0,0,0,0,1165,0,0,0,0,0,0,0
예외-2026-02-06-S506-03.50+1.50-P3506A-03.50+1.50-6,국내,예외:국내,,국내,2026-02-15,,S506-03.50+1.50,ZOOM D_ADD+1.50_30P,,P3506A-03.50+1.50,Q1025-03.50+1.50,R1025-03.50+1.50,30,,,접수,3,Si_1-Day_M/F,2026-02-06,,S관(3공장),0,30,0,0,0,0,0,0,30,54,50,37,36,32
예외-2026-02-06-S506-06.00+1.50-P3506A-06.00+1.50-7,국내,예외:국내,,국내,2026-02-15,,S506-06.00+1.50,ZOOM D_ADD+1.50_30P,,P3506A-06.00+1.50,Q1025-06.00+1.50,R1025-06.00+1.50,30,,,접수,3,Si_1-Day_M/F,2026-02-06,,S관(3공장),0,30,0,0,0,0,200,0,0,0,0,0,0,0
예외-2026-02-06-S507-00.00+2.00-P3507A-00.00+2.00-8,국내,예외:국내,,국내,2026-02-15,,S507-00.00+2.00,ZOOM D_ADD+2.00_30P,ZOOM D_ADD+2.00,P3507A-00.00+2.00,Q1025-00.00+2.00,R1025-00.00+2.00,30,,,접수,3,Si_1-Day_M/F,2026-02-06,,S관(3공장),0,30,0,0,0,0,0,0,30,54,50,37,36,32
예외-2026-02-06-S507-01.00+2.00-P3507A-01.00+2.00-9,국내,예외:국내,,국내,2026-02-15,,S507-01.00+2.00,ZOOM D_ADD+2.00_30P,,P3507A-01.00+2.00,Q1025-01.00+2.00,R1025-01.00+2.00,30,,,접수,3,Si_1-Day_M/F,2026-02-06,,S관(3공장),0,30,0,0,0,0,0,0,30,54,50,37,36,32
예외-2026-02-06-S507-02.00+2.00-P3507A-02.00+2.00-10,국내,예외:국내,,국내,2026-02-15,,S507-02.00+2.00,ZOOM D_ADD+2.00_30P,,P3507A-02.00+2.00,Q1025-02.00+2.00,R1025-02.00+2.00,30,,,접수,3,Si_1-Day_M/F,2026-02-06,,S관(3공장),0,30,0,0,0,0,3315,0,0,0,0,0,0,0
예외-2026-02-06-S507-03.50+2.00-P3507A-03.50+2.00-11,국내,예외:국내,,국내,2026-02-15,,S507-03.50+2.00,ZOOM D_ADD+2.00_30P,,P3507A-03.50+2.00,Q1025-03.50+2.00,R1025-03.50+2.00,30,,,접수,3,Si_1-Day_M/F,2026-02-06,,S관(3공장),0,30,0,0,0,0,2285,0,0,0,0,0,0,0
예외-2026-02-06-S507-04.25+2.00-P3507A-04.25+2.00-12,국내,예외:국내,,국내,2026-02-15,,S507-04.25+2.00,ZOOM D_ADD+2.00_30P,,P3507A-04.25+2.00,Q1025-04.25+2.00,R1025-04.25+2.00,30,,,접수,3,Si_1-Day_M/F,2026-02-06,,S관(3공장),0,30,0,0,0,0,0,0,30,54,50,37,36,32
예외-2026-02-06-S507-04.50+2.00-P3507A-04.50+2.00-13,국내,예외:국내,,국내,2026-02-15,,S507-04.50+2.00,ZOOM D_ADD+2.00_30P,,P3507A-04.50+2.00,Q1025-04.50+2.00,R1025-04.50+2.00,30,,,접수,3,Si_1-Day_M/F,2026-02-06,,S관(3공장),0,30,0,0,0,0,900,0,0,0,0,0,0,0
예외-2026-02-06-S507-05.50+2.00-P3507A-05.50+2.00-14,국내,예외:국내,,국내,2026-02-15,,S507-05.50+2.00,ZOOM D_ADD+2.00_30P,ZOOM D_ADD+2.00,P3507A-05.50+2.00,Q1025-05.50+2.00,R1025-05.50+2.00,30,,,접수,3,Si_1-Day_M/F,2026-02-06,,S관(3공장),0,30,0,0,0,0,0,0,30,54,50,37,36,32
예외-2026-02-06-S507-06.00+2.00-P3507A-06.00+2.00-15,국내,예외:국내,,국내,2026-02-15,,S507-06.00+2.00,ZOOM D_ADD+2.00_30P,,P3507A-06.00+2.00,Q1025-06.00+2.00,R1025-06.00+2.00,30,,,접수,3,Si_1-Day_M/F,2026-02-06,,S관(3공장),0,30,0,0,0,0,370,0,0,0,0,0,0,0
예외-2026-02-06-S508-01.00+2.50-P3508A-01.00+2.50-16,국내,예외:국내,,국내,2026-02-15,,S508-01.00+2.50,ZOOM D_ADD+2.50_30P,,P3508A-01.00+2.50,Q1025-01.00+2.50,R1025-01.00+2.50,30,,,접수,3,Si_1-Day_M/F,2026-02-06,,S관(3공장),0,30,0,0,0,0,120,0,0,0,0,0,0,0
