생산일자,판매코드,판매명,품목코드,제품명,실적수량,수주번호,이니셜,구분
2026-01-20,S615-00.00,Clalen O2O2 D_Sepia Choco EX_30P,P3405A-00.00SPC,O2O2 D_Sepia Choco EX,"1,380",203000000000.0,,국내
2026-01-20,S615-00.00,Clalen O2O2 D_Sepia Choco EX_30P,P3405A-00.00SPC,O2O2 D_Sepia Choco EX,"1,170",203000000000.0,,국내
2026-01-20,S615-00.00,Clalen O2O2 D_Sepia Choco EX_30P,P3405A-00.00SPC,O2O2 D_Sepia Choco EX,"1,950",203000000000.0,,국내
2026-01-20,S615-00.00,Clalen O2O2 D_Sepia Choco EX_30P,P3405A-00.00SPC,O2O2 D_Sepia Choco EX,"1,620",203000000000.0,,국내
2026-01-20,S615-02.25,Clalen O2O2 D_Sepia Choco EX_30P,P3405A-02.25SPC,O2O2 D_Sepia Choco EX,"1,200",203000000000.0,,국내
2026-01-20,S615-02.25,Clalen O2O2 D_Sepia Choco EX_30P,P3405A-02.25SPC,O2O2 D_Sepia Choco EX,"1,290",203000000000.0,,국내
2026-01-20,S615-02.25,Clalen O2O2 D_Sepia Choco EX_30P,P3405A-02.25SPC,O2O2 D_Sepia Choco EX,"1,080",203000000000.0,,국내
2026-01-20,S615-02.25,Clalen O2O2 D_Sepia Choco EX_30P,P3405A-02.25SPC,O2O2 D_Sepia Choco EX,600,203000000000.0,,국내
2026-01-20,S615-02.25,Clalen O2O2 D_Sepia Choco EX_30P,P3405A-02.25SPC,O2O2 D_Sepia Choco EX,"1,020",203000000000.0,,국내
2026-01-20,S615-02.25,Clalen O2O2 D_Sepia Choco EX_30P,P3405A-02.25SPC,O2O2 D_Sepia Choco EX,"1,200",203000000000.0,,국내
2026-01-20,S615-04.25,Clalen O2O2 D_Sepia Choco EX_30P,P3405A-04.25SPC,O2O2 D_Sepia Choco EX,"1,020",203000000000.0,,국내
2026-01-20,S615-04.25,Clalen O2O2 D_Sepia Choco EX_30P,P3405A-04.25SPC,O2O2 D_Sepia Choco EX,"1,740",203000000000.0,,국내
2026-01-20,S615-04.25,Clalen O2O2 D_Sepia Choco EX_30P,P3405A-04.25SPC,O2O2 D_Sepia Choco EX,"1,620",203000000000.0,,국내
2026-01-20,S615-04.25,Clalen O2O2 D_Sepia Choco EX_30P,P3405A-04.25SPC,O2O2 D_Sepia Choco EX,"1,830",203000000000.0,,국내
2026-01-21,S625-00.00,Clalen O2O2 D_Blending Hazel EX_30P,P3408A-00.00BRW,O2O2 D_Blending Hazel EX,480,203000000000.0,,국내
2026-01-21,S625-00.00,Clalen O2O2 D_Blending Hazel EX_30P,P3408A-00.00BRW,O2O2 D_Blending Hazel EX,420,203000000000.0,,국내
2026-01-21,S625-00.00,Clalen O2O2 D_Blending Hazel EX_30P,P3408A-00.00BRW,O2O2 D_Blending Hazel EX,630,203000000000.0,,국내
2026-01-21,S625-00.00,Clalen O2O2 D_Blending Hazel EX_30P,P3408A-00.00BRW,O2O2 D_Blending Hazel EX,480,203000000000.0,,국내
2026-01-21,S625-00.00,Clalen O2O2 D_Blending Hazel EX_30P,P3408A-00.00BRW,O2O2 D_Blending Hazel EX,720,203000000000.0,,국내
2026-01-21,S625-00.00,Clalen O2O2 D_Blending Hazel EX_30P,P3408A-00.00BRW,O2O2 D_Blending Hazel EX,360,203000000000.0,,국내
2026-01-21,S625-00.00,Clalen O2O2 D_Blending Hazel EX_30P,P3408A-00.00BRW,O2O2 D_Blending Hazel EX,600,203000000000.0,,국내
2026-01-21,S625-00.00,Clalen O2O2 D_Blending Hazel EX_30P,P3408A-00.00BRW,O2O2 D_Blending Hazel EX,870,203000000000.0,,국내
2026-01-21,S625-00.00,Clalen O2O2 D_Blending Hazel EX_30P,P3408A-00.00BRW,O2O2 D_Blending Hazel EX,690,203000000000.0,,국내
2026-01-21,S625-00.00,Clalen O2O2 D_Blending Hazel EX_30P,P3408A-00.00BRW,O2O2 D_Blending Hazel EX,660,203000000000.0,,국내
2026-01-21,S625-00.00,Clalen O2O2 D_Blending Hazel EX_30P,P3408A-00.00BRW,O2O2 D_Blending Hazel EX,240,203000000000.0,,국내
2026-01-23,S615-00.00,Clalen O2O2 D_Sepia Choco EX_30P,P3405A-00.00SPC,O2O2 D_Sepia Choco EX,720,203000000000.0,,국내
2026-01-23,S615-00.00,Clalen O2O2 D_Sepia Choco EX_30P,P3405A-00.00SPC,O2O2 D_Sepia Choco EX,"1,410",203000000000.0,,국내
2026-01-23,S615-00.00,Clalen O2O2 D_Sepia Choco EX_30P,P3405A-00.00SPC,O2O2 D_Sepia Choco EX,"1,110",203000000000.0,,국내
2026-01-23,S615-00.00,Clalen O2O2 D_Sepia Choco EX_30P,P3405A-00.00SPC,O2O2 D_Sepia Choco EX,780,203000000000.0,,국내
2026-01-23,S615-00.00,Clalen O2O2 D_Sepia Choco EX_30P,P3405A-00.00SPC,O2O2 D_Sepia Choco EX,510,203000000000.0,,국내
2026-01-23,S615-00.00,Clalen O2O2 D_Sepia Choco EX_30P,P3405A-00.00SPC,O2O2 D_Sepia Choco EX,"1,650",203000000000.0,,국내
2026-01-23,S615-01.75,Clalen O2O2 D_Sepia Choco EX_30P,P3405A-01.75SPC,O2O2 D_Sepia Choco EX,840,203000000000.0,,국내
2026-01-23,S615-01.75,Clalen O2O2 D_Sepia Choco EX_30P,P3405A-01.75SPC,O2O2 D_Sepia Choco EX,810,203000000000.0,,국내
2026-01-23,S615-01.75,Clalen O2O2 D_Sepia Choco EX_30P,P3405A-01.75SPC,O2O2 D_Sepia Choco EX,870,203000000000.0,,국내
2026-01-23,S615-01.75,Clalen O2O2 D_Sepia Choco EX_30P,P3405A-01.75SPC,O2O2 D_Sepia Choco EX,840,203000000000.0,,국내
2026-01-23,S615-01.75,Clalen O2O2 D_Sepia Choco EX_30P,P3405A-01.75SPC,O2O2 D_Sepia Choco EX,930,203000000000.0,,국내
2026-01-23,S615-01.75,Clalen O2O2 D_Sepia Choco EX_30P,P3405A-01.75SPC,O2O2 D_Sepia Choco EX,960,203000000000.0,,국내
2026-01-23,S615-01.75,Clalen O2O2 D_Sepia Choco EX_30P,P3405A-01.75SPC,O2O2 D_Sepia Choco EX,810,203000000000.0,,국내
2026-01-23,S615-01.75,Clalen O2O2 D_Sepia Choco EX_30P,P3405A-01.75SPC,O2O2 D_Sepia Choco EX,"1,020",203000000000.0,,국내
2026-01-23,S615-01.75,Clalen O2O2 D_Sepia Choco EX_30P,P3405A-01.75SPC,O2O2 D_Sepia Choco EX,"1,710",203000000000.0,,국내
2026-01-23,S615-02.25,Clalen O2O2 D_Sepia Choco EX_30P,P3405A-02.25SPC,O2O2 D_Sepia Choco EX,"1,170",203000000000.0,,국내
2026-01-23,S615-02.25,Clalen O2O2 D_Sepia Choco EX_30P,P3405A-02.25SPC,O2O2 D_Sepia Choco EX,"1,260",203000000000.0,,국내
2026-01-23,S615-02.25,Clalen O2O2 D_Sepia Choco EX_30P,P3405A-02.25SPC,O2O2 D_Sepia Choco EX,"1,530",203000000000.0,,국내
2026-01-23,S615-04.25,Clalen O2O2 D_Sepia Choco EX_30P,P3405A-04.25SPC,O2O2 D_Sepia Choco EX,"1,770",203000000000.0,,국내
2026-01-23,S615-04.25,Clalen O2O2 D_Sepia Choco EX_30P,P3405A-04.25SPC,O2O2 D_Sepia Choco EX,"1,530",203000000000.0,,국내
2026-01-23,S615-04.25,Clalen O2O2 D_Sepia Choco EX_30P,P3405A-04.25SPC,O2O2 D_Sepia Choco EX,810,203000000000.0,,국내
2026-01-23,S617-00.00,Clalen O2O2 D_Ash Brown EX_30P,P3406A-00.00ASB,O2O2 D_Ash Brown EX,90,203000000000.0,,국내
2026-01-23,S617-00.00,Clalen O2O2 D_Ash Brown EX_30P,P3406A-00.00ASB,O2O2 D_Ash Brown EX,"1,020",203000000000.0,,국내
2026-01-23,S617-00.00,Clalen O2O2 D_Ash Brown EX_30P,P3406A-00.00ASB,O2O2 D_Ash Brown EX,510,203000000000.0,,국내
2026-01-23,S617-00.00,Clalen O2O2 D_Ash Brown EX_30P,P3406A-00.00ASB,O2O2 D_Ash Brown EX,"1,500",203000000000.0,,국내
2026-01-23,S617-00.00,Clalen O2O2 D_Ash Brown EX_30P,P3406A-00.00ASB,O2O2 D_Ash Brown EX,510,203000000000.0,,국내
2026-01-23,S617-00.00,Clalen O2O2 D_Ash Brown EX_30P,P3406A-00.00ASB,O2O2 D_Ash Brown EX,"1,020",203000000000.0,,국내
2026-01-23,S617-00.00,Clalen O2O2 D_Ash Brown EX_30P,P3406A-00.00ASB,O2O2 D_Ash Brown EX,240,203000000000.0,,국내
2026-01-23,S617-01.25,Clalen O2O2 D_Ash Brown EX_30P,P3406A-01.25ASB,O2O2 D_Ash Brown EX,420,203000000000.0,,국내
2026-01-23,S617-01.25,Clalen O2O2 D_Ash Brown EX_30P,P3406A-01.25ASB,O2O2 D_Ash Brown EX,"1,590",203000000000.0,,국내
2026-01-23,S617-01.25,Clalen O2O2 D_Ash Brown EX_30P,P3406A-01.25ASB,O2O2 D_Ash Brown EX,"1,350",203000000000.0,,국내
2026-01-23,S617-01.25,Clalen O2O2 D_Ash Brown EX_30P,P3406A-01.25ASB,O2O2 D_Ash Brown EX,"1,290",203000000000.0,,국내
2026-01-23,S617-01.25,Clalen O2O2 D_Ash Brown EX_30P,P3406A-01.25ASB,O2O2 D_Ash Brown EX,960,203000000000.0,,국내
2026-01-23,S617-01.25,Clalen O2O2 D_Ash Brown EX_30P,P3406A-01.25ASB,O2O2 D_Ash Brown EX,870,203000000000.0,,국내
2026-01-23,S617-01.25,Clalen O2O2 D_Ash Brown EX_30P,P3406A-01.25ASB,O2O2 D_Ash Brown EX,840,203000000000.0,,국내
2026-01-23,S617-01.25,Clalen O2O2 D_Ash Brown EX_30P,P3406A-01.25ASB,O2O2 D_Ash Brown EX,720,203000000000.0,,국내
2026-01-23,S617-01.25,Clalen O2O2 D_Ash Brown EX_30P,P3406A-01.25ASB,O2O2 D_Ash Brown EX,"1,380",203000000000.0,,국내
2026-01-23,S617-02.75,Clalen O2O2 D_Ash Brown EX_30P,P3406A-02.75ASB,O2O2 D_Ash Brown EX,"1,380",203000000000.0,,국내
2026-01-23,S617-02.75,Clalen O2O2 D_Ash Brown EX_30P,P3406A-02.75ASB,O2O2 D_Ash Brown EX,"1,530",203000000000.0,,국내
2026-01-23,S617-02.75,Clalen O2O2 D_Ash Brown EX_30P,P3406A-02.75ASB,O2O2 D_Ash Brown EX,"1,440",203000000000.0,,국내
2026-01-23,S617-02.75,Clalen O2O2 D_Ash Brown EX_30P,P3406A-02.75ASB,O2O2 D_Ash Brown EX,"1,290",203000000000.0,,국내
2026-01-23,S617-02.75,Clalen O2O2 D_Ash Brown EX_30P,P3406A-02.75ASB,O2O2 D_Ash Brown EX,"1,080",203000000000.0,,국내
2026-01-23,S617-02.75,Clalen O2O2 D_Ash Brown EX_30P,P3406A-02.75ASB,O2O2 D_Ash Brown EX,"1,530",203000000000.0,,국내
2026-01-23,S617-02.75,Clalen O2O2 D_Ash Brown EX_30P,P3406A-02.75ASB,O2O2 D_Ash Brown EX,"1,380",203000000000.0,,국내
2026-01-23,S617-03.00,Clalen O2O2 D_Ash Brown EX_30P,P3406A-03.00ASB,O2O2 D_Ash Brown EX,"1,260",203000000000.0,,국내
2026-01-23,S617-03.00,Clalen O2O2 D_Ash Brown EX_30P,P3406A-03.00ASB,O2O2 D_Ash Brown EX,"1,260",203000000000.0,,국내
2026-01-23,S617-03.00,Clalen O2O2 D_Ash Brown EX_30P,P3406A-03.00ASB,O2O2 D_Ash Brown EX,960,203000000000.0,,국내
2026-01-23,S617-03.00,Clalen O2O2 D_Ash Brown EX_30P,P3406A-03.00ASB,O2O2 D_Ash Brown EX,150,203000000000.0,,국내
2026-01-23,S617-03.00,Clalen O2O2 D_Ash Brown EX_30P,P3406A-03.00ASB,O2O2 D_Ash Brown EX,450,203000000000.0,,국내
2026-01-23,S617-03.00,Clalen O2O2 D_Ash Brown EX_30P,P3406A-03.00ASB,O2O2 D_Ash Brown EX,810,203000000000.0,,국내
2026-01-23,S617-03.00,Clalen O2O2 D_Ash Brown EX_30P,P3406A-03.00ASB,O2O2 D_Ash Brown EX,780,203000000000.0,,국내
2026-01-23,S617-03.00,Clalen O2O2 D_Ash Brown EX_30P,P3406A-03.00ASB,O2O2 D_Ash Brown EX,480,203000000000.0,,국내
2026-01-23,S617-03.00,Clalen O2O2 D_Ash Brown EX_30P,P3406A-03.00ASB,O2O2 D_Ash Brown EX,870,203000000000.0,,국내
2026-01-23,S617-03.00,Clalen O2O2 D_Ash Brown EX_30P,P3406A-03.00ASB,O2O2 D_Ash Brown EX,570,203000000000.0,,국내
2026-01-23,S617-03.00,Clalen O2O2 D_Ash Brown EX_30P,P3406A-03.00ASB,O2O2 D_Ash Brown EX,630,203000000000.0,,국내
2026-01-23,S617-03.00,Clalen O2O2 D_Ash Brown EX_30P,P3406A-03.00ASB,O2O2 D_Ash Brown EX,"1,350",203000000000.0,,국내
2026-01-26,S627-00.00,Clalen O2O2 D_Blending Rose EX_30P,P3409A-00.00PIN,O2O2 D_Blending Rose EX,210,203000000000.0,,국내
2026-01-26,S627-00.00,Clalen O2O2 D_Blending Rose EX_30P,P3409A-00.00PIN,O2O2 D_Blending Rose EX,"1,050",203000000000.0,,국내
2026-01-26,S627-00.00,Clalen O2O2 D_Blending Rose EX_30P,P3409A-00.00PIN,O2O2 D_Blending Rose EX,"1,050",203000000000.0,,국내
2026-01-26,S627-00.00,Clalen O2O2 D_Blending Rose EX_30P,P3409A-00.00PIN,O2O2 D_Blending Rose EX,"1,170",203000000000.0,,국내
2026-01-26,S627-00.00,Clalen O2O2 D_Blending Rose EX_30P,P3409A-00.00PIN,O2O2 D_Blending Rose EX,"1,410",203000000000.0,,국내
2026-01-26,S627-00.00,Clalen O2O2 D_Blending Rose EX_30P,P3409A-00.00PIN,O2O2 D_Blending Rose EX,660,203000000000.0,,국내
2026-01-26,S627-00.00,Clalen O2O2 D_Blending Rose EX_30P,P3409A-00.00PIN,O2O2 D_Blending Rose EX,"1,110",203000000000.0,,국내
2026-01-26,S627-00.00,Clalen O2O2 D_Blending Rose EX_30P,P3409A-00.00PIN,O2O2 D_Blending Rose EX,990,203000000000.0,,국내
2026-01-26,S627-00.00,Clalen O2O2 D_Blending Rose EX_30P,P3409A-00.00PIN,O2O2 D_Blending Rose EX,570,203000000000.0,,국내
2026-01-26,S627-00.00,Clalen O2O2 D_Blending Rose EX_30P,P3409A-00.00PIN,O2O2 D_Blending Rose EX,"1,110",203000000000.0,,국내
2026-01-26,S627-00.00,Clalen O2O2 D_Blending Rose EX_30P,P3409A-00.00PIN,O2O2 D_Blending Rose EX,540,203000000000.0,,국내
2026-01-26,S627-00.00,Clalen O2O2 D_Blending Rose EX_30P,P3409A-00.00PIN,O2O2 D_Blending Rose EX,780,203000000000.0,,국내
2026-01-26,S627-00.00,Clalen O2O2 D_Blending Rose EX_30P,P3409A-00.00PIN,O2O2 D_Blending Rose EX,"1,470",203000000000.0,,국내
2026-01-26,S619-00.00,Clalen O2O2 D_Ash Gray EX_30P,P3407A-00.00ASG,O2O2 D_Ash Gray EX,"1,530",203000000000.0,,국내
2026-01-26,S619-00.00,Clalen O2O2 D_Ash Gray EX_30P,P3407A-00.00ASG,O2O2 D_Ash Gray EX,"1,560",203000000000.0,,국내
2026-01-26,S619-00.00,Clalen O2O2 D_Ash Gray EX_30P,P3407A-00.00ASG,O2O2 D_Ash Gray EX,"1,650",203000000000.0,,국내
2026-01-26,S619-00.00,Clalen O2O2 D_Ash Gray EX_30P,P3407A-00.00ASG,O2O2 D_Ash Gray EX,"1,530",203000000000.0,,국내
2026-01-26,S619-00.00,Clalen O2O2 D_Ash Gray EX_30P,P3407A-00.00ASG,O2O2 D_Ash Gray EX,360,203000000000.0,,국내
2026-01-26,S619-00.00,Clalen O2O2 D_Ash Gray EX_30P,P3407A-00.00ASG,O2O2 D_Ash Gray EX,"1,410",203000000000.0,,국내
2026-01-26,S619-00.00,Clalen O2O2 D_Ash Gray EX_30P,P3407A-00.00ASG,O2O2 D_Ash Gray EX,660,203000000000.0,,국내
2026-01-26,S619-00.00,Clalen O2O2 D_Ash Gray EX_30P,P3407A-00.00ASG,O2O2 D_Ash Gray EX,"1,410",203000000000.0,,국내
2026-01-26,S619-00.00,Clalen O2O2 D_Ash Gray EX_30P,P3407A-00.00ASG,O2O2 D_Ash Gray EX,"1,230",203000000000.0,,국내
2026-01-26,S619-00.00,Clalen O2O2 D_Ash Gray EX_30P,P3407A-00.00ASG,O2O2 D_Ash Gray EX,"1,440",203000000000.0,,국내
2026-01-26,S619-00.00,Clalen O2O2 D_Ash Gray EX_30P,P3407A-00.00ASG,O2O2 D_Ash Gray EX,"1,410",203000000000.0,,국내
2026-01-26,S619-00.00,Clalen O2O2 D_Ash Gray EX_30P,P3407A-00.00ASG,O2O2 D_Ash Gray EX,"1,410",203000000000.0,,국내
2026-01-26,S619-00.00,Clalen O2O2 D_Ash Gray EX_30P,P3407A-00.00ASG,O2O2 D_Ash Gray EX,690,203000000000.0,,국내
2026-01-26,S619-00.00,Clalen O2O2 D_Ash Gray EX_30P,P3407A-00.00ASG,O2O2 D_Ash Gray EX,360,203000000000.0,,국내
2026-01-26,S619-00.00,Clalen O2O2 D_Ash Gray EX_30P,P3407A-00.00ASG,O2O2 D_Ash Gray EX,750,203000000000.0,,국내
2026-01-26,S619-00.00,Clalen O2O2 D_Ash Gray EX_30P,P3407A-00.00ASG,O2O2 D_Ash Gray EX,"1,350",203000000000.0,,국내
2026-01-26,S619-00.00,Clalen O2O2 D_Ash Gray EX_30P,P3407A-00.00ASG,O2O2 D_Ash Gray EX,540,203000000000.0,,국내
2026-01-26,S619-00.00,Clalen O2O2 D_Ash Gray EX_30P,P3407A-00.00ASG,O2O2 D_Ash Gray EX,450,203000000000.0,,국내
2026-01-26,S625-00.00,Clalen O2O2 D_Blending Hazel EX_30P,P3408A-00.00BRW,O2O2 D_Blending Hazel EX,540,203000000000.0,,국내
2026-01-26,S625-00.00,Clalen O2O2 D_Blending Hazel EX_30P,P3408A-00.00BRW,O2O2 D_Blending Hazel EX,420,203000000000.0,,국내
2026-01-26,S625-00.00,Clalen O2O2 D_Blending Hazel EX_30P,P3408A-00.00BRW,O2O2 D_Blending Hazel EX,510,203000000000.0,,국내
2026-01-26,S625-00.00,Clalen O2O2 D_Blending Hazel EX_30P,P3408A-00.00BRW,O2O2 D_Blending Hazel EX,450,203000000000.0,,국내
2026-01-26,S625-00.00,Clalen O2O2 D_Blending Hazel EX_30P,P3408A-00.00BRW,O2O2 D_Blending Hazel EX,540,203000000000.0,,국내
2026-01-26,S625-00.00,Clalen O2O2 D_Blending Hazel EX_30P,P3408A-00.00BRW,O2O2 D_Blending Hazel EX,690,203000000000.0,,국내
2026-01-26,S625-00.00,Clalen O2O2 D_Blending Hazel EX_30P,P3408A-00.00BRW,O2O2 D_Blending Hazel EX,480,203000000000.0,,국내
2026-01-26,S625-00.00,Clalen O2O2 D_Blending Hazel EX_30P,P3408A-00.00BRW,O2O2 D_Blending Hazel EX,600,203000000000.0,,국내
2026-01-26,S625-00.00,Clalen O2O2 D_Blending Hazel EX_30P,P3408A-00.00BRW,O2O2 D_Blending Hazel EX,720,203000000000.0,,국내
2026-01-26,S625-00.00,Clalen O2O2 D_Blending Hazel EX_30P,P3408A-00.00BRW,O2O2 D_Blending Hazel EX,540,203000000000.0,,국내
2026-01-26,S625-00.00,Clalen O2O2 D_Blending Hazel EX_30P,P3408A-00.00BRW,O2O2 D_Blending Hazel EX,390,203000000000.0,,국내
2026-01-26,S625-00.00,Clalen O2O2 D_Blending Hazel EX_30P,P3408A-00.00BRW,O2O2 D_Blending Hazel EX,720,203000000000.0,,국내
2026-01-26,S625-00.00,Clalen O2O2 D_Blending Hazel EX_30P,P3408A-00.00BRW,O2O2 D_Blending Hazel EX,510,203000000000.0,,국내
2026-01-26,S625-00.00,Clalen O2O2 D_Blending Hazel EX_30P,P3408A-00.00BRW,O2O2 D_Blending Hazel EX,510,203000000000.0,,국내
2026-01-26,S625-00.00,Clalen O2O2 D_Blending Hazel EX_30P,P3408A-00.00BRW,O2O2 D_Blending Hazel EX,600,203000000000.0,,국내
2026-01-26,S625-00.00,Clalen O2O2 D_Blending Hazel EX_30P,P3408A-00.00BRW,O2O2 D_Blending Hazel EX,450,203000000000.0,,국내
2026-01-26,S625-00.00,Clalen O2O2 D_Blending Hazel EX_30P,P3408A-00.00BRW,O2O2 D_Blending Hazel EX,780,203000000000.0,,국내
2026-01-26,S625-00.00,Clalen O2O2 D_Blending Hazel EX_30P,P3408A-00.00BRW,O2O2 D_Blending Hazel EX,720,203000000000.0,,국내
2026-01-26,S625-00.00,Clalen O2O2 D_Blending Hazel EX_30P,P3408A-00.00BRW,O2O2 D_Blending Hazel EX,570,203000000000.0,,국내
2026-01-26,S625-00.00,Clalen O2O2 D_Blending Hazel EX_30P,P3408A-00.00BRW,O2O2 D_Blending Hazel EX,930,203000000000.0,,국내
2026-01-27,S615-02.75,Clalen O2O2 D_Sepia Choco EX_30P,P3405A-02.75SPC,O2O2 D_Sepia Choco EX,"1,380",203000000000.0,,국내
2026-01-27,S615-02.75,Clalen O2O2 D_Sepia Choco EX_30P,P3405A-02.75SPC,O2O2 D_Sepia Choco EX,"1,620",203000000000.0,,국내
2026-01-27,S615-02.75,Clalen O2O2 D_Sepia Choco EX_30P,P3405A-02.75SPC,O2O2 D_Sepia Choco EX,"1,560",203000000000.0,,국내
2026-01-27,S615-02.75,Clalen O2O2 D_Sepia Choco EX_30P,P3405A-02.75SPC,O2O2 D_Sepia Choco EX,"1,260",203000000000.0,,국내
2026-01-27,S615-02.75,Clalen O2O2 D_Sepia Choco EX_30P,P3405A-02.75SPC,O2O2 D_Sepia Choco EX,"1,080",203000000000.0,,국내
2026-01-27,S615-02.75,Clalen O2O2 D_Sepia Choco EX_30P,P3405A-02.75SPC,O2O2 D_Sepia Choco EX,870,203000000000.0,,국내
2026-01-27,S615-03.00,Clalen O2O2 D_Sepia Choco EX_30P,P3405A-03.00SPC,O2O2 D_Sepia Choco EX,60,203000000000.0,,국내
2026-01-27,S615-03.00,Clalen O2O2 D_Sepia Choco EX_30P,P3405A-03.00SPC,O2O2 D_Sepia Choco EX,"1,020",203000000000.0,,국내
2026-01-27,S615-03.00,Clalen O2O2 D_Sepia Choco EX_30P,P3405A-03.00SPC,O2O2 D_Sepia Choco EX,720,203000000000.0,,국내
2026-01-27,S615-03.00,Clalen O2O2 D_Sepia Choco EX_30P,P3405A-03.00SPC,O2O2 D_Sepia Choco EX,600,203000000000.0,,국내
2026-01-27,S615-03.00,Clalen O2O2 D_Sepia Choco EX_30P,P3405A-03.00SPC,O2O2 D_Sepia Choco EX,990,203000000000.0,,국내
2026-01-27,S615-03.00,Clalen O2O2 D_Sepia Choco EX_30P,P3405A-03.00SPC,O2O2 D_Sepia Choco EX,450,203000000000.0,,국내
2026-01-27,S615-03.00,Clalen O2O2 D_Sepia Choco EX_30P,P3405A-03.00SPC,O2O2 D_Sepia Choco EX,510,203000000000.0,,국내
2026-01-27,S615-03.00,Clalen O2O2 D_Sepia Choco EX_30P,P3405A-03.00SPC,O2O2 D_Sepia Choco EX,600,203000000000.0,,국내
2026-01-27,S615-03.00,Clalen O2O2 D_Sepia Choco EX_30P,P3405A-03.00SPC,O2O2 D_Sepia Choco EX,450,203000000000.0,,국내
2026-01-27,S615-03.00,Clalen O2O2 D_Sepia Choco EX_30P,P3405A-03.00SPC,O2O2 D_Sepia Choco EX,840,203000000000.0,,국내
2026-01-27,S615-05.50,Clalen O2O2 D_Sepia Choco EX_30P,P3405A-05.50SPC,O2O2 D_Sepia Choco EX,"1,350",203000000000.0,,국내
2026-01-27,S615-05.50,Clalen O2O2 D_Sepia Choco EX_30P,P3405A-05.50SPC,O2O2 D_Sepia Choco EX,"1,740",203000000000.0,,국내
2026-01-27,S615-05.50,Clalen O2O2 D_Sepia Choco EX_30P,P3405A-05.50SPC,O2O2 D_Sepia Choco EX,"1,140",203000000000.0,,국내
2026-01-27,S615-05.50,Clalen O2O2 D_Sepia Choco EX_30P,P3405A-05.50SPC,O2O2 D_Sepia Choco EX,"1,320",203000000000.0,,국내
2026-01-27,S615-05.50,Clalen O2O2 D_Sepia Choco EX_30P,P3405A-05.50SPC,O2O2 D_Sepia Choco EX,"1,170",203000000000.0,,국내
2026-01-27,S615-05.50,Clalen O2O2 D_Sepia Choco EX_30P,P3405A-05.50SPC,O2O2 D_Sepia Choco EX,360,203000000000.0,,국내
2026-01-27,S615-05.50,Clalen O2O2 D_Sepia Choco EX_30P,P3405A-05.50SPC,O2O2 D_Sepia Choco EX,180,203000000000.0,,국내
2026-01-27,S615-05.50,Clalen O2O2 D_Sepia Choco EX_30P,P3405A-05.50SPC,O2O2 D_Sepia Choco EX,360,203000000000.0,,국내
2026-01-28,S615-01.75,Clalen O2O2 D_Sepia Choco EX_30P,P3405A-01.75SPC,O2O2 D_Sepia Choco EX,870,203000000000.0,,국내
2026-01-28,S615-05.50,Clalen O2O2 D_Sepia Choco EX_30P,P3405A-05.50SPC,O2O2 D_Sepia Choco EX,150,203000000000.0,,국내
2026-01-28,S615-05.50,Clalen O2O2 D_Sepia Choco EX_30P,P3405A-05.50SPC,O2O2 D_Sepia Choco EX,270,203000000000.0,,국내
2026-01-28,S615-05.50,Clalen O2O2 D_Sepia Choco EX_30P,P3405A-05.50SPC,O2O2 D_Sepia Choco EX,"1,410",203000000000.0,,국내
2026-01-28,S615-05.50,Clalen O2O2 D_Sepia Choco EX_30P,P3405A-05.50SPC,O2O2 D_Sepia Choco EX,990,203000000000.0,,국내
2026-01-28,S615-05.50,Clalen O2O2 D_Sepia Choco EX_30P,P3405A-05.50SPC,O2O2 D_Sepia Choco EX,930,203000000000.0,,국내
2026-01-28,S615-05.50,Clalen O2O2 D_Sepia Choco EX_30P,P3405A-05.50SPC,O2O2 D_Sepia Choco EX,"1,410",203000000000.0,,국내
2026-01-28,S615-05.50,Clalen O2O2 D_Sepia Choco EX_30P,P3405A-05.50SPC,O2O2 D_Sepia Choco EX,600,203000000000.0,,국내
2026-01-28,S615-05.50,Clalen O2O2 D_Sepia Choco EX_30P,P3405A-05.50SPC,O2O2 D_Sepia Choco EX,570,203000000000.0,,국내
2026-01-28,S615-05.50,Clalen O2O2 D_Sepia Choco EX_30P,P3405A-05.50SPC,O2O2 D_Sepia Choco EX,600,203000000000.0,,국내
2026-01-28,S615-05.50,Clalen O2O2 D_Sepia Choco EX_30P,P3405A-05.50SPC,O2O2 D_Sepia Choco EX,480,203000000000.0,,국내
2026-01-28,S615-05.50,Clalen O2O2 D_Sepia Choco EX_30P,P3405A-05.50SPC,O2O2 D_Sepia Choco EX,480,203000000000.0,,국내
2026-01-28,S615-05.50,Clalen O2O2 D_Sepia Choco EX_30P,P3405A-05.50SPC,O2O2 D_Sepia Choco EX,420,203000000000.0,,국내
2026-01-28,S615-05.50,Clalen O2O2 D_Sepia Choco EX_30P,P3405A-05.50SPC,O2O2 D_Sepia Choco EX,300,203000000000.0,,국내
2026-01-28,S615-05.50,Clalen O2O2 D_Sepia Choco EX_30P,P3405A-05.50SPC,O2O2 D_Sepia Choco EX,240,203000000000.0,,국내
2026-01-28,S615-06.00,Clalen O2O2 D_Sepia Choco EX_30P,P3405A-06.00SPC,O2O2 D_Sepia Choco EX,"1,050",203000000000.0,,국내
2026-01-28,S615-06.00,Clalen O2O2 D_Sepia Choco EX_30P,P3405A-06.00SPC,O2O2 D_Sepia Choco EX,"1,440",203000000000.0,,국내
2026-01-28,S615-06.00,Clalen O2O2 D_Sepia Choco EX_30P,P3405A-06.00SPC,O2O2 D_Sepia Choco EX,"1,440",203000000000.0,,국내
2026-01-28,S615-06.00,Clalen O2O2 D_Sepia Choco EX_30P,P3405A-06.00SPC,O2O2 D_Sepia Choco EX,"1,590",203000000000.0,,국내
2026-01-28,S615-06.00,Clalen O2O2 D_Sepia Choco EX_30P,P3405A-06.00SPC,O2O2 D_Sepia Choco EX,"1,500",203000000000.0,,국내
2026-01-28,S615-06.00,Clalen O2O2 D_Sepia Choco EX_30P,P3405A-06.00SPC,O2O2 D_Sepia Choco EX,"1,290",203000000000.0,,국내
2026-02-07,S615-01.25,Clalen O2O2 D_Sepia Choco EX_30P,P3405A-01.25SPC,O2O2 D_Sepia Choco EX,870,203000000000.0,,국내
2026-02-07,S615-01.25,Clalen O2O2 D_Sepia Choco EX_30P,P3405A-01.25SPC,O2O2 D_Sepia Choco EX,"1,440",203000000000.0,,국내
2026-02-07,S615-01.25,Clalen O2O2 D_Sepia Choco EX_30P,P3405A-01.25SPC,O2O2 D_Sepia Choco EX,"1,410",203000000000.0,,국내
2026-02-07,S615-01.25,Clalen O2O2 D_Sepia Choco EX_30P,P3405A-01.25SPC,O2O2 D_Sepia Choco EX,"1,650",203000000000.0,,국내
2026-02-07,S615-01.25,Clalen O2O2 D_Sepia Choco EX_30P,P3405A-01.25SPC,O2O2 D_Sepia Choco EX,"1,830",203000000000.0,,국내
2026-02-07,S615-01.25,Clalen O2O2 D_Sepia Choco EX_30P,P3405A-01.25SPC,O2O2 D_Sepia Choco EX,"1,920",203000000000.0,,국내
2026-02-07,S615-01.25,Clalen O2O2 D_Sepia Choco EX_30P,P3405A-01.25SPC,O2O2 D_Sepia Choco EX,"1,740",203000000000.0,,국내
2026-02-07,S615-01.25,Clalen O2O2 D_Sepia Choco EX_30P,P3405A-01.25SPC,O2O2 D_Sepia Choco EX,"1,380",203000000000.0,,국내
2026-02-07,S615-01.25,Clalen O2O2 D_Sepia Choco EX_30P,P3405A-01.25SPC,O2O2 D_Sepia Choco EX,"1,770",203000000000.0,,국내
2026-02-07,S615-01.25,Clalen O2O2 D_Sepia Choco EX_30P,P3405A-01.25SPC,O2O2 D_Sepia Choco EX,"1,170",203000000000.0,,국내
2026-02-07,S615-01.25,Clalen O2O2 D_Sepia Choco EX_30P,P3405A-01.25SPC,O2O2 D_Sepia Choco EX,"2,040",203000000000.0,,국내
2026-02-07,S615-02.75,Clalen O2O2 D_Sepia Choco EX_30P,P3405A-02.75SPC,O2O2 D_Sepia Choco EX,"1,590",203000000000.0,,국내
2026-02-07,S615-02.75,Clalen O2O2 D_Sepia Choco EX_30P,P3405A-02.75SPC,O2O2 D_Sepia Choco EX,"1,470",203000000000.0,,국내
2026-02-07,S615-02.75,Clalen O2O2 D_Sepia Choco EX_30P,P3405A-02.75SPC,O2O2 D_Sepia Choco EX,"1,860",203000000000.0,,국내
2026-02-07,S615-02.75,Clalen O2O2 D_Sepia Choco EX_30P,P3405A-02.75SPC,O2O2 D_Sepia Choco EX,"1,710",203000000000.0,,국내
2026-02-07,S615-02.75,Clalen O2O2 D_Sepia Choco EX_30P,P3405A-02.75SPC,O2O2 D_Sepia Choco EX,"1,530",203000000000.0,,국내
2026-02-07,S615-02.75,Clalen O2O2 D_Sepia Choco EX_30P,P3405A-02.75SPC,O2O2 D_Sepia Choco EX,"1,710",203000000000.0,,국내
2026-02-07,S615-02.75,Clalen O2O2 D_Sepia Choco EX_30P,P3405A-02.75SPC,O2O2 D_Sepia Choco EX,"1,050",203000000000.0,,국내
2026-02-07,S615-02.75,Clalen O2O2 D_Sepia Choco EX_30P,P3405A-02.75SPC,O2O2 D_Sepia Choco EX,"1,110",203000000000.0,,국내
2026-02-07,S615-02.75,Clalen O2O2 D_Sepia Choco EX_30P,P3405A-02.75SPC,O2O2 D_Sepia Choco EX,"1,200",203000000000.0,,국내
2026-02-07,S615-02.75,Clalen O2O2 D_Sepia Choco EX_30P,P3405A-02.75SPC,O2O2 D_Sepia Choco EX,"1,530",203000000000.0,,국내
2026-02-07,S615-02.75,Clalen O2O2 D_Sepia Choco EX_30P,P3405A-02.75SPC,O2O2 D_Sepia Choco EX,"1,020",203000000000.0,,국내
2026-02-07,S615-02.75,Clalen O2O2 D_Sepia Choco EX_30P,P3405A-02.75SPC,O2O2 D_Sepia Choco EX,"1,080",203000000000.0,,국내
2026-02-07,S615-02.75,Clalen O2O2 D_Sepia Choco EX_30P,P3405A-02.75SPC,O2O2 D_Sepia Choco EX,"1,410",203000000000.0,,국내
2026-02-07,S615-02.75,Clalen O2O2 D_Sepia Choco EX_30P,P3405A-02.75SPC,O2O2 D_Sepia Choco EX,"1,350",203000000000.0,,국내
2026-02-07,S615-02.75,Clalen O2O2 D_Sepia Choco EX_30P,P3405A-02.75SPC,O2O2 D_Sepia Choco EX,"1,200",203000000000.0,,국내
2026-02-07,S615-02.75,Clalen O2O2 D_Sepia Choco EX_30P,P3405A-02.75SPC,O2O2 D_Sepia Choco EX,600,203000000000.0,,국내
2026-02-07,S615-02.75,Clalen O2O2 D_Sepia Choco EX_30P,P3405A-02.75SPC,O2O2 D_Sepia Choco EX,"1,170",203000000000.0,,국내
2026-02-07,S615-02.75,Clalen O2O2 D_Sepia Choco EX_30P,P3405A-02.75SPC,O2O2 D_Sepia Choco EX,330,203000000000.0,,국내
2026-02-07,S615-02.75,Clalen O2O2 D_Sepia Choco EX_30P,P3405A-02.75SPC,O2O2 D_Sepia Choco EX,"1,380",203000000000.0,,국내
2026-02-07,S615-02.75,Clalen O2O2 D_Sepia Choco EX_30P,P3405A-02.75SPC,O2O2 D_Sepia Choco EX,"1,470",203000000000.0,,국내
2026-02-07,S615-03.25,Clalen O2O2 D_Sepia Choco EX_30P,P3405A-03.25SPC,O2O2 D_Sepia Choco EX,"1,800",203000000000.0,,국내
2026-02-07,S615-03.25,Clalen O2O2 D_Sepia Choco EX_30P,P3405A-03.25SPC,O2O2 D_Sepia Choco EX,"1,170",203000000000.0,,국내
2026-02-07,S615-03.25,Clalen O2O2 D_Sepia Choco EX_30P,P3405A-03.25SPC,O2O2 D_Sepia Choco EX,"1,050",203000000000.0,,국내
2026-02-07,S615-03.25,Clalen O2O2 D_Sepia Choco EX_30P,P3405A-03.25SPC,O2O2 D_Sepia Choco EX,"1,320",203000000000.0,,국내
2026-02-07,S615-03.25,Clalen O2O2 D_Sepia Choco EX_30P,P3405A-03.25SPC,O2O2 D_Sepia Choco EX,"1,110",203000000000.0,,국내
2026-02-07,S615-03.25,Clalen O2O2 D_Sepia Choco EX_30P,P3405A-03.25SPC,O2O2 D_Sepia Choco EX,"1,140",203000000000.0,,국내
2026-02-25,S181-00.00,Clalen O2O2 D_Sepia Choco EX_90P,P3405A-00.00SPC,O2O2 D_Sepia Choco EX,"1,350",203000000000.0,,국내
2026-02-25,S181-00.00,Clalen O2O2 D_Sepia Choco EX_90P,P3405A-00.00SPC,O2O2 D_Sepia Choco EX,540,203000000000.0,,국내
2026-02-25,S181-00.00,Clalen O2O2 D_Sepia Choco EX_90P,P3405A-00.00SPC,O2O2 D_Sepia Choco EX,990,203000000000.0,,국내
2026-02-25,S181-00.00,Clalen O2O2 D_Sepia Choco EX_90P,P3405A-00.00SPC,O2O2 D_Sepia Choco EX,720,203000000000.0,,국내
2026-02-25,S181-00.00,Clalen O2O2 D_Sepia Choco EX_90P,P3405A-00.00SPC,O2O2 D_Sepia Choco EX,"1,620",203000000000.0,,국내
2026-02-25,S181-00.00,Clalen O2O2 D_Sepia Choco EX_90P,P3405A-00.00SPC,O2O2 D_Sepia Choco EX,"1,350",203000000000.0,,국내
2026-02-25,S181-00.00,Clalen O2O2 D_Sepia Choco EX_90P,P3405A-00.00SPC,O2O2 D_Sepia Choco EX,"1,800",203000000000.0,,국내
2026-02-25,S181-00.00,Clalen O2O2 D_Sepia Choco EX_90P,P3405A-00.00SPC,O2O2 D_Sepia Choco EX,"1,710",203000000000.0,,국내
2026-02-25,S181-00.00,Clalen O2O2 D_Sepia Choco EX_90P,P3405A-00.00SPC,O2O2 D_Sepia Choco EX,"1,350",203000000000.0,,국내
2026-02-25,S181-00.00,Clalen O2O2 D_Sepia Choco EX_90P,P3405A-00.00SPC,O2O2 D_Sepia Choco EX,990,203000000000.0,,국내
2026-02-25,S181-00.00,Clalen O2O2 D_Sepia Choco EX_90P,P3405A-00.00SPC,O2O2 D_Sepia Choco EX,720,203000000000.0,,국내
2026-02-25,S181-00.00,Clalen O2O2 D_Sepia Choco EX_90P,P3405A-00.00SPC,O2O2 D_Sepia Choco EX,"1,620",203000000000.0,,국내
2026-02-25,S181-00.00,Clalen O2O2 D_Sepia Choco EX_90P,P3405A-00.00SPC,O2O2 D_Sepia Choco EX,"1,080",203000000000.0,,국내
2026-02-25,S181-00.00,Clalen O2O2 D_Sepia Choco EX_90P,P3405A-00.00SPC,O2O2 D_Sepia Choco EX,"1,530",203000000000.0,,국내
2026-02-25,S181-00.00,Clalen O2O2 D_Sepia Choco EX_90P,P3405A-00.00SPC,O2O2 D_Sepia Choco EX,810,203000000000.0,,국내
2026-02-25,S181-00.00,Clalen O2O2 D_Sepia Choco EX_90P,P3405A-00.00SPC,O2O2 D_Sepia Choco EX,"1,350",203000000000.0,,국내
2026-02-25,S181-00.00,Clalen O2O2 D_Sepia Choco EX_90P,P3405A-00.00SPC,O2O2 D_Sepia Choco EX,"1,530",203000000000.0,,국내
2026-02-25,S181-00.00,Clalen O2O2 D_Sepia Choco EX_90P,P3405A-00.00SPC,O2O2 D_Sepia Choco EX,"1,440",203000000000.0,,국내
2026-02-25,S181-00.50,Clalen O2O2 D_Sepia Choco EX_90P,P3405A-00.50SPC,O2O2 D_Sepia Choco EX,"1,260",203000000000.0,,국내
2026-02-25,S181-00.50,Clalen O2O2 D_Sepia Choco EX_90P,P3405A-00.50SPC,O2O2 D_Sepia Choco EX,540,203000000000.0,,국내
2026-02-25,S181-00.50,Clalen O2O2 D_Sepia Choco EX_90P,P3405A-00.50SPC,O2O2 D_Sepia Choco EX,270,203000000000.0,,국내
2026-02-25,S181-00.50,Clalen O2O2 D_Sepia Choco EX_90P,P3405A-00.50SPC,O2O2 D_Sepia Choco EX,180,203000000000.0,,국내
2026-02-25,S181-00.50,Clalen O2O2 D_Sepia Choco EX_90P,P3405A-00.50SPC,O2O2 D_Sepia Choco EX,720,203000000000.0,,국내
2026-02-25,S181-00.50,Clalen O2O2 D_Sepia Choco EX_90P,P3405A-00.50SPC,O2O2 D_Sepia Choco EX,"1,350",203000000000.0,,국내
2026-02-25,S181-00.50,Clalen O2O2 D_Sepia Choco EX_90P,P3405A-00.50SPC,O2O2 D_Sepia Choco EX,"1,350",203000000000.0,,국내
2026-02-25,S181-00.50,Clalen O2O2 D_Sepia Choco EX_90P,P3405A-00.50SPC,O2O2 D_Sepia Choco EX,"1,350",203000000000.0,,국내
2026-02-25,S181-00.50,Clalen O2O2 D_Sepia Choco EX_90P,P3405A-00.50SPC,O2O2 D_Sepia Choco EX,"1,980",203000000000.0,,국내
2026-02-25,S181-00.75,Clalen O2O2 D_Sepia Choco EX_90P,P3405A-00.75SPC,O2O2 D_Sepia Choco EX,"1,710",203000000000.0,,국내
2026-02-25,S181-00.75,Clalen O2O2 D_Sepia Choco EX_90P,P3405A-00.75SPC,O2O2 D_Sepia Choco EX,"1,530",203000000000.0,,국내
2026-02-25,S181-00.75,Clalen O2O2 D_Sepia Choco EX_90P,P3405A-00.75SPC,O2O2 D_Sepia Choco EX,180,203000000000.0,,국내
2026-02-25,S181-00.75,Clalen O2O2 D_Sepia Choco EX_90P,P3405A-00.75SPC,O2O2 D_Sepia Choco EX,"1,260",203000000000.0,,국내
2026-02-25,S181-00.75,Clalen O2O2 D_Sepia Choco EX_90P,P3405A-00.75SPC,O2O2 D_Sepia Choco EX,"1,440",203000000000.0,,국내
2026-02-25,S181-00.75,Clalen O2O2 D_Sepia Choco EX_90P,P3405A-00.75SPC,O2O2 D_Sepia Choco EX,"1,080",203000000000.0,,국내
2026-02-25,S181-00.75,Clalen O2O2 D_Sepia Choco EX_90P,P3405A-00.75SPC,O2O2 D_Sepia Choco EX,"1,440",203000000000.0,,국내
2026-02-25,S181-00.75,Clalen O2O2 D_Sepia Choco EX_90P,P3405A-00.75SPC,O2O2 D_Sepia Choco EX,990,203000000000.0,,국내
2026-02-25,S181-00.75,Clalen O2O2 D_Sepia Choco EX_90P,P3405A-00.75SPC,O2O2 D_Sepia Choco EX,"1,080",203000000000.0,,국내
2026-02-25,S181-01.00,Clalen O2O2 D_Sepia Choco EX_90P,P3405A-01.00SPC,O2O2 D_Sepia Choco EX,"1,440",203000000000.0,,국내
2026-02-25,S181-01.00,Clalen O2O2 D_Sepia Choco EX_90P,P3405A-01.00SPC,O2O2 D_Sepia Choco EX,"1,080",203000000000.0,,국내
2026-02-25,S181-01.00,Clalen O2O2 D_Sepia Choco EX_90P,P3405A-01.00SPC,O2O2 D_Sepia Choco EX,"1,260",203000000000.0,,국내
2026-02-25,S181-01.00,Clalen O2O2 D_Sepia Choco EX_90P,P3405A-01.00SPC,O2O2 D_Sepia Choco EX,"1,260",203000000000.0,,국내
2026-02-25,S181-01.00,Clalen O2O2 D_Sepia Choco EX_90P,P3405A-01.00SPC,O2O2 D_Sepia Choco EX,"1,260",203000000000.0,,국내
2026-02-25,S181-01.25,Clalen O2O2 D_Sepia Choco EX_90P,P3405A-01.25SPC,O2O2 D_Sepia Choco EX,"1,350",203000000000.0,,국내
2026-02-25,S181-01.25,Clalen O2O2 D_Sepia Choco EX_90P,P3405A-01.25SPC,O2O2 D_Sepia Choco EX,"1,800",203000000000.0,,국내
2026-02-25,S181-01.25,Clalen O2O2 D_Sepia Choco EX_90P,P3405A-01.25SPC,O2O2 D_Sepia Choco EX,720,203000000000.0,,국내
2026-02-25,S181-01.50,Clalen O2O2 D_Sepia Choco EX_90P,P3405A-01.50SPC,O2O2 D_Sepia Choco EX,"1,260",203000000000.0,,국내
2026-02-25,S181-01.50,Clalen O2O2 D_Sepia Choco EX_90P,P3405A-01.50SPC,O2O2 D_Sepia Choco EX,810,203000000000.0,,국내
2026-02-25,S181-01.50,Clalen O2O2 D_Sepia Choco EX_90P,P3405A-01.50SPC,O2O2 D_Sepia Choco EX,360,203000000000.0,,국내
2026-02-25,S181-01.50,Clalen O2O2 D_Sepia Choco EX_90P,P3405A-01.50SPC,O2O2 D_Sepia Choco EX,"1,890",203000000000.0,,국내
2026-02-25,S181-01.50,Clalen O2O2 D_Sepia Choco EX_90P,P3405A-01.50SPC,O2O2 D_Sepia Choco EX,"1,890",203000000000.0,,국내
2026-02-25,S181-01.50,Clalen O2O2 D_Sepia Choco EX_90P,P3405A-01.50SPC,O2O2 D_Sepia Choco EX,"1,620",203000000000.0,,국내
2026-02-25,S181-01.50,Clalen O2O2 D_Sepia Choco EX_90P,P3405A-01.50SPC,O2O2 D_Sepia Choco EX,"1,440",203000000000.0,,국내
2026-02-25,S181-01.50,Clalen O2O2 D_Sepia Choco EX_90P,P3405A-01.50SPC,O2O2 D_Sepia Choco EX,990,203000000000.0,,국내
2026-02-25,S181-01.50,Clalen O2O2 D_Sepia Choco EX_90P,P3405A-01.50SPC,O2O2 D_Sepia Choco EX,"1,350",203000000000.0,,국내
2026-02-25,S181-01.50,Clalen O2O2 D_Sepia Choco EX_90P,P3405A-01.50SPC,O2O2 D_Sepia Choco EX,"1,440",203000000000.0,,국내
2026-02-25,S181-01.50,Clalen O2O2 D_Sepia Choco EX_90P,P3405A-01.50SPC,O2O2 D_Sepia Choco EX,540,203000000000.0,,국내
2026-02-25,S181-01.50,Clalen O2O2 D_Sepia Choco EX_90P,P3405A-01.50SPC,O2O2 D_Sepia Choco EX,"1,530",203000000000.0,,국내
2026-02-25,S181-01.50,Clalen O2O2 D_Sepia Choco EX_90P,P3405A-01.50SPC,O2O2 D_Sepia Choco EX,"1,530",203000000000.0,,국내
2026-02-25,S181-01.50,Clalen O2O2 D_Sepia Choco EX_90P,P3405A-01.50SPC,O2O2 D_Sepia Choco EX,"1,350",203000000000.0,,국내
2026-02-25,S181-02.00,Clalen O2O2 D_Sepia Choco EX_90P,P3405A-02.00SPC,O2O2 D_Sepia Choco EX,180,203000000000.0,,국내
2026-02-25,S181-02.00,Clalen O2O2 D_Sepia Choco EX_90P,P3405A-02.00SPC,O2O2 D_Sepia Choco EX,270,203000000000.0,,국내
2026-02-25,S181-02.00,Clalen O2O2 D_Sepia Choco EX_90P,P3405A-02.00SPC,O2O2 D_Sepia Choco EX,720,203000000000.0,,국내
2026-02-25,S181-02.00,Clalen O2O2 D_Sepia Choco EX_90P,P3405A-02.00SPC,O2O2 D_Sepia Choco EX,"1,440",203000000000.0,,국내
2026-02-25,S181-02.00,Clalen O2O2 D_Sepia Choco EX_90P,P3405A-02.00SPC,O2O2 D_Sepia Choco EX,"1,350",203000000000.0,,국내
2026-02-25,S181-02.00,Clalen O2O2 D_Sepia Choco EX_90P,P3405A-02.00SPC,O2O2 D_Sepia Choco EX,"1,530",203000000000.0,,국내
2026-02-25,S181-02.00,Clalen O2O2 D_Sepia Choco EX_90P,P3405A-02.00SPC,O2O2 D_Sepia Choco EX,"1,620",203000000000.0,,국내
2026-02-25,S181-02.00,Clalen O2O2 D_Sepia Choco EX_90P,P3405A-02.00SPC,O2O2 D_Sepia Choco EX,270,203000000000.0,,국내
2026-02-25,S181-02.00,Clalen O2O2 D_Sepia Choco EX_90P,P3405A-02.00SPC,O2O2 D_Sepia Choco EX,270,203000000000.0,,국내
2026-02-25,S181-02.00,Clalen O2O2 D_Sepia Choco EX_90P,P3405A-02.00SPC,O2O2 D_Sepia Choco EX,"1,080",203000000000.0,,국내
2026-02-25,S181-02.00,Clalen O2O2 D_Sepia Choco EX_90P,P3405A-02.00SPC,O2O2 D_Sepia Choco EX,"1,080",203000000000.0,,국내
2026-02-25,S181-02.00,Clalen O2O2 D_Sepia Choco EX_90P,P3405A-02.00SPC,O2O2 D_Sepia Choco EX,"1,350",203000000000.0,,국내
2026-02-25,S181-02.00,Clalen O2O2 D_Sepia Choco EX_90P,P3405A-02.00SPC,O2O2 D_Sepia Choco EX,"1,530",203000000000.0,,국내
2026-02-25,S181-02.00,Clalen O2O2 D_Sepia Choco EX_90P,P3405A-02.00SPC,O2O2 D_Sepia Choco EX,"1,710",203000000000.0,,국내
2026-02-25,S181-02.00,Clalen O2O2 D_Sepia Choco EX_90P,P3405A-02.00SPC,O2O2 D_Sepia Choco EX,990,203000000000.0,,국내
2026-02-25,S181-02.00,Clalen O2O2 D_Sepia Choco EX_90P,P3405A-02.00SPC,O2O2 D_Sepia Choco EX,"1,260",203000000000.0,,국내
2026-02-25,S181-02.00,Clalen O2O2 D_Sepia Choco EX_90P,P3405A-02.00SPC,O2O2 D_Sepia Choco EX,"1,080",203000000000.0,,국내
2026-02-25,S181-02.25,Clalen O2O2 D_Sepia Choco EX_90P,P3405A-02.25SPC,O2O2 D_Sepia Choco EX,"1,080",203000000000.0,,국내
2026-02-25,S181-02.25,Clalen O2O2 D_Sepia Choco EX_90P,P3405A-02.25SPC,O2O2 D_Sepia Choco EX,540,203000000000.0,,국내
2026-02-25,S181-02.25,Clalen O2O2 D_Sepia Choco EX_90P,P3405A-02.25SPC,O2O2 D_Sepia Choco EX,"1,170",203000000000.0,,국내
2026-02-25,S181-02.50,Clalen O2O2 D_Sepia Choco EX_90P,P3405A-02.50SPC,O2O2 D_Sepia Choco EX,"1,530",203000000000.0,,국내
2026-02-25,S181-02.50,Clalen O2O2 D_Sepia Choco EX_90P,P3405A-02.50SPC,O2O2 D_Sepia Choco EX,900,203000000000.0,,국내
2026-02-25,S181-02.50,Clalen O2O2 D_Sepia Choco EX_90P,P3405A-02.50SPC,O2O2 D_Sepia Choco EX,630,203000000000.0,,국내
2026-02-25,S181-02.50,Clalen O2O2 D_Sepia Choco EX_90P,P3405A-02.50SPC,O2O2 D_Sepia Choco EX,810,203000000000.0,,국내
2026-02-25,S181-02.50,Clalen O2O2 D_Sepia Choco EX_90P,P3405A-02.50SPC,O2O2 D_Sepia Choco EX,810,203000000000.0,,국내
2026-02-25,S181-02.50,Clalen O2O2 D_Sepia Choco EX_90P,P3405A-02.50SPC,O2O2 D_Sepia Choco EX,900,203000000000.0,,국내
2026-02-25,S181-02.50,Clalen O2O2 D_Sepia Choco EX_90P,P3405A-02.50SPC,O2O2 D_Sepia Choco EX,720,203000000000.0,,국내
2026-02-25,S181-02.50,Clalen O2O2 D_Sepia Choco EX_90P,P3405A-02.50SPC,O2O2 D_Sepia Choco EX,630,203000000000.0,,국내
2026-02-25,S181-02.50,Clalen O2O2 D_Sepia Choco EX_90P,P3405A-02.50SPC,O2O2 D_Sepia Choco EX,810,203000000000.0,,국내
2026-02-25,S181-02.50,Clalen O2O2 D_Sepia Choco EX_90P,P3405A-02.50SPC,O2O2 D_Sepia Choco EX,720,203000000000.0,,국내
2026-02-25,S181-02.50,Clalen O2O2 D_Sepia Choco EX_90P,P3405A-02.50SPC,O2O2 D_Sepia Choco EX,720,203000000000.0,,국내
2026-02-25,S181-02.50,Clalen O2O2 D_Sepia Choco EX_90P,P3405A-02.50SPC,O2O2 D_Sepia Choco EX,630,203000000000.0,,국내
2026-02-25,S181-02.50,Clalen O2O2 D_Sepia Choco EX_90P,P3405A-02.50SPC,O2O2 D_Sepia Choco EX,720,203000000000.0,,국내
2026-02-25,S181-02.50,Clalen O2O2 D_Sepia Choco EX_90P,P3405A-02.50SPC,O2O2 D_Sepia Choco EX,900,203000000000.0,,국내
2026-02-25,S181-02.50,Clalen O2O2 D_Sepia Choco EX_90P,P3405A-02.50SPC,O2O2 D_Sepia Choco EX,720,203000000000.0,,국내
2026-02-25,S181-02.50,Clalen O2O2 D_Sepia Choco EX_90P,P3405A-02.50SPC,O2O2 D_Sepia Choco EX,720,203000000000.0,,국내
2026-02-25,S181-02.75,Clalen O2O2 D_Sepia Choco EX_90P,P3405A-02.75SPC,O2O2 D_Sepia Choco EX,"1,080",203000000000.0,,국내
2026-02-25,S181-02.75,Clalen O2O2 D_Sepia Choco EX_90P,P3405A-02.75SPC,O2O2 D_Sepia Choco EX,630,203000000000.0,,국내
2026-02-25,S181-02.75,Clalen O2O2 D_Sepia Choco EX_90P,P3405A-02.75SPC,O2O2 D_Sepia Choco EX,"1,080",203000000000.0,,국내
2026-02-25,S181-02.75,Clalen O2O2 D_Sepia Choco EX_90P,P3405A-02.75SPC,O2O2 D_Sepia Choco EX,900,203000000000.0,,국내
2026-02-25,S181-02.75,Clalen O2O2 D_Sepia Choco EX_90P,P3405A-02.75SPC,O2O2 D_Sepia Choco EX,720,203000000000.0,,국내
2026-02-25,S181-02.75,Clalen O2O2 D_Sepia Choco EX_90P,P3405A-02.75SPC,O2O2 D_Sepia Choco EX,720,203000000000.0,,국내
2026-02-25,S181-02.75,Clalen O2O2 D_Sepia Choco EX_90P,P3405A-02.75SPC,O2O2 D_Sepia Choco EX,"1,440",203000000000.0,,국내
2026-02-25,S181-02.75,Clalen O2O2 D_Sepia Choco EX_90P,P3405A-02.75SPC,O2O2 D_Sepia Choco EX,900,203000000000.0,,국내
2026-02-25,S181-03.25,Clalen O2O2 D_Sepia Choco EX_90P,P3405A-03.25SPC,O2O2 D_Sepia Choco EX,270,203000000000.0,,국내
2026-02-25,S181-03.25,Clalen O2O2 D_Sepia Choco EX_90P,P3405A-03.25SPC,O2O2 D_Sepia Choco EX,720,203000000000.0,,국내
2026-02-25,S181-03.25,Clalen O2O2 D_Sepia Choco EX_90P,P3405A-03.25SPC,O2O2 D_Sepia Choco EX,810,203000000000.0,,국내
2026-02-25,S181-03.25,Clalen O2O2 D_Sepia Choco EX_90P,P3405A-03.25SPC,O2O2 D_Sepia Choco EX,810,203000000000.0,,국내
2026-02-25,S181-03.25,Clalen O2O2 D_Sepia Choco EX_90P,P3405A-03.25SPC,O2O2 D_Sepia Choco EX,630,203000000000.0,,국내
2026-02-25,S181-03.25,Clalen O2O2 D_Sepia Choco EX_90P,P3405A-03.25SPC,O2O2 D_Sepia Choco EX,"1,530",203000000000.0,,국내
2026-02-25,S181-03.50,Clalen O2O2 D_Sepia Choco EX_90P,P3405A-03.50SPC,O2O2 D_Sepia Choco EX,"1,800",203000000000.0,,국내
2026-02-25,S181-03.50,Clalen O2O2 D_Sepia Choco EX_90P,P3405A-03.50SPC,O2O2 D_Sepia Choco EX,"1,620",203000000000.0,,국내
2026-02-25,S181-03.50,Clalen O2O2 D_Sepia Choco EX_90P,P3405A-03.50SPC,O2O2 D_Sepia Choco EX,"1,170",203000000000.0,,국내
2026-02-25,S181-03.50,Clalen O2O2 D_Sepia Choco EX_90P,P3405A-03.50SPC,O2O2 D_Sepia Choco EX,"1,620",203000000000.0,,국내
2026-02-25,S181-03.50,Clalen O2O2 D_Sepia Choco EX_90P,P3405A-03.50SPC,O2O2 D_Sepia Choco EX,"1,620",203000000000.0,,국내
2026-02-25,S181-03.50,Clalen O2O2 D_Sepia Choco EX_90P,P3405A-03.50SPC,O2O2 D_Sepia Choco EX,"1,800",203000000000.0,,국내
2026-02-25,S181-03.50,Clalen O2O2 D_Sepia Choco EX_90P,P3405A-03.50SPC,O2O2 D_Sepia Choco EX,720,203000000000.0,,국내
2026-02-25,S181-03.50,Clalen O2O2 D_Sepia Choco EX_90P,P3405A-03.50SPC,O2O2 D_Sepia Choco EX,810,203000000000.0,,국내
2026-02-25,S181-03.50,Clalen O2O2 D_Sepia Choco EX_90P,P3405A-03.50SPC,O2O2 D_Sepia Choco EX,"1,440",203000000000.0,,국내
2026-02-25,S181-03.50,Clalen O2O2 D_Sepia Choco EX_90P,P3405A-03.50SPC,O2O2 D_Sepia Choco EX,"1,350",203000000000.0,,국내
2026-02-25,S181-03.75,Clalen O2O2 D_Sepia Choco EX_90P,P3405A-03.75SPC,O2O2 D_Sepia Choco EX,"1,620",203000000000.0,,국내
2026-02-25,S181-03.75,Clalen O2O2 D_Sepia Choco EX_90P,P3405A-03.75SPC,O2O2 D_Sepia Choco EX,"1,260",203000000000.0,,국내
2026-02-25,S181-03.75,Clalen O2O2 D_Sepia Choco EX_90P,P3405A-03.75SPC,O2O2 D_Sepia Choco EX,"1,530",203000000000.0,,국내
2026-02-25,S181-03.75,Clalen O2O2 D_Sepia Choco EX_90P,P3405A-03.75SPC,O2O2 D_Sepia Choco EX,810,203000000000.0,,국내
2026-02-25,S181-03.75,Clalen O2O2 D_Sepia Choco EX_90P,P3405A-03.75SPC,O2O2 D_Sepia Choco EX,"1,710",203000000000.0,,국내
2026-02-25,S181-03.75,Clalen O2O2 D_Sepia Choco EX_90P,P3405A-03.75SPC,O2O2 D_Sepia Choco EX,"1,440",203000000000.0,,국내
2026-02-25,S181-03.75,Clalen O2O2 D_Sepia Choco EX_90P,P3405A-03.75SPC,O2O2 D_Sepia Choco EX,990,203000000000.0,,국내
2026-02-25,S181-03.75,Clalen O2O2 D_Sepia Choco EX_90P,P3405A-03.75SPC,O2O2 D_Sepia Choco EX,"1,350",203000000000.0,,국내
2026-02-25,S181-03.75,Clalen O2O2 D_Sepia Choco EX_90P,P3405A-03.75SPC,O2O2 D_Sepia Choco EX,"1,530",203000000000.0,,국내
2026-02-25,S181-03.75,Clalen O2O2 D_Sepia Choco EX_90P,P3405A-03.75SPC,O2O2 D_Sepia Choco EX,360,203000000000.0,,국내
2026-02-25,S181-03.75,Clalen O2O2 D_Sepia Choco EX_90P,P3405A-03.75SPC,O2O2 D_Sepia Choco EX,"1,440",203000000000.0,,국내
2026-02-25,S181-03.75,Clalen O2O2 D_Sepia Choco EX_90P,P3405A-03.75SPC,O2O2 D_Sepia Choco EX,900,203000000000.0,,국내
2026-02-25,S181-03.75,Clalen O2O2 D_Sepia Choco EX_90P,P3405A-03.75SPC,O2O2 D_Sepia Choco EX,900,203000000000.0,,국내
2026-02-25,S181-03.75,Clalen O2O2 D_Sepia Choco EX_90P,P3405A-03.75SPC,O2O2 D_Sepia Choco EX,900,203000000000.0,,국내
2026-02-25,S181-03.75,Clalen O2O2 D_Sepia Choco EX_90P,P3405A-03.75SPC,O2O2 D_Sepia Choco EX,"1,260",203000000000.0,,국내
2026-02-25,S181-04.00,Clalen O2O2 D_Sepia Choco EX_90P,P3405A-04.00SPC,O2O2 D_Sepia Choco EX,360,203000000000.0,,국내
2026-02-25,S181-04.00,Clalen O2O2 D_Sepia Choco EX_90P,P3405A-04.00SPC,O2O2 D_Sepia Choco EX,900,203000000000.0,,국내
2026-02-25,S181-04.00,Clalen O2O2 D_Sepia Choco EX_90P,P3405A-04.00SPC,O2O2 D_Sepia Choco EX,810,203000000000.0,,국내
2026-02-25,S181-04.00,Clalen O2O2 D_Sepia Choco EX_90P,P3405A-04.00SPC,O2O2 D_Sepia Choco EX,"1,260",203000000000.0,,국내
2026-02-25,S181-04.00,Clalen O2O2 D_Sepia Choco EX_90P,P3405A-04.00SPC,O2O2 D_Sepia Choco EX,"1,440",203000000000.0,,국내
2026-02-25,S181-04.00,Clalen O2O2 D_Sepia Choco EX_90P,P3405A-04.00SPC,O2O2 D_Sepia Choco EX,"1,530",203000000000.0,,국내
2026-02-25,S181-04.00,Clalen O2O2 D_Sepia Choco EX_90P,P3405A-04.00SPC,O2O2 D_Sepia Choco EX,"1,440",203000000000.0,,국내
2026-02-25,S181-04.00,Clalen O2O2 D_Sepia Choco EX_90P,P3405A-04.00SPC,O2O2 D_Sepia Choco EX,990,203000000000.0,,국내
2026-02-25,S181-04.00,Clalen O2O2 D_Sepia Choco EX_90P,P3405A-04.00SPC,O2O2 D_Sepia Choco EX,"1,530",203000000000.0,,국내
2026-02-25,S181-04.25,Clalen O2O2 D_Sepia Choco EX_90P,P3405A-04.25SPC,O2O2 D_Sepia Choco EX,"1,350",203000000000.0,,국내
2026-02-25,S181-04.25,Clalen O2O2 D_Sepia Choco EX_90P,P3405A-04.25SPC,O2O2 D_Sepia Choco EX,720,203000000000.0,,국내
2026-02-25,S181-04.25,Clalen O2O2 D_Sepia Choco EX_90P,P3405A-04.25SPC,O2O2 D_Sepia Choco EX,180,203000000000.0,,국내
2026-02-25,S181-04.25,Clalen O2O2 D_Sepia Choco EX_90P,P3405A-04.25SPC,O2O2 D_Sepia Choco EX,"1,170",203000000000.0,,국내
2026-02-25,S181-04.25,Clalen O2O2 D_Sepia Choco EX_90P,P3405A-04.25SPC,O2O2 D_Sepia Choco EX,"1,530",203000000000.0,,국내
2026-02-25,S181-04.25,Clalen O2O2 D_Sepia Choco EX_90P,P3405A-04.25SPC,O2O2 D_Sepia Choco EX,"1,800",203000000000.0,,국내
2026-02-25,S181-04.25,Clalen O2O2 D_Sepia Choco EX_90P,P3405A-04.25SPC,O2O2 D_Sepia Choco EX,"1,440",203000000000.0,,국내
2026-02-25,S181-04.25,Clalen O2O2 D_Sepia Choco EX_90P,P3405A-04.25SPC,O2O2 D_Sepia Choco EX,"1,440",203000000000.0,,국내
2026-02-25,S181-04.25,Clalen O2O2 D_Sepia Choco EX_90P,P3405A-04.25SPC,O2O2 D_Sepia Choco EX,"1,710",203000000000.0,,국내
2026-02-25,S181-04.25,Clalen O2O2 D_Sepia Choco EX_90P,P3405A-04.25SPC,O2O2 D_Sepia Choco EX,900,203000000000.0,,국내
2026-02-25,S181-04.25,Clalen O2O2 D_Sepia Choco EX_90P,P3405A-04.25SPC,O2O2 D_Sepia Choco EX,"1,620",203000000000.0,,국내
2026-02-25,S181-04.25,Clalen O2O2 D_Sepia Choco EX_90P,P3405A-04.25SPC,O2O2 D_Sepia Choco EX,"1,620",203000000000.0,,국내
2026-02-25,S181-04.25,Clalen O2O2 D_Sepia Choco EX_90P,P3405A-04.25SPC,O2O2 D_Sepia Choco EX,"1,080",203000000000.0,,국내
2026-02-25,S181-04.25,Clalen O2O2 D_Sepia Choco EX_90P,P3405A-04.25SPC,O2O2 D_Sepia Choco EX,"1,080",203000000000.0,,국내
2026-02-25,S181-04.25,Clalen O2O2 D_Sepia Choco EX_90P,P3405A-04.25SPC,O2O2 D_Sepia Choco EX,360,203000000000.0,,국내
2026-02-25,S181-04.50,Clalen O2O2 D_Sepia Choco EX_90P,P3405A-04.50SPC,O2O2 D_Sepia Choco EX,"1,800",203000000000.0,,국내
2026-02-25,S181-04.50,Clalen O2O2 D_Sepia Choco EX_90P,P3405A-04.50SPC,O2O2 D_Sepia Choco EX,"1,620",203000000000.0,,국내
2026-02-25,S181-04.50,Clalen O2O2 D_Sepia Choco EX_90P,P3405A-04.50SPC,O2O2 D_Sepia Choco EX,"1,710",203000000000.0,,국내
2026-02-25,S181-04.50,Clalen O2O2 D_Sepia Choco EX_90P,P3405A-04.50SPC,O2O2 D_Sepia Choco EX,"1,800",203000000000.0,,국내
2026-02-25,S181-04.50,Clalen O2O2 D_Sepia Choco EX_90P,P3405A-04.50SPC,O2O2 D_Sepia Choco EX,"1,620",203000000000.0,,국내
2026-02-25,S181-04.50,Clalen O2O2 D_Sepia Choco EX_90P,P3405A-04.50SPC,O2O2 D_Sepia Choco EX,"1,620",203000000000.0,,국내
2026-02-25,S181-04.50,Clalen O2O2 D_Sepia Choco EX_90P,P3405A-04.50SPC,O2O2 D_Sepia Choco EX,900,203000000000.0,,국내
2026-02-25,S181-04.50,Clalen O2O2 D_Sepia Choco EX_90P,P3405A-04.50SPC,O2O2 D_Sepia Choco EX,"1,710",203000000000.0,,국내
2026-02-25,S181-04.50,Clalen O2O2 D_Sepia Choco EX_90P,P3405A-04.50SPC,O2O2 D_Sepia Choco EX,"1,620",203000000000.0,,국내
2026-02-25,S181-04.50,Clalen O2O2 D_Sepia Choco EX_90P,P3405A-04.50SPC,O2O2 D_Sepia Choco EX,"1,800",203000000000.0,,국내
2026-02-25,S181-04.50,Clalen O2O2 D_Sepia Choco EX_90P,P3405A-04.50SPC,O2O2 D_Sepia Choco EX,"1,800",203000000000.0,,국내
2026-02-25,S181-04.75,Clalen O2O2 D_Sepia Choco EX_90P,P3405A-04.75SPC,O2O2 D_Sepia Choco EX,"1,890",203000000000.0,,국내
2026-02-25,S181-04.75,Clalen O2O2 D_Sepia Choco EX_90P,P3405A-04.75SPC,O2O2 D_Sepia Choco EX,"1,800",203000000000.0,,국내
2026-02-25,S181-04.75,Clalen O2O2 D_Sepia Choco EX_90P,P3405A-04.75SPC,O2O2 D_Sepia Choco EX,"1,890",203000000000.0,,국내
2026-02-25,S181-04.75,Clalen O2O2 D_Sepia Choco EX_90P,P3405A-04.75SPC,O2O2 D_Sepia Choco EX,"1,800",203000000000.0,,국내
2026-02-25,S181-04.75,Clalen O2O2 D_Sepia Choco EX_90P,P3405A-04.75SPC,O2O2 D_Sepia Choco EX,"1,800",203000000000.0,,국내
2026-02-25,S181-04.75,Clalen O2O2 D_Sepia Choco EX_90P,P3405A-04.75SPC,O2O2 D_Sepia Choco EX,"1,800",203000000000.0,,국내
2026-02-25,S181-04.75,Clalen O2O2 D_Sepia Choco EX_90P,P3405A-04.75SPC,O2O2 D_Sepia Choco EX,"1,800",203000000000.0,,국내
2026-02-25,S181-04.75,Clalen O2O2 D_Sepia Choco EX_90P,P3405A-04.75SPC,O2O2 D_Sepia Choco EX,"1,620",203000000000.0,,국내
2026-02-25,S181-04.75,Clalen O2O2 D_Sepia Choco EX_90P,P3405A-04.75SPC,O2O2 D_Sepia Choco EX,"1,890",203000000000.0,,국내
2026-02-25,S181-04.75,Clalen O2O2 D_Sepia Choco EX_90P,P3405A-04.75SPC,O2O2 D_Sepia Choco EX,"1,800",203000000000.0,,국내
2026-02-25,S181-05.00,Clalen O2O2 D_Sepia Choco EX_90P,P3405A-05.00SPC,O2O2 D_Sepia Choco EX,"1,530",203000000000.0,,국내
2026-02-25,S181-05.00,Clalen O2O2 D_Sepia Choco EX_90P,P3405A-05.00SPC,O2O2 D_Sepia Choco EX,"1,080",203000000000.0,,국내
2026-02-25,S181-05.00,Clalen O2O2 D_Sepia Choco EX_90P,P3405A-05.00SPC,O2O2 D_Sepia Choco EX,"1,080",203000000000.0,,국내
2026-02-25,S181-05.00,Clalen O2O2 D_Sepia Choco EX_90P,P3405A-05.00SPC,O2O2 D_Sepia Choco EX,630,203000000000.0,,국내
2026-02-25,S181-05.00,Clalen O2O2 D_Sepia Choco EX_90P,P3405A-05.00SPC,O2O2 D_Sepia Choco EX,"1,440",203000000000.0,,국내
2026-02-25,S181-05.00,Clalen O2O2 D_Sepia Choco EX_90P,P3405A-05.00SPC,O2O2 D_Sepia Choco EX,"1,710",203000000000.0,,국내
2026-02-25,S181-05.00,Clalen O2O2 D_Sepia Choco EX_90P,P3405A-05.00SPC,O2O2 D_Sepia Choco EX,"1,800",203000000000.0,,국내
2026-02-25,S181-05.00,Clalen O2O2 D_Sepia Choco EX_90P,P3405A-05.00SPC,O2O2 D_Sepia Choco EX,180,203000000000.0,,국내
2026-02-25,S181-05.00,Clalen O2O2 D_Sepia Choco EX_90P,P3405A-05.00SPC,O2O2 D_Sepia Choco EX,"1,530",203000000000.0,,국내
2026-02-25,S181-05.00,Clalen O2O2 D_Sepia Choco EX_90P,P3405A-05.00SPC,O2O2 D_Sepia Choco EX,"1,440",203000000000.0,,국내
2026-02-25,S181-05.00,Clalen O2O2 D_Sepia Choco EX_90P,P3405A-05.00SPC,O2O2 D_Sepia Choco EX,"1,440",203000000000.0,,국내
2026-02-25,S181-05.00,Clalen O2O2 D_Sepia Choco EX_90P,P3405A-05.00SPC,O2O2 D_Sepia Choco EX,"1,620",203000000000.0,,국내
2026-02-25,S181-05.00,Clalen O2O2 D_Sepia Choco EX_90P,P3405A-05.00SPC,O2O2 D_Sepia Choco EX,360,203000000000.0,,국내
2026-02-25,S181-05.00,Clalen O2O2 D_Sepia Choco EX_90P,P3405A-05.00SPC,O2O2 D_Sepia Choco EX,900,203000000000.0,,국내
2026-02-25,S181-05.00,Clalen O2O2 D_Sepia Choco EX_90P,P3405A-05.00SPC,O2O2 D_Sepia Choco EX,"1,260",203000000000.0,,국내
2026-02-25,S181-05.50,Clalen O2O2 D_Sepia Choco EX_90P,P3405A-05.50SPC,O2O2 D_Sepia Choco EX,90,203000000000.0,,국내
2026-02-25,S181-05.50,Clalen O2O2 D_Sepia Choco EX_90P,P3405A-05.50SPC,O2O2 D_Sepia Choco EX,270,203000000000.0,,국내
2026-02-25,S181-05.50,Clalen O2O2 D_Sepia Choco EX_90P,P3405A-05.50SPC,O2O2 D_Sepia Choco EX,"1,170",203000000000.0,,국내
2026-02-25,S181-05.50,Clalen O2O2 D_Sepia Choco EX_90P,P3405A-05.50SPC,O2O2 D_Sepia Choco EX,"1,350",203000000000.0,,국내
2026-02-25,S181-05.50,Clalen O2O2 D_Sepia Choco EX_90P,P3405A-05.50SPC,O2O2 D_Sepia Choco EX,990,203000000000.0,,국내
2026-02-25,S181-05.50,Clalen O2O2 D_Sepia Choco EX_90P,P3405A-05.50SPC,O2O2 D_Sepia Choco EX,900,203000000000.0,,국내
2026-02-25,S181-05.50,Clalen O2O2 D_Sepia Choco EX_90P,P3405A-05.50SPC,O2O2 D_Sepia Choco EX,"1,350",203000000000.0,,국내
2026-02-25,S181-05.50,Clalen O2O2 D_Sepia Choco EX_90P,P3405A-05.50SPC,O2O2 D_Sepia Choco EX,540,203000000000.0,,국내
2026-02-25,S181-05.50,Clalen O2O2 D_Sepia Choco EX_90P,P3405A-05.50SPC,O2O2 D_Sepia Choco EX,540,203000000000.0,,국내
2026-02-25,S181-05.50,Clalen O2O2 D_Sepia Choco EX_90P,P3405A-05.50SPC,O2O2 D_Sepia Choco EX,540,203000000000.0,,국내
2026-02-25,S181-05.50,Clalen O2O2 D_Sepia Choco EX_90P,P3405A-05.50SPC,O2O2 D_Sepia Choco EX,450,203000000000.0,,국내
2026-02-25,S181-05.50,Clalen O2O2 D_Sepia Choco EX_90P,P3405A-05.50SPC,O2O2 D_Sepia Choco EX,450,203000000000.0,,국내
2026-02-25,S181-05.50,Clalen O2O2 D_Sepia Choco EX_90P,P3405A-05.50SPC,O2O2 D_Sepia Choco EX,360,203000000000.0,,국내
2026-02-25,S181-05.50,Clalen O2O2 D_Sepia Choco EX_90P,P3405A-05.50SPC,O2O2 D_Sepia Choco EX,360,203000000000.0,,국내
2026-02-25,S181-05.50,Clalen O2O2 D_Sepia Choco EX_90P,P3405A-05.50SPC,O2O2 D_Sepia Choco EX,270,203000000000.0,,국내
2026-02-25,S181-05.50,Clalen O2O2 D_Sepia Choco EX_90P,P3405A-05.50SPC,O2O2 D_Sepia Choco EX,180,203000000000.0,,국내
2026-02-25,S181-05.50,Clalen O2O2 D_Sepia Choco EX_90P,P3405A-05.50SPC,O2O2 D_Sepia Choco EX,180,203000000000.0,,국내
2026-02-25,S181-05.50,Clalen O2O2 D_Sepia Choco EX_90P,P3405A-05.50SPC,O2O2 D_Sepia Choco EX,360,203000000000.0,,국내
2026-02-25,S181-05.50,Clalen O2O2 D_Sepia Choco EX_90P,P3405A-05.50SPC,O2O2 D_Sepia Choco EX,"1,350",203000000000.0,,국내
2026-02-25,S181-05.50,Clalen O2O2 D_Sepia Choco EX_90P,P3405A-05.50SPC,O2O2 D_Sepia Choco EX,"1,710",203000000000.0,,국내
2026-02-25,S181-05.50,Clalen O2O2 D_Sepia Choco EX_90P,P3405A-05.50SPC,O2O2 D_Sepia Choco EX,"1,080",203000000000.0,,국내
2026-02-25,S181-05.50,Clalen O2O2 D_Sepia Choco EX_90P,P3405A-05.50SPC,O2O2 D_Sepia Choco EX,"1,260",203000000000.0,,국내
2026-02-25,S181-06.00,Clalen O2O2 D_Sepia Choco EX_90P,P3405A-06.00SPC,O2O2 D_Sepia Choco EX,"1,440",203000000000.0,,국내
2026-02-25,S181-06.00,Clalen O2O2 D_Sepia Choco EX_90P,P3405A-06.00SPC,O2O2 D_Sepia Choco EX,"1,530",203000000000.0,,국내
2026-02-25,S181-06.00,Clalen O2O2 D_Sepia Choco EX_90P,P3405A-06.00SPC,O2O2 D_Sepia Choco EX,90,203000000000.0,,국내
2026-02-25,S181-06.00,Clalen O2O2 D_Sepia Choco EX_90P,P3405A-06.00SPC,O2O2 D_Sepia Choco EX,"1,800",203000000000.0,,국내
2026-02-25,S181-06.00,Clalen O2O2 D_Sepia Choco EX_90P,P3405A-06.00SPC,O2O2 D_Sepia Choco EX,"1,170",203000000000.0,,국내
2026-02-25,S181-06.00,Clalen O2O2 D_Sepia Choco EX_90P,P3405A-06.00SPC,O2O2 D_Sepia Choco EX,90,203000000000.0,,국내
2026-02-25,S181-06.00,Clalen O2O2 D_Sepia Choco EX_90P,P3405A-06.00SPC,O2O2 D_Sepia Choco EX,990,203000000000.0,,국내
2026-02-25,S181-06.00,Clalen O2O2 D_Sepia Choco EX_90P,P3405A-06.00SPC,O2O2 D_Sepia Choco EX,"1,440",203000000000.0,,국내
2026-02-25,S181-06.00,Clalen O2O2 D_Sepia Choco EX_90P,P3405A-06.00SPC,O2O2 D_Sepia Choco EX,"1,710",203000000000.0,,국내
2026-02-25,S181-06.00,Clalen O2O2 D_Sepia Choco EX_90P,P3405A-06.00SPC,O2O2 D_Sepia Choco EX,"1,440",203000000000.0,,국내
2026-02-25,S181-06.00,Clalen O2O2 D_Sepia Choco EX_90P,P3405A-06.00SPC,O2O2 D_Sepia Choco EX,90,203000000000.0,,국내
2026-02-25,S181-06.00,Clalen O2O2 D_Sepia Choco EX_90P,P3405A-06.00SPC,O2O2 D_Sepia Choco EX,90,203000000000.0,,국내
2026-02-25,S181-06.50,Clalen O2O2 D_Sepia Choco EX_90P,P3405A-06.50SPC,O2O2 D_Sepia Choco EX,"1,530",203000000000.0,,국내
2026-02-25,S181-06.50,Clalen O2O2 D_Sepia Choco EX_90P,P3405A-06.50SPC,O2O2 D_Sepia Choco EX,"1,440",203000000000.0,,국내
2026-02-25,S181-06.50,Clalen O2O2 D_Sepia Choco EX_90P,P3405A-06.50SPC,O2O2 D_Sepia Choco EX,"1,890",203000000000.0,,국내
2026-02-25,S181-06.50,Clalen O2O2 D_Sepia Choco EX_90P,P3405A-06.50SPC,O2O2 D_Sepia Choco EX,"1,620",203000000000.0,,국내
2026-02-25,S181-06.50,Clalen O2O2 D_Sepia Choco EX_90P,P3405A-06.50SPC,O2O2 D_Sepia Choco EX,"1,350",203000000000.0,,국내
2026-02-25,S181-06.50,Clalen O2O2 D_Sepia Choco EX_90P,P3405A-06.50SPC,O2O2 D_Sepia Choco EX,"1,080",203000000000.0,,국내
2026-02-25,S181-06.50,Clalen O2O2 D_Sepia Choco EX_90P,P3405A-06.50SPC,O2O2 D_Sepia Choco EX,"1,530",203000000000.0,,국내
2026-02-25,S181-06.50,Clalen O2O2 D_Sepia Choco EX_90P,P3405A-06.50SPC,O2O2 D_Sepia Choco EX,"1,350",203000000000.0,,국내
2026-02-25,S181-06.50,Clalen O2O2 D_Sepia Choco EX_90P,P3405A-06.50SPC,O2O2 D_Sepia Choco EX,"1,890",203000000000.0,,국내
2026-02-25,S181-06.50,Clalen O2O2 D_Sepia Choco EX_90P,P3405A-06.50SPC,O2O2 D_Sepia Choco EX,"1,530",203000000000.0,,국내
2026-02-25,S181-06.50,Clalen O2O2 D_Sepia Choco EX_90P,P3405A-06.50SPC,O2O2 D_Sepia Choco EX,"1,440",203000000000.0,,국내
2026-02-25,S181-06.50,Clalen O2O2 D_Sepia Choco EX_90P,P3405A-06.50SPC,O2O2 D_Sepia Choco EX,"1,350",203000000000.0,,국내
2026-02-25,S181-07.00,Clalen O2O2 D_Sepia Choco EX_90P,P3405A-07.00SPC,O2O2 D_Sepia Choco EX,"1,350",203000000000.0,,국내
2026-02-25,S181-07.00,Clalen O2O2 D_Sepia Choco EX_90P,P3405A-07.00SPC,O2O2 D_Sepia Choco EX,180,203000000000.0,,국내
2026-02-25,S181-07.00,Clalen O2O2 D_Sepia Choco EX_90P,P3405A-07.00SPC,O2O2 D_Sepia Choco EX,90,203000000000.0,,국내
2026-02-25,S181-07.00,Clalen O2O2 D_Sepia Choco EX_90P,P3405A-07.00SPC,O2O2 D_Sepia Choco EX,360,203000000000.0,,국내
2026-02-25,S181-07.00,Clalen O2O2 D_Sepia Choco EX_90P,P3405A-07.00SPC,O2O2 D_Sepia Choco EX,"1,440",203000000000.0,,국내
2026-02-25,S181-07.00,Clalen O2O2 D_Sepia Choco EX_90P,P3405A-07.00SPC,O2O2 D_Sepia Choco EX,"1,350",203000000000.0,,국내
2026-02-25,S181-07.00,Clalen O2O2 D_Sepia Choco EX_90P,P3405A-07.00SPC,O2O2 D_Sepia Choco EX,"1,350",203000000000.0,,국내
2026-02-25,S181-07.00,Clalen O2O2 D_Sepia Choco EX_90P,P3405A-07.00SPC,O2O2 D_Sepia Choco EX,"1,260",203000000000.0,,국내
2026-02-25,S181-07.00,Clalen O2O2 D_Sepia Choco EX_90P,P3405A-07.00SPC,O2O2 D_Sepia Choco EX,"1,620",203000000000.0,,국내
2026-02-25,S181-07.50,Clalen O2O2 D_Sepia Choco EX_90P,P3405A-07.50SPC,O2O2 D_Sepia Choco EX,"1,440",203000000000.0,,국내
2026-02-25,S181-07.50,Clalen O2O2 D_Sepia Choco EX_90P,P3405A-07.50SPC,O2O2 D_Sepia Choco EX,990,203000000000.0,,국내
2026-02-25,S181-07.50,Clalen O2O2 D_Sepia Choco EX_90P,P3405A-07.50SPC,O2O2 D_Sepia Choco EX,"1,530",203000000000.0,,국내
2026-02-25,S181-07.50,Clalen O2O2 D_Sepia Choco EX_90P,P3405A-07.50SPC,O2O2 D_Sepia Choco EX,"1,620",203000000000.0,,국내
2026-02-25,S181-07.50,Clalen O2O2 D_Sepia Choco EX_90P,P3405A-07.50SPC,O2O2 D_Sepia Choco EX,810,203000000000.0,,국내
2026-02-25,S181-07.50,Clalen O2O2 D_Sepia Choco EX_90P,P3405A-07.50SPC,O2O2 D_Sepia Choco EX,"1,440",203000000000.0,,국내
2026-02-25,S181-07.50,Clalen O2O2 D_Sepia Choco EX_90P,P3405A-07.50SPC,O2O2 D_Sepia Choco EX,"1,260",203000000000.0,,국내
2026-02-25,S181-08.50,Clalen O2O2 D_Sepia Choco EX_90P,P3405A-08.50SPC,O2O2 D_Sepia Choco EX,720,203000000000.0,,국내
2026-02-25,S181-08.50,Clalen O2O2 D_Sepia Choco EX_90P,P3405A-08.50SPC,O2O2 D_Sepia Choco EX,720,203000000000.0,,국내
2026-02-25,S181-08.50,Clalen O2O2 D_Sepia Choco EX_90P,P3405A-08.50SPC,O2O2 D_Sepia Choco EX,810,203000000000.0,,국내
2026-02-25,S181-08.50,Clalen O2O2 D_Sepia Choco EX_90P,P3405A-08.50SPC,O2O2 D_Sepia Choco EX,720,203000000000.0,,국내
2026-02-25,S181-08.50,Clalen O2O2 D_Sepia Choco EX_90P,P3405A-08.50SPC,O2O2 D_Sepia Choco EX,"1,710",203000000000.0,,국내
2026-02-25,S181-08.50,Clalen O2O2 D_Sepia Choco EX_90P,P3405A-08.50SPC,O2O2 D_Sepia Choco EX,"1,080",203000000000.0,,국내
2026-02-25,S181-08.50,Clalen O2O2 D_Sepia Choco EX_90P,P3405A-08.50SPC,O2O2 D_Sepia Choco EX,630,203000000000.0,,국내
2026-02-25,S181-08.50,Clalen O2O2 D_Sepia Choco EX_90P,P3405A-08.50SPC,O2O2 D_Sepia Choco EX,"1,440",203000000000.0,,국내
2026-02-25,S181-08.50,Clalen O2O2 D_Sepia Choco EX_90P,P3405A-08.50SPC,O2O2 D_Sepia Choco EX,"1,260",203000000000.0,,국내
2026-02-25,S181-09.00,Clalen O2O2 D_Sepia Choco EX_90P,P3405A-09.00SPC,O2O2 D_Sepia Choco EX,"1,440",203000000000.0,,국내
2026-02-25,S181-09.00,Clalen O2O2 D_Sepia Choco EX_90P,P3405A-09.00SPC,O2O2 D_Sepia Choco EX,810,203000000000.0,,국내
2026-02-25,S181-09.00,Clalen O2O2 D_Sepia Choco EX_90P,P3405A-09.00SPC,O2O2 D_Sepia Choco EX,900,203000000000.0,,국내
2026-02-25,S181-09.00,Clalen O2O2 D_Sepia Choco EX_90P,P3405A-09.00SPC,O2O2 D_Sepia Choco EX,"1,710",203000000000.0,,국내
2026-02-25,S181-09.00,Clalen O2O2 D_Sepia Choco EX_90P,P3405A-09.00SPC,O2O2 D_Sepia Choco EX,"1,260",203000000000.0,,국내
2026-02-25,S181-09.00,Clalen O2O2 D_Sepia Choco EX_90P,P3405A-09.00SPC,O2O2 D_Sepia Choco EX,900,203000000000.0,,국내
2026-02-25,S181-09.00,Clalen O2O2 D_Sepia Choco EX_90P,P3405A-09.00SPC,O2O2 D_Sepia Choco EX,990,203000000000.0,,국내
2026-02-25,S181-09.00,Clalen O2O2 D_Sepia Choco EX_90P,P3405A-09.00SPC,O2O2 D_Sepia Choco EX,990,203000000000.0,,국내
2026-02-25,S181-09.50,Clalen O2O2 D_Sepia Choco EX_90P,P3405A-09.50SPC,O2O2 D_Sepia Choco EX,540,203000000000.0,,국내
2026-02-25,S181-09.50,Clalen O2O2 D_Sepia Choco EX_90P,P3405A-09.50SPC,O2O2 D_Sepia Choco EX,"1,710",203000000000.0,,국내
2026-02-25,S181-09.50,Clalen O2O2 D_Sepia Choco EX_90P,P3405A-09.50SPC,O2O2 D_Sepia Choco EX,"1,620",203000000000.0,,국내
2026-02-25,S181-09.50,Clalen O2O2 D_Sepia Choco EX_90P,P3405A-09.50SPC,O2O2 D_Sepia Choco EX,"1,530",203000000000.0,,국내
2026-02-25,S181-09.50,Clalen O2O2 D_Sepia Choco EX_90P,P3405A-09.50SPC,O2O2 D_Sepia Choco EX,"1,620",203000000000.0,,국내
2026-02-25,S181-09.50,Clalen O2O2 D_Sepia Choco EX_90P,P3405A-09.50SPC,O2O2 D_Sepia Choco EX,"1,710",203000000000.0,,국내
2026-02-25,S181-10.00,Clalen O2O2 D_Sepia Choco EX_90P,P3405A-10.00SPC,O2O2 D_Sepia Choco EX,"1,260",203000000000.0,,국내
2026-02-25,S181-10.00,Clalen O2O2 D_Sepia Choco EX_90P,P3405A-10.00SPC,O2O2 D_Sepia Choco EX,"1,170",203000000000.0,,국내
2026-02-25,S181-10.00,Clalen O2O2 D_Sepia Choco EX_90P,P3405A-10.00SPC,O2O2 D_Sepia Choco EX,720,203000000000.0,,국내
2026-02-25,S181-10.00,Clalen O2O2 D_Sepia Choco EX_90P,P3405A-10.00SPC,O2O2 D_Sepia Choco EX,630,203000000000.0,,국내
2026-02-25,S181-10.00,Clalen O2O2 D_Sepia Choco EX_90P,P3405A-10.00SPC,O2O2 D_Sepia Choco EX,990,203000000000.0,,국내
2026-02-25,S181-10.00,Clalen O2O2 D_Sepia Choco EX_90P,P3405A-10.00SPC,O2O2 D_Sepia Choco EX,"1,710",203000000000.0,,국내
2026-02-25,S181-10.00,Clalen O2O2 D_Sepia Choco EX_90P,P3405A-10.00SPC,O2O2 D_Sepia Choco EX,"1,350",203000000000.0,,국내
2026-02-25,S183-00.00,Clalen O2O2 D_Ash Gray EX_90P,P3407A-00.00ASG,O2O2 D_Ash Gray EX,"1,530",203000000000.0,,국내
2026-02-25,S183-00.00,Clalen O2O2 D_Ash Gray EX_90P,P3407A-00.00ASG,O2O2 D_Ash Gray EX,"1,620",203000000000.0,,국내
2026-02-25,S183-00.00,Clalen O2O2 D_Ash Gray EX_90P,P3407A-00.00ASG,O2O2 D_Ash Gray EX,"1,530",203000000000.0,,국내
2026-02-25,S183-00.00,Clalen O2O2 D_Ash Gray EX_90P,P3407A-00.00ASG,O2O2 D_Ash Gray EX,"1,530",203000000000.0,,국내
2026-02-25,S183-00.00,Clalen O2O2 D_Ash Gray EX_90P,P3407A-00.00ASG,O2O2 D_Ash Gray EX,"1,350",203000000000.0,,국내
2026-02-25,S183-00.00,Clalen O2O2 D_Ash Gray EX_90P,P3407A-00.00ASG,O2O2 D_Ash Gray EX,"1,440",203000000000.0,,국내
2026-02-25,S183-00.00,Clalen O2O2 D_Ash Gray EX_90P,P3407A-00.00ASG,O2O2 D_Ash Gray EX,"1,350",203000000000.0,,국내
2026-02-25,S183-00.00,Clalen O2O2 D_Ash Gray EX_90P,P3407A-00.00ASG,O2O2 D_Ash Gray EX,"1,350",203000000000.0,,국내
2026-02-25,S183-00.00,Clalen O2O2 D_Ash Gray EX_90P,P3407A-00.00ASG,O2O2 D_Ash Gray EX,"1,350",203000000000.0,,국내
2026-02-25,S183-00.00,Clalen O2O2 D_Ash Gray EX_90P,P3407A-00.00ASG,O2O2 D_Ash Gray EX,450,203000000000.0,,국내
2026-02-25,S183-00.50,Clalen O2O2 D_Ash Gray EX_90P,P3407A-00.50ASG,O2O2 D_Ash Gray EX,"1,530",203000000000.0,,국내
2026-02-25,S183-00.50,Clalen O2O2 D_Ash Gray EX_90P,P3407A-00.50ASG,O2O2 D_Ash Gray EX,"1,260",203000000000.0,,국내
2026-02-25,S183-00.50,Clalen O2O2 D_Ash Gray EX_90P,P3407A-00.50ASG,O2O2 D_Ash Gray EX,"1,530",203000000000.0,,국내
2026-02-25,S183-00.50,Clalen O2O2 D_Ash Gray EX_90P,P3407A-00.50ASG,O2O2 D_Ash Gray EX,"1,440",203000000000.0,,국내
2026-02-25,S183-00.50,Clalen O2O2 D_Ash Gray EX_90P,P3407A-00.50ASG,O2O2 D_Ash Gray EX,"1,620",203000000000.0,,국내
2026-02-25,S183-00.50,Clalen O2O2 D_Ash Gray EX_90P,P3407A-00.50ASG,O2O2 D_Ash Gray EX,"1,620",203000000000.0,,국내
2026-02-25,S183-00.75,Clalen O2O2 D_Ash Gray EX_90P,P3407A-00.75ASG,O2O2 D_Ash Gray EX,"1,620",203000000000.0,,국내
2026-02-25,S183-00.75,Clalen O2O2 D_Ash Gray EX_90P,P3407A-00.75ASG,O2O2 D_Ash Gray EX,"1,620",203000000000.0,,국내
2026-02-25,S183-00.75,Clalen O2O2 D_Ash Gray EX_90P,P3407A-00.75ASG,O2O2 D_Ash Gray EX,"1,440",203000000000.0,,국내
2026-02-25,S183-00.75,Clalen O2O2 D_Ash Gray EX_90P,P3407A-00.75ASG,O2O2 D_Ash Gray EX,"1,260",203000000000.0,,국내
2026-02-25,S183-00.75,Clalen O2O2 D_Ash Gray EX_90P,P3407A-00.75ASG,O2O2 D_Ash Gray EX,"1,710",203000000000.0,,국내
2026-02-25,S183-00.75,Clalen O2O2 D_Ash Gray EX_90P,P3407A-00.75ASG,O2O2 D_Ash Gray EX,"1,350",203000000000.0,,국내
2026-02-25,S183-01.00,Clalen O2O2 D_Ash Gray EX_90P,P3407A-01.00ASG,O2O2 D_Ash Gray EX,900,203000000000.0,,국내
2026-02-25,S183-01.00,Clalen O2O2 D_Ash Gray EX_90P,P3407A-01.00ASG,O2O2 D_Ash Gray EX,"1,710",203000000000.0,,국내
2026-02-25,S183-01.00,Clalen O2O2 D_Ash Gray EX_90P,P3407A-01.00ASG,O2O2 D_Ash Gray EX,90,203000000000.0,,국내
2026-02-25,S183-01.00,Clalen O2O2 D_Ash Gray EX_90P,P3407A-01.00ASG,O2O2 D_Ash Gray EX,"1,620",203000000000.0,,국내
2026-02-25,S183-01.00,Clalen O2O2 D_Ash Gray EX_90P,P3407A-01.00ASG,O2O2 D_Ash Gray EX,"1,710",203000000000.0,,국내
2026-02-25,S183-01.00,Clalen O2O2 D_Ash Gray EX_90P,P3407A-01.00ASG,O2O2 D_Ash Gray EX,720,203000000000.0,,국내
2026-02-25,S183-01.00,Clalen O2O2 D_Ash Gray EX_90P,P3407A-01.00ASG,O2O2 D_Ash Gray EX,450,203000000000.0,,국내
2026-02-25,S183-01.00,Clalen O2O2 D_Ash Gray EX_90P,P3407A-01.00ASG,O2O2 D_Ash Gray EX,"1,800",203000000000.0,,국내
2026-02-25,S183-01.50,Clalen O2O2 D_Ash Gray EX_90P,P3407A-01.50ASG,O2O2 D_Ash Gray EX,"1,530",203000000000.0,,국내
2026-02-25,S183-01.50,Clalen O2O2 D_Ash Gray EX_90P,P3407A-01.50ASG,O2O2 D_Ash Gray EX,"1,440",203000000000.0,,국내
2026-02-25,S183-01.50,Clalen O2O2 D_Ash Gray EX_90P,P3407A-01.50ASG,O2O2 D_Ash Gray EX,"1,620",203000000000.0,,국내
2026-02-25,S183-01.50,Clalen O2O2 D_Ash Gray EX_90P,P3407A-01.50ASG,O2O2 D_Ash Gray EX,630,203000000000.0,,국내
2026-02-25,S183-01.50,Clalen O2O2 D_Ash Gray EX_90P,P3407A-01.50ASG,O2O2 D_Ash Gray EX,"1,800",203000000000.0,,국내
2026-02-25,S183-01.50,Clalen O2O2 D_Ash Gray EX_90P,P3407A-01.50ASG,O2O2 D_Ash Gray EX,"1,890",203000000000.0,,국내
2026-02-25,S183-01.50,Clalen O2O2 D_Ash Gray EX_90P,P3407A-01.50ASG,O2O2 D_Ash Gray EX,90,203000000000.0,,국내
2026-02-25,S183-02.50,Clalen O2O2 D_Ash Gray EX_90P,P3407A-02.50ASG,O2O2 D_Ash Gray EX,"1,620",203000000000.0,,국내
2026-02-25,S183-02.50,Clalen O2O2 D_Ash Gray EX_90P,P3407A-02.50ASG,O2O2 D_Ash Gray EX,"1,620",203000000000.0,,국내
2026-02-25,S183-02.50,Clalen O2O2 D_Ash Gray EX_90P,P3407A-02.50ASG,O2O2 D_Ash Gray EX,"1,440",203000000000.0,,국내
2026-02-25,S183-02.50,Clalen O2O2 D_Ash Gray EX_90P,P3407A-02.50ASG,O2O2 D_Ash Gray EX,630,203000000000.0,,국내
2026-02-25,S183-02.50,Clalen O2O2 D_Ash Gray EX_90P,P3407A-02.50ASG,O2O2 D_Ash Gray EX,90,203000000000.0,,국내
2026-02-25,S183-02.50,Clalen O2O2 D_Ash Gray EX_90P,P3407A-02.50ASG,O2O2 D_Ash Gray EX,"1,440",203000000000.0,,국내
2026-02-25,S183-02.50,Clalen O2O2 D_Ash Gray EX_90P,P3407A-02.50ASG,O2O2 D_Ash Gray EX,540,203000000000.0,,국내
2026-02-25,S183-02.50,Clalen O2O2 D_Ash Gray EX_90P,P3407A-02.50ASG,O2O2 D_Ash Gray EX,"1,620",203000000000.0,,국내
2026-02-25,S183-02.75,Clalen O2O2 D_Ash Gray EX_90P,P3407A-02.75ASG,O2O2 D_Ash Gray EX,"1,620",203000000000.0,,국내
2026-02-25,S183-02.75,Clalen O2O2 D_Ash Gray EX_90P,P3407A-02.75ASG,O2O2 D_Ash Gray EX,"1,620",203000000000.0,,국내
2026-02-25,S183-02.75,Clalen O2O2 D_Ash Gray EX_90P,P3407A-02.75ASG,O2O2 D_Ash Gray EX,"1,800",203000000000.0,,국내
2026-02-25,S183-02.75,Clalen O2O2 D_Ash Gray EX_90P,P3407A-02.75ASG,O2O2 D_Ash Gray EX,"1,710",203000000000.0,,국내
2026-02-25,S183-02.75,Clalen O2O2 D_Ash Gray EX_90P,P3407A-02.75ASG,O2O2 D_Ash Gray EX,360,203000000000.0,,국내
2026-02-25,S183-03.25,Clalen O2O2 D_Ash Gray EX_90P,P3407A-03.25ASG,O2O2 D_Ash Gray EX,900,203000000000.0,,국내
2026-02-25,S183-03.25,Clalen O2O2 D_Ash Gray EX_90P,P3407A-03.25ASG,O2O2 D_Ash Gray EX,"1,890",203000000000.0,,국내
2026-02-25,S183-03.25,Clalen O2O2 D_Ash Gray EX_90P,P3407A-03.25ASG,O2O2 D_Ash Gray EX,"1,620",203000000000.0,,국내
2026-02-25,S183-03.25,Clalen O2O2 D_Ash Gray EX_90P,P3407A-03.25ASG,O2O2 D_Ash Gray EX,"1,800",203000000000.0,,국내
2026-02-25,S183-03.25,Clalen O2O2 D_Ash Gray EX_90P,P3407A-03.25ASG,O2O2 D_Ash Gray EX,"1,890",203000000000.0,,국내
2026-02-25,S183-03.25,Clalen O2O2 D_Ash Gray EX_90P,P3407A-03.25ASG,O2O2 D_Ash Gray EX,900,203000000000.0,,국내
2026-02-25,S183-03.75,Clalen O2O2 D_Ash Gray EX_90P,P3407A-03.75ASG,O2O2 D_Ash Gray EX,90,203000000000.0,,국내
2026-02-25,S183-03.75,Clalen O2O2 D_Ash Gray EX_90P,P3407A-03.75ASG,O2O2 D_Ash Gray EX,180,203000000000.0,,국내
2026-02-25,S183-03.75,Clalen O2O2 D_Ash Gray EX_90P,P3407A-03.75ASG,O2O2 D_Ash Gray EX,"1,800",203000000000.0,,국내
2026-02-25,S183-03.75,Clalen O2O2 D_Ash Gray EX_90P,P3407A-03.75ASG,O2O2 D_Ash Gray EX,"1,800",203000000000.0,,국내
2026-02-25,S183-03.75,Clalen O2O2 D_Ash Gray EX_90P,P3407A-03.75ASG,O2O2 D_Ash Gray EX,540,203000000000.0,,국내
2026-02-25,S183-03.75,Clalen O2O2 D_Ash Gray EX_90P,P3407A-03.75ASG,O2O2 D_Ash Gray EX,630,203000000000.0,,국내
2026-02-25,S183-03.75,Clalen O2O2 D_Ash Gray EX_90P,P3407A-03.75ASG,O2O2 D_Ash Gray EX,"1,530",203000000000.0,,국내
2026-02-25,S183-03.75,Clalen O2O2 D_Ash Gray EX_90P,P3407A-03.75ASG,O2O2 D_Ash Gray EX,"1,620",203000000000.0,,국내
2026-02-25,S183-03.75,Clalen O2O2 D_Ash Gray EX_90P,P3407A-03.75ASG,O2O2 D_Ash Gray EX,810,203000000000.0,,국내
2026-02-25,S183-04.25,Clalen O2O2 D_Ash Gray EX_90P,P3407A-04.25ASG,O2O2 D_Ash Gray EX,"1,260",203000000000.0,,국내
2026-02-25,S183-04.25,Clalen O2O2 D_Ash Gray EX_90P,P3407A-04.25ASG,O2O2 D_Ash Gray EX,"1,620",203000000000.0,,국내
2026-02-25,S183-04.25,Clalen O2O2 D_Ash Gray EX_90P,P3407A-04.25ASG,O2O2 D_Ash Gray EX,"1,620",203000000000.0,,국내
2026-02-25,S183-04.25,Clalen O2O2 D_Ash Gray EX_90P,P3407A-04.25ASG,O2O2 D_Ash Gray EX,540,203000000000.0,,국내
2026-02-25,S183-04.25,Clalen O2O2 D_Ash Gray EX_90P,P3407A-04.25ASG,O2O2 D_Ash Gray EX,"1,260",203000000000.0,,국내
2026-02-25,S183-04.25,Clalen O2O2 D_Ash Gray EX_90P,P3407A-04.25ASG,O2O2 D_Ash Gray EX,"1,350",203000000000.0,,국내
2026-02-25,S183-04.25,Clalen O2O2 D_Ash Gray EX_90P,P3407A-04.25ASG,O2O2 D_Ash Gray EX,"1,350",203000000000.0,,국내
2026-02-25,S183-04.75,Clalen O2O2 D_Ash Gray EX_90P,P3407A-04.75ASG,O2O2 D_Ash Gray EX,"1,260",203000000000.0,,국내
2026-02-25,S183-04.75,Clalen O2O2 D_Ash Gray EX_90P,P3407A-04.75ASG,O2O2 D_Ash Gray EX,180,203000000000.0,,국내
2026-02-25,S183-04.75,Clalen O2O2 D_Ash Gray EX_90P,P3407A-04.75ASG,O2O2 D_Ash Gray EX,"1,350",203000000000.0,,국내
2026-02-25,S183-04.75,Clalen O2O2 D_Ash Gray EX_90P,P3407A-04.75ASG,O2O2 D_Ash Gray EX,"1,530",203000000000.0,,국내
2026-02-25,S183-04.75,Clalen O2O2 D_Ash Gray EX_90P,P3407A-04.75ASG,O2O2 D_Ash Gray EX,"1,710",203000000000.0,,국내
2026-02-25,S183-04.75,Clalen O2O2 D_Ash Gray EX_90P,P3407A-04.75ASG,O2O2 D_Ash Gray EX,"1,440",203000000000.0,,국내
2026-02-25,S183-04.75,Clalen O2O2 D_Ash Gray EX_90P,P3407A-04.75ASG,O2O2 D_Ash Gray EX,90,203000000000.0,,국내
2026-02-25,S183-04.75,Clalen O2O2 D_Ash Gray EX_90P,P3407A-04.75ASG,O2O2 D_Ash Gray EX,90,203000000000.0,,국내
2026-02-25,S183-04.75,Clalen O2O2 D_Ash Gray EX_90P,P3407A-04.75ASG,O2O2 D_Ash Gray EX,"1,350",203000000000.0,,국내
2026-02-25,S183-06.50,Clalen O2O2 D_Ash Gray EX_90P,P3407A-06.50ASG,O2O2 D_Ash Gray EX,180,203000000000.0,,국내
2026-02-25,S183-06.50,Clalen O2O2 D_Ash Gray EX_90P,P3407A-06.50ASG,O2O2 D_Ash Gray EX,"1,710",203000000000.0,,국내
2026-02-25,S183-06.50,Clalen O2O2 D_Ash Gray EX_90P,P3407A-06.50ASG,O2O2 D_Ash Gray EX,"1,260",203000000000.0,,국내
2026-02-25,S183-06.50,Clalen O2O2 D_Ash Gray EX_90P,P3407A-06.50ASG,O2O2 D_Ash Gray EX,"1,350",203000000000.0,,국내
2026-02-25,S183-06.50,Clalen O2O2 D_Ash Gray EX_90P,P3407A-06.50ASG,O2O2 D_Ash Gray EX,"1,530",203000000000.0,,국내
2026-02-25,S183-06.50,Clalen O2O2 D_Ash Gray EX_90P,P3407A-06.50ASG,O2O2 D_Ash Gray EX,"1,530",203000000000.0,,국내
2026-02-25,S183-06.50,Clalen O2O2 D_Ash Gray EX_90P,P3407A-06.50ASG,O2O2 D_Ash Gray EX,"1,440",203000000000.0,,국내
2026-02-26,S181-02.00,Clalen O2O2 D_Sepia Choco EX_90P,P3405A-02.00SPC,O2O2 D_Sepia Choco EX,270,203000000000.0,,국내
2026-02-26,S181-08.00,Clalen O2O2 D_Sepia Choco EX_90P,P3405A-08.00SPC,O2O2 D_Sepia Choco EX,360,203000000000.0,,국내
2026-02-26,S181-08.00,Clalen O2O2 D_Sepia Choco EX_90P,P3405A-08.00SPC,O2O2 D_Sepia Choco EX,"1,440",203000000000.0,,국내
2026-02-26,S181-08.00,Clalen O2O2 D_Sepia Choco EX_90P,P3405A-08.00SPC,O2O2 D_Sepia Choco EX,"1,890",203000000000.0,,국내
2026-02-26,S181-08.00,Clalen O2O2 D_Sepia Choco EX_90P,P3405A-08.00SPC,O2O2 D_Sepia Choco EX,360,203000000000.0,,국내
2026-02-26,S181-08.00,Clalen O2O2 D_Sepia Choco EX_90P,P3405A-08.00SPC,O2O2 D_Sepia Choco EX,"1,440",203000000000.0,,국내
2026-02-26,S181-08.00,Clalen O2O2 D_Sepia Choco EX_90P,P3405A-08.00SPC,O2O2 D_Sepia Choco EX,"1,350",203000000000.0,,국내
2026-02-26,S182-00.00,Clalen O2O2 D_Ash Brown EX_90P,P3406A-00.00ASB,O2O2 D_Ash Brown EX,"1,440",203000000000.0,,국내
2026-02-26,S182-00.00,Clalen O2O2 D_Ash Brown EX_90P,P3406A-00.00ASB,O2O2 D_Ash Brown EX,"1,800",203000000000.0,,국내
2026-02-26,S182-00.00,Clalen O2O2 D_Ash Brown EX_90P,P3406A-00.00ASB,O2O2 D_Ash Brown EX,"1,980",203000000000.0,,국내
2026-02-26,S182-00.00,Clalen O2O2 D_Ash Brown EX_90P,P3406A-00.00ASB,O2O2 D_Ash Brown EX,"1,980",203000000000.0,,국내
2026-02-26,S182-00.00,Clalen O2O2 D_Ash Brown EX_90P,P3406A-00.00ASB,O2O2 D_Ash Brown EX,"2,070",203000000000.0,,국내
2026-02-26,S182-00.00,Clalen O2O2 D_Ash Brown EX_90P,P3406A-00.00ASB,O2O2 D_Ash Brown EX,"1,890",203000000000.0,,국내
2026-02-26,S182-00.00,Clalen O2O2 D_Ash Brown EX_90P,P3406A-00.00ASB,O2O2 D_Ash Brown EX,"1,890",203000000000.0,,국내
2026-02-26,S182-00.00,Clalen O2O2 D_Ash Brown EX_90P,P3406A-00.00ASB,O2O2 D_Ash Brown EX,"1,710",203000000000.0,,국내
2026-02-26,S182-01.00,Clalen O2O2 D_Ash Brown EX_90P,P3406A-01.00ASB,O2O2 D_Ash Brown EX,"1,620",203000000000.0,,국내
2026-02-26,S182-01.00,Clalen O2O2 D_Ash Brown EX_90P,P3406A-01.00ASB,O2O2 D_Ash Brown EX,"1,170",203000000000.0,,국내
2026-02-26,S182-01.00,Clalen O2O2 D_Ash Brown EX_90P,P3406A-01.00ASB,O2O2 D_Ash Brown EX,900,203000000000.0,,국내
2026-02-26,S182-01.00,Clalen O2O2 D_Ash Brown EX_90P,P3406A-01.00ASB,O2O2 D_Ash Brown EX,720,203000000000.0,,국내
2026-02-26,S182-01.00,Clalen O2O2 D_Ash Brown EX_90P,P3406A-01.00ASB,O2O2 D_Ash Brown EX,630,203000000000.0,,국내
2026-02-26,S182-01.00,Clalen O2O2 D_Ash Brown EX_90P,P3406A-01.00ASB,O2O2 D_Ash Brown EX,990,203000000000.0,,국내
2026-02-26,S182-01.00,Clalen O2O2 D_Ash Brown EX_90P,P3406A-01.00ASB,O2O2 D_Ash Brown EX,810,203000000000.0,,국내
2026-02-26,S182-01.00,Clalen O2O2 D_Ash Brown EX_90P,P3406A-01.00ASB,O2O2 D_Ash Brown EX,450,203000000000.0,,국내
2026-02-26,S182-01.25,Clalen O2O2 D_Ash Brown EX_90P,P3406A-01.25ASB,O2O2 D_Ash Brown EX,270,203000000000.0,,국내
2026-02-26,S182-01.25,Clalen O2O2 D_Ash Brown EX_90P,P3406A-01.25ASB,O2O2 D_Ash Brown EX,540,203000000000.0,,국내
2026-02-26,S182-01.25,Clalen O2O2 D_Ash Brown EX_90P,P3406A-01.25ASB,O2O2 D_Ash Brown EX,"1,350",203000000000.0,,국내
2026-02-26,S182-01.25,Clalen O2O2 D_Ash Brown EX_90P,P3406A-01.25ASB,O2O2 D_Ash Brown EX,"1,260",203000000000.0,,국내
2026-02-26,S182-01.25,Clalen O2O2 D_Ash Brown EX_90P,P3406A-01.25ASB,O2O2 D_Ash Brown EX,"1,440",203000000000.0,,국내
2026-02-26,S182-01.25,Clalen O2O2 D_Ash Brown EX_90P,P3406A-01.25ASB,O2O2 D_Ash Brown EX,990,203000000000.0,,국내
2026-02-26,S182-01.25,Clalen O2O2 D_Ash Brown EX_90P,P3406A-01.25ASB,O2O2 D_Ash Brown EX,"1,170",203000000000.0,,국내
2026-02-26,S182-01.50,Clalen O2O2 D_Ash Brown EX_90P,P3406A-01.50ASB,O2O2 D_Ash Brown EX,"1,260",203000000000.0,,국내
2026-02-26,S182-01.50,Clalen O2O2 D_Ash Brown EX_90P,P3406A-01.50ASB,O2O2 D_Ash Brown EX,"1,350",203000000000.0,,국내
2026-02-26,S182-01.50,Clalen O2O2 D_Ash Brown EX_90P,P3406A-01.50ASB,O2O2 D_Ash Brown EX,"1,080",203000000000.0,,국내
2026-02-26,S182-01.50,Clalen O2O2 D_Ash Brown EX_90P,P3406A-01.50ASB,O2O2 D_Ash Brown EX,"1,710",203000000000.0,,국내
2026-02-26,S182-01.50,Clalen O2O2 D_Ash Brown EX_90P,P3406A-01.50ASB,O2O2 D_Ash Brown EX,990,203000000000.0,,국내
2026-02-26,S182-01.50,Clalen O2O2 D_Ash Brown EX_90P,P3406A-01.50ASB,O2O2 D_Ash Brown EX,900,203000000000.0,,국내
2026-02-26,S182-01.50,Clalen O2O2 D_Ash Brown EX_90P,P3406A-01.50ASB,O2O2 D_Ash Brown EX,"1,080",203000000000.0,,국내
2026-02-26,S182-01.50,Clalen O2O2 D_Ash Brown EX_90P,P3406A-01.50ASB,O2O2 D_Ash Brown EX,900,203000000000.0,,국내
2026-02-26,S182-01.75,Clalen O2O2 D_Ash Brown EX_90P,P3406A-01.75ASB,O2O2 D_Ash Brown EX,360,203000000000.0,,국내
2026-02-26,S182-01.75,Clalen O2O2 D_Ash Brown EX_90P,P3406A-01.75ASB,O2O2 D_Ash Brown EX,270,203000000000.0,,국내
2026-02-26,S182-01.75,Clalen O2O2 D_Ash Brown EX_90P,P3406A-01.75ASB,O2O2 D_Ash Brown EX,"1,890",203000000000.0,,국내
2026-02-26,S182-01.75,Clalen O2O2 D_Ash Brown EX_90P,P3406A-01.75ASB,O2O2 D_Ash Brown EX,"1,530",203000000000.0,,국내
2026-02-26,S182-01.75,Clalen O2O2 D_Ash Brown EX_90P,P3406A-01.75ASB,O2O2 D_Ash Brown EX,630,203000000000.0,,국내
2026-02-26,S182-01.75,Clalen O2O2 D_Ash Brown EX_90P,P3406A-01.75ASB,O2O2 D_Ash Brown EX,"1,710",203000000000.0,,국내
2026-02-26,S182-01.75,Clalen O2O2 D_Ash Brown EX_90P,P3406A-01.75ASB,O2O2 D_Ash Brown EX,"1,260",203000000000.0,,국내
2026-02-26,S182-01.75,Clalen O2O2 D_Ash Brown EX_90P,P3406A-01.75ASB,O2O2 D_Ash Brown EX,"2,070",203000000000.0,,국내
2026-02-26,S182-02.00,Clalen O2O2 D_Ash Brown EX_90P,P3406A-02.00ASB,O2O2 D_Ash Brown EX,"1,710",203000000000.0,,국내
2026-02-26,S182-02.00,Clalen O2O2 D_Ash Brown EX_90P,P3406A-02.00ASB,O2O2 D_Ash Brown EX,"1,440",203000000000.0,,국내
2026-02-26,S182-02.00,Clalen O2O2 D_Ash Brown EX_90P,P3406A-02.00ASB,O2O2 D_Ash Brown EX,540,203000000000.0,,국내
2026-02-26,S182-02.00,Clalen O2O2 D_Ash Brown EX_90P,P3406A-02.00ASB,O2O2 D_Ash Brown EX,360,203000000000.0,,국내
2026-02-26,S182-02.00,Clalen O2O2 D_Ash Brown EX_90P,P3406A-02.00ASB,O2O2 D_Ash Brown EX,270,203000000000.0,,국내
2026-02-26,S182-02.25,Clalen O2O2 D_Ash Brown EX_90P,P3406A-02.25ASB,O2O2 D_Ash Brown EX,"1,440",203000000000.0,,국내
2026-02-26,S182-02.25,Clalen O2O2 D_Ash Brown EX_90P,P3406A-02.25ASB,O2O2 D_Ash Brown EX,"1,620",203000000000.0,,국내
2026-02-26,S182-02.25,Clalen O2O2 D_Ash Brown EX_90P,P3406A-02.25ASB,O2O2 D_Ash Brown EX,90,203000000000.0,,국내
2026-02-26,S182-02.25,Clalen O2O2 D_Ash Brown EX_90P,P3406A-02.25ASB,O2O2 D_Ash Brown EX,540,203000000000.0,,국내
2026-02-26,S182-02.25,Clalen O2O2 D_Ash Brown EX_90P,P3406A-02.25ASB,O2O2 D_Ash Brown EX,"1,710",203000000000.0,,국내
2026-02-26,S182-02.25,Clalen O2O2 D_Ash Brown EX_90P,P3406A-02.25ASB,O2O2 D_Ash Brown EX,"1,440",203000000000.0,,국내
2026-02-26,S182-02.25,Clalen O2O2 D_Ash Brown EX_90P,P3406A-02.25ASB,O2O2 D_Ash Brown EX,720,203000000000.0,,국내
2026-02-26,S182-02.50,Clalen O2O2 D_Ash Brown EX_90P,P3406A-02.50ASB,O2O2 D_Ash Brown EX,"1,530",203000000000.0,,국내
2026-02-26,S182-02.50,Clalen O2O2 D_Ash Brown EX_90P,P3406A-02.50ASB,O2O2 D_Ash Brown EX,720,203000000000.0,,국내
2026-02-26,S182-02.50,Clalen O2O2 D_Ash Brown EX_90P,P3406A-02.50ASB,O2O2 D_Ash Brown EX,450,203000000000.0,,국내
2026-02-26,S182-02.50,Clalen O2O2 D_Ash Brown EX_90P,P3406A-02.50ASB,O2O2 D_Ash Brown EX,"1,440",203000000000.0,,국내
2026-02-26,S182-02.50,Clalen O2O2 D_Ash Brown EX_90P,P3406A-02.50ASB,O2O2 D_Ash Brown EX,"1,440",203000000000.0,,국내
2026-02-26,S182-02.50,Clalen O2O2 D_Ash Brown EX_90P,P3406A-02.50ASB,O2O2 D_Ash Brown EX,450,203000000000.0,,국내
2026-02-26,S182-02.50,Clalen O2O2 D_Ash Brown EX_90P,P3406A-02.50ASB,O2O2 D_Ash Brown EX,"1,440",203000000000.0,,국내
2026-02-26,S182-03.50,Clalen O2O2 D_Ash Brown EX_90P,P3406A-03.50ASB,O2O2 D_Ash Brown EX,"1,530",203000000000.0,,국내
2026-02-26,S182-03.50,Clalen O2O2 D_Ash Brown EX_90P,P3406A-03.50ASB,O2O2 D_Ash Brown EX,"1,710",203000000000.0,,국내
2026-02-26,S182-03.50,Clalen O2O2 D_Ash Brown EX_90P,P3406A-03.50ASB,O2O2 D_Ash Brown EX,"1,890",203000000000.0,,국내
2026-02-26,S182-03.50,Clalen O2O2 D_Ash Brown EX_90P,P3406A-03.50ASB,O2O2 D_Ash Brown EX,"1,980",203000000000.0,,국내
2026-02-26,S182-03.75,Clalen O2O2 D_Ash Brown EX_90P,P3406A-03.75ASB,O2O2 D_Ash Brown EX,"2,160",203000000000.0,,국내
2026-02-26,S182-03.75,Clalen O2O2 D_Ash Brown EX_90P,P3406A-03.75ASB,O2O2 D_Ash Brown EX,"1,260",203000000000.0,,국내
2026-02-26,S182-03.75,Clalen O2O2 D_Ash Brown EX_90P,P3406A-03.75ASB,O2O2 D_Ash Brown EX,"1,170",203000000000.0,,국내
2026-02-26,S182-03.75,Clalen O2O2 D_Ash Brown EX_90P,P3406A-03.75ASB,O2O2 D_Ash Brown EX,"1,890",203000000000.0,,국내
2026-02-26,S182-04.00,Clalen O2O2 D_Ash Brown EX_90P,P3406A-04.00ASB,O2O2 D_Ash Brown EX,"1,710",203000000000.0,,국내
2026-02-26,S182-04.00,Clalen O2O2 D_Ash Brown EX_90P,P3406A-04.00ASB,O2O2 D_Ash Brown EX,"1,710",203000000000.0,,국내
2026-02-26,S182-04.00,Clalen O2O2 D_Ash Brown EX_90P,P3406A-04.00ASB,O2O2 D_Ash Brown EX,"2,070",203000000000.0,,국내
2026-02-26,S182-04.00,Clalen O2O2 D_Ash Brown EX_90P,P3406A-04.00ASB,O2O2 D_Ash Brown EX,630,203000000000.0,,국내
2026-02-26,S182-04.50,Clalen O2O2 D_Ash Brown EX_90P,P3406A-04.50ASB,O2O2 D_Ash Brown EX,"1,980",203000000000.0,,국내
2026-02-26,S182-04.50,Clalen O2O2 D_Ash Brown EX_90P,P3406A-04.50ASB,O2O2 D_Ash Brown EX,"1,890",203000000000.0,,국내
2026-02-26,S182-04.50,Clalen O2O2 D_Ash Brown EX_90P,P3406A-04.50ASB,O2O2 D_Ash Brown EX,810,203000000000.0,,국내
2026-02-26,S182-04.50,Clalen O2O2 D_Ash Brown EX_90P,P3406A-04.50ASB,O2O2 D_Ash Brown EX,540,203000000000.0,,국내
2026-02-26,S182-04.75,Clalen O2O2 D_Ash Brown EX_90P,P3406A-04.75ASB,O2O2 D_Ash Brown EX,"1,440",203000000000.0,,국내
2026-02-26,S182-04.75,Clalen O2O2 D_Ash Brown EX_90P,P3406A-04.75ASB,O2O2 D_Ash Brown EX,450,203000000000.0,,국내
2026-02-26,S182-04.75,Clalen O2O2 D_Ash Brown EX_90P,P3406A-04.75ASB,O2O2 D_Ash Brown EX,720,203000000000.0,,국내
2026-02-26,S182-04.75,Clalen O2O2 D_Ash Brown EX_90P,P3406A-04.75ASB,O2O2 D_Ash Brown EX,"1,080",203000000000.0,,국내
2026-02-26,S182-04.75,Clalen O2O2 D_Ash Brown EX_90P,P3406A-04.75ASB,O2O2 D_Ash Brown EX,"1,350",203000000000.0,,국내
2026-02-26,S182-04.75,Clalen O2O2 D_Ash Brown EX_90P,P3406A-04.75ASB,O2O2 D_Ash Brown EX,"1,080",203000000000.0,,국내
2026-02-26,S182-04.75,Clalen O2O2 D_Ash Brown EX_90P,P3406A-04.75ASB,O2O2 D_Ash Brown EX,810,203000000000.0,,국내
2026-02-26,S182-04.75,Clalen O2O2 D_Ash Brown EX_90P,P3406A-04.75ASB,O2O2 D_Ash Brown EX,720,203000000000.0,,국내
2026-02-26,S182-05.00,Clalen O2O2 D_Ash Brown EX_90P,P3406A-05.00ASB,O2O2 D_Ash Brown EX,"1,710",203000000000.0,,국내
2026-02-26,S182-05.00,Clalen O2O2 D_Ash Brown EX_90P,P3406A-05.00ASB,O2O2 D_Ash Brown EX,"1,890",203000000000.0,,국내
2026-02-26,S182-05.00,Clalen O2O2 D_Ash Brown EX_90P,P3406A-05.00ASB,O2O2 D_Ash Brown EX,"1,800",203000000000.0,,국내
2026-02-26,S182-05.00,Clalen O2O2 D_Ash Brown EX_90P,P3406A-05.00ASB,O2O2 D_Ash Brown EX,"1,080",203000000000.0,,국내
2026-02-26,S182-05.00,Clalen O2O2 D_Ash Brown EX_90P,P3406A-05.00ASB,O2O2 D_Ash Brown EX,720,203000000000.0,,국내
2026-02-26,S182-05.00,Clalen O2O2 D_Ash Brown EX_90P,P3406A-05.00ASB,O2O2 D_Ash Brown EX,810,203000000000.0,,국내
2026-02-26,S182-05.00,Clalen O2O2 D_Ash Brown EX_90P,P3406A-05.00ASB,O2O2 D_Ash Brown EX,540,203000000000.0,,국내
2026-02-26,S182-05.00,Clalen O2O2 D_Ash Brown EX_90P,P3406A-05.00ASB,O2O2 D_Ash Brown EX,810,203000000000.0,,국내
2026-02-26,S182-05.00,Clalen O2O2 D_Ash Brown EX_90P,P3406A-05.00ASB,O2O2 D_Ash Brown EX,990,203000000000.0,,국내
2026-02-26,S182-05.50,Clalen O2O2 D_Ash Brown EX_90P,P3406A-05.50ASB,O2O2 D_Ash Brown EX,"1,350",203000000000.0,,국내
2026-02-26,S182-05.50,Clalen O2O2 D_Ash Brown EX_90P,P3406A-05.50ASB,O2O2 D_Ash Brown EX,"1,170",203000000000.0,,국내
2026-02-26,S182-05.50,Clalen O2O2 D_Ash Brown EX_90P,P3406A-05.50ASB,O2O2 D_Ash Brown EX,"1,170",203000000000.0,,국내
2026-02-26,S182-05.50,Clalen O2O2 D_Ash Brown EX_90P,P3406A-05.50ASB,O2O2 D_Ash Brown EX,"1,260",203000000000.0,,국내
2026-02-26,S182-05.50,Clalen O2O2 D_Ash Brown EX_90P,P3406A-05.50ASB,O2O2 D_Ash Brown EX,"1,530",203000000000.0,,국내
2026-02-26,S182-05.50,Clalen O2O2 D_Ash Brown EX_90P,P3406A-05.50ASB,O2O2 D_Ash Brown EX,"1,530",203000000000.0,,국내
2026-02-26,S182-05.50,Clalen O2O2 D_Ash Brown EX_90P,P3406A-05.50ASB,O2O2 D_Ash Brown EX,"1,620",203000000000.0,,국내
2026-02-26,S182-06.00,Clalen O2O2 D_Ash Brown EX_90P,P3406A-06.00ASB,O2O2 D_Ash Brown EX,"1,260",203000000000.0,,국내
2026-02-26,S182-06.00,Clalen O2O2 D_Ash Brown EX_90P,P3406A-06.00ASB,O2O2 D_Ash Brown EX,"1,170",203000000000.0,,국내
2026-02-26,S182-06.00,Clalen O2O2 D_Ash Brown EX_90P,P3406A-06.00ASB,O2O2 D_Ash Brown EX,450,203000000000.0,,국내
2026-02-26,S182-06.00,Clalen O2O2 D_Ash Brown EX_90P,P3406A-06.00ASB,O2O2 D_Ash Brown EX,"1,620",203000000000.0,,국내
2026-02-26,S182-06.00,Clalen O2O2 D_Ash Brown EX_90P,P3406A-06.00ASB,O2O2 D_Ash Brown EX,"1,440",203000000000.0,,국내
2026-02-26,S182-06.00,Clalen O2O2 D_Ash Brown EX_90P,P3406A-06.00ASB,O2O2 D_Ash Brown EX,"1,350",203000000000.0,,국내
2026-02-26,S182-06.00,Clalen O2O2 D_Ash Brown EX_90P,P3406A-06.00ASB,O2O2 D_Ash Brown EX,"1,170",203000000000.0,,국내
2026-02-26,S182-06.00,Clalen O2O2 D_Ash Brown EX_90P,P3406A-06.00ASB,O2O2 D_Ash Brown EX,90,203000000000.0,,국내
2026-02-26,S182-06.00,Clalen O2O2 D_Ash Brown EX_90P,P3406A-06.00ASB,O2O2 D_Ash Brown EX,180,203000000000.0,,국내
2026-02-26,S182-06.50,Clalen O2O2 D_Ash Brown EX_90P,P3406A-06.50ASB,O2O2 D_Ash Brown EX,"1,260",203000000000.0,,국내
2026-02-26,S182-06.50,Clalen O2O2 D_Ash Brown EX_90P,P3406A-06.50ASB,O2O2 D_Ash Brown EX,"1,170",203000000000.0,,국내
2026-02-26,S182-06.50,Clalen O2O2 D_Ash Brown EX_90P,P3406A-06.50ASB,O2O2 D_Ash Brown EX,"1,350",203000000000.0,,국내
2026-02-26,S182-06.50,Clalen O2O2 D_Ash Brown EX_90P,P3406A-06.50ASB,O2O2 D_Ash Brown EX,"1,530",203000000000.0,,국내
2026-02-26,S182-06.50,Clalen O2O2 D_Ash Brown EX_90P,P3406A-06.50ASB,O2O2 D_Ash Brown EX,"1,620",203000000000.0,,국내
2026-02-26,S182-06.50,Clalen O2O2 D_Ash Brown EX_90P,P3406A-06.50ASB,O2O2 D_Ash Brown EX,"1,620",203000000000.0,,국내
2026-02-26,S182-06.50,Clalen O2O2 D_Ash Brown EX_90P,P3406A-06.50ASB,O2O2 D_Ash Brown EX,"1,530",203000000000.0,,국내
2026-02-26,S182-07.00,Clalen O2O2 D_Ash Brown EX_90P,P3406A-07.00ASB,O2O2 D_Ash Brown EX,"1,350",203000000000.0,,국내
2026-02-26,S182-07.00,Clalen O2O2 D_Ash Brown EX_90P,P3406A-07.00ASB,O2O2 D_Ash Brown EX,"1,080",203000000000.0,,국내
2026-02-26,S182-07.00,Clalen O2O2 D_Ash Brown EX_90P,P3406A-07.00ASB,O2O2 D_Ash Brown EX,900,203000000000.0,,국내
2026-02-26,S182-07.00,Clalen O2O2 D_Ash Brown EX_90P,P3406A-07.00ASB,O2O2 D_Ash Brown EX,900,203000000000.0,,국내
2026-02-26,S182-07.00,Clalen O2O2 D_Ash Brown EX_90P,P3406A-07.00ASB,O2O2 D_Ash Brown EX,"1,170",203000000000.0,,국내
2026-02-26,S182-07.00,Clalen O2O2 D_Ash Brown EX_90P,P3406A-07.00ASB,O2O2 D_Ash Brown EX,450,203000000000.0,,국내
2026-02-26,S182-07.00,Clalen O2O2 D_Ash Brown EX_90P,P3406A-07.00ASB,O2O2 D_Ash Brown EX,720,203000000000.0,,국내
2026-02-26,S182-07.00,Clalen O2O2 D_Ash Brown EX_90P,P3406A-07.00ASB,O2O2 D_Ash Brown EX,900,203000000000.0,,국내
2026-02-26,S182-07.00,Clalen O2O2 D_Ash Brown EX_90P,P3406A-07.00ASB,O2O2 D_Ash Brown EX,810,203000000000.0,,국내
2026-02-26,S182-07.00,Clalen O2O2 D_Ash Brown EX_90P,P3406A-07.00ASB,O2O2 D_Ash Brown EX,900,203000000000.0,,국내
2026-02-26,S182-07.50,Clalen O2O2 D_Ash Brown EX_90P,P3406A-07.50ASB,O2O2 D_Ash Brown EX,"1,440",203000000000.0,,국내
2026-02-26,S182-07.50,Clalen O2O2 D_Ash Brown EX_90P,P3406A-07.50ASB,O2O2 D_Ash Brown EX,540,203000000000.0,,국내
2026-02-26,S182-07.50,Clalen O2O2 D_Ash Brown EX_90P,P3406A-07.50ASB,O2O2 D_Ash Brown EX,990,203000000000.0,,국내
2026-02-26,S182-07.50,Clalen O2O2 D_Ash Brown EX_90P,P3406A-07.50ASB,O2O2 D_Ash Brown EX,"1,890",203000000000.0,,국내
2026-02-26,S182-07.50,Clalen O2O2 D_Ash Brown EX_90P,P3406A-07.50ASB,O2O2 D_Ash Brown EX,"1,350",203000000000.0,,국내
2026-02-26,S182-07.50,Clalen O2O2 D_Ash Brown EX_90P,P3406A-07.50ASB,O2O2 D_Ash Brown EX,810,203000000000.0,,국내
2026-02-26,S182-07.50,Clalen O2O2 D_Ash Brown EX_90P,P3406A-07.50ASB,O2O2 D_Ash Brown EX,450,203000000000.0,,국내
2026-02-26,S182-07.50,Clalen O2O2 D_Ash Brown EX_90P,P3406A-07.50ASB,O2O2 D_Ash Brown EX,810,203000000000.0,,국내
2026-02-26,S182-07.50,Clalen O2O2 D_Ash Brown EX_90P,P3406A-07.50ASB,O2O2 D_Ash Brown EX,630,203000000000.0,,국내
2026-02-26,S182-08.00,Clalen O2O2 D_Ash Brown EX_90P,P3406A-08.00ASB,O2O2 D_Ash Brown EX,900,203000000000.0,,국내
2026-02-26,S182-08.00,Clalen O2O2 D_Ash Brown EX_90P,P3406A-08.00ASB,O2O2 D_Ash Brown EX,990,203000000000.0,,국내
2026-02-26,S182-08.00,Clalen O2O2 D_Ash Brown EX_90P,P3406A-08.00ASB,O2O2 D_Ash Brown EX,"1,080",203000000000.0,,국내
2026-02-26,S182-08.00,Clalen O2O2 D_Ash Brown EX_90P,P3406A-08.00ASB,O2O2 D_Ash Brown EX,180,203000000000.0,,국내
2026-02-26,S182-08.00,Clalen O2O2 D_Ash Brown EX_90P,P3406A-08.00ASB,O2O2 D_Ash Brown EX,"1,260",203000000000.0,,국내
2026-02-26,S182-08.00,Clalen O2O2 D_Ash Brown EX_90P,P3406A-08.00ASB,O2O2 D_Ash Brown EX,"1,350",203000000000.0,,국내
2026-02-26,S182-08.00,Clalen O2O2 D_Ash Brown EX_90P,P3406A-08.00ASB,O2O2 D_Ash Brown EX,"1,260",203000000000.0,,국내
2026-02-26,S182-08.00,Clalen O2O2 D_Ash Brown EX_90P,P3406A-08.00ASB,O2O2 D_Ash Brown EX,360,203000000000.0,,국내
2026-02-26,S182-08.00,Clalen O2O2 D_Ash Brown EX_90P,P3406A-08.00ASB,O2O2 D_Ash Brown EX,630,203000000000.0,,국내
2026-02-26,S182-08.00,Clalen O2O2 D_Ash Brown EX_90P,P3406A-08.00ASB,O2O2 D_Ash Brown EX,630,203000000000.0,,국내
2026-02-26,S182-08.00,Clalen O2O2 D_Ash Brown EX_90P,P3406A-08.00ASB,O2O2 D_Ash Brown EX,810,203000000000.0,,국내
2026-02-26,S182-08.00,Clalen O2O2 D_Ash Brown EX_90P,P3406A-08.00ASB,O2O2 D_Ash Brown EX,360,203000000000.0,,국내
2026-02-26,S182-08.50,Clalen O2O2 D_Ash Brown EX_90P,P3406A-08.50ASB,O2O2 D_Ash Brown EX,630,203000000000.0,,국내
2026-02-26,S182-08.50,Clalen O2O2 D_Ash Brown EX_90P,P3406A-08.50ASB,O2O2 D_Ash Brown EX,720,203000000000.0,,국내
2026-02-26,S182-08.50,Clalen O2O2 D_Ash Brown EX_90P,P3406A-08.50ASB,O2O2 D_Ash Brown EX,720,203000000000.0,,국내
2026-02-26,S182-08.50,Clalen O2O2 D_Ash Brown EX_90P,P3406A-08.50ASB,O2O2 D_Ash Brown EX,360,203000000000.0,,국내
2026-02-26,S182-08.50,Clalen O2O2 D_Ash Brown EX_90P,P3406A-08.50ASB,O2O2 D_Ash Brown EX,"1,170",203000000000.0,,국내
2026-02-26,S182-08.50,Clalen O2O2 D_Ash Brown EX_90P,P3406A-08.50ASB,O2O2 D_Ash Brown EX,90,203000000000.0,,국내
2026-02-26,S182-08.50,Clalen O2O2 D_Ash Brown EX_90P,P3406A-08.50ASB,O2O2 D_Ash Brown EX,540,203000000000.0,,국내
2026-02-26,S182-08.50,Clalen O2O2 D_Ash Brown EX_90P,P3406A-08.50ASB,O2O2 D_Ash Brown EX,900,203000000000.0,,국내
2026-02-26,S182-08.50,Clalen O2O2 D_Ash Brown EX_90P,P3406A-08.50ASB,O2O2 D_Ash Brown EX,"1,530",203000000000.0,,국내
2026-02-26,S182-08.50,Clalen O2O2 D_Ash Brown EX_90P,P3406A-08.50ASB,O2O2 D_Ash Brown EX,"1,260",203000000000.0,,국내
2026-02-26,S182-08.50,Clalen O2O2 D_Ash Brown EX_90P,P3406A-08.50ASB,O2O2 D_Ash Brown EX,"2,520",203000000000.0,,국내
2026-02-26,S182-08.50,Clalen O2O2 D_Ash Brown EX_90P,P3406A-08.50ASB,O2O2 D_Ash Brown EX,90,203000000000.0,,국내
2026-02-26,S182-09.00,Clalen O2O2 D_Ash Brown EX_90P,P3406A-09.00ASB,O2O2 D_Ash Brown EX,360,203000000000.0,,국내
2026-02-26,S182-09.00,Clalen O2O2 D_Ash Brown EX_90P,P3406A-09.00ASB,O2O2 D_Ash Brown EX,450,203000000000.0,,국내
2026-02-26,S182-09.00,Clalen O2O2 D_Ash Brown EX_90P,P3406A-09.00ASB,O2O2 D_Ash Brown EX,180,203000000000.0,,국내
2026-02-26,S182-09.00,Clalen O2O2 D_Ash Brown EX_90P,P3406A-09.00ASB,O2O2 D_Ash Brown EX,720,203000000000.0,,국내
2026-02-26,S182-09.00,Clalen O2O2 D_Ash Brown EX_90P,P3406A-09.00ASB,O2O2 D_Ash Brown EX,"1,710",203000000000.0,,국내
2026-02-26,S182-09.00,Clalen O2O2 D_Ash Brown EX_90P,P3406A-09.00ASB,O2O2 D_Ash Brown EX,"1,530",203000000000.0,,국내
2026-02-26,S182-09.00,Clalen O2O2 D_Ash Brown EX_90P,P3406A-09.00ASB,O2O2 D_Ash Brown EX,"1,260",203000000000.0,,국내
2026-02-26,S182-09.00,Clalen O2O2 D_Ash Brown EX_90P,P3406A-09.00ASB,O2O2 D_Ash Brown EX,990,203000000000.0,,국내
2026-02-26,S182-09.00,Clalen O2O2 D_Ash Brown EX_90P,P3406A-09.00ASB,O2O2 D_Ash Brown EX,540,203000000000.0,,국내
2026-02-26,S182-09.00,Clalen O2O2 D_Ash Brown EX_90P,P3406A-09.00ASB,O2O2 D_Ash Brown EX,"1,260",203000000000.0,,국내
2026-02-26,S182-09.00,Clalen O2O2 D_Ash Brown EX_90P,P3406A-09.00ASB,O2O2 D_Ash Brown EX,"1,170",203000000000.0,,국내
2026-02-26,S182-09.50,Clalen O2O2 D_Ash Brown EX_90P,P3406A-09.50ASB,O2O2 D_Ash Brown EX,810,203000000000.0,,국내
2026-02-26,S182-09.50,Clalen O2O2 D_Ash Brown EX_90P,P3406A-09.50ASB,O2O2 D_Ash Brown EX,450,203000000000.0,,국내
2026-02-26,S182-09.50,Clalen O2O2 D_Ash Brown EX_90P,P3406A-09.50ASB,O2O2 D_Ash Brown EX,720,203000000000.0,,국내
2026-02-26,S182-09.50,Clalen O2O2 D_Ash Brown EX_90P,P3406A-09.50ASB,O2O2 D_Ash Brown EX,900,203000000000.0,,국내
2026-02-26,S182-09.50,Clalen O2O2 D_Ash Brown EX_90P,P3406A-09.50ASB,O2O2 D_Ash Brown EX,360,203000000000.0,,국내
2026-02-26,S182-10.00,Clalen O2O2 D_Ash Brown EX_90P,P3406A-10.00ASB,O2O2 D_Ash Brown EX,"1,350",203000000000.0,,국내
2026-02-26,S182-10.00,Clalen O2O2 D_Ash Brown EX_90P,P3406A-10.00ASB,O2O2 D_Ash Brown EX,630,203000000000.0,,국내
2026-02-26,S182-10.00,Clalen O2O2 D_Ash Brown EX_90P,P3406A-10.00ASB,O2O2 D_Ash Brown EX,"1,530",203000000000.0,,국내
2026-02-26,S182-10.00,Clalen O2O2 D_Ash Brown EX_90P,P3406A-10.00ASB,O2O2 D_Ash Brown EX,"1,350",203000000000.0,,국내
2026-02-26,S182-10.00,Clalen O2O2 D_Ash Brown EX_90P,P3406A-10.00ASB,O2O2 D_Ash Brown EX,540,203000000000.0,,국내
2026-02-26,S182-10.00,Clalen O2O2 D_Ash Brown EX_90P,P3406A-10.00ASB,O2O2 D_Ash Brown EX,"1,440",203000000000.0,,국내
2026-02-26,S183-04.50,Clalen O2O2 D_Ash Gray EX_90P,P3407A-04.50ASG,O2O2 D_Ash Gray EX,"1,890",203000000000.0,,국내
2026-02-26,S183-04.50,Clalen O2O2 D_Ash Gray EX_90P,P3407A-04.50ASG,O2O2 D_Ash Gray EX,"1,620",203000000000.0,,국내
2026-02-26,S183-04.50,Clalen O2O2 D_Ash Gray EX_90P,P3407A-04.50ASG,O2O2 D_Ash Gray EX,"1,620",203000000000.0,,국내
2026-02-26,S183-04.50,Clalen O2O2 D_Ash Gray EX_90P,P3407A-04.50ASG,O2O2 D_Ash Gray EX,810,203000000000.0,,국내
2026-02-26,S183-04.50,Clalen O2O2 D_Ash Gray EX_90P,P3407A-04.50ASG,O2O2 D_Ash Gray EX,540,203000000000.0,,국내
2026-02-26,S183-04.50,Clalen O2O2 D_Ash Gray EX_90P,P3407A-04.50ASG,O2O2 D_Ash Gray EX,"1,800",203000000000.0,,국내
2026-02-26,S183-04.50,Clalen O2O2 D_Ash Gray EX_90P,P3407A-04.50ASG,O2O2 D_Ash Gray EX,720,203000000000.0,,국내
2026-02-26,S183-07.00,Clalen O2O2 D_Ash Gray EX_90P,P3407A-07.00ASG,O2O2 D_Ash Gray EX,630,203000000000.0,,국내
2026-02-26,S183-07.00,Clalen O2O2 D_Ash Gray EX_90P,P3407A-07.00ASG,O2O2 D_Ash Gray EX,990,203000000000.0,,국내
2026-02-26,S183-07.00,Clalen O2O2 D_Ash Gray EX_90P,P3407A-07.00ASG,O2O2 D_Ash Gray EX,540,203000000000.0,,국내
2026-02-26,S183-07.00,Clalen O2O2 D_Ash Gray EX_90P,P3407A-07.00ASG,O2O2 D_Ash Gray EX,"1,530",203000000000.0,,국내
2026-02-26,S183-07.00,Clalen O2O2 D_Ash Gray EX_90P,P3407A-07.00ASG,O2O2 D_Ash Gray EX,"1,530",203000000000.0,,국내
2026-02-26,S183-07.00,Clalen O2O2 D_Ash Gray EX_90P,P3407A-07.00ASG,O2O2 D_Ash Gray EX,"1,080",203000000000.0,,국내
2026-02-26,S183-07.00,Clalen O2O2 D_Ash Gray EX_90P,P3407A-07.00ASG,O2O2 D_Ash Gray EX,450,203000000000.0,,국내
2026-02-26,S183-07.00,Clalen O2O2 D_Ash Gray EX_90P,P3407A-07.00ASG,O2O2 D_Ash Gray EX,270,203000000000.0,,국내
2026-02-26,S183-07.00,Clalen O2O2 D_Ash Gray EX_90P,P3407A-07.00ASG,O2O2 D_Ash Gray EX,"1,170",203000000000.0,,국내
2026-02-26,S183-07.00,Clalen O2O2 D_Ash Gray EX_90P,P3407A-07.00ASG,O2O2 D_Ash Gray EX,810,203000000000.0,,국내
2026-02-26,S183-07.50,Clalen O2O2 D_Ash Gray EX_90P,P3407A-07.50ASG,O2O2 D_Ash Gray EX,990,203000000000.0,,국내
2026-02-26,S183-07.50,Clalen O2O2 D_Ash Gray EX_90P,P3407A-07.50ASG,O2O2 D_Ash Gray EX,"1,980",203000000000.0,,국내
2026-02-26,S183-07.50,Clalen O2O2 D_Ash Gray EX_90P,P3407A-07.50ASG,O2O2 D_Ash Gray EX,90,203000000000.0,,국내
2026-02-26,S183-07.50,Clalen O2O2 D_Ash Gray EX_90P,P3407A-07.50ASG,O2O2 D_Ash Gray EX,"1,980",203000000000.0,,국내
2026-02-26,S183-07.50,Clalen O2O2 D_Ash Gray EX_90P,P3407A-07.50ASG,O2O2 D_Ash Gray EX,"1,980",203000000000.0,,국내
2026-02-26,S183-07.50,Clalen O2O2 D_Ash Gray EX_90P,P3407A-07.50ASG,O2O2 D_Ash Gray EX,"1,980",203000000000.0,,국내
2026-02-26,S183-08.00,Clalen O2O2 D_Ash Gray EX_90P,P3407A-08.00ASG,O2O2 D_Ash Gray EX,"1,530",203000000000.0,,국내
2026-02-26,S183-08.00,Clalen O2O2 D_Ash Gray EX_90P,P3407A-08.00ASG,O2O2 D_Ash Gray EX,"1,530",203000000000.0,,국내
2026-02-26,S183-08.00,Clalen O2O2 D_Ash Gray EX_90P,P3407A-08.00ASG,O2O2 D_Ash Gray EX,90,203000000000.0,,국내
2026-02-26,S183-08.00,Clalen O2O2 D_Ash Gray EX_90P,P3407A-08.00ASG,O2O2 D_Ash Gray EX,"1,350",203000000000.0,,국내
2026-02-26,S183-08.00,Clalen O2O2 D_Ash Gray EX_90P,P3407A-08.00ASG,O2O2 D_Ash Gray EX,"1,530",203000000000.0,,국내
2026-02-26,S183-08.00,Clalen O2O2 D_Ash Gray EX_90P,P3407A-08.00ASG,O2O2 D_Ash Gray EX,"1,440",203000000000.0,,국내
2026-02-26,S183-08.00,Clalen O2O2 D_Ash Gray EX_90P,P3407A-08.00ASG,O2O2 D_Ash Gray EX,"1,530",203000000000.0,,국내
2026-02-26,S183-08.50,Clalen O2O2 D_Ash Gray EX_90P,P3407A-08.50ASG,O2O2 D_Ash Gray EX,"1,440",203000000000.0,,국내
2026-02-26,S183-08.50,Clalen O2O2 D_Ash Gray EX_90P,P3407A-08.50ASG,O2O2 D_Ash Gray EX,"1,800",203000000000.0,,국내
2026-02-26,S183-08.50,Clalen O2O2 D_Ash Gray EX_90P,P3407A-08.50ASG,O2O2 D_Ash Gray EX,"1,800",203000000000.0,,국내
2026-02-26,S183-08.50,Clalen O2O2 D_Ash Gray EX_90P,P3407A-08.50ASG,O2O2 D_Ash Gray EX,"1,890",203000000000.0,,국내
2026-02-26,S183-08.50,Clalen O2O2 D_Ash Gray EX_90P,P3407A-08.50ASG,O2O2 D_Ash Gray EX,"1,980",203000000000.0,,국내
2026-02-26,S183-09.00,Clalen O2O2 D_Ash Gray EX_90P,P3407A-09.00ASG,O2O2 D_Ash Gray EX,"1,800",203000000000.0,,국내
2026-02-26,S183-09.00,Clalen O2O2 D_Ash Gray EX_90P,P3407A-09.00ASG,O2O2 D_Ash Gray EX,"1,710",203000000000.0,,국내
2026-02-26,S183-09.00,Clalen O2O2 D_Ash Gray EX_90P,P3407A-09.00ASG,O2O2 D_Ash Gray EX,"1,800",203000000000.0,,국내
2026-02-26,S183-09.00,Clalen O2O2 D_Ash Gray EX_90P,P3407A-09.00ASG,O2O2 D_Ash Gray EX,"1,800",203000000000.0,,국내
2026-02-26,S183-09.00,Clalen O2O2 D_Ash Gray EX_90P,P3407A-09.00ASG,O2O2 D_Ash Gray EX,"1,890",203000000000.0,,국내
2026-02-27,S181-03.00,Clalen O2O2 D_Sepia Choco EX_90P,P3405A-03.00SPC,O2O2 D_Sepia Choco EX,630,203000000000.0,,국내
2026-02-27,S181-03.00,Clalen O2O2 D_Sepia Choco EX_90P,P3405A-03.00SPC,O2O2 D_Sepia Choco EX,990,203000000000.0,,국내
2026-02-27,S182-00.50,Clalen O2O2 D_Ash Brown EX_90P,P3406A-00.50ASB,O2O2 D_Ash Brown EX,630,203000000000.0,,국내
2026-02-27,S182-00.50,Clalen O2O2 D_Ash Brown EX_90P,P3406A-00.50ASB,O2O2 D_Ash Brown EX,360,203000000000.0,,국내
2026-02-27,S182-00.50,Clalen O2O2 D_Ash Brown EX_90P,P3406A-00.50ASB,O2O2 D_Ash Brown EX,540,203000000000.0,,국내
2026-02-27,S182-00.50,Clalen O2O2 D_Ash Brown EX_90P,P3406A-00.50ASB,O2O2 D_Ash Brown EX,720,203000000000.0,,국내
2026-02-27,S182-00.50,Clalen O2O2 D_Ash Brown EX_90P,P3406A-00.50ASB,O2O2 D_Ash Brown EX,720,203000000000.0,,국내
2026-02-27,S182-00.50,Clalen O2O2 D_Ash Brown EX_90P,P3406A-00.50ASB,O2O2 D_Ash Brown EX,630,203000000000.0,,국내
2026-02-27,S182-00.50,Clalen O2O2 D_Ash Brown EX_90P,P3406A-00.50ASB,O2O2 D_Ash Brown EX,"1,080",203000000000.0,,국내
2026-02-27,S182-00.50,Clalen O2O2 D_Ash Brown EX_90P,P3406A-00.50ASB,O2O2 D_Ash Brown EX,900,203000000000.0,,국내
2026-02-27,S182-00.50,Clalen O2O2 D_Ash Brown EX_90P,P3406A-00.50ASB,O2O2 D_Ash Brown EX,900,203000000000.0,,국내
2026-02-27,S182-00.75,Clalen O2O2 D_Ash Brown EX_90P,P3406A-00.75ASB,O2O2 D_Ash Brown EX,"1,350",203000000000.0,,국내
2026-02-27,S182-00.75,Clalen O2O2 D_Ash Brown EX_90P,P3406A-00.75ASB,O2O2 D_Ash Brown EX,810,203000000000.0,,국내
2026-02-27,S182-00.75,Clalen O2O2 D_Ash Brown EX_90P,P3406A-00.75ASB,O2O2 D_Ash Brown EX,"1,170",203000000000.0,,국내
2026-02-27,S182-00.75,Clalen O2O2 D_Ash Brown EX_90P,P3406A-00.75ASB,O2O2 D_Ash Brown EX,"1,080",203000000000.0,,국내
2026-02-27,S182-00.75,Clalen O2O2 D_Ash Brown EX_90P,P3406A-00.75ASB,O2O2 D_Ash Brown EX,"1,440",203000000000.0,,국내
2026-02-27,S182-00.75,Clalen O2O2 D_Ash Brown EX_90P,P3406A-00.75ASB,O2O2 D_Ash Brown EX,"1,260",203000000000.0,,국내
2026-02-27,S182-00.75,Clalen O2O2 D_Ash Brown EX_90P,P3406A-00.75ASB,O2O2 D_Ash Brown EX,540,203000000000.0,,국내
2026-02-27,S182-00.75,Clalen O2O2 D_Ash Brown EX_90P,P3406A-00.75ASB,O2O2 D_Ash Brown EX,900,203000000000.0,,국내
2026-02-27,S182-00.75,Clalen O2O2 D_Ash Brown EX_90P,P3406A-00.75ASB,O2O2 D_Ash Brown EX,630,203000000000.0,,국내
2026-02-27,S182-01.00,Clalen O2O2 D_Ash Brown EX_90P,P3406A-01.00ASB,O2O2 D_Ash Brown EX,810,203000000000.0,,국내
2026-02-27,S182-01.00,Clalen O2O2 D_Ash Brown EX_90P,P3406A-01.00ASB,O2O2 D_Ash Brown EX,990,203000000000.0,,국내
2026-02-27,S182-01.00,Clalen O2O2 D_Ash Brown EX_90P,P3406A-01.00ASB,O2O2 D_Ash Brown EX,810,203000000000.0,,국내
2026-02-27,S182-01.25,Clalen O2O2 D_Ash Brown EX_90P,P3406A-01.25ASB,O2O2 D_Ash Brown EX,810,203000000000.0,,국내
2026-02-27,S182-01.25,Clalen O2O2 D_Ash Brown EX_90P,P3406A-01.25ASB,O2O2 D_Ash Brown EX,"1,350",203000000000.0,,국내
2026-02-27,S182-02.00,Clalen O2O2 D_Ash Brown EX_90P,P3406A-02.00ASB,O2O2 D_Ash Brown EX,180,203000000000.0,,국내
2026-02-27,S182-02.00,Clalen O2O2 D_Ash Brown EX_90P,P3406A-02.00ASB,O2O2 D_Ash Brown EX,630,203000000000.0,,국내
2026-02-27,S182-02.00,Clalen O2O2 D_Ash Brown EX_90P,P3406A-02.00ASB,O2O2 D_Ash Brown EX,270,203000000000.0,,국내
2026-02-27,S182-02.00,Clalen O2O2 D_Ash Brown EX_90P,P3406A-02.00ASB,O2O2 D_Ash Brown EX,270,203000000000.0,,국내
2026-02-27,S182-02.00,Clalen O2O2 D_Ash Brown EX_90P,P3406A-02.00ASB,O2O2 D_Ash Brown EX,270,203000000000.0,,국내
2026-02-27,S182-02.25,Clalen O2O2 D_Ash Brown EX_90P,P3406A-02.25ASB,O2O2 D_Ash Brown EX,450,203000000000.0,,국내
2026-02-27,S182-02.25,Clalen O2O2 D_Ash Brown EX_90P,P3406A-02.25ASB,O2O2 D_Ash Brown EX,990,203000000000.0,,국내
2026-02-27,S182-02.50,Clalen O2O2 D_Ash Brown EX_90P,P3406A-02.50ASB,O2O2 D_Ash Brown EX,180,203000000000.0,,국내
2026-02-27,S182-02.50,Clalen O2O2 D_Ash Brown EX_90P,P3406A-02.50ASB,O2O2 D_Ash Brown EX,"1,350",203000000000.0,,국내
2026-02-27,S182-03.50,Clalen O2O2 D_Ash Brown EX_90P,P3406A-03.50ASB,O2O2 D_Ash Brown EX,990,203000000000.0,,국내
2026-02-27,S182-03.50,Clalen O2O2 D_Ash Brown EX_90P,P3406A-03.50ASB,O2O2 D_Ash Brown EX,900,203000000000.0,,국내
2026-02-27,S182-03.75,Clalen O2O2 D_Ash Brown EX_90P,P3406A-03.75ASB,O2O2 D_Ash Brown EX,360,203000000000.0,,국내
2026-02-27,S182-03.75,Clalen O2O2 D_Ash Brown EX_90P,P3406A-03.75ASB,O2O2 D_Ash Brown EX,"1,170",203000000000.0,,국내
2026-02-27,S182-03.75,Clalen O2O2 D_Ash Brown EX_90P,P3406A-03.75ASB,O2O2 D_Ash Brown EX,990,203000000000.0,,국내
2026-02-27,S182-04.00,Clalen O2O2 D_Ash Brown EX_90P,P3406A-04.00ASB,O2O2 D_Ash Brown EX,"1,170",203000000000.0,,국내
2026-02-27,S182-04.00,Clalen O2O2 D_Ash Brown EX_90P,P3406A-04.00ASB,O2O2 D_Ash Brown EX,"1,170",203000000000.0,,국내
2026-02-27,S182-04.00,Clalen O2O2 D_Ash Brown EX_90P,P3406A-04.00ASB,O2O2 D_Ash Brown EX,540,203000000000.0,,국내
2026-02-27,S182-04.25,Clalen O2O2 D_Ash Brown EX_90P,P3406A-04.25ASB,O2O2 D_Ash Brown EX,"1,080",203000000000.0,,국내
2026-02-27,S182-04.25,Clalen O2O2 D_Ash Brown EX_90P,P3406A-04.25ASB,O2O2 D_Ash Brown EX,"1,170",203000000000.0,,국내
2026-02-27,S182-04.25,Clalen O2O2 D_Ash Brown EX_90P,P3406A-04.25ASB,O2O2 D_Ash Brown EX,"1,440",203000000000.0,,국내
2026-02-27,S182-04.25,Clalen O2O2 D_Ash Brown EX_90P,P3406A-04.25ASB,O2O2 D_Ash Brown EX,"1,350",203000000000.0,,국내
2026-02-27,S182-04.25,Clalen O2O2 D_Ash Brown EX_90P,P3406A-04.25ASB,O2O2 D_Ash Brown EX,540,203000000000.0,,국내
2026-02-27,S182-04.25,Clalen O2O2 D_Ash Brown EX_90P,P3406A-04.25ASB,O2O2 D_Ash Brown EX,"1,530",203000000000.0,,국내
2026-02-27,S182-04.25,Clalen O2O2 D_Ash Brown EX_90P,P3406A-04.25ASB,O2O2 D_Ash Brown EX,630,203000000000.0,,국내
2026-02-27,S182-04.25,Clalen O2O2 D_Ash Brown EX_90P,P3406A-04.25ASB,O2O2 D_Ash Brown EX,"1,260",203000000000.0,,국내
2026-02-27,S182-04.50,Clalen O2O2 D_Ash Brown EX_90P,P3406A-04.50ASB,O2O2 D_Ash Brown EX,"1,080",203000000000.0,,국내
2026-02-27,S182-04.50,Clalen O2O2 D_Ash Brown EX_90P,P3406A-04.50ASB,O2O2 D_Ash Brown EX,"1,080",203000000000.0,,국내
2026-02-27,S182-04.50,Clalen O2O2 D_Ash Brown EX_90P,P3406A-04.50ASB,O2O2 D_Ash Brown EX,"1,260",203000000000.0,,국내
2026-02-27,S182-04.50,Clalen O2O2 D_Ash Brown EX_90P,P3406A-04.50ASB,O2O2 D_Ash Brown EX,360,203000000000.0,,국내
2026-02-27,S182-04.75,Clalen O2O2 D_Ash Brown EX_90P,P3406A-04.75ASB,O2O2 D_Ash Brown EX,630,203000000000.0,,국내
2026-02-27,S182-04.75,Clalen O2O2 D_Ash Brown EX_90P,P3406A-04.75ASB,O2O2 D_Ash Brown EX,450,203000000000.0,,국내
2026-02-27,S182-04.75,Clalen O2O2 D_Ash Brown EX_90P,P3406A-04.75ASB,O2O2 D_Ash Brown EX,90,203000000000.0,,국내
2026-02-27,S183-01.25,Clalen O2O2 D_Ash Gray EX_90P,P3407A-01.25ASG,O2O2 D_Ash Gray EX,270,203000000000.0,,국내
2026-02-27,S183-01.25,Clalen O2O2 D_Ash Gray EX_90P,P3407A-01.25ASG,O2O2 D_Ash Gray EX,"1,170",203000000000.0,,국내
2026-02-27,S183-01.25,Clalen O2O2 D_Ash Gray EX_90P,P3407A-01.25ASG,O2O2 D_Ash Gray EX,990,203000000000.0,,국내
2026-02-27,S183-01.25,Clalen O2O2 D_Ash Gray EX_90P,P3407A-01.25ASG,O2O2 D_Ash Gray EX,990,203000000000.0,,국내
2026-02-27,S183-01.25,Clalen O2O2 D_Ash Gray EX_90P,P3407A-01.25ASG,O2O2 D_Ash Gray EX,"1,800",203000000000.0,,국내
2026-02-27,S183-01.75,Clalen O2O2 D_Ash Gray EX_90P,P3407A-01.75ASG,O2O2 D_Ash Gray EX,"1,350",203000000000.0,,국내
2026-02-27,S183-02.00,Clalen O2O2 D_Ash Gray EX_90P,P3407A-02.00ASG,O2O2 D_Ash Gray EX,"1,710",203000000000.0,,국내
2026-02-27,S183-02.00,Clalen O2O2 D_Ash Gray EX_90P,P3407A-02.00ASG,O2O2 D_Ash Gray EX,"1,530",203000000000.0,,국내
2026-02-27,S183-02.00,Clalen O2O2 D_Ash Gray EX_90P,P3407A-02.00ASG,O2O2 D_Ash Gray EX,"1,530",203000000000.0,,국내
2026-02-27,S183-02.00,Clalen O2O2 D_Ash Gray EX_90P,P3407A-02.00ASG,O2O2 D_Ash Gray EX,720,203000000000.0,,국내
2026-02-27,S183-02.25,Clalen O2O2 D_Ash Gray EX_90P,P3407A-02.25ASG,O2O2 D_Ash Gray EX,720,203000000000.0,,국내
2026-02-27,S183-02.25,Clalen O2O2 D_Ash Gray EX_90P,P3407A-02.25ASG,O2O2 D_Ash Gray EX,"1,350",203000000000.0,,국내
2026-02-27,S183-02.25,Clalen O2O2 D_Ash Gray EX_90P,P3407A-02.25ASG,O2O2 D_Ash Gray EX,"1,890",203000000000.0,,국내
2026-02-27,S183-02.75,Clalen O2O2 D_Ash Gray EX_90P,P3407A-02.75ASG,O2O2 D_Ash Gray EX,90,203000000000.0,,국내
2026-02-27,S183-02.75,Clalen O2O2 D_Ash Gray EX_90P,P3407A-02.75ASG,O2O2 D_Ash Gray EX,90,203000000000.0,,국내
2026-02-27,S183-02.75,Clalen O2O2 D_Ash Gray EX_90P,P3407A-02.75ASG,O2O2 D_Ash Gray EX,720,203000000000.0,,국내
2026-02-27,S183-02.75,Clalen O2O2 D_Ash Gray EX_90P,P3407A-02.75ASG,O2O2 D_Ash Gray EX,990,203000000000.0,,국내
2026-02-27,S183-03.00,Clalen O2O2 D_Ash Gray EX_90P,P3407A-03.00ASG,O2O2 D_Ash Gray EX,810,203000000000.0,,국내
2026-02-27,S183-03.00,Clalen O2O2 D_Ash Gray EX_90P,P3407A-03.00ASG,O2O2 D_Ash Gray EX,900,203000000000.0,,국내
2026-02-27,S183-03.00,Clalen O2O2 D_Ash Gray EX_90P,P3407A-03.00ASG,O2O2 D_Ash Gray EX,810,203000000000.0,,국내
2026-02-27,S183-03.00,Clalen O2O2 D_Ash Gray EX_90P,P3407A-03.00ASG,O2O2 D_Ash Gray EX,720,203000000000.0,,국내
2026-02-27,S183-03.00,Clalen O2O2 D_Ash Gray EX_90P,P3407A-03.00ASG,O2O2 D_Ash Gray EX,900,203000000000.0,,국내
2026-02-27,S183-03.00,Clalen O2O2 D_Ash Gray EX_90P,P3407A-03.00ASG,O2O2 D_Ash Gray EX,720,203000000000.0,,국내
2026-02-27,S183-03.00,Clalen O2O2 D_Ash Gray EX_90P,P3407A-03.00ASG,O2O2 D_Ash Gray EX,450,203000000000.0,,국내
2026-02-27,S183-03.00,Clalen O2O2 D_Ash Gray EX_90P,P3407A-03.00ASG,O2O2 D_Ash Gray EX,"1,710",203000000000.0,,국내
2026-02-27,S183-03.00,Clalen O2O2 D_Ash Gray EX_90P,P3407A-03.00ASG,O2O2 D_Ash Gray EX,90,203000000000.0,,국내
2026-02-27,S183-03.00,Clalen O2O2 D_Ash Gray EX_90P,P3407A-03.00ASG,O2O2 D_Ash Gray EX,630,203000000000.0,,국내
2026-02-27,S183-03.00,Clalen O2O2 D_Ash Gray EX_90P,P3407A-03.00ASG,O2O2 D_Ash Gray EX,450,203000000000.0,,국내
2026-02-27,S183-03.00,Clalen O2O2 D_Ash Gray EX_90P,P3407A-03.00ASG,O2O2 D_Ash Gray EX,540,203000000000.0,,국내
2026-02-27,S183-03.00,Clalen O2O2 D_Ash Gray EX_90P,P3407A-03.00ASG,O2O2 D_Ash Gray EX,180,203000000000.0,,국내
2026-02-27,S183-03.50,Clalen O2O2 D_Ash Gray EX_90P,P3407A-03.50ASG,O2O2 D_Ash Gray EX,180,203000000000.0,,국내
2026-02-27,S183-03.50,Clalen O2O2 D_Ash Gray EX_90P,P3407A-03.50ASG,O2O2 D_Ash Gray EX,360,203000000000.0,,국내
2026-02-27,S183-03.50,Clalen O2O2 D_Ash Gray EX_90P,P3407A-03.50ASG,O2O2 D_Ash Gray EX,270,203000000000.0,,국내
2026-02-27,S183-03.50,Clalen O2O2 D_Ash Gray EX_90P,P3407A-03.50ASG,O2O2 D_Ash Gray EX,"1,620",203000000000.0,,국내
2026-02-27,S183-03.50,Clalen O2O2 D_Ash Gray EX_90P,P3407A-03.50ASG,O2O2 D_Ash Gray EX,"1,890",203000000000.0,,국내
2026-02-27,S183-03.50,Clalen O2O2 D_Ash Gray EX_90P,P3407A-03.50ASG,O2O2 D_Ash Gray EX,"1,800",203000000000.0,,국내
2026-02-27,S183-03.50,Clalen O2O2 D_Ash Gray EX_90P,P3407A-03.50ASG,O2O2 D_Ash Gray EX,"1,710",203000000000.0,,국내
2026-02-27,S183-04.00,Clalen O2O2 D_Ash Gray EX_90P,P3407A-04.00ASG,O2O2 D_Ash Gray EX,270,203000000000.0,,국내
2026-02-27,S183-04.00,Clalen O2O2 D_Ash Gray EX_90P,P3407A-04.00ASG,O2O2 D_Ash Gray EX,900,203000000000.0,,국내
2026-02-27,S183-04.00,Clalen O2O2 D_Ash Gray EX_90P,P3407A-04.00ASG,O2O2 D_Ash Gray EX,"1,620",203000000000.0,,국내
2026-02-27,S183-04.00,Clalen O2O2 D_Ash Gray EX_90P,P3407A-04.00ASG,O2O2 D_Ash Gray EX,"1,440",203000000000.0,,국내
2026-02-27,S183-04.00,Clalen O2O2 D_Ash Gray EX_90P,P3407A-04.00ASG,O2O2 D_Ash Gray EX,"1,260",203000000000.0,,국내
2026-02-27,S183-04.00,Clalen O2O2 D_Ash Gray EX_90P,P3407A-04.00ASG,O2O2 D_Ash Gray EX,"1,530",203000000000.0,,국내
2026-02-27,S183-04.00,Clalen O2O2 D_Ash Gray EX_90P,P3407A-04.00ASG,O2O2 D_Ash Gray EX,"1,260",203000000000.0,,국내
2026-02-27,S183-04.00,Clalen O2O2 D_Ash Gray EX_90P,P3407A-04.00ASG,O2O2 D_Ash Gray EX,"1,170",203000000000.0,,국내
2026-02-27,S183-05.00,Clalen O2O2 D_Ash Gray EX_90P,P3407A-05.00ASG,O2O2 D_Ash Gray EX,"1,620",203000000000.0,,국내
2026-02-27,S183-05.00,Clalen O2O2 D_Ash Gray EX_90P,P3407A-05.00ASG,O2O2 D_Ash Gray EX,90,203000000000.0,,국내
2026-02-27,S183-05.50,Clalen O2O2 D_Ash Gray EX_90P,P3407A-05.50ASG,O2O2 D_Ash Gray EX,630,203000000000.0,,국내
2026-02-27,S183-05.50,Clalen O2O2 D_Ash Gray EX_90P,P3407A-05.50ASG,O2O2 D_Ash Gray EX,"1,800",203000000000.0,,국내
2026-02-27,S183-05.50,Clalen O2O2 D_Ash Gray EX_90P,P3407A-05.50ASG,O2O2 D_Ash Gray EX,"1,620",203000000000.0,,국내
2026-02-27,S183-05.50,Clalen O2O2 D_Ash Gray EX_90P,P3407A-05.50ASG,O2O2 D_Ash Gray EX,"1,080",203000000000.0,,국내
2026-02-27,S183-05.50,Clalen O2O2 D_Ash Gray EX_90P,P3407A-05.50ASG,O2O2 D_Ash Gray EX,180,203000000000.0,,국내
2026-02-27,S183-06.00,Clalen O2O2 D_Ash Gray EX_90P,P3407A-06.00ASG,O2O2 D_Ash Gray EX,360,203000000000.0,,국내
2026-02-27,S183-06.00,Clalen O2O2 D_Ash Gray EX_90P,P3407A-06.00ASG,O2O2 D_Ash Gray EX,360,203000000000.0,,국내
2026-02-27,S183-06.00,Clalen O2O2 D_Ash Gray EX_90P,P3407A-06.00ASG,O2O2 D_Ash Gray EX,"1,260",203000000000.0,,국내
2026-02-27,S183-06.00,Clalen O2O2 D_Ash Gray EX_90P,P3407A-06.00ASG,O2O2 D_Ash Gray EX,360,203000000000.0,,국내
2026-02-27,S183-06.00,Clalen O2O2 D_Ash Gray EX_90P,P3407A-06.00ASG,O2O2 D_Ash Gray EX,90,203000000000.0,,국내
2026-02-27,S183-06.00,Clalen O2O2 D_Ash Gray EX_90P,P3407A-06.00ASG,O2O2 D_Ash Gray EX,270,203000000000.0,,국내
2026-02-27,S183-06.00,Clalen O2O2 D_Ash Gray EX_90P,P3407A-06.00ASG,O2O2 D_Ash Gray EX,360,203000000000.0,,국내
2026-02-27,S183-09.50,Clalen O2O2 D_Ash Gray EX_90P,P3407A-09.50ASG,O2O2 D_Ash Gray EX,990,203000000000.0,,국내
2026-02-27,S183-10.00,Clalen O2O2 D_Ash Gray EX_90P,P3407A-10.00ASG,O2O2 D_Ash Gray EX,90,203000000000.0,,국내
2026-02-28,S182-02.00,Clalen O2O2 D_Ash Brown EX_90P,P3406A-02.00ASB,O2O2 D_Ash Brown EX,"1,440",203000000000.0,,국내
2026-02-28,S182-02.00,Clalen O2O2 D_Ash Brown EX_90P,P3406A-02.00ASB,O2O2 D_Ash Brown EX,"1,890",203000000000.0,,국내
2026-02-28,S182-02.00,Clalen O2O2 D_Ash Brown EX_90P,P3406A-02.00ASB,O2O2 D_Ash Brown EX,"1,800",203000000000.0,,국내
2026-02-28,S182-02.00,Clalen O2O2 D_Ash Brown EX_90P,P3406A-02.00ASB,O2O2 D_Ash Brown EX,"1,710",203000000000.0,,국내
2026-02-28,S182-02.00,Clalen O2O2 D_Ash Brown EX_90P,P3406A-02.00ASB,O2O2 D_Ash Brown EX,"1,620",203000000000.0,,국내
2026-02-28,S182-10.00,Clalen O2O2 D_Ash Brown EX_90P,P3406A-10.00ASB,O2O2 D_Ash Brown EX,"1,440",203000000000.0,,국내
2026-02-28,S182-10.00,Clalen O2O2 D_Ash Brown EX_90P,P3406A-10.00ASB,O2O2 D_Ash Brown EX,900,203000000000.0,,국내
2026-02-28,S182-10.00,Clalen O2O2 D_Ash Brown EX_90P,P3406A-10.00ASB,O2O2 D_Ash Brown EX,"1,620",203000000000.0,,국내
2026-02-28,S182-10.00,Clalen O2O2 D_Ash Brown EX_90P,P3406A-10.00ASB,O2O2 D_Ash Brown EX,270,203000000000.0,,국내
2026-02-28,S182-10.00,Clalen O2O2 D_Ash Brown EX_90P,P3406A-10.00ASB,O2O2 D_Ash Brown EX,630,203000000000.0,,국내
2026-02-28,S182-10.00,Clalen O2O2 D_Ash Brown EX_90P,P3406A-10.00ASB,O2O2 D_Ash Brown EX,"1,800",203000000000.0,,국내
2026-03-08,S615-00.00,Clalen O2O2 D_Sepia Choco EX_30P,P3405A-00.00SPC,O2O2 D_Sepia Choco EX,810,203000000000.0,,국내
2026-03-08,S615-00.00,Clalen O2O2 D_Sepia Choco EX_30P,P3405A-00.00SPC,O2O2 D_Sepia Choco EX,"1,320",203000000000.0,,국내
2026-03-08,S615-00.00,Clalen O2O2 D_Sepia Choco EX_30P,P3405A-00.00SPC,O2O2 D_Sepia Choco EX,"1,650",203000000000.0,,국내
2026-03-08,S615-00.00,Clalen O2O2 D_Sepia Choco EX_30P,P3405A-00.00SPC,O2O2 D_Sepia Choco EX,210,203000000000.0,,국내
2026-03-08,S615-00.00,Clalen O2O2 D_Sepia Choco EX_30P,P3405A-00.00SPC,O2O2 D_Sepia Choco EX,"1,620",203000000000.0,,국내
2026-03-08,S615-00.00,Clalen O2O2 D_Sepia Choco EX_30P,P3405A-00.00SPC,O2O2 D_Sepia Choco EX,990,203000000000.0,,국내
2026-03-08,S615-00.00,Clalen O2O2 D_Sepia Choco EX_30P,P3405A-00.00SPC,O2O2 D_Sepia Choco EX,270,203000000000.0,,국내
2026-03-08,S615-01.50,Clalen O2O2 D_Sepia Choco EX_30P,P3405A-01.50SPC,O2O2 D_Sepia Choco EX,960,203000000000.0,,국내
2026-03-08,S615-01.50,Clalen O2O2 D_Sepia Choco EX_30P,P3405A-01.50SPC,O2O2 D_Sepia Choco EX,210,203000000000.0,,국내
2026-03-08,S615-01.50,Clalen O2O2 D_Sepia Choco EX_30P,P3405A-01.50SPC,O2O2 D_Sepia Choco EX,600,203000000000.0,,국내
2026-03-08,S615-01.50,Clalen O2O2 D_Sepia Choco EX_30P,P3405A-01.50SPC,O2O2 D_Sepia Choco EX,750,203000000000.0,,국내
2026-03-08,S615-01.50,Clalen O2O2 D_Sepia Choco EX_30P,P3405A-01.50SPC,O2O2 D_Sepia Choco EX,"1,890",203000000000.0,,국내
2026-03-08,S615-03.75,Clalen O2O2 D_Sepia Choco EX_30P,P3405A-03.75SPC,O2O2 D_Sepia Choco EX,"1,440",203000000000.0,,국내
2026-03-08,S615-03.75,Clalen O2O2 D_Sepia Choco EX_30P,P3405A-03.75SPC,O2O2 D_Sepia Choco EX,"1,290",203000000000.0,,국내
2026-03-08,S615-03.75,Clalen O2O2 D_Sepia Choco EX_30P,P3405A-03.75SPC,O2O2 D_Sepia Choco EX,600,203000000000.0,,국내
2026-03-08,S615-03.75,Clalen O2O2 D_Sepia Choco EX_30P,P3405A-03.75SPC,O2O2 D_Sepia Choco EX,"1,080",203000000000.0,,국내
2026-03-08,S615-03.75,Clalen O2O2 D_Sepia Choco EX_30P,P3405A-03.75SPC,O2O2 D_Sepia Choco EX,300,203000000000.0,,국내
2026-03-08,S615-03.75,Clalen O2O2 D_Sepia Choco EX_30P,P3405A-03.75SPC,O2O2 D_Sepia Choco EX,"1,320",203000000000.0,,국내
2026-03-08,S615-04.50,Clalen O2O2 D_Sepia Choco EX_30P,P3405A-04.50SPC,O2O2 D_Sepia Choco EX,"1,140",203000000000.0,,국내
2026-03-08,S615-04.50,Clalen O2O2 D_Sepia Choco EX_30P,P3405A-04.50SPC,O2O2 D_Sepia Choco EX,"1,680",203000000000.0,,국내
2026-03-08,S615-04.50,Clalen O2O2 D_Sepia Choco EX_30P,P3405A-04.50SPC,O2O2 D_Sepia Choco EX,"1,260",203000000000.0,,국내
2026-03-08,S615-04.50,Clalen O2O2 D_Sepia Choco EX_30P,P3405A-04.50SPC,O2O2 D_Sepia Choco EX,"1,800",203000000000.0,,국내
2026-03-08,S615-04.75,Clalen O2O2 D_Sepia Choco EX_30P,P3405A-04.75SPC,O2O2 D_Sepia Choco EX,"1,590",203000000000.0,,국내
2026-03-08,S615-04.75,Clalen O2O2 D_Sepia Choco EX_30P,P3405A-04.75SPC,O2O2 D_Sepia Choco EX,"1,020",203000000000.0,,국내
2026-03-08,S615-04.75,Clalen O2O2 D_Sepia Choco EX_30P,P3405A-04.75SPC,O2O2 D_Sepia Choco EX,"1,320",203000000000.0,,국내
2026-03-08,S615-04.75,Clalen O2O2 D_Sepia Choco EX_30P,P3405A-04.75SPC,O2O2 D_Sepia Choco EX,"1,500",203000000000.0,,국내
2026-03-08,S615-05.00,Clalen O2O2 D_Sepia Choco EX_30P,P3405A-05.00SPC,O2O2 D_Sepia Choco EX,990,203000000000.0,,국내
2026-03-08,S615-05.00,Clalen O2O2 D_Sepia Choco EX_30P,P3405A-05.00SPC,O2O2 D_Sepia Choco EX,"1,230",203000000000.0,,국내
2026-03-08,S615-05.00,Clalen O2O2 D_Sepia Choco EX_30P,P3405A-05.00SPC,O2O2 D_Sepia Choco EX,840,203000000000.0,,국내
2026-03-08,S615-05.00,Clalen O2O2 D_Sepia Choco EX_30P,P3405A-05.00SPC,O2O2 D_Sepia Choco EX,"1,770",203000000000.0,,국내
2026-03-08,S615-05.00,Clalen O2O2 D_Sepia Choco EX_30P,P3405A-05.00SPC,O2O2 D_Sepia Choco EX,660,203000000000.0,,국내
2026-03-08,S615-06.50,Clalen O2O2 D_Sepia Choco EX_30P,P3405A-06.50SPC,O2O2 D_Sepia Choco EX,"1,020",203000000000.0,,국내
2026-03-08,S615-06.50,Clalen O2O2 D_Sepia Choco EX_30P,P3405A-06.50SPC,O2O2 D_Sepia Choco EX,480,203000000000.0,,국내
2026-03-08,S615-06.50,Clalen O2O2 D_Sepia Choco EX_30P,P3405A-06.50SPC,O2O2 D_Sepia Choco EX,390,203000000000.0,,국내
2026-03-08,S615-06.50,Clalen O2O2 D_Sepia Choco EX_30P,P3405A-06.50SPC,O2O2 D_Sepia Choco EX,"1,350",203000000000.0,,국내
2026-03-08,S615-06.50,Clalen O2O2 D_Sepia Choco EX_30P,P3405A-06.50SPC,O2O2 D_Sepia Choco EX,"1,290",203000000000.0,,국내
2026-03-08,S615-07.00,Clalen O2O2 D_Sepia Choco EX_30P,P3405A-07.00SPC,O2O2 D_Sepia Choco EX,570,203000000000.0,,국내
2026-03-08,S615-07.00,Clalen O2O2 D_Sepia Choco EX_30P,P3405A-07.00SPC,O2O2 D_Sepia Choco EX,"1,140",203000000000.0,,국내
2026-03-08,S617-00.00,Clalen O2O2 D_Ash Brown EX_30P,P3406A-00.00ASB,O2O2 D_Ash Brown EX,"1,590",203000000000.0,,국내
2026-03-08,S617-00.00,Clalen O2O2 D_Ash Brown EX_30P,P3406A-00.00ASB,O2O2 D_Ash Brown EX,"1,590",203000000000.0,,국내
2026-03-08,S617-04.50,Clalen O2O2 D_Ash Brown EX_30P,P3406A-04.50ASB,O2O2 D_Ash Brown EX,450,203000000000.0,,국내
2026-03-08,S617-06.00,Clalen O2O2 D_Ash Brown EX_30P,P3406A-06.00ASB,O2O2 D_Ash Brown EX,990,203000000000.0,,국내
2026-03-08,S617-06.50,Clalen O2O2 D_Ash Brown EX_30P,P3406A-06.50ASB,O2O2 D_Ash Brown EX,150,203000000000.0,,국내
2026-03-08,S617-08.00,Clalen O2O2 D_Ash Brown EX_30P,P3406A-08.00ASB,O2O2 D_Ash Brown EX,390,203000000000.0,,국내
2026-03-08,S617-08.00,Clalen O2O2 D_Ash Brown EX_30P,P3406A-08.00ASB,O2O2 D_Ash Brown EX,990,203000000000.0,,국내
2026-03-08,S619-00.00,Clalen O2O2 D_Ash Gray EX_30P,P3407A-00.00ASG,O2O2 D_Ash Gray EX,"1,560",203000000000.0,,국내
2026-03-08,S619-00.00,Clalen O2O2 D_Ash Gray EX_30P,P3407A-00.00ASG,O2O2 D_Ash Gray EX,"1,620",203000000000.0,,국내
2026-03-08,S619-00.50,Clalen O2O2 D_Ash Gray EX_30P,P3407A-00.50ASG,O2O2 D_Ash Gray EX,"1,020",203000000000.0,,국내
2026-03-08,S619-00.50,Clalen O2O2 D_Ash Gray EX_30P,P3407A-00.50ASG,O2O2 D_Ash Gray EX,930,203000000000.0,,국내
2026-03-08,S619-01.00,Clalen O2O2 D_Ash Gray EX_30P,P3407A-01.00ASG,O2O2 D_Ash Gray EX,810,203000000000.0,,국내
2026-03-08,S619-01.00,Clalen O2O2 D_Ash Gray EX_30P,P3407A-01.00ASG,O2O2 D_Ash Gray EX,"1,890",203000000000.0,,국내
2026-03-08,S619-01.50,Clalen O2O2 D_Ash Gray EX_30P,P3407A-01.50ASG,O2O2 D_Ash Gray EX,"1,830",203000000000.0,,국내
2026-03-08,S619-01.50,Clalen O2O2 D_Ash Gray EX_30P,P3407A-01.50ASG,O2O2 D_Ash Gray EX,"1,050",203000000000.0,,국내
2026-03-08,S619-02.50,Clalen O2O2 D_Ash Gray EX_30P,P3407A-02.50ASG,O2O2 D_Ash Gray EX,"1,260",203000000000.0,,국내
2026-03-08,S619-03.75,Clalen O2O2 D_Ash Gray EX_30P,P3407A-03.75ASG,O2O2 D_Ash Gray EX,840,203000000000.0,,국내
2026-03-08,S619-03.75,Clalen O2O2 D_Ash Gray EX_30P,P3407A-03.75ASG,O2O2 D_Ash Gray EX,420,203000000000.0,,국내
2026-03-08,S619-04.25,Clalen O2O2 D_Ash Gray EX_30P,P3407A-04.25ASG,O2O2 D_Ash Gray EX,630,203000000000.0,,국내
2026-03-08,S619-06.50,Clalen O2O2 D_Ash Gray EX_30P,P3407A-06.50ASG,O2O2 D_Ash Gray EX,870,203000000000.0,,국내
2026-03-08,S619-07.50,Clalen O2O2 D_Ash Gray EX_30P,P3407A-07.50ASG,O2O2 D_Ash Gray EX,660,203000000000.0,,국내
2026-03-08,S181-01.00,Clalen O2O2 D_Sepia Choco EX_90P,P3405A-01.00SPC,O2O2 D_Sepia Choco EX,990,203000000000.0,,국내
2026-03-08,S181-01.00,Clalen O2O2 D_Sepia Choco EX_90P,P3405A-01.00SPC,O2O2 D_Sepia Choco EX,"1,350",203000000000.0,,국내
2026-03-08,S181-01.00,Clalen O2O2 D_Sepia Choco EX_90P,P3405A-01.00SPC,O2O2 D_Sepia Choco EX,"1,710",203000000000.0,,국내
2026-03-08,S181-01.00,Clalen O2O2 D_Sepia Choco EX_90P,P3405A-01.00SPC,O2O2 D_Sepia Choco EX,"1,620",203000000000.0,,국내
2026-03-08,S181-01.00,Clalen O2O2 D_Sepia Choco EX_90P,P3405A-01.00SPC,O2O2 D_Sepia Choco EX,"1,710",203000000000.0,,국내
2026-03-08,S181-01.00,Clalen O2O2 D_Sepia Choco EX_90P,P3405A-01.00SPC,O2O2 D_Sepia Choco EX,900,203000000000.0,,국내
2026-03-08,S181-01.00,Clalen O2O2 D_Sepia Choco EX_90P,P3405A-01.00SPC,O2O2 D_Sepia Choco EX,990,203000000000.0,,국내
2026-03-08,S181-01.00,Clalen O2O2 D_Sepia Choco EX_90P,P3405A-01.00SPC,O2O2 D_Sepia Choco EX,"1,350",203000000000.0,,국내
2026-03-08,S181-01.00,Clalen O2O2 D_Sepia Choco EX_90P,P3405A-01.00SPC,O2O2 D_Sepia Choco EX,"1,530",203000000000.0,,국내
2026-03-08,S181-01.25,Clalen O2O2 D_Sepia Choco EX_90P,P3405A-01.25SPC,O2O2 D_Sepia Choco EX,990,203000000000.0,,국내
2026-03-08,S181-01.25,Clalen O2O2 D_Sepia Choco EX_90P,P3405A-01.25SPC,O2O2 D_Sepia Choco EX,"1,350",203000000000.0,,국내
2026-03-08,S181-01.25,Clalen O2O2 D_Sepia Choco EX_90P,P3405A-01.25SPC,O2O2 D_Sepia Choco EX,"1,530",203000000000.0,,국내
2026-03-08,S181-01.25,Clalen O2O2 D_Sepia Choco EX_90P,P3405A-01.25SPC,O2O2 D_Sepia Choco EX,"1,530",203000000000.0,,국내
2026-03-08,S181-01.25,Clalen O2O2 D_Sepia Choco EX_90P,P3405A-01.25SPC,O2O2 D_Sepia Choco EX,"1,620",203000000000.0,,국내
2026-03-08,S181-01.25,Clalen O2O2 D_Sepia Choco EX_90P,P3405A-01.25SPC,O2O2 D_Sepia Choco EX,"1,350",203000000000.0,,국내
2026-03-08,S181-01.25,Clalen O2O2 D_Sepia Choco EX_90P,P3405A-01.25SPC,O2O2 D_Sepia Choco EX,"1,800",203000000000.0,,국내
2026-03-08,S181-01.25,Clalen O2O2 D_Sepia Choco EX_90P,P3405A-01.25SPC,O2O2 D_Sepia Choco EX,990,203000000000.0,,국내
2026-03-08,S181-01.50,Clalen O2O2 D_Sepia Choco EX_90P,P3405A-01.50SPC,O2O2 D_Sepia Choco EX,990,203000000000.0,,국내
2026-03-08,S181-01.75,Clalen O2O2 D_Sepia Choco EX_90P,P3405A-01.75SPC,O2O2 D_Sepia Choco EX,90,203000000000.0,,국내
2026-03-08,S181-01.75,Clalen O2O2 D_Sepia Choco EX_90P,P3405A-01.75SPC,O2O2 D_Sepia Choco EX,180,203000000000.0,,국내
2026-03-08,S181-01.75,Clalen O2O2 D_Sepia Choco EX_90P,P3405A-01.75SPC,O2O2 D_Sepia Choco EX,990,203000000000.0,,국내
2026-03-08,S181-01.75,Clalen O2O2 D_Sepia Choco EX_90P,P3405A-01.75SPC,O2O2 D_Sepia Choco EX,990,203000000000.0,,국내
2026-03-08,S181-01.75,Clalen O2O2 D_Sepia Choco EX_90P,P3405A-01.75SPC,O2O2 D_Sepia Choco EX,"1,170",203000000000.0,,국내
2026-03-08,S181-01.75,Clalen O2O2 D_Sepia Choco EX_90P,P3405A-01.75SPC,O2O2 D_Sepia Choco EX,"1,710",203000000000.0,,국내
2026-03-08,S181-01.75,Clalen O2O2 D_Sepia Choco EX_90P,P3405A-01.75SPC,O2O2 D_Sepia Choco EX,"1,620",203000000000.0,,국내
2026-03-08,S181-01.75,Clalen O2O2 D_Sepia Choco EX_90P,P3405A-01.75SPC,O2O2 D_Sepia Choco EX,900,203000000000.0,,국내
2026-03-08,S181-01.75,Clalen O2O2 D_Sepia Choco EX_90P,P3405A-01.75SPC,O2O2 D_Sepia Choco EX,90,203000000000.0,,국내
2026-03-08,S181-01.75,Clalen O2O2 D_Sepia Choco EX_90P,P3405A-01.75SPC,O2O2 D_Sepia Choco EX,90,203000000000.0,,국내
2026-03-08,S181-01.75,Clalen O2O2 D_Sepia Choco EX_90P,P3405A-01.75SPC,O2O2 D_Sepia Choco EX,90,203000000000.0,,국내
2026-03-08,S181-01.75,Clalen O2O2 D_Sepia Choco EX_90P,P3405A-01.75SPC,O2O2 D_Sepia Choco EX,"1,530",203000000000.0,,국내
2026-03-08,S181-01.75,Clalen O2O2 D_Sepia Choco EX_90P,P3405A-01.75SPC,O2O2 D_Sepia Choco EX,"1,620",203000000000.0,,국내
2026-03-08,S181-02.00,Clalen O2O2 D_Sepia Choco EX_90P,P3405A-02.00SPC,O2O2 D_Sepia Choco EX,810,203000000000.0,,국내
2026-03-08,S181-02.25,Clalen O2O2 D_Sepia Choco EX_90P,P3405A-02.25SPC,O2O2 D_Sepia Choco EX,720,203000000000.0,,국내
2026-03-08,S181-02.25,Clalen O2O2 D_Sepia Choco EX_90P,P3405A-02.25SPC,O2O2 D_Sepia Choco EX,"1,170",203000000000.0,,국내
2026-03-08,S181-02.25,Clalen O2O2 D_Sepia Choco EX_90P,P3405A-02.25SPC,O2O2 D_Sepia Choco EX,"1,170",203000000000.0,,국내
2026-03-08,S181-02.25,Clalen O2O2 D_Sepia Choco EX_90P,P3405A-02.25SPC,O2O2 D_Sepia Choco EX,"1,710",203000000000.0,,국내
2026-03-08,S181-02.25,Clalen O2O2 D_Sepia Choco EX_90P,P3405A-02.25SPC,O2O2 D_Sepia Choco EX,"1,710",203000000000.0,,국내
2026-03-08,S181-02.50,Clalen O2O2 D_Sepia Choco EX_90P,P3405A-02.50SPC,O2O2 D_Sepia Choco EX,"1,080",203000000000.0,,국내
2026-03-08,S181-02.50,Clalen O2O2 D_Sepia Choco EX_90P,P3405A-02.50SPC,O2O2 D_Sepia Choco EX,990,203000000000.0,,국내
2026-03-08,S181-02.50,Clalen O2O2 D_Sepia Choco EX_90P,P3405A-02.50SPC,O2O2 D_Sepia Choco EX,360,203000000000.0,,국내
2026-03-08,S181-02.75,Clalen O2O2 D_Sepia Choco EX_90P,P3405A-02.75SPC,O2O2 D_Sepia Choco EX,270,203000000000.0,,국내
2026-03-08,S181-02.75,Clalen O2O2 D_Sepia Choco EX_90P,P3405A-02.75SPC,O2O2 D_Sepia Choco EX,720,203000000000.0,,국내
2026-03-08,S181-03.00,Clalen O2O2 D_Sepia Choco EX_90P,P3405A-03.00SPC,O2O2 D_Sepia Choco EX,90,203000000000.0,,국내
2026-03-08,S181-03.00,Clalen O2O2 D_Sepia Choco EX_90P,P3405A-03.00SPC,O2O2 D_Sepia Choco EX,90,203000000000.0,,국내
2026-03-08,S181-03.00,Clalen O2O2 D_Sepia Choco EX_90P,P3405A-03.00SPC,O2O2 D_Sepia Choco EX,90,203000000000.0,,국내
2026-03-08,S181-03.00,Clalen O2O2 D_Sepia Choco EX_90P,P3405A-03.00SPC,O2O2 D_Sepia Choco EX,90,203000000000.0,,국내
2026-03-08,S181-03.00,Clalen O2O2 D_Sepia Choco EX_90P,P3405A-03.00SPC,O2O2 D_Sepia Choco EX,90,203000000000.0,,국내
2026-03-08,S181-03.00,Clalen O2O2 D_Sepia Choco EX_90P,P3405A-03.00SPC,O2O2 D_Sepia Choco EX,90,203000000000.0,,국내
2026-03-08,S181-03.00,Clalen O2O2 D_Sepia Choco EX_90P,P3405A-03.00SPC,O2O2 D_Sepia Choco EX,360,203000000000.0,,국내
2026-03-08,S181-03.00,Clalen O2O2 D_Sepia Choco EX_90P,P3405A-03.00SPC,O2O2 D_Sepia Choco EX,540,203000000000.0,,국내
2026-03-08,S181-03.00,Clalen O2O2 D_Sepia Choco EX_90P,P3405A-03.00SPC,O2O2 D_Sepia Choco EX,360,203000000000.0,,국내
2026-03-08,S181-03.00,Clalen O2O2 D_Sepia Choco EX_90P,P3405A-03.00SPC,O2O2 D_Sepia Choco EX,900,203000000000.0,,국내
2026-03-08,S181-03.00,Clalen O2O2 D_Sepia Choco EX_90P,P3405A-03.00SPC,O2O2 D_Sepia Choco EX,"1,260",203000000000.0,,국내
2026-03-08,S181-03.25,Clalen O2O2 D_Sepia Choco EX_90P,P3405A-03.25SPC,O2O2 D_Sepia Choco EX,"1,350",203000000000.0,,국내
2026-03-08,S181-03.25,Clalen O2O2 D_Sepia Choco EX_90P,P3405A-03.25SPC,O2O2 D_Sepia Choco EX,"1,350",203000000000.0,,국내
2026-03-08,S181-03.25,Clalen O2O2 D_Sepia Choco EX_90P,P3405A-03.25SPC,O2O2 D_Sepia Choco EX,"1,260",203000000000.0,,국내
2026-03-08,S181-03.25,Clalen O2O2 D_Sepia Choco EX_90P,P3405A-03.25SPC,O2O2 D_Sepia Choco EX,"1,170",203000000000.0,,국내
2026-03-08,S181-03.25,Clalen O2O2 D_Sepia Choco EX_90P,P3405A-03.25SPC,O2O2 D_Sepia Choco EX,990,203000000000.0,,국내
2026-03-08,S181-03.25,Clalen O2O2 D_Sepia Choco EX_90P,P3405A-03.25SPC,O2O2 D_Sepia Choco EX,"1,080",203000000000.0,,국내
2026-03-08,S181-03.25,Clalen O2O2 D_Sepia Choco EX_90P,P3405A-03.25SPC,O2O2 D_Sepia Choco EX,990,203000000000.0,,국내
2026-03-08,S181-03.25,Clalen O2O2 D_Sepia Choco EX_90P,P3405A-03.25SPC,O2O2 D_Sepia Choco EX,990,203000000000.0,,국내
2026-03-08,S181-03.25,Clalen O2O2 D_Sepia Choco EX_90P,P3405A-03.25SPC,O2O2 D_Sepia Choco EX,810,203000000000.0,,국내
2026-03-08,S181-03.25,Clalen O2O2 D_Sepia Choco EX_90P,P3405A-03.25SPC,O2O2 D_Sepia Choco EX,"1,530",203000000000.0,,국내
2026-03-08,S181-03.25,Clalen O2O2 D_Sepia Choco EX_90P,P3405A-03.25SPC,O2O2 D_Sepia Choco EX,"1,710",203000000000.0,,국내
2026-03-08,S181-03.25,Clalen O2O2 D_Sepia Choco EX_90P,P3405A-03.25SPC,O2O2 D_Sepia Choco EX,540,203000000000.0,,국내
2026-03-08,S181-03.50,Clalen O2O2 D_Sepia Choco EX_90P,P3405A-03.50SPC,O2O2 D_Sepia Choco EX,"1,260",203000000000.0,,국내
2026-03-08,S181-03.75,Clalen O2O2 D_Sepia Choco EX_90P,P3405A-03.75SPC,O2O2 D_Sepia Choco EX,360,203000000000.0,,국내
2026-03-08,S181-04.25,Clalen O2O2 D_Sepia Choco EX_90P,P3405A-04.25SPC,O2O2 D_Sepia Choco EX,720,203000000000.0,,국내
2026-03-08,S181-04.50,Clalen O2O2 D_Sepia Choco EX_90P,P3405A-04.50SPC,O2O2 D_Sepia Choco EX,"1,800",203000000000.0,,국내
2026-03-08,S181-04.75,Clalen O2O2 D_Sepia Choco EX_90P,P3405A-04.75SPC,O2O2 D_Sepia Choco EX,900,203000000000.0,,국내
2026-03-08,S181-05.00,Clalen O2O2 D_Sepia Choco EX_90P,P3405A-05.00SPC,O2O2 D_Sepia Choco EX,"1,530",203000000000.0,,국내
2026-03-08,S181-05.50,Clalen O2O2 D_Sepia Choco EX_90P,P3405A-05.50SPC,O2O2 D_Sepia Choco EX,"1,350",203000000000.0,,국내
2026-03-08,S181-05.50,Clalen O2O2 D_Sepia Choco EX_90P,P3405A-05.50SPC,O2O2 D_Sepia Choco EX,"1,080",203000000000.0,,국내
2026-03-08,S181-06.50,Clalen O2O2 D_Sepia Choco EX_90P,P3405A-06.50SPC,O2O2 D_Sepia Choco EX,900,203000000000.0,,국내
2026-03-08,S181-07.00,Clalen O2O2 D_Sepia Choco EX_90P,P3405A-07.00SPC,O2O2 D_Sepia Choco EX,"1,260",203000000000.0,,국내
2026-03-08,S181-08.00,Clalen O2O2 D_Sepia Choco EX_90P,P3405A-08.00SPC,O2O2 D_Sepia Choco EX,360,203000000000.0,,국내
2026-03-08,S181-08.00,Clalen O2O2 D_Sepia Choco EX_90P,P3405A-08.00SPC,O2O2 D_Sepia Choco EX,270,203000000000.0,,국내
2026-03-08,S181-09.50,Clalen O2O2 D_Sepia Choco EX_90P,P3405A-09.50SPC,O2O2 D_Sepia Choco EX,270,203000000000.0,,국내
2026-03-08,S182-02.00,Clalen O2O2 D_Ash Brown EX_90P,P3406A-02.00ASB,O2O2 D_Ash Brown EX,"1,530",203000000000.0,,국내
2026-03-08,S182-02.00,Clalen O2O2 D_Ash Brown EX_90P,P3406A-02.00ASB,O2O2 D_Ash Brown EX,990,203000000000.0,,국내
2026-03-08,S182-02.75,Clalen O2O2 D_Ash Brown EX_90P,P3406A-02.75ASB,O2O2 D_Ash Brown EX,900,203000000000.0,,국내
2026-03-08,S182-02.75,Clalen O2O2 D_Ash Brown EX_90P,P3406A-02.75ASB,O2O2 D_Ash Brown EX,630,203000000000.0,,국내
2026-03-08,S182-02.75,Clalen O2O2 D_Ash Brown EX_90P,P3406A-02.75ASB,O2O2 D_Ash Brown EX,90,203000000000.0,,국내
2026-03-08,S182-02.75,Clalen O2O2 D_Ash Brown EX_90P,P3406A-02.75ASB,O2O2 D_Ash Brown EX,270,203000000000.0,,국내
2026-03-08,S182-02.75,Clalen O2O2 D_Ash Brown EX_90P,P3406A-02.75ASB,O2O2 D_Ash Brown EX,"1,440",203000000000.0,,국내
2026-03-08,S182-03.00,Clalen O2O2 D_Ash Brown EX_90P,P3406A-03.00ASB,O2O2 D_Ash Brown EX,90,203000000000.0,,국내
2026-03-08,S182-03.00,Clalen O2O2 D_Ash Brown EX_90P,P3406A-03.00ASB,O2O2 D_Ash Brown EX,450,203000000000.0,,국내
2026-03-08,S182-03.00,Clalen O2O2 D_Ash Brown EX_90P,P3406A-03.00ASB,O2O2 D_Ash Brown EX,90,203000000000.0,,국내
2026-03-08,S182-03.00,Clalen O2O2 D_Ash Brown EX_90P,P3406A-03.00ASB,O2O2 D_Ash Brown EX,90,203000000000.0,,국내
2026-03-08,S182-03.25,Clalen O2O2 D_Ash Brown EX_90P,P3406A-03.25ASB,O2O2 D_Ash Brown EX,90,203000000000.0,,국내
2026-03-08,S182-03.25,Clalen O2O2 D_Ash Brown EX_90P,P3406A-03.25ASB,O2O2 D_Ash Brown EX,900,203000000000.0,,국내
2026-03-08,S182-03.25,Clalen O2O2 D_Ash Brown EX_90P,P3406A-03.25ASB,O2O2 D_Ash Brown EX,"1,350",203000000000.0,,국내
2026-03-08,S182-03.25,Clalen O2O2 D_Ash Brown EX_90P,P3406A-03.25ASB,O2O2 D_Ash Brown EX,"1,980",203000000000.0,,국내
2026-03-08,S182-03.25,Clalen O2O2 D_Ash Brown EX_90P,P3406A-03.25ASB,O2O2 D_Ash Brown EX,"1,980",203000000000.0,,국내
2026-03-08,S182-03.25,Clalen O2O2 D_Ash Brown EX_90P,P3406A-03.25ASB,O2O2 D_Ash Brown EX,"1,710",203000000000.0,,국내
2026-03-08,S182-03.25,Clalen O2O2 D_Ash Brown EX_90P,P3406A-03.25ASB,O2O2 D_Ash Brown EX,90,203000000000.0,,국내
2026-03-08,S182-03.25,Clalen O2O2 D_Ash Brown EX_90P,P3406A-03.25ASB,O2O2 D_Ash Brown EX,900,203000000000.0,,국내
2026-03-08,S182-06.00,Clalen O2O2 D_Ash Brown EX_90P,P3406A-06.00ASB,O2O2 D_Ash Brown EX,90,203000000000.0,,국내
2026-03-08,S182-06.00,Clalen O2O2 D_Ash Brown EX_90P,P3406A-06.00ASB,O2O2 D_Ash Brown EX,"1,260",203000000000.0,,국내
2026-03-08,S182-07.50,Clalen O2O2 D_Ash Brown EX_90P,P3406A-07.50ASB,O2O2 D_Ash Brown EX,630,203000000000.0,,국내
2026-03-08,S182-09.50,Clalen O2O2 D_Ash Brown EX_90P,P3406A-09.50ASB,O2O2 D_Ash Brown EX,"1,890",203000000000.0,,국내
2026-03-08,S182-09.50,Clalen O2O2 D_Ash Brown EX_90P,P3406A-09.50ASB,O2O2 D_Ash Brown EX,"1,890",203000000000.0,,국내
2026-03-08,S182-09.50,Clalen O2O2 D_Ash Brown EX_90P,P3406A-09.50ASB,O2O2 D_Ash Brown EX,"1,980",203000000000.0,,국내
2026-03-08,S182-10.00,Clalen O2O2 D_Ash Brown EX_90P,P3406A-10.00ASB,O2O2 D_Ash Brown EX,900,203000000000.0,,국내
2026-03-08,S182-10.00,Clalen O2O2 D_Ash Brown EX_90P,P3406A-10.00ASB,O2O2 D_Ash Brown EX,"1,260",203000000000.0,,국내
2026-03-08,S183-01.25,Clalen O2O2 D_Ash Gray EX_90P,P3407A-01.25ASG,O2O2 D_Ash Gray EX,180,203000000000.0,,국내
2026-03-08,S183-01.75,Clalen O2O2 D_Ash Gray EX_90P,P3407A-01.75ASG,O2O2 D_Ash Gray EX,90,203000000000.0,,국내
2026-03-08,S183-01.75,Clalen O2O2 D_Ash Gray EX_90P,P3407A-01.75ASG,O2O2 D_Ash Gray EX,180,203000000000.0,,국내
2026-03-08,S183-01.75,Clalen O2O2 D_Ash Gray EX_90P,P3407A-01.75ASG,O2O2 D_Ash Gray EX,90,203000000000.0,,국내
2026-03-08,S183-01.75,Clalen O2O2 D_Ash Gray EX_90P,P3407A-01.75ASG,O2O2 D_Ash Gray EX,"2,070",203000000000.0,,국내
2026-03-08,S183-02.00,Clalen O2O2 D_Ash Gray EX_90P,P3407A-02.00ASG,O2O2 D_Ash Gray EX,90,203000000000.0,,국내
2026-03-08,S183-02.00,Clalen O2O2 D_Ash Gray EX_90P,P3407A-02.00ASG,O2O2 D_Ash Gray EX,90,203000000000.0,,국내
2026-03-08,S183-02.00,Clalen O2O2 D_Ash Gray EX_90P,P3407A-02.00ASG,O2O2 D_Ash Gray EX,90,203000000000.0,,국내
2026-03-08,S183-02.25,Clalen O2O2 D_Ash Gray EX_90P,P3407A-02.25ASG,O2O2 D_Ash Gray EX,90,203000000000.0,,국내
2026-03-08,S183-02.25,Clalen O2O2 D_Ash Gray EX_90P,P3407A-02.25ASG,O2O2 D_Ash Gray EX,90,203000000000.0,,국내
2026-03-08,S183-02.25,Clalen O2O2 D_Ash Gray EX_90P,P3407A-02.25ASG,O2O2 D_Ash Gray EX,90,203000000000.0,,국내
2026-03-08,S183-02.25,Clalen O2O2 D_Ash Gray EX_90P,P3407A-02.25ASG,O2O2 D_Ash Gray EX,90,203000000000.0,,국내
2026-03-08,S183-05.00,Clalen O2O2 D_Ash Gray EX_90P,P3407A-05.00ASG,O2O2 D_Ash Gray EX,90,203000000000.0,,국내
2026-03-08,S183-05.00,Clalen O2O2 D_Ash Gray EX_90P,P3407A-05.00ASG,O2O2 D_Ash Gray EX,90,203000000000.0,,국내
2026-03-08,S183-05.00,Clalen O2O2 D_Ash Gray EX_90P,P3407A-05.00ASG,O2O2 D_Ash Gray EX,90,203000000000.0,,국내
2026-03-08,S183-05.00,Clalen O2O2 D_Ash Gray EX_90P,P3407A-05.00ASG,O2O2 D_Ash Gray EX,90,203000000000.0,,국내
2026-03-08,S183-05.00,Clalen O2O2 D_Ash Gray EX_90P,P3407A-05.00ASG,O2O2 D_Ash Gray EX,90,203000000000.0,,국내
2026-03-08,S183-05.50,Clalen O2O2 D_Ash Gray EX_90P,P3407A-05.50ASG,O2O2 D_Ash Gray EX,90,203000000000.0,,국내
2026-03-08,S183-05.50,Clalen O2O2 D_Ash Gray EX_90P,P3407A-05.50ASG,O2O2 D_Ash Gray EX,90,203000000000.0,,국내
2026-03-08,S183-06.00,Clalen O2O2 D_Ash Gray EX_90P,P3407A-06.00ASG,O2O2 D_Ash Gray EX,90,203000000000.0,,국내
2026-03-08,S183-06.00,Clalen O2O2 D_Ash Gray EX_90P,P3407A-06.00ASG,O2O2 D_Ash Gray EX,90,203000000000.0,,국내
2026-03-08,S183-08.50,Clalen O2O2 D_Ash Gray EX_90P,P3407A-08.50ASG,O2O2 D_Ash Gray EX,630,203000000000.0,,국내
2026-03-08,S183-09.50,Clalen O2O2 D_Ash Gray EX_90P,P3407A-09.50ASG,O2O2 D_Ash Gray EX,90,203000000000.0,,국내
2026-03-08,S183-09.50,Clalen O2O2 D_Ash Gray EX_90P,P3407A-09.50ASG,O2O2 D_Ash Gray EX,90,203000000000.0,,국내
2026-03-08,S183-10.00,Clalen O2O2 D_Ash Gray EX_90P,P3407A-10.00ASG,O2O2 D_Ash Gray EX,90,203000000000.0,,국내
2026-03-08,S183-10.00,Clalen O2O2 D_Ash Gray EX_90P,P3407A-10.00ASG,O2O2 D_Ash Gray EX,90,203000000000.0,,국내
2026-03-10,S625-00.00,Clalen O2O2 D_Blending Hazel EX_30P,P3408A-00.00BRW,O2O2 D_Blending Hazel EX,690,203000000000.0,,국내
2026-03-10,S625-00.00,Clalen O2O2 D_Blending Hazel EX_30P,P3408A-00.00BRW,O2O2 D_Blending Hazel EX,600,203000000000.0,,국내
2026-03-10,S625-01.00,Clalen O2O2 D_Blending Hazel EX_30P,P3408A-01.00BRW,O2O2 D_Blending Hazel EX,600,203000000000.0,,국내
2026-03-10,S625-01.25,Clalen O2O2 D_Blending Hazel EX_30P,P3408A-01.25BRW,O2O2 D_Blending Hazel EX,450,203000000000.0,,국내
2026-03-10,S625-01.50,Clalen O2O2 D_Blending Hazel EX_30P,P3408A-01.50BRW,O2O2 D_Blending Hazel EX,450,203000000000.0,,국내
2026-03-10,S625-01.75,Clalen O2O2 D_Blending Hazel EX_30P,P3408A-01.75BRW,O2O2 D_Blending Hazel EX,450,203000000000.0,,국내
2026-03-10,S625-02.00,Clalen O2O2 D_Blending Hazel EX_30P,P3408A-02.00BRW,O2O2 D_Blending Hazel EX,450,203000000000.0,,국내
2026-03-10,S625-02.25,Clalen O2O2 D_Blending Hazel EX_30P,P3408A-02.25BRW,O2O2 D_Blending Hazel EX,450,203000000000.0,,국내
2026-03-10,S627-00.00,Clalen O2O2 D_Blending Rose EX_30P,P3409A-00.00PIN,O2O2 D_Blending Rose EX,930,203000000000.0,,국내
2026-03-10,S627-01.00,Clalen O2O2 D_Blending Rose EX_30P,P3409A-01.00PIN,O2O2 D_Blending Rose EX,480,203000000000.0,,국내
2026-03-10,S627-01.25,Clalen O2O2 D_Blending Rose EX_30P,P3409A-01.25PIN,O2O2 D_Blending Rose EX,450,203000000000.0,,국내
2026-03-10,S627-01.50,Clalen O2O2 D_Blending Rose EX_30P,P3409A-01.50PIN,O2O2 D_Blending Rose EX,180,203000000000.0,,국내
2026-03-10,S627-01.75,Clalen O2O2 D_Blending Rose EX_30P,P3409A-01.75PIN,O2O2 D_Blending Rose EX,450,203000000000.0,,국내
2026-03-10,S627-02.00,Clalen O2O2 D_Blending Rose EX_30P,P3409A-02.00PIN,O2O2 D_Blending Rose EX,210,203000000000.0,,국내
2026-03-10,S627-02.00,Clalen O2O2 D_Blending Rose EX_30P,P3409A-02.00PIN,O2O2 D_Blending Rose EX,240,203000000000.0,,국내
2026-03-10,S627-02.25,Clalen O2O2 D_Blending Rose EX_30P,P3409A-02.25PIN,O2O2 D_Blending Rose EX,120,203000000000.0,,국내
2026-03-10,S627-02.25,Clalen O2O2 D_Blending Rose EX_30P,P3409A-02.25PIN,O2O2 D_Blending Rose EX,330,203000000000.0,,국내
2026-03-10,S627-02.50,Clalen O2O2 D_Blending Rose EX_30P,P3409A-02.50PIN,O2O2 D_Blending Rose EX,150,203000000000.0,,국내
2026-03-10,S627-02.50,Clalen O2O2 D_Blending Rose EX_30P,P3409A-02.50PIN,O2O2 D_Blending Rose EX,300,203000000000.0,,국내
2026-03-10,S627-02.75,Clalen O2O2 D_Blending Rose EX_30P,P3409A-02.75PIN,O2O2 D_Blending Rose EX,390,203000000000.0,,국내
2026-03-10,S627-02.75,Clalen O2O2 D_Blending Rose EX_30P,P3409A-02.75PIN,O2O2 D_Blending Rose EX,60,203000000000.0,,국내
2026-03-10,S627-03.00,Clalen O2O2 D_Blending Rose EX_30P,P3409A-03.00PIN,O2O2 D_Blending Rose EX,60,203000000000.0,,국내
2026-03-10,S627-03.00,Clalen O2O2 D_Blending Rose EX_30P,P3409A-03.00PIN,O2O2 D_Blending Rose EX,390,203000000000.0,,국내
2026-03-10,S627-03.25,Clalen O2O2 D_Blending Rose EX_30P,P3409A-03.25PIN,O2O2 D_Blending Rose EX,450,203000000000.0,,국내
2026-03-10,S627-03.50,Clalen O2O2 D_Blending Rose EX_30P,P3409A-03.50PIN,O2O2 D_Blending Rose EX,450,203000000000.0,,국내
2026-03-10,S627-03.75,Clalen O2O2 D_Blending Rose EX_30P,P3409A-03.75PIN,O2O2 D_Blending Rose EX,450,203000000000.0,,국내
2026-03-10,S627-04.00,Clalen O2O2 D_Blending Rose EX_30P,P3409A-04.00PIN,O2O2 D_Blending Rose EX,450,203000000000.0,,국내
2026-03-10,S627-04.25,Clalen O2O2 D_Blending Rose EX_30P,P3409A-04.25PIN,O2O2 D_Blending Rose EX,450,203000000000.0,,국내
2026-03-10,S627-04.50,Clalen O2O2 D_Blending Rose EX_30P,P3409A-04.50PIN,O2O2 D_Blending Rose EX,450,203000000000.0,,국내
2026-03-10,S627-04.75,Clalen O2O2 D_Blending Rose EX_30P,P3409A-04.75PIN,O2O2 D_Blending Rose EX,450,203000000000.0,,국내
2026-03-10,S627-05.00,Clalen O2O2 D_Blending Rose EX_30P,P3409A-05.00PIN,O2O2 D_Blending Rose EX,210,203000000000.0,,국내
2026-03-10,S627-05.00,Clalen O2O2 D_Blending Rose EX_30P,P3409A-05.00PIN,O2O2 D_Blending Rose EX,240,203000000000.0,,국내
2026-03-10,S627-05.50,Clalen O2O2 D_Blending Rose EX_30P,P3409A-05.50PIN,O2O2 D_Blending Rose EX,450,203000000000.0,,국내
2026-03-10,S627-06.00,Clalen O2O2 D_Blending Rose EX_30P,P3409A-06.00PIN,O2O2 D_Blending Rose EX,450,203000000000.0,,국내
2026-03-10,S181-02.25,Clalen O2O2 D_Sepia Choco EX_90P,P3405A-02.25SPC,O2O2 D_Sepia Choco EX,"1,260",203000000000.0,,국내
2026-03-10,S181-02.25,Clalen O2O2 D_Sepia Choco EX_90P,P3405A-02.25SPC,O2O2 D_Sepia Choco EX,"1,800",203000000000.0,,국내
2026-03-10,S181-02.25,Clalen O2O2 D_Sepia Choco EX_90P,P3405A-02.25SPC,O2O2 D_Sepia Choco EX,"1,620",203000000000.0,,국내
2026-03-10,S181-02.25,Clalen O2O2 D_Sepia Choco EX_90P,P3405A-02.25SPC,O2O2 D_Sepia Choco EX,"1,620",203000000000.0,,국내
2026-03-10,S181-02.25,Clalen O2O2 D_Sepia Choco EX_90P,P3405A-02.25SPC,O2O2 D_Sepia Choco EX,"1,530",203000000000.0,,국내
2026-03-10,S181-02.50,Clalen O2O2 D_Sepia Choco EX_90P,P3405A-02.50SPC,O2O2 D_Sepia Choco EX,"1,620",203000000000.0,,국내
2026-03-10,S181-02.50,Clalen O2O2 D_Sepia Choco EX_90P,P3405A-02.50SPC,O2O2 D_Sepia Choco EX,"1,350",203000000000.0,,국내
2026-03-10,S181-02.50,Clalen O2O2 D_Sepia Choco EX_90P,P3405A-02.50SPC,O2O2 D_Sepia Choco EX,360,203000000000.0,,국내
2026-03-10,S181-02.75,Clalen O2O2 D_Sepia Choco EX_90P,P3405A-02.75SPC,O2O2 D_Sepia Choco EX,"1,350",203000000000.0,,국내
2026-03-10,S181-02.75,Clalen O2O2 D_Sepia Choco EX_90P,P3405A-02.75SPC,O2O2 D_Sepia Choco EX,"1,350",203000000000.0,,국내
2026-03-10,S181-03.00,Clalen O2O2 D_Sepia Choco EX_90P,P3405A-03.00SPC,O2O2 D_Sepia Choco EX,"1,350",203000000000.0,,국내
2026-03-10,S181-03.00,Clalen O2O2 D_Sepia Choco EX_90P,P3405A-03.00SPC,O2O2 D_Sepia Choco EX,"1,980",203000000000.0,,국내
2026-03-10,S181-03.00,Clalen O2O2 D_Sepia Choco EX_90P,P3405A-03.00SPC,O2O2 D_Sepia Choco EX,"1,890",203000000000.0,,국내
2026-03-10,S181-03.00,Clalen O2O2 D_Sepia Choco EX_90P,P3405A-03.00SPC,O2O2 D_Sepia Choco EX,"1,170",203000000000.0,,국내
2026-03-10,S181-03.50,Clalen O2O2 D_Sepia Choco EX_90P,P3405A-03.50SPC,O2O2 D_Sepia Choco EX,"1,890",203000000000.0,,국내
2026-03-10,S181-03.50,Clalen O2O2 D_Sepia Choco EX_90P,P3405A-03.50SPC,O2O2 D_Sepia Choco EX,"1,350",203000000000.0,,국내
2026-03-10,S181-04.00,Clalen O2O2 D_Sepia Choco EX_90P,P3405A-04.00SPC,O2O2 D_Sepia Choco EX,"2,070",203000000000.0,,국내
2026-03-10,S181-04.00,Clalen O2O2 D_Sepia Choco EX_90P,P3405A-04.00SPC,O2O2 D_Sepia Choco EX,"1,890",203000000000.0,,국내
2026-03-10,S181-04.00,Clalen O2O2 D_Sepia Choco EX_90P,P3405A-04.00SPC,O2O2 D_Sepia Choco EX,630,203000000000.0,,국내
2026-03-10,S181-04.00,Clalen O2O2 D_Sepia Choco EX_90P,P3405A-04.00SPC,O2O2 D_Sepia Choco EX,"1,080",203000000000.0,,국내
2026-03-10,S181-05.50,Clalen O2O2 D_Sepia Choco EX_90P,P3405A-05.50SPC,O2O2 D_Sepia Choco EX,360,203000000000.0,,국내
2026-03-10,S181-06.00,Clalen O2O2 D_Sepia Choco EX_90P,P3405A-06.00SPC,O2O2 D_Sepia Choco EX,"1,350",203000000000.0,,국내
2026-03-10,S182-02.75,Clalen O2O2 D_Ash Brown EX_90P,P3406A-02.75ASB,O2O2 D_Ash Brown EX,540,203000000000.0,,국내
2026-03-10,S182-02.75,Clalen O2O2 D_Ash Brown EX_90P,P3406A-02.75ASB,O2O2 D_Ash Brown EX,540,203000000000.0,,국내
2026-03-10,S182-02.75,Clalen O2O2 D_Ash Brown EX_90P,P3406A-02.75ASB,O2O2 D_Ash Brown EX,450,203000000000.0,,국내
2026-03-10,S182-02.75,Clalen O2O2 D_Ash Brown EX_90P,P3406A-02.75ASB,O2O2 D_Ash Brown EX,"1,260",203000000000.0,,국내
2026-03-10,S182-03.00,Clalen O2O2 D_Ash Brown EX_90P,P3406A-03.00ASB,O2O2 D_Ash Brown EX,"1,350",203000000000.0,,국내
2026-03-10,S183-01.25,Clalen O2O2 D_Ash Gray EX_90P,P3407A-01.25ASG,O2O2 D_Ash Gray EX,"1,980",203000000000.0,,국내
2026-03-10,S183-01.25,Clalen O2O2 D_Ash Gray EX_90P,P3407A-01.25ASG,O2O2 D_Ash Gray EX,"1,260",203000000000.0,,국내
2026-03-10,S183-01.75,Clalen O2O2 D_Ash Gray EX_90P,P3407A-01.75ASG,O2O2 D_Ash Gray EX,"1,890",203000000000.0,,국내
2026-03-10,S183-01.75,Clalen O2O2 D_Ash Gray EX_90P,P3407A-01.75ASG,O2O2 D_Ash Gray EX,990,203000000000.0,,국내
2026-03-10,S183-01.75,Clalen O2O2 D_Ash Gray EX_90P,P3407A-01.75ASG,O2O2 D_Ash Gray EX,630,203000000000.0,,국내
2026-03-10,S183-01.75,Clalen O2O2 D_Ash Gray EX_90P,P3407A-01.75ASG,O2O2 D_Ash Gray EX,"1,710",203000000000.0,,국내
2026-03-10,S183-02.00,Clalen O2O2 D_Ash Gray EX_90P,P3407A-02.00ASG,O2O2 D_Ash Gray EX,"1,620",203000000000.0,,국내
2026-03-10,S183-02.00,Clalen O2O2 D_Ash Gray EX_90P,P3407A-02.00ASG,O2O2 D_Ash Gray EX,"1,620",203000000000.0,,국내
2026-03-10,S183-02.25,Clalen O2O2 D_Ash Gray EX_90P,P3407A-02.25ASG,O2O2 D_Ash Gray EX,"1,710",203000000000.0,,국내
2026-03-10,S183-02.25,Clalen O2O2 D_Ash Gray EX_90P,P3407A-02.25ASG,O2O2 D_Ash Gray EX,90,203000000000.0,,국내
2026-03-10,S183-02.25,Clalen O2O2 D_Ash Gray EX_90P,P3407A-02.25ASG,O2O2 D_Ash Gray EX,630,203000000000.0,,국내
2026-03-11,S615-00.00,Clalen O2O2 D_Sepia Choco EX_30P,P3405A-00.00SPC,O2O2 D_Sepia Choco EX,"1,590",203000000000.0,,국내
2026-03-11,S615-00.00,Clalen O2O2 D_Sepia Choco EX_30P,P3405A-00.00SPC,O2O2 D_Sepia Choco EX,480,203000000000.0,,국내
2026-03-11,S615-01.00,Clalen O2O2 D_Sepia Choco EX_30P,P3405A-01.00SPC,O2O2 D_Sepia Choco EX,900,203000000000.0,,국내
2026-03-11,S615-01.25,Clalen O2O2 D_Sepia Choco EX_30P,P3405A-01.25SPC,O2O2 D_Sepia Choco EX,450,203000000000.0,,국내
2026-03-11,S615-01.50,Clalen O2O2 D_Sepia Choco EX_30P,P3405A-01.50SPC,O2O2 D_Sepia Choco EX,450,203000000000.0,,국내
2026-03-11,S615-01.75,Clalen O2O2 D_Sepia Choco EX_30P,P3405A-01.75SPC,O2O2 D_Sepia Choco EX,450,203000000000.0,,국내
2026-03-11,S615-02.00,Clalen O2O2 D_Sepia Choco EX_30P,P3405A-02.00SPC,O2O2 D_Sepia Choco EX,450,203000000000.0,,국내
2026-03-11,S615-03.25,Clalen O2O2 D_Sepia Choco EX_30P,P3405A-03.25SPC,O2O2 D_Sepia Choco EX,450,203000000000.0,,국내
2026-03-11,S615-03.75,Clalen O2O2 D_Sepia Choco EX_30P,P3405A-03.75SPC,O2O2 D_Sepia Choco EX,450,203000000000.0,,국내
2026-03-11,S615-04.25,Clalen O2O2 D_Sepia Choco EX_30P,P3405A-04.25SPC,O2O2 D_Sepia Choco EX,450,203000000000.0,,국내
2026-03-11,S615-04.50,Clalen O2O2 D_Sepia Choco EX_30P,P3405A-04.50SPC,O2O2 D_Sepia Choco EX,450,203000000000.0,,국내
2026-03-11,S615-04.75,Clalen O2O2 D_Sepia Choco EX_30P,P3405A-04.75SPC,O2O2 D_Sepia Choco EX,450,203000000000.0,,국내
2026-03-11,S615-05.00,Clalen O2O2 D_Sepia Choco EX_30P,P3405A-05.00SPC,O2O2 D_Sepia Choco EX,450,203000000000.0,,국내
2026-03-11,S615-06.50,Clalen O2O2 D_Sepia Choco EX_30P,P3405A-06.50SPC,O2O2 D_Sepia Choco EX,450,203000000000.0,,국내
2026-03-11,S615-07.00,Clalen O2O2 D_Sepia Choco EX_30P,P3405A-07.00SPC,O2O2 D_Sepia Choco EX,450,203000000000.0,,국내
2026-03-11,S615-07.50,Clalen O2O2 D_Sepia Choco EX_30P,P3405A-07.50SPC,O2O2 D_Sepia Choco EX,450,203000000000.0,,국내
2026-03-11,S617-00.00,Clalen O2O2 D_Ash Brown EX_30P,P3406A-00.00ASB,O2O2 D_Ash Brown EX,"2,040",203000000000.0,,국내
2026-03-11,S617-01.00,Clalen O2O2 D_Ash Brown EX_30P,P3406A-01.00ASB,O2O2 D_Ash Brown EX,900,203000000000.0,,국내
2026-03-11,S617-01.25,Clalen O2O2 D_Ash Brown EX_30P,P3406A-01.25ASB,O2O2 D_Ash Brown EX,450,203000000000.0,,국내
2026-03-11,S617-01.50,Clalen O2O2 D_Ash Brown EX_30P,P3406A-01.50ASB,O2O2 D_Ash Brown EX,450,203000000000.0,,국내
2026-03-11,S617-01.75,Clalen O2O2 D_Ash Brown EX_30P,P3406A-01.75ASB,O2O2 D_Ash Brown EX,450,203000000000.0,,국내
2026-03-11,S617-02.25,Clalen O2O2 D_Ash Brown EX_30P,P3406A-02.25ASB,O2O2 D_Ash Brown EX,450,203000000000.0,,국내
2026-03-11,S617-02.50,Clalen O2O2 D_Ash Brown EX_30P,P3406A-02.50ASB,O2O2 D_Ash Brown EX,450,203000000000.0,,국내
2026-03-11,S617-03.25,Clalen O2O2 D_Ash Brown EX_30P,P3406A-03.25ASB,O2O2 D_Ash Brown EX,450,203000000000.0,,국내
2026-03-11,S617-03.50,Clalen O2O2 D_Ash Brown EX_30P,P3406A-03.50ASB,O2O2 D_Ash Brown EX,420,203000000000.0,,국내
2026-03-11,S617-03.50,Clalen O2O2 D_Ash Brown EX_30P,P3406A-03.50ASB,O2O2 D_Ash Brown EX,30,203000000000.0,,국내
2026-03-11,S617-03.75,Clalen O2O2 D_Ash Brown EX_30P,P3406A-03.75ASB,O2O2 D_Ash Brown EX,450,203000000000.0,,국내
2026-03-11,S617-04.00,Clalen O2O2 D_Ash Brown EX_30P,P3406A-04.00ASB,O2O2 D_Ash Brown EX,30,203000000000.0,,국내
2026-03-11,S617-04.00,Clalen O2O2 D_Ash Brown EX_30P,P3406A-04.00ASB,O2O2 D_Ash Brown EX,420,203000000000.0,,국내
2026-03-11,S617-04.25,Clalen O2O2 D_Ash Brown EX_30P,P3406A-04.25ASB,O2O2 D_Ash Brown EX,450,203000000000.0,,국내
2026-03-11,S617-04.50,Clalen O2O2 D_Ash Brown EX_30P,P3406A-04.50ASB,O2O2 D_Ash Brown EX,450,203000000000.0,,국내
2026-03-11,S617-05.50,Clalen O2O2 D_Ash Brown EX_30P,P3406A-05.50ASB,O2O2 D_Ash Brown EX,330,203000000000.0,,국내
2026-03-11,S617-05.50,Clalen O2O2 D_Ash Brown EX_30P,P3406A-05.50ASB,O2O2 D_Ash Brown EX,120,203000000000.0,,국내
2026-03-11,S617-06.00,Clalen O2O2 D_Ash Brown EX_30P,P3406A-06.00ASB,O2O2 D_Ash Brown EX,420,203000000000.0,,국내
2026-03-11,S617-06.00,Clalen O2O2 D_Ash Brown EX_30P,P3406A-06.00ASB,O2O2 D_Ash Brown EX,30,203000000000.0,,국내
2026-03-11,S617-06.50,Clalen O2O2 D_Ash Brown EX_30P,P3406A-06.50ASB,O2O2 D_Ash Brown EX,450,203000000000.0,,국내
2026-03-11,S617-07.00,Clalen O2O2 D_Ash Brown EX_30P,P3406A-07.00ASB,O2O2 D_Ash Brown EX,390,203000000000.0,,국내
2026-03-11,S617-07.00,Clalen O2O2 D_Ash Brown EX_30P,P3406A-07.00ASB,O2O2 D_Ash Brown EX,60,203000000000.0,,국내
2026-03-11,S617-07.50,Clalen O2O2 D_Ash Brown EX_30P,P3406A-07.50ASB,O2O2 D_Ash Brown EX,450,203000000000.0,,국내
2026-03-11,S619-00.00,Clalen O2O2 D_Ash Gray EX_30P,P3407A-00.00ASG,O2O2 D_Ash Gray EX,960,203000000000.0,,국내
2026-03-11,S619-00.00,Clalen O2O2 D_Ash Gray EX_30P,P3407A-00.00ASG,O2O2 D_Ash Gray EX,480,203000000000.0,,국내
2026-03-11,S619-01.00,Clalen O2O2 D_Ash Gray EX_30P,P3407A-01.00ASG,O2O2 D_Ash Gray EX,900,203000000000.0,,국내
2026-03-11,S619-01.25,Clalen O2O2 D_Ash Gray EX_30P,P3407A-01.25ASG,O2O2 D_Ash Gray EX,450,203000000000.0,,국내
2026-03-11,S619-01.50,Clalen O2O2 D_Ash Gray EX_30P,P3407A-01.50ASG,O2O2 D_Ash Gray EX,30,203000000000.0,,국내
2026-03-11,S619-01.50,Clalen O2O2 D_Ash Gray EX_30P,P3407A-01.50ASG,O2O2 D_Ash Gray EX,420,203000000000.0,,국내
2026-03-11,S619-02.50,Clalen O2O2 D_Ash Gray EX_30P,P3407A-02.50ASG,O2O2 D_Ash Gray EX,450,203000000000.0,,국내
2026-03-11,S619-02.75,Clalen O2O2 D_Ash Gray EX_30P,P3407A-02.75ASG,O2O2 D_Ash Gray EX,450,203000000000.0,,국내
2026-03-11,S619-03.25,Clalen O2O2 D_Ash Gray EX_30P,P3407A-03.25ASG,O2O2 D_Ash Gray EX,450,203000000000.0,,국내
2026-03-11,S619-03.75,Clalen O2O2 D_Ash Gray EX_30P,P3407A-03.75ASG,O2O2 D_Ash Gray EX,330,203000000000.0,,국내
2026-03-11,S619-03.75,Clalen O2O2 D_Ash Gray EX_30P,P3407A-03.75ASG,O2O2 D_Ash Gray EX,120,203000000000.0,,국내
2026-03-11,S619-04.25,Clalen O2O2 D_Ash Gray EX_30P,P3407A-04.25ASG,O2O2 D_Ash Gray EX,450,203000000000.0,,국내
2026-03-11,S619-04.50,Clalen O2O2 D_Ash Gray EX_30P,P3407A-04.50ASG,O2O2 D_Ash Gray EX,240,203000000000.0,,국내
2026-03-11,S619-04.50,Clalen O2O2 D_Ash Gray EX_30P,P3407A-04.50ASG,O2O2 D_Ash Gray EX,210,203000000000.0,,국내
2026-03-11,S619-04.75,Clalen O2O2 D_Ash Gray EX_30P,P3407A-04.75ASG,O2O2 D_Ash Gray EX,450,203000000000.0,,국내
2026-03-11,S619-06.50,Clalen O2O2 D_Ash Gray EX_30P,P3407A-06.50ASG,O2O2 D_Ash Gray EX,360,203000000000.0,,국내
2026-03-11,S619-06.50,Clalen O2O2 D_Ash Gray EX_30P,P3407A-06.50ASG,O2O2 D_Ash Gray EX,90,203000000000.0,,국내
2026-03-11,S619-07.00,Clalen O2O2 D_Ash Gray EX_30P,P3407A-07.00ASG,O2O2 D_Ash Gray EX,330,203000000000.0,,국내
2026-03-11,S619-07.00,Clalen O2O2 D_Ash Gray EX_30P,P3407A-07.00ASG,O2O2 D_Ash Gray EX,120,203000000000.0,,국내
2026-03-11,S619-07.50,Clalen O2O2 D_Ash Gray EX_30P,P3407A-07.50ASG,O2O2 D_Ash Gray EX,300,203000000000.0,,국내
2026-03-11,S619-08.00,Clalen O2O2 D_Ash Gray EX_30P,P3407A-08.00ASG,O2O2 D_Ash Gray EX,390,203000000000.0,,국내
2026-03-11,S625-00.00,Clalen O2O2 D_Blending Hazel EX_30P,P3408A-00.00BRW,O2O2 D_Blending Hazel EX,690,203000000000.0,,국내
2026-03-11,S625-00.00,Clalen O2O2 D_Blending Hazel EX_30P,P3408A-00.00BRW,O2O2 D_Blending Hazel EX,300,203000000000.0,,국내
2026-03-11,S625-00.00,Clalen O2O2 D_Blending Hazel EX_30P,P3408A-00.00BRW,O2O2 D_Blending Hazel EX,720,203000000000.0,,국내
2026-03-11,S625-02.50,Clalen O2O2 D_Blending Hazel EX_30P,P3408A-02.50BRW,O2O2 D_Blending Hazel EX,360,203000000000.0,,국내
2026-03-11,S625-02.50,Clalen O2O2 D_Blending Hazel EX_30P,P3408A-02.50BRW,O2O2 D_Blending Hazel EX,90,203000000000.0,,국내
2026-03-11,S625-02.75,Clalen O2O2 D_Blending Hazel EX_30P,P3408A-02.75BRW,O2O2 D_Blending Hazel EX,450,203000000000.0,,국내
2026-03-11,S625-03.00,Clalen O2O2 D_Blending Hazel EX_30P,P3408A-03.00BRW,O2O2 D_Blending Hazel EX,450,203000000000.0,,국내
2026-03-11,S625-03.25,Clalen O2O2 D_Blending Hazel EX_30P,P3408A-03.25BRW,O2O2 D_Blending Hazel EX,450,203000000000.0,,국내
2026-03-11,S625-03.50,Clalen O2O2 D_Blending Hazel EX_30P,P3408A-03.50BRW,O2O2 D_Blending Hazel EX,450,203000000000.0,,국내
2026-03-11,S625-03.75,Clalen O2O2 D_Blending Hazel EX_30P,P3408A-03.75BRW,O2O2 D_Blending Hazel EX,450,203000000000.0,,국내
2026-03-11,S625-04.00,Clalen O2O2 D_Blending Hazel EX_30P,P3408A-04.00BRW,O2O2 D_Blending Hazel EX,450,203000000000.0,,국내
2026-03-11,S625-04.25,Clalen O2O2 D_Blending Hazel EX_30P,P3408A-04.25BRW,O2O2 D_Blending Hazel EX,450,203000000000.0,,국내
2026-03-11,S625-04.50,Clalen O2O2 D_Blending Hazel EX_30P,P3408A-04.50BRW,O2O2 D_Blending Hazel EX,450,203000000000.0,,국내
2026-03-11,S625-04.75,Clalen O2O2 D_Blending Hazel EX_30P,P3408A-04.75BRW,O2O2 D_Blending Hazel EX,210,203000000000.0,,국내
2026-03-11,S625-04.75,Clalen O2O2 D_Blending Hazel EX_30P,P3408A-04.75BRW,O2O2 D_Blending Hazel EX,240,203000000000.0,,국내
2026-03-11,S625-05.00,Clalen O2O2 D_Blending Hazel EX_30P,P3408A-05.00BRW,O2O2 D_Blending Hazel EX,450,203000000000.0,,국내
2026-03-11,S625-05.50,Clalen O2O2 D_Blending Hazel EX_30P,P3408A-05.50BRW,O2O2 D_Blending Hazel EX,450,203000000000.0,,국내
2026-03-11,S625-06.00,Clalen O2O2 D_Blending Hazel EX_30P,P3408A-06.00BRW,O2O2 D_Blending Hazel EX,450,203000000000.0,,국내
2026-03-11,S625-06.50,Clalen O2O2 D_Blending Hazel EX_30P,P3408A-06.50BRW,O2O2 D_Blending Hazel EX,120,203000000000.0,,국내
2026-03-11,S625-06.50,Clalen O2O2 D_Blending Hazel EX_30P,P3408A-06.50BRW,O2O2 D_Blending Hazel EX,330,203000000000.0,,국내
2026-03-11,S625-07.00,Clalen O2O2 D_Blending Hazel EX_30P,P3408A-07.00BRW,O2O2 D_Blending Hazel EX,450,203000000000.0,,국내
2026-03-11,S625-07.50,Clalen O2O2 D_Blending Hazel EX_30P,P3408A-07.50BRW,O2O2 D_Blending Hazel EX,450,203000000000.0,,국내
2026-03-11,S625-08.00,Clalen O2O2 D_Blending Hazel EX_30P,P3408A-08.00BRW,O2O2 D_Blending Hazel EX,450,203000000000.0,,국내
2026-03-11,S627-06.50,Clalen O2O2 D_Blending Rose EX_30P,P3409A-06.50PIN,O2O2 D_Blending Rose EX,450,203000000000.0,,국내
2026-03-11,S627-07.00,Clalen O2O2 D_Blending Rose EX_30P,P3409A-07.00PIN,O2O2 D_Blending Rose EX,90,203000000000.0,,국내
2026-03-11,S627-07.00,Clalen O2O2 D_Blending Rose EX_30P,P3409A-07.00PIN,O2O2 D_Blending Rose EX,360,203000000000.0,,국내
2026-03-11,S627-07.50,Clalen O2O2 D_Blending Rose EX_30P,P3409A-07.50PIN,O2O2 D_Blending Rose EX,450,203000000000.0,,국내
2026-03-12,S181-01.25,Clalen O2O2 D_Sepia Choco EX_90P,P3405A-01.25SPC,O2O2 D_Sepia Choco EX,"1,620",203000000000.0,,국내
2026-03-12,S181-01.25,Clalen O2O2 D_Sepia Choco EX_90P,P3405A-01.25SPC,O2O2 D_Sepia Choco EX,900,203000000000.0,,국내
2026-03-12,S181-01.25,Clalen O2O2 D_Sepia Choco EX_90P,P3405A-01.25SPC,O2O2 D_Sepia Choco EX,"1,080",203000000000.0,,국내
2026-03-12,S181-01.75,Clalen O2O2 D_Sepia Choco EX_90P,P3405A-01.75SPC,O2O2 D_Sepia Choco EX,"1,260",203000000000.0,,국내
2026-03-12,S181-01.75,Clalen O2O2 D_Sepia Choco EX_90P,P3405A-01.75SPC,O2O2 D_Sepia Choco EX,"1,170",203000000000.0,,국내
2026-03-12,S181-01.75,Clalen O2O2 D_Sepia Choco EX_90P,P3405A-01.75SPC,O2O2 D_Sepia Choco EX,"1,080",203000000000.0,,국내
2026-03-12,S181-02.25,Clalen O2O2 D_Sepia Choco EX_90P,P3405A-02.25SPC,O2O2 D_Sepia Choco EX,"1,080",203000000000.0,,국내
2026-03-12,S181-02.25,Clalen O2O2 D_Sepia Choco EX_90P,P3405A-02.25SPC,O2O2 D_Sepia Choco EX,"1,710",203000000000.0,,국내
2026-03-12,S181-02.50,Clalen O2O2 D_Sepia Choco EX_90P,P3405A-02.50SPC,O2O2 D_Sepia Choco EX,"1,260",203000000000.0,,국내
2026-03-12,S181-02.75,Clalen O2O2 D_Sepia Choco EX_90P,P3405A-02.75SPC,O2O2 D_Sepia Choco EX,"1,260",203000000000.0,,국내
2026-03-12,S181-02.75,Clalen O2O2 D_Sepia Choco EX_90P,P3405A-02.75SPC,O2O2 D_Sepia Choco EX,"1,530",203000000000.0,,국내
2026-03-12,S181-02.75,Clalen O2O2 D_Sepia Choco EX_90P,P3405A-02.75SPC,O2O2 D_Sepia Choco EX,"1,080",203000000000.0,,국내
2026-03-12,S181-02.75,Clalen O2O2 D_Sepia Choco EX_90P,P3405A-02.75SPC,O2O2 D_Sepia Choco EX,"1,530",203000000000.0,,국내
2026-03-12,S181-02.75,Clalen O2O2 D_Sepia Choco EX_90P,P3405A-02.75SPC,O2O2 D_Sepia Choco EX,"1,440",203000000000.0,,국내
2026-03-12,S181-06.00,Clalen O2O2 D_Sepia Choco EX_90P,P3405A-06.00SPC,O2O2 D_Sepia Choco EX,"1,800",203000000000.0,,국내
2026-03-12,S181-06.00,Clalen O2O2 D_Sepia Choco EX_90P,P3405A-06.00SPC,O2O2 D_Sepia Choco EX,"1,530",203000000000.0,,국내
2026-03-12,S181-06.00,Clalen O2O2 D_Sepia Choco EX_90P,P3405A-06.00SPC,O2O2 D_Sepia Choco EX,450,203000000000.0,,국내
2026-03-13,S181-03.50,Clalen O2O2 D_Sepia Choco EX_90P,P3405A-03.50SPC,O2O2 D_Sepia Choco EX,"1,800",203000000000.0,,국내
2026-03-13,S181-03.50,Clalen O2O2 D_Sepia Choco EX_90P,P3405A-03.50SPC,O2O2 D_Sepia Choco EX,"1,710",203000000000.0,,국내
2026-03-13,S181-04.00,Clalen O2O2 D_Sepia Choco EX_90P,P3405A-04.00SPC,O2O2 D_Sepia Choco EX,"1,800",203000000000.0,,국내
2026-03-13,S181-04.00,Clalen O2O2 D_Sepia Choco EX_90P,P3405A-04.00SPC,O2O2 D_Sepia Choco EX,"1,980",203000000000.0,,국내
2026-03-13,S181-05.50,Clalen O2O2 D_Sepia Choco EX_90P,P3405A-05.50SPC,O2O2 D_Sepia Choco EX,540,203000000000.0,,국내
2026-03-13,S181-06.00,Clalen O2O2 D_Sepia Choco EX_90P,P3405A-06.00SPC,O2O2 D_Sepia Choco EX,900,203000000000.0,,국내
2026-03-13,S181-08.00,Clalen O2O2 D_Sepia Choco EX_90P,P3405A-08.00SPC,O2O2 D_Sepia Choco EX,"1,530",203000000000.0,,국내
2026-03-13,S181-10.00,Clalen O2O2 D_Sepia Choco EX_90P,P3405A-10.00SPC,O2O2 D_Sepia Choco EX,"1,170",203000000000.0,,국내
2026-03-13,S182-03.00,Clalen O2O2 D_Ash Brown EX_90P,P3406A-03.00ASB,O2O2 D_Ash Brown EX,450,203000000000.0,,국내
2026-03-13,S182-03.00,Clalen O2O2 D_Ash Brown EX_90P,P3406A-03.00ASB,O2O2 D_Ash Brown EX,990,203000000000.0,,국내
2026-03-13,S182-03.00,Clalen O2O2 D_Ash Brown EX_90P,P3406A-03.00ASB,O2O2 D_Ash Brown EX,720,203000000000.0,,국내
2026-03-13,S183-01.75,Clalen O2O2 D_Ash Gray EX_90P,P3407A-01.75ASG,O2O2 D_Ash Gray EX,"1,800",203000000000.0,,국내
2026-03-13,S183-01.75,Clalen O2O2 D_Ash Gray EX_90P,P3407A-01.75ASG,O2O2 D_Ash Gray EX,"1,620",203000000000.0,,국내
2026-03-13,S183-02.00,Clalen O2O2 D_Ash Gray EX_90P,P3407A-02.00ASG,O2O2 D_Ash Gray EX,"1,800",203000000000.0,,국내
2026-03-13,S183-02.00,Clalen O2O2 D_Ash Gray EX_90P,P3407A-02.00ASG,O2O2 D_Ash Gray EX,"1,440",203000000000.0,,국내
2026-03-13,S183-02.25,Clalen O2O2 D_Ash Gray EX_90P,P3407A-02.25ASG,O2O2 D_Ash Gray EX,"1,710",203000000000.0,,국내
2026-03-13,S183-03.00,Clalen O2O2 D_Ash Gray EX_90P,P3407A-03.00ASG,O2O2 D_Ash Gray EX,90,203000000000.0,,국내
2026-03-13,S183-03.50,Clalen O2O2 D_Ash Gray EX_90P,P3407A-03.50ASG,O2O2 D_Ash Gray EX,"1,170",203000000000.0,,국내
2026-03-13,S183-05.00,Clalen O2O2 D_Ash Gray EX_90P,P3407A-05.00ASG,O2O2 D_Ash Gray EX,"1,440",203000000000.0,,국내
2026-03-13,S183-10.00,Clalen O2O2 D_Ash Gray EX_90P,P3407A-10.00ASG,O2O2 D_Ash Gray EX,"1,530",203000000000.0,,국내
2026-03-14,S291-04.00,Clalen O2O2 D_Sepia Choco EX_샘플(5P),P3405A-04.00SPC,O2O2 D_Sepia Choco EX,10,,,국내
2026-03-14,S291-07.00,Clalen O2O2 D_Sepia Choco EX_샘플(5P),P3405A-07.00SPC,O2O2 D_Sepia Choco EX,5,,,국내
2026-03-14,S291-04.75,Clalen O2O2 D_Sepia Choco EX_샘플(5P),P3405A-04.75SPC,O2O2 D_Sepia Choco EX,5,,,국내
2026-03-14,S291-03.75,Clalen O2O2 D_Sepia Choco EX_샘플(5P),P3405A-03.75SPC,O2O2 D_Sepia Choco EX,10,,,국내
2026-03-14,S291-02.75,Clalen O2O2 D_Sepia Choco EX_샘플(5P),P3405A-02.75SPC,O2O2 D_Sepia Choco EX,10,,,국내
2026-03-14,S291-02.50,Clalen O2O2 D_Sepia Choco EX_샘플(5P),P3405A-02.50SPC,O2O2 D_Sepia Choco EX,5,,,국내
2026-03-14,S291-02.00,Clalen O2O2 D_Sepia Choco EX_샘플(5P),P3405A-02.00SPC,O2O2 D_Sepia Choco EX,5,,,국내
2026-03-14,S291-01.50,Clalen O2O2 D_Sepia Choco EX_샘플(5P),P3405A-01.50SPC,O2O2 D_Sepia Choco EX,5,,,국내
2026-03-14,S291-01.00,Clalen O2O2 D_Sepia Choco EX_샘플(5P),P3405A-01.00SPC,O2O2 D_Sepia Choco EX,5,,,국내
2026-03-14,S293-04.75,Clalen O2O2 D_Ash Gray EX_샘플(5P),P3407A-04.75ASG,O2O2 D_Ash Gray EX,,,,국내
2026-03-14,S293-04.00,Clalen O2O2 D_Ash Gray EX_샘플(5P),P3407A-04.00ASG,O2O2 D_Ash Gray EX,,,,국내
2026-03-14,S293-02.75,Clalen O2O2 D_Ash Gray EX_샘플(5P),P3407A-02.75ASG,O2O2 D_Ash Gray EX,,,,국내
2026-03-14,S293-03.75,Clalen O2O2 D_Ash Gray EX_샘플(5P),P3407A-03.75ASG,O2O2 D_Ash Gray EX,,,,국내
2026-03-14,S293-02.50,Clalen O2O2 D_Ash Gray EX_샘플(5P),P3407A-02.50ASG,O2O2 D_Ash Gray EX,,,,국내
2026-03-14,S293-01.00,Clalen O2O2 D_Ash Gray EX_샘플(5P),P3407A-01.00ASG,O2O2 D_Ash Gray EX,,,,국내
2026-03-14,S293-01.50,Clalen O2O2 D_Ash Gray EX_샘플(5P),P3407A-01.50ASG,O2O2 D_Ash Gray EX,,,,국내
2026-03-14,S293-02.00,Clalen O2O2 D_Ash Gray EX_샘플(5P),P3407A-02.00ASG,O2O2 D_Ash Gray EX,,,,국내
2026-03-14,S292-07.00,Clalen O2O2 D_Ash Brown EX_샘플(5P),P3406A-07.00ASB,O2O2 D_Ash Brown EX,,,,국내
2026-03-14,S292-04.75,Clalen O2O2 D_Ash Brown EX_샘플(5P),P3406A-04.75ASB,O2O2 D_Ash Brown EX,,,,국내
2026-03-14,S292-04.00,Clalen O2O2 D_Ash Brown EX_샘플(5P),P3406A-04.00ASB,O2O2 D_Ash Brown EX,,,,국내
2026-03-14,S292-03.75,Clalen O2O2 D_Ash Brown EX_샘플(5P),P3406A-03.75ASB,O2O2 D_Ash Brown EX,,,,국내
2026-03-14,S292-02.50,Clalen O2O2 D_Ash Brown EX_샘플(5P),P3406A-02.50ASB,O2O2 D_Ash Brown EX,,,,국내
2026-03-14,S292-02.00,Clalen O2O2 D_Ash Brown EX_샘플(5P),P3406A-02.00ASB,O2O2 D_Ash Brown EX,,,,국내
2026-03-14,S292-01.50,Clalen O2O2 D_Ash Brown EX_샘플(5P),P3406A-01.50ASB,O2O2 D_Ash Brown EX,,,,국내
2026-03-14,S292-01.00,Clalen O2O2 D_Ash Brown EX_샘플(5P),P3406A-01.00ASB,O2O2 D_Ash Brown EX,,,,국내
2026-03-14,S292-02.75,Clalen O2O2 D_Ash Brown EX_샘플(5P),P3406A-02.75ASB,O2O2 D_Ash Brown EX,,,,국내
2026-03-14,S617-02.50,Clalen O2O2 D_Ash Brown EX_30P,P3406A-02.50ASB,O2O2 D_Ash Brown EX,"1,080",203000000000.0,,국내
2026-03-14,S617-02.50,Clalen O2O2 D_Ash Brown EX_30P,P3406A-02.50ASB,O2O2 D_Ash Brown EX,180,203000000000.0,,국내
2026-03-14,S617-02.50,Clalen O2O2 D_Ash Brown EX_30P,P3406A-02.50ASB,O2O2 D_Ash Brown EX,240,203000000000.0,,국내
2026-03-14,S617-03.50,Clalen O2O2 D_Ash Brown EX_30P,P3406A-03.50ASB,O2O2 D_Ash Brown EX,420,203000000000.0,,국내
2026-03-14,S617-04.00,Clalen O2O2 D_Ash Brown EX_30P,P3406A-04.00ASB,O2O2 D_Ash Brown EX,570,203000000000.0,,국내
2026-03-14,S617-04.00,Clalen O2O2 D_Ash Brown EX_30P,P3406A-04.00ASB,O2O2 D_Ash Brown EX,330,203000000000.0,,국내
2026-03-14,S617-06.50,Clalen O2O2 D_Ash Brown EX_30P,P3406A-06.50ASB,O2O2 D_Ash Brown EX,180,203000000000.0,,국내
2026-03-14,S617-07.00,Clalen O2O2 D_Ash Brown EX_30P,P3406A-07.00ASB,O2O2 D_Ash Brown EX,60,203000000000.0,,국내
2026-03-14,S617-07.50,Clalen O2O2 D_Ash Brown EX_30P,P3406A-07.50ASB,O2O2 D_Ash Brown EX,60,203000000000.0,,국내
2026-03-14,S617-10.00,Clalen O2O2 D_Ash Brown EX_30P,P3406A-10.00ASB,O2O2 D_Ash Brown EX,810,203000000000.0,,국내
2026-03-14,S619-02.50,Clalen O2O2 D_Ash Gray EX_30P,P3407A-02.50ASG,O2O2 D_Ash Gray EX,180,203000000000.0,,국내
2026-03-14,S619-09.00,Clalen O2O2 D_Ash Gray EX_30P,P3407A-09.00ASG,O2O2 D_Ash Gray EX,630,203000000000.0,,국내
2026-03-14,S615-00.00,Clalen O2O2 D_Sepia Choco EX_30P,P3405A-00.00SPC,O2O2 D_Sepia Choco EX,"1,770",203000000000.0,,국내
2026-03-14,S615-00.00,Clalen O2O2 D_Sepia Choco EX_30P,P3405A-00.00SPC,O2O2 D_Sepia Choco EX,570,203000000000.0,,국내
2026-03-14,S615-01.00,Clalen O2O2 D_Sepia Choco EX_30P,P3405A-01.00SPC,O2O2 D_Sepia Choco EX,960,203000000000.0,,국내
2026-03-14,S615-01.00,Clalen O2O2 D_Sepia Choco EX_30P,P3405A-01.00SPC,O2O2 D_Sepia Choco EX,60,203000000000.0,,국내
2026-03-14,S615-01.00,Clalen O2O2 D_Sepia Choco EX_30P,P3405A-01.00SPC,O2O2 D_Sepia Choco EX,840,203000000000.0,,국내
2026-03-14,S615-01.50,Clalen O2O2 D_Sepia Choco EX_30P,P3405A-01.50SPC,O2O2 D_Sepia Choco EX,360,203000000000.0,,국내
2026-03-14,S615-01.50,Clalen O2O2 D_Sepia Choco EX_30P,P3405A-01.50SPC,O2O2 D_Sepia Choco EX,"1,140",203000000000.0,,국내
2026-03-14,S615-04.00,Clalen O2O2 D_Sepia Choco EX_30P,P3405A-04.00SPC,O2O2 D_Sepia Choco EX,30,203000000000.0,,국내
2026-03-14,S615-04.25,Clalen O2O2 D_Sepia Choco EX_30P,P3405A-04.25SPC,O2O2 D_Sepia Choco EX,90,203000000000.0,,국내
2026-03-14,S615-04.25,Clalen O2O2 D_Sepia Choco EX_30P,P3405A-04.25SPC,O2O2 D_Sepia Choco EX,240,203000000000.0,,국내
2026-03-14,S615-05.50,Clalen O2O2 D_Sepia Choco EX_30P,P3405A-05.50SPC,O2O2 D_Sepia Choco EX,"1,080",203000000000.0,,국내
2026-03-14,S615-10.00,Clalen O2O2 D_Sepia Choco EX_30P,P3405A-10.00SPC,O2O2 D_Sepia Choco EX,390,203000000000.0,,국내
2026-03-14,S181-01.00,Clalen O2O2 D_Sepia Choco EX_90P,P3405A-01.00SPC,O2O2 D_Sepia Choco EX,180,203000000000.0,,국내
2026-03-14,S181-01.25,Clalen O2O2 D_Sepia Choco EX_90P,P3405A-01.25SPC,O2O2 D_Sepia Choco EX,90,203000000000.0,,국내
2026-03-14,S181-01.75,Clalen O2O2 D_Sepia Choco EX_90P,P3405A-01.75SPC,O2O2 D_Sepia Choco EX,450,203000000000.0,,국내
2026-03-14,S181-02.50,Clalen O2O2 D_Sepia Choco EX_90P,P3405A-02.50SPC,O2O2 D_Sepia Choco EX,720,203000000000.0,,국내
2026-03-14,S181-02.50,Clalen O2O2 D_Sepia Choco EX_90P,P3405A-02.50SPC,O2O2 D_Sepia Choco EX,"1,530",203000000000.0,,국내
2026-03-14,S181-03.00,Clalen O2O2 D_Sepia Choco EX_90P,P3405A-03.00SPC,O2O2 D_Sepia Choco EX,"1,350",203000000000.0,,국내
2026-03-14,S181-03.00,Clalen O2O2 D_Sepia Choco EX_90P,P3405A-03.00SPC,O2O2 D_Sepia Choco EX,"2,070",203000000000.0,,국내
2026-03-14,S181-03.00,Clalen O2O2 D_Sepia Choco EX_90P,P3405A-03.00SPC,O2O2 D_Sepia Choco EX,"1,710",203000000000.0,,국내
2026-03-14,S181-03.25,Clalen O2O2 D_Sepia Choco EX_90P,P3405A-03.25SPC,O2O2 D_Sepia Choco EX,360,203000000000.0,,국내
2026-03-14,S181-03.50,Clalen O2O2 D_Sepia Choco EX_90P,P3405A-03.50SPC,O2O2 D_Sepia Choco EX,90,203000000000.0,,국내
2026-03-14,S182-00.50,Clalen O2O2 D_Ash Brown EX_90P,P3406A-00.50ASB,O2O2 D_Ash Brown EX,"1,620",203000000000.0,,국내
2026-03-14,S182-00.50,Clalen O2O2 D_Ash Brown EX_90P,P3406A-00.50ASB,O2O2 D_Ash Brown EX,900,203000000000.0,,국내
2026-03-14,S182-02.75,Clalen O2O2 D_Ash Brown EX_90P,P3406A-02.75ASB,O2O2 D_Ash Brown EX,450,203000000000.0,,국내
2026-03-16,S615-02.25,Clalen O2O2 D_Sepia Choco EX_30P,P3405A-02.25SPC,O2O2 D_Sepia Choco EX,60,203000000000.0,,국내
2026-03-16,S615-02.25,Clalen O2O2 D_Sepia Choco EX_30P,P3405A-02.25SPC,O2O2 D_Sepia Choco EX,60,203000000000.0,,국내
2026-03-16,S615-02.25,Clalen O2O2 D_Sepia Choco EX_30P,P3405A-02.25SPC,O2O2 D_Sepia Choco EX,60,203000000000.0,,국내
2026-03-16,S615-02.50,Clalen O2O2 D_Sepia Choco EX_30P,P3405A-02.50SPC,O2O2 D_Sepia Choco EX,30,203000000000.0,,국내
2026-03-16,S615-02.50,Clalen O2O2 D_Sepia Choco EX_30P,P3405A-02.50SPC,O2O2 D_Sepia Choco EX,30,203000000000.0,,국내
2026-03-16,S615-02.50,Clalen O2O2 D_Sepia Choco EX_30P,P3405A-02.50SPC,O2O2 D_Sepia Choco EX,30,203000000000.0,,국내
2026-03-16,S615-02.50,Clalen O2O2 D_Sepia Choco EX_30P,P3405A-02.50SPC,O2O2 D_Sepia Choco EX,840,203000000000.0,,국내
2026-03-16,S615-02.50,Clalen O2O2 D_Sepia Choco EX_30P,P3405A-02.50SPC,O2O2 D_Sepia Choco EX,"1,200",203000000000.0,,국내
2026-03-16,S615-03.00,Clalen O2O2 D_Sepia Choco EX_30P,P3405A-03.00SPC,O2O2 D_Sepia Choco EX,30,203000000000.0,,국내
2026-03-16,S615-03.00,Clalen O2O2 D_Sepia Choco EX_30P,P3405A-03.00SPC,O2O2 D_Sepia Choco EX,30,203000000000.0,,국내
2026-03-16,S615-03.00,Clalen O2O2 D_Sepia Choco EX_30P,P3405A-03.00SPC,O2O2 D_Sepia Choco EX,30,203000000000.0,,국내
2026-03-16,S615-03.00,Clalen O2O2 D_Sepia Choco EX_30P,P3405A-03.00SPC,O2O2 D_Sepia Choco EX,60,203000000000.0,,국내
2026-03-16,S615-03.00,Clalen O2O2 D_Sepia Choco EX_30P,P3405A-03.00SPC,O2O2 D_Sepia Choco EX,60,203000000000.0,,국내
2026-03-16,S615-03.00,Clalen O2O2 D_Sepia Choco EX_30P,P3405A-03.00SPC,O2O2 D_Sepia Choco EX,"1,530",203000000000.0,,국내
2026-03-16,S615-03.00,Clalen O2O2 D_Sepia Choco EX_30P,P3405A-03.00SPC,O2O2 D_Sepia Choco EX,60,203000000000.0,,국내
2026-03-16,S615-03.00,Clalen O2O2 D_Sepia Choco EX_30P,P3405A-03.00SPC,O2O2 D_Sepia Choco EX,60,203000000000.0,,국내
2026-03-16,S615-03.00,Clalen O2O2 D_Sepia Choco EX_30P,P3405A-03.00SPC,O2O2 D_Sepia Choco EX,60,203000000000.0,,국내
2026-03-16,S615-04.00,Clalen O2O2 D_Sepia Choco EX_30P,P3405A-04.00SPC,O2O2 D_Sepia Choco EX,450,203000000000.0,,국내
2026-03-16,S615-04.00,Clalen O2O2 D_Sepia Choco EX_30P,P3405A-04.00SPC,O2O2 D_Sepia Choco EX,"1,380",203000000000.0,,국내
2026-03-16,S615-05.50,Clalen O2O2 D_Sepia Choco EX_30P,P3405A-05.50SPC,O2O2 D_Sepia Choco EX,"1,110",203000000000.0,,국내
2026-03-16,S615-05.50,Clalen O2O2 D_Sepia Choco EX_30P,P3405A-05.50SPC,O2O2 D_Sepia Choco EX,60,203000000000.0,,국내
2026-03-16,S615-06.00,Clalen O2O2 D_Sepia Choco EX_30P,P3405A-06.00SPC,O2O2 D_Sepia Choco EX,30,203000000000.0,,국내
2026-03-16,S615-06.00,Clalen O2O2 D_Sepia Choco EX_30P,P3405A-06.00SPC,O2O2 D_Sepia Choco EX,960,203000000000.0,,국내
2026-03-16,S615-06.00,Clalen O2O2 D_Sepia Choco EX_30P,P3405A-06.00SPC,O2O2 D_Sepia Choco EX,60,203000000000.0,,국내
2026-03-16,S615-06.00,Clalen O2O2 D_Sepia Choco EX_30P,P3405A-06.00SPC,O2O2 D_Sepia Choco EX,"1,350",203000000000.0,,국내
2026-03-16,S617-04.00,Clalen O2O2 D_Ash Brown EX_30P,P3406A-04.00ASB,O2O2 D_Ash Brown EX,210,203000000000.0,,국내
2026-03-16,S617-09.00,Clalen O2O2 D_Ash Brown EX_30P,P3406A-09.00ASB,O2O2 D_Ash Brown EX,90,203000000000.0,,국내
2026-03-16,S181-02.75,Clalen O2O2 D_Sepia Choco EX_90P,P3405A-02.75SPC,O2O2 D_Sepia Choco EX,"1,440",203000000000.0,,국내
2026-03-16,S181-03.00,Clalen O2O2 D_Sepia Choco EX_90P,P3405A-03.00SPC,O2O2 D_Sepia Choco EX,"1,260",203000000000.0,,국내
2026-03-16,S181-03.00,Clalen O2O2 D_Sepia Choco EX_90P,P3405A-03.00SPC,O2O2 D_Sepia Choco EX,"1,260",203000000000.0,,국내
2026-03-16,S181-03.00,Clalen O2O2 D_Sepia Choco EX_90P,P3405A-03.00SPC,O2O2 D_Sepia Choco EX,"1,800",203000000000.0,,국내
2026-03-16,S181-03.00,Clalen O2O2 D_Sepia Choco EX_90P,P3405A-03.00SPC,O2O2 D_Sepia Choco EX,"1,530",203000000000.0,,국내
2026-03-16,S181-03.00,Clalen O2O2 D_Sepia Choco EX_90P,P3405A-03.00SPC,O2O2 D_Sepia Choco EX,990,203000000000.0,,국내
2026-03-16,S181-06.00,Clalen O2O2 D_Sepia Choco EX_90P,P3405A-06.00SPC,O2O2 D_Sepia Choco EX,"1,350",203000000000.0,,국내
2026-03-16,S182-02.75,Clalen O2O2 D_Ash Brown EX_90P,P3406A-02.75ASB,O2O2 D_Ash Brown EX,"1,710",203000000000.0,,국내
2026-03-16,S182-02.75,Clalen O2O2 D_Ash Brown EX_90P,P3406A-02.75ASB,O2O2 D_Ash Brown EX,"1,620",203000000000.0,,국내
2026-03-16,S182-02.75,Clalen O2O2 D_Ash Brown EX_90P,P3406A-02.75ASB,O2O2 D_Ash Brown EX,"1,530",203000000000.0,,국내
2026-03-16,S182-02.75,Clalen O2O2 D_Ash Brown EX_90P,P3406A-02.75ASB,O2O2 D_Ash Brown EX,360,203000000000.0,,국내
2026-03-16,S182-03.00,Clalen O2O2 D_Ash Brown EX_90P,P3406A-03.00ASB,O2O2 D_Ash Brown EX,"1,800",203000000000.0,,국내
2026-03-16,S182-03.00,Clalen O2O2 D_Ash Brown EX_90P,P3406A-03.00ASB,O2O2 D_Ash Brown EX,"1,620",203000000000.0,,국내
2026-03-16,S182-03.00,Clalen O2O2 D_Ash Brown EX_90P,P3406A-03.00ASB,O2O2 D_Ash Brown EX,"1,170",203000000000.0,,국내
2026-03-16,S182-03.00,Clalen O2O2 D_Ash Brown EX_90P,P3406A-03.00ASB,O2O2 D_Ash Brown EX,"1,530",203000000000.0,,국내
2026-03-16,S183-01.25,Clalen O2O2 D_Ash Gray EX_90P,P3407A-01.25ASG,O2O2 D_Ash Gray EX,"1,530",203000000000.0,,국내
2026-03-16,S183-01.25,Clalen O2O2 D_Ash Gray EX_90P,P3407A-01.25ASG,O2O2 D_Ash Gray EX,"1,530",203000000000.0,,국내
2026-03-16,S183-01.75,Clalen O2O2 D_Ash Gray EX_90P,P3407A-01.75ASG,O2O2 D_Ash Gray EX,90,203000000000.0,,국내
2026-03-16,S183-01.75,Clalen O2O2 D_Ash Gray EX_90P,P3407A-01.75ASG,O2O2 D_Ash Gray EX,540,203000000000.0,,국내
2026-03-16,S183-01.75,Clalen O2O2 D_Ash Gray EX_90P,P3407A-01.75ASG,O2O2 D_Ash Gray EX,"1,080",203000000000.0,,국내
2026-03-16,S183-01.75,Clalen O2O2 D_Ash Gray EX_90P,P3407A-01.75ASG,O2O2 D_Ash Gray EX,810,203000000000.0,,국내
2026-03-16,S183-02.25,Clalen O2O2 D_Ash Gray EX_90P,P3407A-02.25ASG,O2O2 D_Ash Gray EX,"1,350",203000000000.0,,국내
2026-03-16,S183-02.25,Clalen O2O2 D_Ash Gray EX_90P,P3407A-02.25ASG,O2O2 D_Ash Gray EX,"1,620",203000000000.0,,국내
2026-03-16,S183-05.00,Clalen O2O2 D_Ash Gray EX_90P,P3407A-05.00ASG,O2O2 D_Ash Gray EX,540,203000000000.0,,국내
2026-03-16,S183-05.00,Clalen O2O2 D_Ash Gray EX_90P,P3407A-05.00ASG,O2O2 D_Ash Gray EX,"1,440",203000000000.0,,국내
2026-03-16,S183-05.00,Clalen O2O2 D_Ash Gray EX_90P,P3407A-05.00ASG,O2O2 D_Ash Gray EX,"1,350",203000000000.0,,국내
2026-03-16,S183-05.00,Clalen O2O2 D_Ash Gray EX_90P,P3407A-05.00ASG,O2O2 D_Ash Gray EX,"1,260",203000000000.0,,국내
2026-03-16,S183-05.00,Clalen O2O2 D_Ash Gray EX_90P,P3407A-05.00ASG,O2O2 D_Ash Gray EX,"1,350",203000000000.0,,국내
2026-03-16,S183-05.00,Clalen O2O2 D_Ash Gray EX_90P,P3407A-05.00ASG,O2O2 D_Ash Gray EX,"1,440",203000000000.0,,국내
2026-03-16,S183-05.50,Clalen O2O2 D_Ash Gray EX_90P,P3407A-05.50ASG,O2O2 D_Ash Gray EX,"1,710",203000000000.0,,국내
2026-03-16,S183-05.50,Clalen O2O2 D_Ash Gray EX_90P,P3407A-05.50ASG,O2O2 D_Ash Gray EX,"1,710",203000000000.0,,국내
2026-03-16,S183-05.50,Clalen O2O2 D_Ash Gray EX_90P,P3407A-05.50ASG,O2O2 D_Ash Gray EX,90,203000000000.0,,국내
2026-03-16,S183-06.00,Clalen O2O2 D_Ash Gray EX_90P,P3407A-06.00ASG,O2O2 D_Ash Gray EX,"1,800",203000000000.0,,국내
2026-03-16,S183-06.00,Clalen O2O2 D_Ash Gray EX_90P,P3407A-06.00ASG,O2O2 D_Ash Gray EX,"1,800",203000000000.0,,국내
2026-03-16,S183-06.00,Clalen O2O2 D_Ash Gray EX_90P,P3407A-06.00ASG,O2O2 D_Ash Gray EX,"1,800",203000000000.0,,국내
2026-03-16,S183-06.00,Clalen O2O2 D_Ash Gray EX_90P,P3407A-06.00ASG,O2O2 D_Ash Gray EX,360,203000000000.0,,국내
2026-03-16,S183-09.50,Clalen O2O2 D_Ash Gray EX_90P,P3407A-09.50ASG,O2O2 D_Ash Gray EX,"2,160",203000000000.0,,국내
2026-03-16,S183-09.50,Clalen O2O2 D_Ash Gray EX_90P,P3407A-09.50ASG,O2O2 D_Ash Gray EX,"1,980",203000000000.0,,국내
2026-03-16,S183-09.50,Clalen O2O2 D_Ash Gray EX_90P,P3407A-09.50ASG,O2O2 D_Ash Gray EX,360,203000000000.0,,국내
2026-03-16,S183-09.50,Clalen O2O2 D_Ash Gray EX_90P,P3407A-09.50ASG,O2O2 D_Ash Gray EX,"1,890",203000000000.0,,국내
2026-03-16,S183-10.00,Clalen O2O2 D_Ash Gray EX_90P,P3407A-10.00ASG,O2O2 D_Ash Gray EX,"1,440",203000000000.0,,국내
2026-03-16,S183-10.00,Clalen O2O2 D_Ash Gray EX_90P,P3407A-10.00ASG,O2O2 D_Ash Gray EX,"1,890",203000000000.0,,국내
2026-03-16,S183-10.00,Clalen O2O2 D_Ash Gray EX_90P,P3407A-10.00ASG,O2O2 D_Ash Gray EX,"2,070",203000000000.0,,국내
2026-03-16,S183-10.00,Clalen O2O2 D_Ash Gray EX_90P,P3407A-10.00ASG,O2O2 D_Ash Gray EX,"1,800",203000000000.0,,국내
2026-03-17,S181-10.00,Clalen O2O2 D_Sepia Choco EX_90P,P3405A-10.00SPC,O2O2 D_Sepia Choco EX,90,203000000000.0,,국내
2026-03-17,S183-03.50,Clalen O2O2 D_Ash Gray EX_90P,P3407A-03.50ASG,O2O2 D_Ash Gray EX,90,203000000000.0,,국내
2026-03-18,S615-00.00,Clalen O2O2 D_Sepia Choco EX_30P,P3405A-00.00SPC,O2O2 D_Sepia Choco EX,210,203000000000.0,,국내
2026-03-18,S615-00.00,Clalen O2O2 D_Sepia Choco EX_30P,P3405A-00.00SPC,O2O2 D_Sepia Choco EX,990,203000000000.0,,국내
2026-03-18,S617-00.00,Clalen O2O2 D_Ash Brown EX_30P,P3406A-00.00ASB,O2O2 D_Ash Brown EX,"1,800",203000000000.0,,국내
2026-03-18,S617-00.00,Clalen O2O2 D_Ash Brown EX_30P,P3406A-00.00ASB,O2O2 D_Ash Brown EX,960,203000000000.0,,국내
2026-03-18,S617-00.00,Clalen O2O2 D_Ash Brown EX_30P,P3406A-00.00ASB,O2O2 D_Ash Brown EX,"1,740",203000000000.0,,국내
2026-03-18,S617-00.00,Clalen O2O2 D_Ash Brown EX_30P,P3406A-00.00ASB,O2O2 D_Ash Brown EX,"1,470",203000000000.0,,국내
2026-03-18,S617-00.00,Clalen O2O2 D_Ash Brown EX_30P,P3406A-00.00ASB,O2O2 D_Ash Brown EX,"1,620",203000000000.0,,국내
2026-03-18,S617-00.00,Clalen O2O2 D_Ash Brown EX_30P,P3406A-00.00ASB,O2O2 D_Ash Brown EX,"1,500",203000000000.0,,국내
2026-03-18,S617-00.00,Clalen O2O2 D_Ash Brown EX_30P,P3406A-00.00ASB,O2O2 D_Ash Brown EX,150,203000000000.0,,국내
2026-03-18,S617-02.00,Clalen O2O2 D_Ash Brown EX_30P,P3406A-02.00ASB,O2O2 D_Ash Brown EX,60,203000000000.0,,국내
2026-03-18,S617-02.00,Clalen O2O2 D_Ash Brown EX_30P,P3406A-02.00ASB,O2O2 D_Ash Brown EX,390,203000000000.0,,국내
2026-03-18,S617-02.75,Clalen O2O2 D_Ash Brown EX_30P,P3406A-02.75ASB,O2O2 D_Ash Brown EX,30,203000000000.0,,국내
2026-03-18,S617-02.75,Clalen O2O2 D_Ash Brown EX_30P,P3406A-02.75ASB,O2O2 D_Ash Brown EX,60,203000000000.0,,국내
2026-03-18,S617-02.75,Clalen O2O2 D_Ash Brown EX_30P,P3406A-02.75ASB,O2O2 D_Ash Brown EX,60,203000000000.0,,국내
2026-03-18,S617-02.75,Clalen O2O2 D_Ash Brown EX_30P,P3406A-02.75ASB,O2O2 D_Ash Brown EX,60,203000000000.0,,국내
2026-03-18,S617-02.75,Clalen O2O2 D_Ash Brown EX_30P,P3406A-02.75ASB,O2O2 D_Ash Brown EX,60,203000000000.0,,국내
2026-03-18,S617-02.75,Clalen O2O2 D_Ash Brown EX_30P,P3406A-02.75ASB,O2O2 D_Ash Brown EX,180,203000000000.0,,국내
2026-03-18,S617-03.00,Clalen O2O2 D_Ash Brown EX_30P,P3406A-03.00ASB,O2O2 D_Ash Brown EX,60,203000000000.0,,국내
2026-03-18,S617-03.00,Clalen O2O2 D_Ash Brown EX_30P,P3406A-03.00ASB,O2O2 D_Ash Brown EX,30,203000000000.0,,국내
2026-03-18,S617-03.00,Clalen O2O2 D_Ash Brown EX_30P,P3406A-03.00ASB,O2O2 D_Ash Brown EX,,203000000000.0,,국내
2026-03-18,S617-03.00,Clalen O2O2 D_Ash Brown EX_30P,P3406A-03.00ASB,O2O2 D_Ash Brown EX,360,203000000000.0,,국내
2026-03-18,S617-04.75,Clalen O2O2 D_Ash Brown EX_30P,P3406A-04.75ASB,O2O2 D_Ash Brown EX,450,203000000000.0,,국내
2026-03-18,S617-05.00,Clalen O2O2 D_Ash Brown EX_30P,P3406A-05.00ASB,O2O2 D_Ash Brown EX,450,203000000000.0,,국내
2026-03-18,S617-08.00,Clalen O2O2 D_Ash Brown EX_30P,P3406A-08.00ASB,O2O2 D_Ash Brown EX,450,203000000000.0,,국내
2026-03-18,S615-00.00,Clalen O2O2 D_Sepia Choco EX_30P,P3405A-00.00SPC,O2O2 D_Sepia Choco EX,"1,410",203000000000.0,,국내
2026-03-18,S615-00.00,Clalen O2O2 D_Sepia Choco EX_30P,P3405A-00.00SPC,O2O2 D_Sepia Choco EX,60,203000000000.0,,국내
2026-03-18,S615-00.00,Clalen O2O2 D_Sepia Choco EX_30P,P3405A-00.00SPC,O2O2 D_Sepia Choco EX,"1,200",203000000000.0,,국내
2026-03-18,S615-00.00,Clalen O2O2 D_Sepia Choco EX_30P,P3405A-00.00SPC,O2O2 D_Sepia Choco EX,990,203000000000.0,,국내
2026-03-18,S615-00.00,Clalen O2O2 D_Sepia Choco EX_30P,P3405A-00.00SPC,O2O2 D_Sepia Choco EX,780,203000000000.0,,국내
2026-03-18,S615-00.00,Clalen O2O2 D_Sepia Choco EX_30P,P3405A-00.00SPC,O2O2 D_Sepia Choco EX,"1,230",203000000000.0,,국내
2026-03-18,S615-00.00,Clalen O2O2 D_Sepia Choco EX_30P,P3405A-00.00SPC,O2O2 D_Sepia Choco EX,"1,290",203000000000.0,,국내
2026-03-18,S615-00.00,Clalen O2O2 D_Sepia Choco EX_30P,P3405A-00.00SPC,O2O2 D_Sepia Choco EX,"1,020",203000000000.0,,국내
2026-03-18,S615-02.25,Clalen O2O2 D_Sepia Choco EX_30P,P3405A-02.25SPC,O2O2 D_Sepia Choco EX,450,203000000000.0,,국내
2026-03-18,S615-02.50,Clalen O2O2 D_Sepia Choco EX_30P,P3405A-02.50SPC,O2O2 D_Sepia Choco EX,450,203000000000.0,,국내
2026-03-18,S615-02.75,Clalen O2O2 D_Sepia Choco EX_30P,P3405A-02.75SPC,O2O2 D_Sepia Choco EX,30,203000000000.0,,국내
2026-03-18,S615-02.75,Clalen O2O2 D_Sepia Choco EX_30P,P3405A-02.75SPC,O2O2 D_Sepia Choco EX,,203000000000.0,,국내
2026-03-18,S615-02.75,Clalen O2O2 D_Sepia Choco EX_30P,P3405A-02.75SPC,O2O2 D_Sepia Choco EX,360,203000000000.0,,국내
2026-03-18,S615-02.75,Clalen O2O2 D_Sepia Choco EX_30P,P3405A-02.75SPC,O2O2 D_Sepia Choco EX,30,203000000000.0,,국내
2026-03-18,S615-02.75,Clalen O2O2 D_Sepia Choco EX_30P,P3405A-02.75SPC,O2O2 D_Sepia Choco EX,30,203000000000.0,,국내
2026-03-18,S615-03.00,Clalen O2O2 D_Sepia Choco EX_30P,P3405A-03.00SPC,O2O2 D_Sepia Choco EX,30,203000000000.0,,국내
2026-03-18,S615-03.00,Clalen O2O2 D_Sepia Choco EX_30P,P3405A-03.00SPC,O2O2 D_Sepia Choco EX,420,203000000000.0,,국내
2026-03-18,S615-03.50,Clalen O2O2 D_Sepia Choco EX_30P,P3405A-03.50SPC,O2O2 D_Sepia Choco EX,450,203000000000.0,,국내
2026-03-18,S615-04.00,Clalen O2O2 D_Sepia Choco EX_30P,P3405A-04.00SPC,O2O2 D_Sepia Choco EX,450,203000000000.0,,국내
2026-03-18,S615-05.50,Clalen O2O2 D_Sepia Choco EX_30P,P3405A-05.50SPC,O2O2 D_Sepia Choco EX,450,203000000000.0,,국내
2026-03-18,S615-06.00,Clalen O2O2 D_Sepia Choco EX_30P,P3405A-06.00SPC,O2O2 D_Sepia Choco EX,450,203000000000.0,,국내
2026-03-18,S615-08.00,Clalen O2O2 D_Sepia Choco EX_30P,P3405A-08.00SPC,O2O2 D_Sepia Choco EX,450,203000000000.0,,국내
2026-03-18,S619-00.00,Clalen O2O2 D_Ash Gray EX_30P,P3407A-00.00ASG,O2O2 D_Ash Gray EX,"1,080",203000000000.0,,국내
2026-03-18,S619-00.00,Clalen O2O2 D_Ash Gray EX_30P,P3407A-00.00ASG,O2O2 D_Ash Gray EX,900,203000000000.0,,국내
2026-03-18,S619-00.00,Clalen O2O2 D_Ash Gray EX_30P,P3407A-00.00ASG,O2O2 D_Ash Gray EX,"1,410",203000000000.0,,국내
2026-03-18,S619-00.00,Clalen O2O2 D_Ash Gray EX_30P,P3407A-00.00ASG,O2O2 D_Ash Gray EX,420,203000000000.0,,국내
2026-03-18,S619-00.00,Clalen O2O2 D_Ash Gray EX_30P,P3407A-00.00ASG,O2O2 D_Ash Gray EX,"1,590",203000000000.0,,국내
2026-03-18,S619-00.00,Clalen O2O2 D_Ash Gray EX_30P,P3407A-00.00ASG,O2O2 D_Ash Gray EX,"1,260",203000000000.0,,국내
2026-03-18,S619-00.00,Clalen O2O2 D_Ash Gray EX_30P,P3407A-00.00ASG,O2O2 D_Ash Gray EX,"1,200",203000000000.0,,국내
2026-03-18,S619-00.00,Clalen O2O2 D_Ash Gray EX_30P,P3407A-00.00ASG,O2O2 D_Ash Gray EX,"1,080",203000000000.0,,국내
2026-03-18,S619-00.00,Clalen O2O2 D_Ash Gray EX_30P,P3407A-00.00ASG,O2O2 D_Ash Gray EX,870,203000000000.0,,국내
2026-03-18,S619-01.75,Clalen O2O2 D_Ash Gray EX_30P,P3407A-01.75ASG,O2O2 D_Ash Gray EX,450,203000000000.0,,국내
2026-03-18,S619-02.00,Clalen O2O2 D_Ash Gray EX_30P,P3407A-02.00ASG,O2O2 D_Ash Gray EX,450,203000000000.0,,국내
2026-03-18,S619-02.25,Clalen O2O2 D_Ash Gray EX_30P,P3407A-02.25ASG,O2O2 D_Ash Gray EX,60,203000000000.0,,국내
2026-03-18,S619-02.25,Clalen O2O2 D_Ash Gray EX_30P,P3407A-02.25ASG,O2O2 D_Ash Gray EX,390,203000000000.0,,국내
2026-03-18,S619-03.00,Clalen O2O2 D_Ash Gray EX_30P,P3407A-03.00ASG,O2O2 D_Ash Gray EX,450,203000000000.0,,국내
2026-03-18,S619-03.50,Clalen O2O2 D_Ash Gray EX_30P,P3407A-03.50ASG,O2O2 D_Ash Gray EX,450,203000000000.0,,국내
2026-03-18,S619-04.00,Clalen O2O2 D_Ash Gray EX_30P,P3407A-04.00ASG,O2O2 D_Ash Gray EX,450,203000000000.0,,국내
2026-03-18,S619-05.00,Clalen O2O2 D_Ash Gray EX_30P,P3407A-05.00ASG,O2O2 D_Ash Gray EX,210,203000000000.0,,국내
2026-03-18,S619-05.00,Clalen O2O2 D_Ash Gray EX_30P,P3407A-05.00ASG,O2O2 D_Ash Gray EX,30,203000000000.0,,국내
2026-03-18,S619-05.00,Clalen O2O2 D_Ash Gray EX_30P,P3407A-05.00ASG,O2O2 D_Ash Gray EX,60,203000000000.0,,국내
2026-03-18,S619-05.00,Clalen O2O2 D_Ash Gray EX_30P,P3407A-05.00ASG,O2O2 D_Ash Gray EX,60,203000000000.0,,국내
2026-03-18,S619-05.00,Clalen O2O2 D_Ash Gray EX_30P,P3407A-05.00ASG,O2O2 D_Ash Gray EX,60,203000000000.0,,국내
2026-03-18,S619-05.00,Clalen O2O2 D_Ash Gray EX_30P,P3407A-05.00ASG,O2O2 D_Ash Gray EX,30,203000000000.0,,국내
2026-03-18,S619-05.50,Clalen O2O2 D_Ash Gray EX_30P,P3407A-05.50ASG,O2O2 D_Ash Gray EX,60,203000000000.0,,국내
2026-03-18,S619-05.50,Clalen O2O2 D_Ash Gray EX_30P,P3407A-05.50ASG,O2O2 D_Ash Gray EX,60,203000000000.0,,국내
2026-03-18,S619-05.50,Clalen O2O2 D_Ash Gray EX_30P,P3407A-05.50ASG,O2O2 D_Ash Gray EX,330,203000000000.0,,국내
2026-03-18,S619-06.00,Clalen O2O2 D_Ash Gray EX_30P,P3407A-06.00ASG,O2O2 D_Ash Gray EX,30,203000000000.0,,국내
2026-03-18,S619-06.00,Clalen O2O2 D_Ash Gray EX_30P,P3407A-06.00ASG,O2O2 D_Ash Gray EX,420,203000000000.0,,국내
2026-03-18,S619-08.00,Clalen O2O2 D_Ash Gray EX_30P,P3407A-08.00ASG,O2O2 D_Ash Gray EX,60,203000000000.0,,국내
2026-03-18,S625-00.00,Clalen O2O2 D_Blending Hazel EX_30P,P3408A-00.00BRW,O2O2 D_Blending Hazel EX,300,203000000000.0,,국내
2026-03-18,S625-00.00,Clalen O2O2 D_Blending Hazel EX_30P,P3408A-00.00BRW,O2O2 D_Blending Hazel EX,600,203000000000.0,,국내
2026-03-18,S625-00.00,Clalen O2O2 D_Blending Hazel EX_30P,P3408A-00.00BRW,O2O2 D_Blending Hazel EX,780,203000000000.0,,국내
2026-03-18,S625-00.00,Clalen O2O2 D_Blending Hazel EX_30P,P3408A-00.00BRW,O2O2 D_Blending Hazel EX,840,203000000000.0,,국내
2026-03-18,S625-00.00,Clalen O2O2 D_Blending Hazel EX_30P,P3408A-00.00BRW,O2O2 D_Blending Hazel EX,810,203000000000.0,,국내
2026-03-18,S625-00.00,Clalen O2O2 D_Blending Hazel EX_30P,P3408A-00.00BRW,O2O2 D_Blending Hazel EX,690,203000000000.0,,국내
2026-03-18,S625-00.00,Clalen O2O2 D_Blending Hazel EX_30P,P3408A-00.00BRW,O2O2 D_Blending Hazel EX,900,203000000000.0,,국내
2026-03-18,S625-00.00,Clalen O2O2 D_Blending Hazel EX_30P,P3408A-00.00BRW,O2O2 D_Blending Hazel EX,720,203000000000.0,,국내
2026-03-18,S625-00.00,Clalen O2O2 D_Blending Hazel EX_30P,P3408A-00.00BRW,O2O2 D_Blending Hazel EX,750,203000000000.0,,국내
2026-03-18,S625-00.00,Clalen O2O2 D_Blending Hazel EX_30P,P3408A-00.00BRW,O2O2 D_Blending Hazel EX,630,203000000000.0,,국내
2026-03-18,S625-00.00,Clalen O2O2 D_Blending Hazel EX_30P,P3408A-00.00BRW,O2O2 D_Blending Hazel EX,630,203000000000.0,,국내
2026-03-18,S625-00.00,Clalen O2O2 D_Blending Hazel EX_30P,P3408A-00.00BRW,O2O2 D_Blending Hazel EX,600,203000000000.0,,국내
2026-03-18,S625-01.00,Clalen O2O2 D_Blending Hazel EX_30P,P3408A-01.00BRW,O2O2 D_Blending Hazel EX,300,203000000000.0,,국내
2026-03-18,S627-00.00,Clalen O2O2 D_Blending Rose EX_30P,P3409A-00.00PIN,O2O2 D_Blending Rose EX,660,203000000000.0,,국내
2026-03-18,S627-00.00,Clalen O2O2 D_Blending Rose EX_30P,P3409A-00.00PIN,O2O2 D_Blending Rose EX,"1,680",203000000000.0,,국내
2026-03-18,S627-00.00,Clalen O2O2 D_Blending Rose EX_30P,P3409A-00.00PIN,O2O2 D_Blending Rose EX,"1,590",203000000000.0,,국내
2026-03-18,S627-00.00,Clalen O2O2 D_Blending Rose EX_30P,P3409A-00.00PIN,O2O2 D_Blending Rose EX,240,203000000000.0,,국내
2026-03-18,S627-00.00,Clalen O2O2 D_Blending Rose EX_30P,P3409A-00.00PIN,O2O2 D_Blending Rose EX,"1,560",203000000000.0,,국내
2026-03-18,S627-00.00,Clalen O2O2 D_Blending Rose EX_30P,P3409A-00.00PIN,O2O2 D_Blending Rose EX,"1,260",203000000000.0,,국내
2026-03-18,S627-00.00,Clalen O2O2 D_Blending Rose EX_30P,P3409A-00.00PIN,O2O2 D_Blending Rose EX,"1,590",203000000000.0,,국내
2026-03-18,S627-00.00,Clalen O2O2 D_Blending Rose EX_30P,P3409A-00.00PIN,O2O2 D_Blending Rose EX,"1,740",203000000000.0,,국내
2026-03-18,S627-01.00,Clalen O2O2 D_Blending Rose EX_30P,P3409A-01.00PIN,O2O2 D_Blending Rose EX,180,203000000000.0,,국내
2026-03-18,S627-01.00,Clalen O2O2 D_Blending Rose EX_30P,P3409A-01.00PIN,O2O2 D_Blending Rose EX,240,203000000000.0,,국내
2026-03-20,S183-09.50,Clalen O2O2 D_Ash Gray EX_90P,P3407A-09.50ASG,O2O2 D_Ash Gray EX,"1,440",203000000000.0,,국내
2026-03-24,S617-00.00,Clalen O2O2 D_Ash Brown EX_30P,P3406A-00.00ASB,O2O2 D_Ash Brown EX,"1,590",203000000000.0,,국내
2026-03-24,S617-00.00,Clalen O2O2 D_Ash Brown EX_30P,P3406A-00.00ASB,O2O2 D_Ash Brown EX,"1,440",203000000000.0,,국내
2026-03-24,S617-00.00,Clalen O2O2 D_Ash Brown EX_30P,P3406A-00.00ASB,O2O2 D_Ash Brown EX,870,203000000000.0,,국내
2026-03-24,S617-00.00,Clalen O2O2 D_Ash Brown EX_30P,P3406A-00.00ASB,O2O2 D_Ash Brown EX,"1,140",203000000000.0,,국내
2026-03-24,S617-00.00,Clalen O2O2 D_Ash Brown EX_30P,P3406A-00.00ASB,O2O2 D_Ash Brown EX,"1,290",203000000000.0,,국내
2026-03-24,S617-00.00,Clalen O2O2 D_Ash Brown EX_30P,P3406A-00.00ASB,O2O2 D_Ash Brown EX,"1,440",203000000000.0,,국내
2026-03-24,S617-00.00,Clalen O2O2 D_Ash Brown EX_30P,P3406A-00.00ASB,O2O2 D_Ash Brown EX,"1,680",203000000000.0,,국내
2026-03-24,S617-00.00,Clalen O2O2 D_Ash Brown EX_30P,P3406A-00.00ASB,O2O2 D_Ash Brown EX,"1,290",203000000000.0,,국내
2026-03-24,S617-00.00,Clalen O2O2 D_Ash Brown EX_30P,P3406A-00.00ASB,O2O2 D_Ash Brown EX,"1,710",203000000000.0,,국내
2026-03-24,S617-00.00,Clalen O2O2 D_Ash Brown EX_30P,P3406A-00.00ASB,O2O2 D_Ash Brown EX,"1,470",203000000000.0,,국내
2026-03-24,S617-00.00,Clalen O2O2 D_Ash Brown EX_30P,P3406A-00.00ASB,O2O2 D_Ash Brown EX,"1,890",203000000000.0,,국내
2026-03-24,S617-00.00,Clalen O2O2 D_Ash Brown EX_30P,P3406A-00.00ASB,O2O2 D_Ash Brown EX,"1,080",203000000000.0,,국내
2026-03-24,S617-00.00,Clalen O2O2 D_Ash Brown EX_30P,P3406A-00.00ASB,O2O2 D_Ash Brown EX,"1,290",203000000000.0,,국내
2026-03-24,S617-00.00,Clalen O2O2 D_Ash Brown EX_30P,P3406A-00.00ASB,O2O2 D_Ash Brown EX,990,203000000000.0,,국내
2026-03-24,S617-00.00,Clalen O2O2 D_Ash Brown EX_30P,P3406A-00.00ASB,O2O2 D_Ash Brown EX,"1,110",203000000000.0,,국내
2026-03-24,S617-00.00,Clalen O2O2 D_Ash Brown EX_30P,P3406A-00.00ASB,O2O2 D_Ash Brown EX,"1,200",203000000000.0,,국내
2026-03-24,S617-00.00,Clalen O2O2 D_Ash Brown EX_30P,P3406A-00.00ASB,O2O2 D_Ash Brown EX,"1,050",203000000000.0,,국내
2026-03-24,S617-00.00,Clalen O2O2 D_Ash Brown EX_30P,P3406A-00.00ASB,O2O2 D_Ash Brown EX,960,203000000000.0,,국내
2026-03-24,S617-00.00,Clalen O2O2 D_Ash Brown EX_30P,P3406A-00.00ASB,O2O2 D_Ash Brown EX,930,203000000000.0,,국내
2026-03-24,S617-00.00,Clalen O2O2 D_Ash Brown EX_30P,P3406A-00.00ASB,O2O2 D_Ash Brown EX,840,203000000000.0,,국내
2026-03-24,S617-00.00,Clalen O2O2 D_Ash Brown EX_30P,P3406A-00.00ASB,O2O2 D_Ash Brown EX,750,203000000000.0,,국내
2026-03-24,S617-00.00,Clalen O2O2 D_Ash Brown EX_30P,P3406A-00.00ASB,O2O2 D_Ash Brown EX,"1,050",203000000000.0,,국내
2026-03-24,S617-00.00,Clalen O2O2 D_Ash Brown EX_30P,P3406A-00.00ASB,O2O2 D_Ash Brown EX,"1,050",203000000000.0,,국내
2026-03-24,S617-00.00,Clalen O2O2 D_Ash Brown EX_30P,P3406A-00.00ASB,O2O2 D_Ash Brown EX,870,203000000000.0,,국내
2026-03-24,S617-00.00,Clalen O2O2 D_Ash Brown EX_30P,P3406A-00.00ASB,O2O2 D_Ash Brown EX,450,203000000000.0,,국내
2026-03-24,S617-00.00,Clalen O2O2 D_Ash Brown EX_30P,P3406A-00.00ASB,O2O2 D_Ash Brown EX,"1,500",203000000000.0,,국내
2026-03-24,S617-00.00,Clalen O2O2 D_Ash Brown EX_30P,P3406A-00.00ASB,O2O2 D_Ash Brown EX,"1,380",203000000000.0,,국내
2026-03-24,S617-00.00,Clalen O2O2 D_Ash Brown EX_30P,P3406A-00.00ASB,O2O2 D_Ash Brown EX,"1,620",203000000000.0,,국내
2026-03-24,S617-00.00,Clalen O2O2 D_Ash Brown EX_30P,P3406A-00.00ASB,O2O2 D_Ash Brown EX,750,203000000000.0,,국내
2026-03-24,S617-00.00,Clalen O2O2 D_Ash Brown EX_30P,P3406A-00.00ASB,O2O2 D_Ash Brown EX,"1,350",203000000000.0,,국내
2026-03-24,S617-00.00,Clalen O2O2 D_Ash Brown EX_30P,P3406A-00.00ASB,O2O2 D_Ash Brown EX,"1,560",203000000000.0,,국내
2026-03-24,S617-00.00,Clalen O2O2 D_Ash Brown EX_30P,P3406A-00.00ASB,O2O2 D_Ash Brown EX,"1,560",203000000000.0,,국내
2026-03-24,S617-00.00,Clalen O2O2 D_Ash Brown EX_30P,P3406A-00.00ASB,O2O2 D_Ash Brown EX,360,203000000000.0,,국내
2026-03-24,S617-00.00,Clalen O2O2 D_Ash Brown EX_30P,P3406A-00.00ASB,O2O2 D_Ash Brown EX,"1,620",203000000000.0,,국내
2026-03-24,S617-00.00,Clalen O2O2 D_Ash Brown EX_30P,P3406A-00.00ASB,O2O2 D_Ash Brown EX,960,203000000000.0,,국내
2026-03-24,S617-00.00,Clalen O2O2 D_Ash Brown EX_30P,P3406A-00.00ASB,O2O2 D_Ash Brown EX,"1,470",203000000000.0,,국내
2026-03-24,S617-00.00,Clalen O2O2 D_Ash Brown EX_30P,P3406A-00.00ASB,O2O2 D_Ash Brown EX,"1,140",203000000000.0,,국내
2026-03-24,S617-00.00,Clalen O2O2 D_Ash Brown EX_30P,P3406A-00.00ASB,O2O2 D_Ash Brown EX,810,203000000000.0,,국내
2026-03-24,S617-00.00,Clalen O2O2 D_Ash Brown EX_30P,P3406A-00.00ASB,O2O2 D_Ash Brown EX,"1,200",203000000000.0,,국내
2026-03-24,S617-00.00,Clalen O2O2 D_Ash Brown EX_30P,P3406A-00.00ASB,O2O2 D_Ash Brown EX,"1,020",203000000000.0,,국내
2026-03-24,S617-00.00,Clalen O2O2 D_Ash Brown EX_30P,P3406A-00.00ASB,O2O2 D_Ash Brown EX,570,203000000000.0,,국내
2026-03-24,S617-00.00,Clalen O2O2 D_Ash Brown EX_30P,P3406A-00.00ASB,O2O2 D_Ash Brown EX,"1,830",203000000000.0,,국내
2026-03-24,S617-00.00,Clalen O2O2 D_Ash Brown EX_30P,P3406A-00.00ASB,O2O2 D_Ash Brown EX,"2,040",203000000000.0,,국내
2026-03-24,S617-00.00,Clalen O2O2 D_Ash Brown EX_30P,P3406A-00.00ASB,O2O2 D_Ash Brown EX,"1,770",203000000000.0,,국내
2026-03-24,S617-00.00,Clalen O2O2 D_Ash Brown EX_30P,P3406A-00.00ASB,O2O2 D_Ash Brown EX,"1,890",203000000000.0,,국내
2026-03-24,S617-00.00,Clalen O2O2 D_Ash Brown EX_30P,P3406A-00.00ASB,O2O2 D_Ash Brown EX,"2,040",203000000000.0,,국내
2026-03-24,S617-00.00,Clalen O2O2 D_Ash Brown EX_30P,P3406A-00.00ASB,O2O2 D_Ash Brown EX,"2,070",203000000000.0,,국내
2026-03-24,S617-01.25,Clalen O2O2 D_Ash Brown EX_30P,P3406A-01.25ASB,O2O2 D_Ash Brown EX,"1,890",203000000000.0,,국내
2026-03-24,S617-01.25,Clalen O2O2 D_Ash Brown EX_30P,P3406A-01.25ASB,O2O2 D_Ash Brown EX,"1,410",203000000000.0,,국내
2026-03-24,S617-01.25,Clalen O2O2 D_Ash Brown EX_30P,P3406A-01.25ASB,O2O2 D_Ash Brown EX,"1,260",203000000000.0,,국내
2026-03-24,S617-01.25,Clalen O2O2 D_Ash Brown EX_30P,P3406A-01.25ASB,O2O2 D_Ash Brown EX,810,203000000000.0,,국내
2026-03-24,S617-01.25,Clalen O2O2 D_Ash Brown EX_30P,P3406A-01.25ASB,O2O2 D_Ash Brown EX,600,203000000000.0,,국내
2026-03-24,S182-01.00,Clalen O2O2 D_Ash Brown EX_90P,P3406A-01.00ASB,O2O2 D_Ash Brown EX,630,203000000000.0,,국내
2026-03-24,S182-01.00,Clalen O2O2 D_Ash Brown EX_90P,P3406A-01.00ASB,O2O2 D_Ash Brown EX,"1,440",203000000000.0,,국내
2026-03-24,S182-01.00,Clalen O2O2 D_Ash Brown EX_90P,P3406A-01.00ASB,O2O2 D_Ash Brown EX,90,203000000000.0,,국내
2026-03-24,S182-01.00,Clalen O2O2 D_Ash Brown EX_90P,P3406A-01.00ASB,O2O2 D_Ash Brown EX,90,203000000000.0,,국내
2026-03-24,S182-01.00,Clalen O2O2 D_Ash Brown EX_90P,P3406A-01.00ASB,O2O2 D_Ash Brown EX,180,203000000000.0,,국내
2026-03-24,S182-01.75,Clalen O2O2 D_Ash Brown EX_90P,P3406A-01.75ASB,O2O2 D_Ash Brown EX,"1,980",203000000000.0,,국내
2026-03-24,S182-02.50,Clalen O2O2 D_Ash Brown EX_90P,P3406A-02.50ASB,O2O2 D_Ash Brown EX,990,203000000000.0,,국내
2026-03-24,S182-02.50,Clalen O2O2 D_Ash Brown EX_90P,P3406A-02.50ASB,O2O2 D_Ash Brown EX,810,203000000000.0,,국내
2026-03-24,S182-02.50,Clalen O2O2 D_Ash Brown EX_90P,P3406A-02.50ASB,O2O2 D_Ash Brown EX,"1,170",203000000000.0,,국내
2026-03-24,S182-02.50,Clalen O2O2 D_Ash Brown EX_90P,P3406A-02.50ASB,O2O2 D_Ash Brown EX,90,203000000000.0,,국내
2026-03-24,S182-10.00,Clalen O2O2 D_Ash Brown EX_90P,P3406A-10.00ASB,O2O2 D_Ash Brown EX,360,203000000000.0,,국내
2026-03-24,S181-01.00,Clalen O2O2 D_Sepia Choco EX_90P,P3405A-01.00SPC,O2O2 D_Sepia Choco EX,990,203000000000.0,,국내
2026-03-24,S181-01.00,Clalen O2O2 D_Sepia Choco EX_90P,P3405A-01.00SPC,O2O2 D_Sepia Choco EX,"1,440",203000000000.0,,국내
2026-03-24,S181-01.00,Clalen O2O2 D_Sepia Choco EX_90P,P3405A-01.00SPC,O2O2 D_Sepia Choco EX,630,203000000000.0,,국내
2026-03-24,S181-01.00,Clalen O2O2 D_Sepia Choco EX_90P,P3405A-01.00SPC,O2O2 D_Sepia Choco EX,"1,260",203000000000.0,,국내
2026-03-24,S181-01.00,Clalen O2O2 D_Sepia Choco EX_90P,P3405A-01.00SPC,O2O2 D_Sepia Choco EX,"1,530",203000000000.0,,국내
2026-03-24,S181-01.50,Clalen O2O2 D_Sepia Choco EX_90P,P3405A-01.50SPC,O2O2 D_Sepia Choco EX,"1,710",203000000000.0,,국내
2026-03-24,S181-01.50,Clalen O2O2 D_Sepia Choco EX_90P,P3405A-01.50SPC,O2O2 D_Sepia Choco EX,"1,260",203000000000.0,,국내
2026-03-24,S181-01.50,Clalen O2O2 D_Sepia Choco EX_90P,P3405A-01.50SPC,O2O2 D_Sepia Choco EX,630,203000000000.0,,국내
2026-03-24,S181-02.00,Clalen O2O2 D_Sepia Choco EX_90P,P3405A-02.00SPC,O2O2 D_Sepia Choco EX,270,203000000000.0,,국내
2026-03-24,S181-02.00,Clalen O2O2 D_Sepia Choco EX_90P,P3405A-02.00SPC,O2O2 D_Sepia Choco EX,360,203000000000.0,,국내
2026-03-24,S181-02.00,Clalen O2O2 D_Sepia Choco EX_90P,P3405A-02.00SPC,O2O2 D_Sepia Choco EX,540,203000000000.0,,국내
2026-03-24,S181-02.00,Clalen O2O2 D_Sepia Choco EX_90P,P3405A-02.00SPC,O2O2 D_Sepia Choco EX,810,203000000000.0,,국내
2026-03-24,S181-02.00,Clalen O2O2 D_Sepia Choco EX_90P,P3405A-02.00SPC,O2O2 D_Sepia Choco EX,540,203000000000.0,,국내
2026-03-24,S181-02.00,Clalen O2O2 D_Sepia Choco EX_90P,P3405A-02.00SPC,O2O2 D_Sepia Choco EX,630,203000000000.0,,국내
2026-03-24,S181-02.00,Clalen O2O2 D_Sepia Choco EX_90P,P3405A-02.00SPC,O2O2 D_Sepia Choco EX,810,203000000000.0,,국내
2026-03-24,S181-02.00,Clalen O2O2 D_Sepia Choco EX_90P,P3405A-02.00SPC,O2O2 D_Sepia Choco EX,"1,620",203000000000.0,,국내
2026-03-24,S181-02.25,Clalen O2O2 D_Sepia Choco EX_90P,P3405A-02.25SPC,O2O2 D_Sepia Choco EX,"1,170",203000000000.0,,국내
2026-03-24,S181-02.25,Clalen O2O2 D_Sepia Choco EX_90P,P3405A-02.25SPC,O2O2 D_Sepia Choco EX,810,203000000000.0,,국내
2026-03-24,S181-02.25,Clalen O2O2 D_Sepia Choco EX_90P,P3405A-02.25SPC,O2O2 D_Sepia Choco EX,"1,530",203000000000.0,,국내
2026-03-24,S181-02.25,Clalen O2O2 D_Sepia Choco EX_90P,P3405A-02.25SPC,O2O2 D_Sepia Choco EX,810,203000000000.0,,국내
2026-03-24,S181-02.25,Clalen O2O2 D_Sepia Choco EX_90P,P3405A-02.25SPC,O2O2 D_Sepia Choco EX,720,203000000000.0,,국내
2026-03-24,S181-03.25,Clalen O2O2 D_Sepia Choco EX_90P,P3405A-03.25SPC,O2O2 D_Sepia Choco EX,"1,800",203000000000.0,,국내
2026-03-24,S181-03.25,Clalen O2O2 D_Sepia Choco EX_90P,P3405A-03.25SPC,O2O2 D_Sepia Choco EX,"1,890",203000000000.0,,국내
2026-03-24,S181-03.50,Clalen O2O2 D_Sepia Choco EX_90P,P3405A-03.50SPC,O2O2 D_Sepia Choco EX,"1,080",203000000000.0,,국내
2026-03-24,S181-03.50,Clalen O2O2 D_Sepia Choco EX_90P,P3405A-03.50SPC,O2O2 D_Sepia Choco EX,"1,260",203000000000.0,,국내
2026-03-24,S181-03.50,Clalen O2O2 D_Sepia Choco EX_90P,P3405A-03.50SPC,O2O2 D_Sepia Choco EX,990,203000000000.0,,국내
2026-03-24,S181-03.75,Clalen O2O2 D_Sepia Choco EX_90P,P3405A-03.75SPC,O2O2 D_Sepia Choco EX,180,203000000000.0,,국내
2026-03-24,S181-03.75,Clalen O2O2 D_Sepia Choco EX_90P,P3405A-03.75SPC,O2O2 D_Sepia Choco EX,"1,350",203000000000.0,,국내
2026-03-24,S181-03.75,Clalen O2O2 D_Sepia Choco EX_90P,P3405A-03.75SPC,O2O2 D_Sepia Choco EX,450,203000000000.0,,국내
2026-03-24,S181-03.75,Clalen O2O2 D_Sepia Choco EX_90P,P3405A-03.75SPC,O2O2 D_Sepia Choco EX,900,203000000000.0,,국내
2026-03-24,S181-03.75,Clalen O2O2 D_Sepia Choco EX_90P,P3405A-03.75SPC,O2O2 D_Sepia Choco EX,"1,440",203000000000.0,,국내
2026-03-24,S181-03.75,Clalen O2O2 D_Sepia Choco EX_90P,P3405A-03.75SPC,O2O2 D_Sepia Choco EX,"1,260",203000000000.0,,국내
2026-03-24,S181-04.00,Clalen O2O2 D_Sepia Choco EX_90P,P3405A-04.00SPC,O2O2 D_Sepia Choco EX,"1,350",203000000000.0,,국내
2026-03-24,S181-04.00,Clalen O2O2 D_Sepia Choco EX_90P,P3405A-04.00SPC,O2O2 D_Sepia Choco EX,"1,350",203000000000.0,,국내
2026-03-24,S181-04.00,Clalen O2O2 D_Sepia Choco EX_90P,P3405A-04.00SPC,O2O2 D_Sepia Choco EX,"1,620",203000000000.0,,국내
2026-03-24,S181-04.25,Clalen O2O2 D_Sepia Choco EX_90P,P3405A-04.25SPC,O2O2 D_Sepia Choco EX,"1,800",203000000000.0,,국내
2026-03-24,S181-04.25,Clalen O2O2 D_Sepia Choco EX_90P,P3405A-04.25SPC,O2O2 D_Sepia Choco EX,"1,170",203000000000.0,,국내
2026-03-24,S181-04.50,Clalen O2O2 D_Sepia Choco EX_90P,P3405A-04.50SPC,O2O2 D_Sepia Choco EX,90,203000000000.0,,국내
2026-03-24,S181-04.50,Clalen O2O2 D_Sepia Choco EX_90P,P3405A-04.50SPC,O2O2 D_Sepia Choco EX,"1,620",203000000000.0,,국내
2026-03-24,S181-04.50,Clalen O2O2 D_Sepia Choco EX_90P,P3405A-04.50SPC,O2O2 D_Sepia Choco EX,810,203000000000.0,,국내
2026-03-24,S181-04.50,Clalen O2O2 D_Sepia Choco EX_90P,P3405A-04.50SPC,O2O2 D_Sepia Choco EX,360,203000000000.0,,국내
2026-03-24,S181-04.75,Clalen O2O2 D_Sepia Choco EX_90P,P3405A-04.75SPC,O2O2 D_Sepia Choco EX,"1,260",203000000000.0,,국내
2026-03-24,S181-04.75,Clalen O2O2 D_Sepia Choco EX_90P,P3405A-04.75SPC,O2O2 D_Sepia Choco EX,900,203000000000.0,,국내
2026-03-24,S181-04.75,Clalen O2O2 D_Sepia Choco EX_90P,P3405A-04.75SPC,O2O2 D_Sepia Choco EX,360,203000000000.0,,국내
2026-03-24,S181-04.75,Clalen O2O2 D_Sepia Choco EX_90P,P3405A-04.75SPC,O2O2 D_Sepia Choco EX,"1,440",203000000000.0,,국내
2026-03-24,S181-04.75,Clalen O2O2 D_Sepia Choco EX_90P,P3405A-04.75SPC,O2O2 D_Sepia Choco EX,"1,350",203000000000.0,,국내
2026-03-24,S181-04.75,Clalen O2O2 D_Sepia Choco EX_90P,P3405A-04.75SPC,O2O2 D_Sepia Choco EX,360,203000000000.0,,국내
2026-03-24,S181-05.00,Clalen O2O2 D_Sepia Choco EX_90P,P3405A-05.00SPC,O2O2 D_Sepia Choco EX,"1,980",203000000000.0,,국내
2026-03-24,S181-05.00,Clalen O2O2 D_Sepia Choco EX_90P,P3405A-05.00SPC,O2O2 D_Sepia Choco EX,"1,530",203000000000.0,,국내
2026-03-24,S181-05.00,Clalen O2O2 D_Sepia Choco EX_90P,P3405A-05.00SPC,O2O2 D_Sepia Choco EX,990,203000000000.0,,국내
2026-03-24,S181-05.00,Clalen O2O2 D_Sepia Choco EX_90P,P3405A-05.00SPC,O2O2 D_Sepia Choco EX,180,203000000000.0,,국내
2026-03-24,S181-05.00,Clalen O2O2 D_Sepia Choco EX_90P,P3405A-05.00SPC,O2O2 D_Sepia Choco EX,810,203000000000.0,,국내
2026-03-24,S181-05.50,Clalen O2O2 D_Sepia Choco EX_90P,P3405A-05.50SPC,O2O2 D_Sepia Choco EX,810,203000000000.0,,국내
2026-03-24,S181-05.50,Clalen O2O2 D_Sepia Choco EX_90P,P3405A-05.50SPC,O2O2 D_Sepia Choco EX,360,203000000000.0,,국내
2026-03-24,S181-05.50,Clalen O2O2 D_Sepia Choco EX_90P,P3405A-05.50SPC,O2O2 D_Sepia Choco EX,"1,710",203000000000.0,,국내
2026-03-24,S181-05.50,Clalen O2O2 D_Sepia Choco EX_90P,P3405A-05.50SPC,O2O2 D_Sepia Choco EX,990,203000000000.0,,국내
2026-03-24,S181-05.50,Clalen O2O2 D_Sepia Choco EX_90P,P3405A-05.50SPC,O2O2 D_Sepia Choco EX,720,203000000000.0,,국내
2026-03-24,S181-05.50,Clalen O2O2 D_Sepia Choco EX_90P,P3405A-05.50SPC,O2O2 D_Sepia Choco EX,"1,710",203000000000.0,,국내
2026-03-24,S181-06.00,Clalen O2O2 D_Sepia Choco EX_90P,P3405A-06.00SPC,O2O2 D_Sepia Choco EX,450,203000000000.0,,국내
2026-03-24,S181-06.00,Clalen O2O2 D_Sepia Choco EX_90P,P3405A-06.00SPC,O2O2 D_Sepia Choco EX,"1,080",203000000000.0,,국내
2026-03-24,S181-07.00,Clalen O2O2 D_Sepia Choco EX_90P,P3405A-07.00SPC,O2O2 D_Sepia Choco EX,"1,800",203000000000.0,,국내
2026-03-24,S181-07.00,Clalen O2O2 D_Sepia Choco EX_90P,P3405A-07.00SPC,O2O2 D_Sepia Choco EX,90,203000000000.0,,국내
2026-03-24,S181-07.00,Clalen O2O2 D_Sepia Choco EX_90P,P3405A-07.00SPC,O2O2 D_Sepia Choco EX,720,203000000000.0,,국내
2026-03-24,S181-08.00,Clalen O2O2 D_Sepia Choco EX_90P,P3405A-08.00SPC,O2O2 D_Sepia Choco EX,"1,170",203000000000.0,,국내
2026-03-25,S615-00.00,Clalen O2O2 D_Sepia Choco EX_30P,P3405A-00.00SPC,O2O2 D_Sepia Choco EX,840,203000000000.0,,국내
2026-03-25,S617-01.25,Clalen O2O2 D_Ash Brown EX_30P,P3406A-01.25ASB,O2O2 D_Ash Brown EX,600,203000000000.0,,국내
2026-03-25,S617-01.25,Clalen O2O2 D_Ash Brown EX_30P,P3406A-01.25ASB,O2O2 D_Ash Brown EX,30,203000000000.0,,국내
2026-03-25,S617-02.75,Clalen O2O2 D_Ash Brown EX_30P,P3406A-02.75ASB,O2O2 D_Ash Brown EX,"1,920",203000000000.0,,국내
2026-03-25,S617-02.75,Clalen O2O2 D_Ash Brown EX_30P,P3406A-02.75ASB,O2O2 D_Ash Brown EX,"1,920",203000000000.0,,국내
2026-03-25,S617-02.75,Clalen O2O2 D_Ash Brown EX_30P,P3406A-02.75ASB,O2O2 D_Ash Brown EX,"1,920",203000000000.0,,국내
2026-03-25,S617-02.75,Clalen O2O2 D_Ash Brown EX_30P,P3406A-02.75ASB,O2O2 D_Ash Brown EX,150,203000000000.0,,국내
2026-03-25,S617-02.75,Clalen O2O2 D_Ash Brown EX_30P,P3406A-02.75ASB,O2O2 D_Ash Brown EX,"1,740",203000000000.0,,국내
2026-03-25,S617-02.75,Clalen O2O2 D_Ash Brown EX_30P,P3406A-02.75ASB,O2O2 D_Ash Brown EX,"1,980",203000000000.0,,국내
2026-03-25,S617-02.75,Clalen O2O2 D_Ash Brown EX_30P,P3406A-02.75ASB,O2O2 D_Ash Brown EX,"1,770",203000000000.0,,국내
2026-03-25,S617-03.00,Clalen O2O2 D_Ash Brown EX_30P,P3406A-03.00ASB,O2O2 D_Ash Brown EX,"1,890",203000000000.0,,국내
2026-03-25,S617-03.00,Clalen O2O2 D_Ash Brown EX_30P,P3406A-03.00ASB,O2O2 D_Ash Brown EX,"1,920",203000000000.0,,국내
2026-03-25,S617-03.00,Clalen O2O2 D_Ash Brown EX_30P,P3406A-03.00ASB,O2O2 D_Ash Brown EX,"1,350",203000000000.0,,국내
2026-03-25,S617-03.00,Clalen O2O2 D_Ash Brown EX_30P,P3406A-03.00ASB,O2O2 D_Ash Brown EX,"1,320",203000000000.0,,국내
2026-03-25,S617-03.00,Clalen O2O2 D_Ash Brown EX_30P,P3406A-03.00ASB,O2O2 D_Ash Brown EX,"1,560",203000000000.0,,국내
2026-03-25,S617-03.00,Clalen O2O2 D_Ash Brown EX_30P,P3406A-03.00ASB,O2O2 D_Ash Brown EX,180,203000000000.0,,국내
2026-03-25,S617-03.00,Clalen O2O2 D_Ash Brown EX_30P,P3406A-03.00ASB,O2O2 D_Ash Brown EX,"1,830",203000000000.0,,국내
2026-03-25,S617-03.00,Clalen O2O2 D_Ash Brown EX_30P,P3406A-03.00ASB,O2O2 D_Ash Brown EX,"1,830",203000000000.0,,국내
2026-03-25,S617-03.00,Clalen O2O2 D_Ash Brown EX_30P,P3406A-03.00ASB,O2O2 D_Ash Brown EX,840,203000000000.0,,국내
2026-03-25,S617-03.00,Clalen O2O2 D_Ash Brown EX_30P,P3406A-03.00ASB,O2O2 D_Ash Brown EX,30,203000000000.0,,국내
2026-03-25,S617-03.00,Clalen O2O2 D_Ash Brown EX_30P,P3406A-03.00ASB,O2O2 D_Ash Brown EX,750,203000000000.0,,국내
2026-03-25,S617-03.25,Clalen O2O2 D_Ash Brown EX_30P,P3406A-03.25ASB,O2O2 D_Ash Brown EX,"1,080",203000000000.0,,국내
2026-03-25,S617-03.25,Clalen O2O2 D_Ash Brown EX_30P,P3406A-03.25ASB,O2O2 D_Ash Brown EX,750,203000000000.0,,국내
2026-03-25,S617-03.25,Clalen O2O2 D_Ash Brown EX_30P,P3406A-03.25ASB,O2O2 D_Ash Brown EX,"1,350",203000000000.0,,국내
2026-03-25,S617-03.25,Clalen O2O2 D_Ash Brown EX_30P,P3406A-03.25ASB,O2O2 D_Ash Brown EX,420,203000000000.0,,국내
2026-03-25,S617-08.00,Clalen O2O2 D_Ash Brown EX_30P,P3406A-08.00ASB,O2O2 D_Ash Brown EX,420,203000000000.0,,국내
2026-03-25,S181-04.25,Clalen O2O2 D_Sepia Choco EX_90P,P3405A-04.25SPC,O2O2 D_Sepia Choco EX,"1,890",203000000000.0,,국내
2026-03-25,S181-04.25,Clalen O2O2 D_Sepia Choco EX_90P,P3405A-04.25SPC,O2O2 D_Sepia Choco EX,"1,710",203000000000.0,,국내
2026-03-25,S181-04.50,Clalen O2O2 D_Sepia Choco EX_90P,P3405A-04.50SPC,O2O2 D_Sepia Choco EX,"1,710",203000000000.0,,국내
2026-03-26,S619-00.00,Clalen O2O2 D_Ash Gray EX_30P,P3407A-00.00ASG,O2O2 D_Ash Gray EX,"1,230",203000000000.0,,국내
2026-03-26,S181-00.00,Clalen O2O2 D_Sepia Choco EX_90P,P3405A-00.00SPC,O2O2 D_Sepia Choco EX,"1,530",203000000000.0,,국내
2026-03-26,S181-00.00,Clalen O2O2 D_Sepia Choco EX_90P,P3405A-00.00SPC,O2O2 D_Sepia Choco EX,"1,710",203000000000.0,,국내
2026-03-26,S181-00.00,Clalen O2O2 D_Sepia Choco EX_90P,P3405A-00.00SPC,O2O2 D_Sepia Choco EX,"1,260",203000000000.0,,국내
2026-03-26,S181-00.00,Clalen O2O2 D_Sepia Choco EX_90P,P3405A-00.00SPC,O2O2 D_Sepia Choco EX,"1,350",203000000000.0,,국내
2026-03-26,S181-01.25,Clalen O2O2 D_Sepia Choco EX_90P,P3405A-01.25SPC,O2O2 D_Sepia Choco EX,360,203000000000.0,,국내
2026-03-26,S181-01.25,Clalen O2O2 D_Sepia Choco EX_90P,P3405A-01.25SPC,O2O2 D_Sepia Choco EX,"1,620",203000000000.0,,국내
2026-03-26,S181-01.25,Clalen O2O2 D_Sepia Choco EX_90P,P3405A-01.25SPC,O2O2 D_Sepia Choco EX,"1,620",203000000000.0,,국내
2026-03-26,S181-01.25,Clalen O2O2 D_Sepia Choco EX_90P,P3405A-01.25SPC,O2O2 D_Sepia Choco EX,810,203000000000.0,,국내
2026-03-26,S181-01.25,Clalen O2O2 D_Sepia Choco EX_90P,P3405A-01.25SPC,O2O2 D_Sepia Choco EX,810,203000000000.0,,국내
2026-03-26,S181-01.25,Clalen O2O2 D_Sepia Choco EX_90P,P3405A-01.25SPC,O2O2 D_Sepia Choco EX,720,203000000000.0,,국내
2026-03-26,S181-01.75,Clalen O2O2 D_Sepia Choco EX_90P,P3405A-01.75SPC,O2O2 D_Sepia Choco EX,"1,260",203000000000.0,,국내
2026-03-26,S181-01.75,Clalen O2O2 D_Sepia Choco EX_90P,P3405A-01.75SPC,O2O2 D_Sepia Choco EX,540,203000000000.0,,국내
2026-03-26,S181-01.75,Clalen O2O2 D_Sepia Choco EX_90P,P3405A-01.75SPC,O2O2 D_Sepia Choco EX,"1,620",203000000000.0,,국내
2026-03-26,S181-01.75,Clalen O2O2 D_Sepia Choco EX_90P,P3405A-01.75SPC,O2O2 D_Sepia Choco EX,"1,890",203000000000.0,,국내
2026-03-26,S181-01.75,Clalen O2O2 D_Sepia Choco EX_90P,P3405A-01.75SPC,O2O2 D_Sepia Choco EX,"1,800",203000000000.0,,국내
2026-03-26,S181-01.75,Clalen O2O2 D_Sepia Choco EX_90P,P3405A-01.75SPC,O2O2 D_Sepia Choco EX,"1,530",203000000000.0,,국내
2026-03-26,S181-02.50,Clalen O2O2 D_Sepia Choco EX_90P,P3405A-02.50SPC,O2O2 D_Sepia Choco EX,"1,530",203000000000.0,,국내
2026-03-26,S181-02.50,Clalen O2O2 D_Sepia Choco EX_90P,P3405A-02.50SPC,O2O2 D_Sepia Choco EX,"1,170",203000000000.0,,국내
2026-03-26,S181-02.50,Clalen O2O2 D_Sepia Choco EX_90P,P3405A-02.50SPC,O2O2 D_Sepia Choco EX,990,203000000000.0,,국내
2026-03-26,S181-02.75,Clalen O2O2 D_Sepia Choco EX_90P,P3405A-02.75SPC,O2O2 D_Sepia Choco EX,990,203000000000.0,,국내
2026-03-26,S181-02.75,Clalen O2O2 D_Sepia Choco EX_90P,P3405A-02.75SPC,O2O2 D_Sepia Choco EX,990,203000000000.0,,국내
2026-03-26,S181-02.75,Clalen O2O2 D_Sepia Choco EX_90P,P3405A-02.75SPC,O2O2 D_Sepia Choco EX,990,203000000000.0,,국내
2026-03-26,S181-02.75,Clalen O2O2 D_Sepia Choco EX_90P,P3405A-02.75SPC,O2O2 D_Sepia Choco EX,810,203000000000.0,,국내
2026-03-26,S181-02.75,Clalen O2O2 D_Sepia Choco EX_90P,P3405A-02.75SPC,O2O2 D_Sepia Choco EX,"1,530",203000000000.0,,국내
2026-03-26,S181-02.75,Clalen O2O2 D_Sepia Choco EX_90P,P3405A-02.75SPC,O2O2 D_Sepia Choco EX,"1,260",203000000000.0,,국내
2026-03-26,S181-03.00,Clalen O2O2 D_Sepia Choco EX_90P,P3405A-03.00SPC,O2O2 D_Sepia Choco EX,"1,260",203000000000.0,,국내
2026-03-26,S181-03.00,Clalen O2O2 D_Sepia Choco EX_90P,P3405A-03.00SPC,O2O2 D_Sepia Choco EX,"1,080",203000000000.0,,국내
2026-03-26,S181-03.00,Clalen O2O2 D_Sepia Choco EX_90P,P3405A-03.00SPC,O2O2 D_Sepia Choco EX,810,203000000000.0,,국내
2026-03-26,S181-03.25,Clalen O2O2 D_Sepia Choco EX_90P,P3405A-03.25SPC,O2O2 D_Sepia Choco EX,"1,800",203000000000.0,,국내
2026-03-26,S181-03.25,Clalen O2O2 D_Sepia Choco EX_90P,P3405A-03.25SPC,O2O2 D_Sepia Choco EX,90,203000000000.0,,국내
2026-03-26,S181-04.25,Clalen O2O2 D_Sepia Choco EX_90P,P3405A-04.25SPC,O2O2 D_Sepia Choco EX,"1,620",203000000000.0,,국내
2026-03-26,S181-05.50,Clalen O2O2 D_Sepia Choco EX_90P,P3405A-05.50SPC,O2O2 D_Sepia Choco EX,"1,260",203000000000.0,,국내
2026-03-26,S181-06.00,Clalen O2O2 D_Sepia Choco EX_90P,P3405A-06.00SPC,O2O2 D_Sepia Choco EX,"1,530",203000000000.0,,국내
2026-03-26,S181-06.00,Clalen O2O2 D_Sepia Choco EX_90P,P3405A-06.00SPC,O2O2 D_Sepia Choco EX,360,203000000000.0,,국내
2026-03-26,S182-01.25,Clalen O2O2 D_Ash Brown EX_90P,P3406A-01.25ASB,O2O2 D_Ash Brown EX,900,203000000000.0,,국내
2026-03-26,S182-01.25,Clalen O2O2 D_Ash Brown EX_90P,P3406A-01.25ASB,O2O2 D_Ash Brown EX,"1,260",203000000000.0,,국내
2026-03-26,S182-01.25,Clalen O2O2 D_Ash Brown EX_90P,P3406A-01.25ASB,O2O2 D_Ash Brown EX,90,203000000000.0,,국내
2026-03-26,S182-01.25,Clalen O2O2 D_Ash Brown EX_90P,P3406A-01.25ASB,O2O2 D_Ash Brown EX,720,203000000000.0,,국내
2026-03-26,S182-01.50,Clalen O2O2 D_Ash Brown EX_90P,P3406A-01.50ASB,O2O2 D_Ash Brown EX,900,203000000000.0,,국내
2026-03-26,S182-01.50,Clalen O2O2 D_Ash Brown EX_90P,P3406A-01.50ASB,O2O2 D_Ash Brown EX,"1,080",203000000000.0,,국내
2026-03-26,S182-01.50,Clalen O2O2 D_Ash Brown EX_90P,P3406A-01.50ASB,O2O2 D_Ash Brown EX,"1,530",203000000000.0,,국내
2026-03-26,S182-02.25,Clalen O2O2 D_Ash Brown EX_90P,P3406A-02.25ASB,O2O2 D_Ash Brown EX,360,203000000000.0,,국내
2026-03-26,S182-02.25,Clalen O2O2 D_Ash Brown EX_90P,P3406A-02.25ASB,O2O2 D_Ash Brown EX,"1,530",203000000000.0,,국내
2026-03-26,S182-02.25,Clalen O2O2 D_Ash Brown EX_90P,P3406A-02.25ASB,O2O2 D_Ash Brown EX,"1,170",203000000000.0,,국내
2026-03-26,S182-03.25,Clalen O2O2 D_Ash Brown EX_90P,P3406A-03.25ASB,O2O2 D_Ash Brown EX,810,203000000000.0,,국내
2026-03-26,S182-03.25,Clalen O2O2 D_Ash Brown EX_90P,P3406A-03.25ASB,O2O2 D_Ash Brown EX,900,203000000000.0,,국내
2026-03-26,S182-03.25,Clalen O2O2 D_Ash Brown EX_90P,P3406A-03.25ASB,O2O2 D_Ash Brown EX,"1,080",203000000000.0,,국내
2026-03-26,S182-03.25,Clalen O2O2 D_Ash Brown EX_90P,P3406A-03.25ASB,O2O2 D_Ash Brown EX,990,203000000000.0,,국내
2026-03-26,S182-03.25,Clalen O2O2 D_Ash Brown EX_90P,P3406A-03.25ASB,O2O2 D_Ash Brown EX,990,203000000000.0,,국내
2026-03-26,S182-03.25,Clalen O2O2 D_Ash Brown EX_90P,P3406A-03.25ASB,O2O2 D_Ash Brown EX,"1,530",203000000000.0,,국내
2026-03-26,S182-03.25,Clalen O2O2 D_Ash Brown EX_90P,P3406A-03.25ASB,O2O2 D_Ash Brown EX,270,203000000000.0,,국내
2026-03-26,S182-03.50,Clalen O2O2 D_Ash Brown EX_90P,P3406A-03.50ASB,O2O2 D_Ash Brown EX,450,203000000000.0,,국내
2026-03-26,S182-03.50,Clalen O2O2 D_Ash Brown EX_90P,P3406A-03.50ASB,O2O2 D_Ash Brown EX,"1,170",203000000000.0,,국내
2026-03-26,S182-03.50,Clalen O2O2 D_Ash Brown EX_90P,P3406A-03.50ASB,O2O2 D_Ash Brown EX,270,203000000000.0,,국내
2026-03-26,S182-03.50,Clalen O2O2 D_Ash Brown EX_90P,P3406A-03.50ASB,O2O2 D_Ash Brown EX,"1,080",203000000000.0,,국내
2026-03-26,S182-03.50,Clalen O2O2 D_Ash Brown EX_90P,P3406A-03.50ASB,O2O2 D_Ash Brown EX,270,203000000000.0,,국내
2026-03-26,S182-03.75,Clalen O2O2 D_Ash Brown EX_90P,P3406A-03.75ASB,O2O2 D_Ash Brown EX,360,203000000000.0,,국내
2026-03-26,S182-03.75,Clalen O2O2 D_Ash Brown EX_90P,P3406A-03.75ASB,O2O2 D_Ash Brown EX,810,203000000000.0,,국내
2026-03-26,S182-03.75,Clalen O2O2 D_Ash Brown EX_90P,P3406A-03.75ASB,O2O2 D_Ash Brown EX,450,203000000000.0,,국내
2026-03-26,S182-03.75,Clalen O2O2 D_Ash Brown EX_90P,P3406A-03.75ASB,O2O2 D_Ash Brown EX,900,203000000000.0,,국내
2026-03-26,S182-03.75,Clalen O2O2 D_Ash Brown EX_90P,P3406A-03.75ASB,O2O2 D_Ash Brown EX,90,203000000000.0,,국내
2026-03-26,S182-03.75,Clalen O2O2 D_Ash Brown EX_90P,P3406A-03.75ASB,O2O2 D_Ash Brown EX,450,203000000000.0,,국내
2026-03-26,S182-04.00,Clalen O2O2 D_Ash Brown EX_90P,P3406A-04.00ASB,O2O2 D_Ash Brown EX,90,203000000000.0,,국내
2026-03-26,S182-04.00,Clalen O2O2 D_Ash Brown EX_90P,P3406A-04.00ASB,O2O2 D_Ash Brown EX,990,203000000000.0,,국내
2026-03-26,S182-04.00,Clalen O2O2 D_Ash Brown EX_90P,P3406A-04.00ASB,O2O2 D_Ash Brown EX,"1,890",203000000000.0,,국내
2026-03-26,S182-04.00,Clalen O2O2 D_Ash Brown EX_90P,P3406A-04.00ASB,O2O2 D_Ash Brown EX,"1,800",203000000000.0,,국내
2026-03-26,S182-04.25,Clalen O2O2 D_Ash Brown EX_90P,P3406A-04.25ASB,O2O2 D_Ash Brown EX,"1,080",203000000000.0,,국내
2026-03-26,S182-04.25,Clalen O2O2 D_Ash Brown EX_90P,P3406A-04.25ASB,O2O2 D_Ash Brown EX,630,203000000000.0,,국내
2026-03-26,S182-04.25,Clalen O2O2 D_Ash Brown EX_90P,P3406A-04.25ASB,O2O2 D_Ash Brown EX,900,203000000000.0,,국내
2026-03-26,S182-04.25,Clalen O2O2 D_Ash Brown EX_90P,P3406A-04.25ASB,O2O2 D_Ash Brown EX,"1,080",203000000000.0,,국내
2026-03-26,S182-04.50,Clalen O2O2 D_Ash Brown EX_90P,P3406A-04.50ASB,O2O2 D_Ash Brown EX,180,203000000000.0,,국내
2026-03-26,S182-04.50,Clalen O2O2 D_Ash Brown EX_90P,P3406A-04.50ASB,O2O2 D_Ash Brown EX,90,203000000000.0,,국내
2026-03-26,S182-04.75,Clalen O2O2 D_Ash Brown EX_90P,P3406A-04.75ASB,O2O2 D_Ash Brown EX,450,203000000000.0,,국내
2026-03-26,S182-04.75,Clalen O2O2 D_Ash Brown EX_90P,P3406A-04.75ASB,O2O2 D_Ash Brown EX,90,203000000000.0,,국내
2026-03-26,S182-05.50,Clalen O2O2 D_Ash Brown EX_90P,P3406A-05.50ASB,O2O2 D_Ash Brown EX,"1,170",203000000000.0,,국내
2026-03-26,S182-05.50,Clalen O2O2 D_Ash Brown EX_90P,P3406A-05.50ASB,O2O2 D_Ash Brown EX,"1,170",203000000000.0,,국내
2026-03-26,S182-05.50,Clalen O2O2 D_Ash Brown EX_90P,P3406A-05.50ASB,O2O2 D_Ash Brown EX,"1,260",203000000000.0,,국내
2026-03-26,S182-05.50,Clalen O2O2 D_Ash Brown EX_90P,P3406A-05.50ASB,O2O2 D_Ash Brown EX,810,203000000000.0,,국내
2026-03-26,S182-05.50,Clalen O2O2 D_Ash Brown EX_90P,P3406A-05.50ASB,O2O2 D_Ash Brown EX,"1,080",203000000000.0,,국내
2026-03-26,S183-03.50,Clalen O2O2 D_Ash Gray EX_90P,P3407A-03.50ASG,O2O2 D_Ash Gray EX,"1,620",203000000000.0,,국내
2026-03-26,S183-03.50,Clalen O2O2 D_Ash Gray EX_90P,P3407A-03.50ASG,O2O2 D_Ash Gray EX,900,203000000000.0,,국내
2026-03-26,S183-03.50,Clalen O2O2 D_Ash Gray EX_90P,P3407A-03.50ASG,O2O2 D_Ash Gray EX,"1,440",203000000000.0,,국내
2026-03-26,S183-03.75,Clalen O2O2 D_Ash Gray EX_90P,P3407A-03.75ASG,O2O2 D_Ash Gray EX,"1,350",203000000000.0,,국내
2026-03-26,S183-03.75,Clalen O2O2 D_Ash Gray EX_90P,P3407A-03.75ASG,O2O2 D_Ash Gray EX,"1,440",203000000000.0,,국내
2026-03-26,S183-03.75,Clalen O2O2 D_Ash Gray EX_90P,P3407A-03.75ASG,O2O2 D_Ash Gray EX,"1,350",203000000000.0,,국내
2026-03-26,S183-03.75,Clalen O2O2 D_Ash Gray EX_90P,P3407A-03.75ASG,O2O2 D_Ash Gray EX,180,203000000000.0,,국내
2026-03-26,S183-03.75,Clalen O2O2 D_Ash Gray EX_90P,P3407A-03.75ASG,O2O2 D_Ash Gray EX,270,203000000000.0,,국내
2026-03-26,S183-03.75,Clalen O2O2 D_Ash Gray EX_90P,P3407A-03.75ASG,O2O2 D_Ash Gray EX,180,203000000000.0,,국내
2026-03-26,S183-05.50,Clalen O2O2 D_Ash Gray EX_90P,P3407A-05.50ASG,O2O2 D_Ash Gray EX,"1,710",203000000000.0,,국내
2026-03-26,S183-05.50,Clalen O2O2 D_Ash Gray EX_90P,P3407A-05.50ASG,O2O2 D_Ash Gray EX,"1,350",203000000000.0,,국내
2026-03-26,S615-00.00,Clalen O2O2 D_Sepia Choco EX_30P,P3405A-00.00SPC,O2O2 D_Sepia Choco EX,,203000000000.0,,국내
2026-03-26,S615-00.00,Clalen O2O2 D_Sepia Choco EX_30P,P3405A-00.00SPC,O2O2 D_Sepia Choco EX,,203000000000.0,,국내
2026-03-26,S615-00.00,Clalen O2O2 D_Sepia Choco EX_30P,P3405A-00.00SPC,O2O2 D_Sepia Choco EX,870,203000000000.0,,국내
2026-03-26,S615-00.00,Clalen O2O2 D_Sepia Choco EX_30P,P3405A-00.00SPC,O2O2 D_Sepia Choco EX,420,203000000000.0,,국내
2026-03-26,S615-00.00,Clalen O2O2 D_Sepia Choco EX_30P,P3405A-00.00SPC,O2O2 D_Sepia Choco EX,,203000000000.0,,국내
2026-03-26,S615-00.00,Clalen O2O2 D_Sepia Choco EX_30P,P3405A-00.00SPC,O2O2 D_Sepia Choco EX,,203000000000.0,,국내
2026-03-26,S615-00.00,Clalen O2O2 D_Sepia Choco EX_30P,P3405A-00.00SPC,O2O2 D_Sepia Choco EX,390,203000000000.0,,국내
2026-03-26,S615-00.00,Clalen O2O2 D_Sepia Choco EX_30P,P3405A-00.00SPC,O2O2 D_Sepia Choco EX,"1,020",203000000000.0,,국내
2026-03-26,S615-00.00,Clalen O2O2 D_Sepia Choco EX_30P,P3405A-00.00SPC,O2O2 D_Sepia Choco EX,"1,080",203000000000.0,,국내
2026-03-26,S615-00.00,Clalen O2O2 D_Sepia Choco EX_30P,P3405A-00.00SPC,O2O2 D_Sepia Choco EX,"1,080",203000000000.0,,국내
2026-03-26,S615-00.00,Clalen O2O2 D_Sepia Choco EX_30P,P3405A-00.00SPC,O2O2 D_Sepia Choco EX,,203000000000.0,,국내
2026-03-26,S615-00.00,Clalen O2O2 D_Sepia Choco EX_30P,P3405A-00.00SPC,O2O2 D_Sepia Choco EX,,203000000000.0,,국내
2026-03-26,S615-01.00,Clalen O2O2 D_Sepia Choco EX_30P,P3405A-01.00SPC,O2O2 D_Sepia Choco EX,"1,530",203000000000.0,,국내
2026-03-26,S615-01.00,Clalen O2O2 D_Sepia Choco EX_30P,P3405A-01.00SPC,O2O2 D_Sepia Choco EX,"1,560",203000000000.0,,국내
2026-03-26,S615-01.00,Clalen O2O2 D_Sepia Choco EX_30P,P3405A-01.00SPC,O2O2 D_Sepia Choco EX,810,203000000000.0,,국내
2026-03-26,S615-01.00,Clalen O2O2 D_Sepia Choco EX_30P,P3405A-01.00SPC,O2O2 D_Sepia Choco EX,60,203000000000.0,,국내
2026-03-26,S615-01.00,Clalen O2O2 D_Sepia Choco EX_30P,P3405A-01.00SPC,O2O2 D_Sepia Choco EX,"1,470",203000000000.0,,국내
2026-03-26,S615-01.00,Clalen O2O2 D_Sepia Choco EX_30P,P3405A-01.00SPC,O2O2 D_Sepia Choco EX,"1,290",203000000000.0,,국내
2026-03-26,S615-01.00,Clalen O2O2 D_Sepia Choco EX_30P,P3405A-01.00SPC,O2O2 D_Sepia Choco EX,30,203000000000.0,,국내
2026-03-26,S615-01.00,Clalen O2O2 D_Sepia Choco EX_30P,P3405A-01.00SPC,O2O2 D_Sepia Choco EX,"1,410",203000000000.0,,국내
2026-03-26,S615-01.00,Clalen O2O2 D_Sepia Choco EX_30P,P3405A-01.00SPC,O2O2 D_Sepia Choco EX,"1,260",203000000000.0,,국내
2026-03-26,S615-01.00,Clalen O2O2 D_Sepia Choco EX_30P,P3405A-01.00SPC,O2O2 D_Sepia Choco EX,"1,680",203000000000.0,,국내
2026-03-26,S615-01.25,Clalen O2O2 D_Sepia Choco EX_30P,P3405A-01.25SPC,O2O2 D_Sepia Choco EX,60,203000000000.0,,국내
2026-03-26,S615-01.25,Clalen O2O2 D_Sepia Choco EX_30P,P3405A-01.25SPC,O2O2 D_Sepia Choco EX,30,203000000000.0,,국내
2026-03-26,S615-01.25,Clalen O2O2 D_Sepia Choco EX_30P,P3405A-01.25SPC,O2O2 D_Sepia Choco EX,60,203000000000.0,,국내
2026-03-26,S615-01.25,Clalen O2O2 D_Sepia Choco EX_30P,P3405A-01.25SPC,O2O2 D_Sepia Choco EX,60,203000000000.0,,국내
2026-03-26,S615-01.25,Clalen O2O2 D_Sepia Choco EX_30P,P3405A-01.25SPC,O2O2 D_Sepia Choco EX,60,203000000000.0,,국내
2026-03-26,S615-01.25,Clalen O2O2 D_Sepia Choco EX_30P,P3405A-01.25SPC,O2O2 D_Sepia Choco EX,30,203000000000.0,,국내
2026-03-26,S615-01.25,Clalen O2O2 D_Sepia Choco EX_30P,P3405A-01.25SPC,O2O2 D_Sepia Choco EX,30,203000000000.0,,국내
2026-03-26,S615-01.75,Clalen O2O2 D_Sepia Choco EX_30P,P3405A-01.75SPC,O2O2 D_Sepia Choco EX,30,203000000000.0,,국내
2026-03-26,S615-01.75,Clalen O2O2 D_Sepia Choco EX_30P,P3405A-01.75SPC,O2O2 D_Sepia Choco EX,30,203000000000.0,,국내
2026-03-26,S615-01.75,Clalen O2O2 D_Sepia Choco EX_30P,P3405A-01.75SPC,O2O2 D_Sepia Choco EX,60,203000000000.0,,국내
2026-03-26,S615-01.75,Clalen O2O2 D_Sepia Choco EX_30P,P3405A-01.75SPC,O2O2 D_Sepia Choco EX,60,203000000000.0,,국내
2026-03-26,S615-01.75,Clalen O2O2 D_Sepia Choco EX_30P,P3405A-01.75SPC,O2O2 D_Sepia Choco EX,60,203000000000.0,,국내
2026-03-26,S615-01.75,Clalen O2O2 D_Sepia Choco EX_30P,P3405A-01.75SPC,O2O2 D_Sepia Choco EX,30,203000000000.0,,국내
2026-03-26,S615-01.75,Clalen O2O2 D_Sepia Choco EX_30P,P3405A-01.75SPC,O2O2 D_Sepia Choco EX,60,203000000000.0,,국내
2026-03-26,S615-01.75,Clalen O2O2 D_Sepia Choco EX_30P,P3405A-01.75SPC,O2O2 D_Sepia Choco EX,60,203000000000.0,,국내
2026-03-26,S615-02.25,Clalen O2O2 D_Sepia Choco EX_30P,P3405A-02.25SPC,O2O2 D_Sepia Choco EX,"1,260",203000000000.0,,국내
2026-03-26,S615-02.25,Clalen O2O2 D_Sepia Choco EX_30P,P3405A-02.25SPC,O2O2 D_Sepia Choco EX,"1,260",203000000000.0,,국내
2026-03-26,S615-02.25,Clalen O2O2 D_Sepia Choco EX_30P,P3405A-02.25SPC,O2O2 D_Sepia Choco EX,810,203000000000.0,,국내
2026-03-26,S615-02.25,Clalen O2O2 D_Sepia Choco EX_30P,P3405A-02.25SPC,O2O2 D_Sepia Choco EX,990,203000000000.0,,국내
2026-03-26,S615-02.25,Clalen O2O2 D_Sepia Choco EX_30P,P3405A-02.25SPC,O2O2 D_Sepia Choco EX,"1,350",203000000000.0,,국내
2026-03-26,S615-02.25,Clalen O2O2 D_Sepia Choco EX_30P,P3405A-02.25SPC,O2O2 D_Sepia Choco EX,"1,350",203000000000.0,,국내
2026-03-26,S615-02.25,Clalen O2O2 D_Sepia Choco EX_30P,P3405A-02.25SPC,O2O2 D_Sepia Choco EX,780,203000000000.0,,국내
2026-03-26,S615-02.50,Clalen O2O2 D_Sepia Choco EX_30P,P3405A-02.50SPC,O2O2 D_Sepia Choco EX,"1,410",203000000000.0,,국내
2026-03-26,S615-02.50,Clalen O2O2 D_Sepia Choco EX_30P,P3405A-02.50SPC,O2O2 D_Sepia Choco EX,"1,410",203000000000.0,,국내
2026-03-26,S615-02.50,Clalen O2O2 D_Sepia Choco EX_30P,P3405A-02.50SPC,O2O2 D_Sepia Choco EX,"1,200",203000000000.0,,국내
2026-03-26,S615-02.50,Clalen O2O2 D_Sepia Choco EX_30P,P3405A-02.50SPC,O2O2 D_Sepia Choco EX,"1,350",203000000000.0,,국내
2026-03-26,S615-02.50,Clalen O2O2 D_Sepia Choco EX_30P,P3405A-02.50SPC,O2O2 D_Sepia Choco EX,"1,200",203000000000.0,,국내
2026-03-26,S615-02.50,Clalen O2O2 D_Sepia Choco EX_30P,P3405A-02.50SPC,O2O2 D_Sepia Choco EX,690,203000000000.0,,국내
2026-03-26,S615-02.50,Clalen O2O2 D_Sepia Choco EX_30P,P3405A-02.50SPC,O2O2 D_Sepia Choco EX,120,203000000000.0,,국내
2026-03-26,S615-02.50,Clalen O2O2 D_Sepia Choco EX_30P,P3405A-02.50SPC,O2O2 D_Sepia Choco EX,510,203000000000.0,,국내
2026-03-26,S615-02.50,Clalen O2O2 D_Sepia Choco EX_30P,P3405A-02.50SPC,O2O2 D_Sepia Choco EX,"1,380",203000000000.0,,국내
2026-03-26,S615-02.50,Clalen O2O2 D_Sepia Choco EX_30P,P3405A-02.50SPC,O2O2 D_Sepia Choco EX,"1,230",203000000000.0,,국내
2026-03-26,S615-02.50,Clalen O2O2 D_Sepia Choco EX_30P,P3405A-02.50SPC,O2O2 D_Sepia Choco EX,"1,200",203000000000.0,,국내
2026-03-26,S615-02.75,Clalen O2O2 D_Sepia Choco EX_30P,P3405A-02.75SPC,O2O2 D_Sepia Choco EX,960,203000000000.0,,국내
2026-03-26,S615-02.75,Clalen O2O2 D_Sepia Choco EX_30P,P3405A-02.75SPC,O2O2 D_Sepia Choco EX,"1,110",203000000000.0,,국내
2026-03-26,S615-02.75,Clalen O2O2 D_Sepia Choco EX_30P,P3405A-02.75SPC,O2O2 D_Sepia Choco EX,30,203000000000.0,,국내
2026-03-26,S615-02.75,Clalen O2O2 D_Sepia Choco EX_30P,P3405A-02.75SPC,O2O2 D_Sepia Choco EX,720,203000000000.0,,국내
2026-03-26,S615-03.00,Clalen O2O2 D_Sepia Choco EX_30P,P3405A-03.00SPC,O2O2 D_Sepia Choco EX,"1,050",203000000000.0,,국내
2026-03-26,S615-03.00,Clalen O2O2 D_Sepia Choco EX_30P,P3405A-03.00SPC,O2O2 D_Sepia Choco EX,"1,440",203000000000.0,,국내
2026-03-26,S615-03.00,Clalen O2O2 D_Sepia Choco EX_30P,P3405A-03.00SPC,O2O2 D_Sepia Choco EX,"1,320",203000000000.0,,국내
2026-03-26,S615-03.00,Clalen O2O2 D_Sepia Choco EX_30P,P3405A-03.00SPC,O2O2 D_Sepia Choco EX,"1,140",203000000000.0,,국내
2026-03-26,S615-03.00,Clalen O2O2 D_Sepia Choco EX_30P,P3405A-03.00SPC,O2O2 D_Sepia Choco EX,"1,170",203000000000.0,,국내
2026-03-26,S615-03.00,Clalen O2O2 D_Sepia Choco EX_30P,P3405A-03.00SPC,O2O2 D_Sepia Choco EX,870,203000000000.0,,국내
2026-03-26,S615-03.00,Clalen O2O2 D_Sepia Choco EX_30P,P3405A-03.00SPC,O2O2 D_Sepia Choco EX,"1,650",203000000000.0,,국내
2026-03-26,S615-03.00,Clalen O2O2 D_Sepia Choco EX_30P,P3405A-03.00SPC,O2O2 D_Sepia Choco EX,"1,320",203000000000.0,,국내
2026-03-26,S615-03.25,Clalen O2O2 D_Sepia Choco EX_30P,P3405A-03.25SPC,O2O2 D_Sepia Choco EX,240,203000000000.0,,국내
2026-03-26,S615-03.25,Clalen O2O2 D_Sepia Choco EX_30P,P3405A-03.25SPC,O2O2 D_Sepia Choco EX,60,203000000000.0,,국내
2026-03-26,S615-03.25,Clalen O2O2 D_Sepia Choco EX_30P,P3405A-03.25SPC,O2O2 D_Sepia Choco EX,60,203000000000.0,,국내
2026-03-26,S615-03.25,Clalen O2O2 D_Sepia Choco EX_30P,P3405A-03.25SPC,O2O2 D_Sepia Choco EX,30,203000000000.0,,국내
2026-03-26,S615-03.25,Clalen O2O2 D_Sepia Choco EX_30P,P3405A-03.25SPC,O2O2 D_Sepia Choco EX,600,203000000000.0,,국내
2026-03-26,S615-03.25,Clalen O2O2 D_Sepia Choco EX_30P,P3405A-03.25SPC,O2O2 D_Sepia Choco EX,30,203000000000.0,,국내
2026-03-26,S615-03.25,Clalen O2O2 D_Sepia Choco EX_30P,P3405A-03.25SPC,O2O2 D_Sepia Choco EX,30,203000000000.0,,국내
2026-03-26,S615-03.25,Clalen O2O2 D_Sepia Choco EX_30P,P3405A-03.25SPC,O2O2 D_Sepia Choco EX,30,203000000000.0,,국내
2026-03-26,S615-03.25,Clalen O2O2 D_Sepia Choco EX_30P,P3405A-03.25SPC,O2O2 D_Sepia Choco EX,60,203000000000.0,,국내
2026-03-26,S615-03.25,Clalen O2O2 D_Sepia Choco EX_30P,P3405A-03.25SPC,O2O2 D_Sepia Choco EX,30,203000000000.0,,국내
2026-03-26,S615-03.25,Clalen O2O2 D_Sepia Choco EX_30P,P3405A-03.25SPC,O2O2 D_Sepia Choco EX,390,203000000000.0,,국내
2026-03-26,S615-03.25,Clalen O2O2 D_Sepia Choco EX_30P,P3405A-03.25SPC,O2O2 D_Sepia Choco EX,300,203000000000.0,,국내
2026-03-26,S615-03.25,Clalen O2O2 D_Sepia Choco EX_30P,P3405A-03.25SPC,O2O2 D_Sepia Choco EX,990,203000000000.0,,국내
2026-03-26,S615-03.25,Clalen O2O2 D_Sepia Choco EX_30P,P3405A-03.25SPC,O2O2 D_Sepia Choco EX,30,203000000000.0,,국내
2026-03-26,S615-03.25,Clalen O2O2 D_Sepia Choco EX_30P,P3405A-03.25SPC,O2O2 D_Sepia Choco EX,"1,470",203000000000.0,,국내
2026-03-26,S615-03.25,Clalen O2O2 D_Sepia Choco EX_30P,P3405A-03.25SPC,O2O2 D_Sepia Choco EX,60,203000000000.0,,국내
2026-03-27,S181-01.50,Clalen O2O2 D_Sepia Choco EX_90P,P3405A-01.50SPC,O2O2 D_Sepia Choco EX,450,203000000000.0,,국내
2026-03-27,S181-01.50,Clalen O2O2 D_Sepia Choco EX_90P,P3405A-01.50SPC,O2O2 D_Sepia Choco EX,90,203000000000.0,,국내
2026-03-27,S181-01.50,Clalen O2O2 D_Sepia Choco EX_90P,P3405A-01.50SPC,O2O2 D_Sepia Choco EX,990,203000000000.0,,국내
2026-03-27,S181-01.50,Clalen O2O2 D_Sepia Choco EX_90P,P3405A-01.50SPC,O2O2 D_Sepia Choco EX,"1,800",203000000000.0,,국내
2026-03-27,S181-01.50,Clalen O2O2 D_Sepia Choco EX_90P,P3405A-01.50SPC,O2O2 D_Sepia Choco EX,"1,080",203000000000.0,,국내
2026-03-27,S181-01.50,Clalen O2O2 D_Sepia Choco EX_90P,P3405A-01.50SPC,O2O2 D_Sepia Choco EX,"1,350",203000000000.0,,국내
2026-03-27,S181-03.75,Clalen O2O2 D_Sepia Choco EX_90P,P3405A-03.75SPC,O2O2 D_Sepia Choco EX,"1,260",203000000000.0,,국내
2026-03-27,S181-03.75,Clalen O2O2 D_Sepia Choco EX_90P,P3405A-03.75SPC,O2O2 D_Sepia Choco EX,540,203000000000.0,,국내
2026-03-27,S181-03.75,Clalen O2O2 D_Sepia Choco EX_90P,P3405A-03.75SPC,O2O2 D_Sepia Choco EX,810,203000000000.0,,국내
2026-03-27,S181-03.75,Clalen O2O2 D_Sepia Choco EX_90P,P3405A-03.75SPC,O2O2 D_Sepia Choco EX,90,203000000000.0,,국내
2026-03-27,S181-03.75,Clalen O2O2 D_Sepia Choco EX_90P,P3405A-03.75SPC,O2O2 D_Sepia Choco EX,90,203000000000.0,,국내
2026-03-27,S181-03.75,Clalen O2O2 D_Sepia Choco EX_90P,P3405A-03.75SPC,O2O2 D_Sepia Choco EX,90,203000000000.0,,국내
2026-03-27,S181-03.75,Clalen O2O2 D_Sepia Choco EX_90P,P3405A-03.75SPC,O2O2 D_Sepia Choco EX,"1,080",203000000000.0,,국내
2026-03-27,S181-03.75,Clalen O2O2 D_Sepia Choco EX_90P,P3405A-03.75SPC,O2O2 D_Sepia Choco EX,630,203000000000.0,,국내
2026-03-27,S181-03.75,Clalen O2O2 D_Sepia Choco EX_90P,P3405A-03.75SPC,O2O2 D_Sepia Choco EX,180,203000000000.0,,국내
2026-03-27,S181-03.75,Clalen O2O2 D_Sepia Choco EX_90P,P3405A-03.75SPC,O2O2 D_Sepia Choco EX,630,203000000000.0,,국내
2026-03-27,S181-03.75,Clalen O2O2 D_Sepia Choco EX_90P,P3405A-03.75SPC,O2O2 D_Sepia Choco EX,450,203000000000.0,,국내
2026-03-27,S181-04.50,Clalen O2O2 D_Sepia Choco EX_90P,P3405A-04.50SPC,O2O2 D_Sepia Choco EX,"1,170",203000000000.0,,국내
2026-03-27,S181-04.50,Clalen O2O2 D_Sepia Choco EX_90P,P3405A-04.50SPC,O2O2 D_Sepia Choco EX,720,203000000000.0,,국내
2026-03-27,S181-04.50,Clalen O2O2 D_Sepia Choco EX_90P,P3405A-04.50SPC,O2O2 D_Sepia Choco EX,630,203000000000.0,,국내
2026-03-27,S181-04.50,Clalen O2O2 D_Sepia Choco EX_90P,P3405A-04.50SPC,O2O2 D_Sepia Choco EX,540,203000000000.0,,국내
2026-03-27,S181-04.50,Clalen O2O2 D_Sepia Choco EX_90P,P3405A-04.50SPC,O2O2 D_Sepia Choco EX,"1,530",203000000000.0,,국내
2026-03-27,S181-04.50,Clalen O2O2 D_Sepia Choco EX_90P,P3405A-04.50SPC,O2O2 D_Sepia Choco EX,"1,080",203000000000.0,,국내
2026-03-27,S181-04.50,Clalen O2O2 D_Sepia Choco EX_90P,P3405A-04.50SPC,O2O2 D_Sepia Choco EX,810,203000000000.0,,국내
2026-03-27,S181-04.75,Clalen O2O2 D_Sepia Choco EX_90P,P3405A-04.75SPC,O2O2 D_Sepia Choco EX,"1,710",203000000000.0,,국내
2026-03-27,S181-04.75,Clalen O2O2 D_Sepia Choco EX_90P,P3405A-04.75SPC,O2O2 D_Sepia Choco EX,540,203000000000.0,,국내
2026-03-27,S181-04.75,Clalen O2O2 D_Sepia Choco EX_90P,P3405A-04.75SPC,O2O2 D_Sepia Choco EX,"1,620",203000000000.0,,국내
2026-03-27,S181-04.75,Clalen O2O2 D_Sepia Choco EX_90P,P3405A-04.75SPC,O2O2 D_Sepia Choco EX,"1,170",203000000000.0,,국내
2026-03-27,S181-04.75,Clalen O2O2 D_Sepia Choco EX_90P,P3405A-04.75SPC,O2O2 D_Sepia Choco EX,"1,440",203000000000.0,,국내
2026-03-27,S181-04.75,Clalen O2O2 D_Sepia Choco EX_90P,P3405A-04.75SPC,O2O2 D_Sepia Choco EX,"1,350",203000000000.0,,국내
2026-03-27,S181-05.00,Clalen O2O2 D_Sepia Choco EX_90P,P3405A-05.00SPC,O2O2 D_Sepia Choco EX,360,203000000000.0,,국내
2026-03-27,S181-05.00,Clalen O2O2 D_Sepia Choco EX_90P,P3405A-05.00SPC,O2O2 D_Sepia Choco EX,"1,170",203000000000.0,,국내
2026-03-27,S181-05.00,Clalen O2O2 D_Sepia Choco EX_90P,P3405A-05.00SPC,O2O2 D_Sepia Choco EX,"1,530",203000000000.0,,국내
2026-03-27,S181-05.00,Clalen O2O2 D_Sepia Choco EX_90P,P3405A-05.00SPC,O2O2 D_Sepia Choco EX,360,203000000000.0,,국내
2026-03-27,S181-05.00,Clalen O2O2 D_Sepia Choco EX_90P,P3405A-05.00SPC,O2O2 D_Sepia Choco EX,"1,620",203000000000.0,,국내
2026-03-27,S181-05.00,Clalen O2O2 D_Sepia Choco EX_90P,P3405A-05.00SPC,O2O2 D_Sepia Choco EX,270,203000000000.0,,국내
2026-03-27,S181-05.00,Clalen O2O2 D_Sepia Choco EX_90P,P3405A-05.00SPC,O2O2 D_Sepia Choco EX,540,203000000000.0,,국내
2026-03-27,S181-05.00,Clalen O2O2 D_Sepia Choco EX_90P,P3405A-05.00SPC,O2O2 D_Sepia Choco EX,"1,440",203000000000.0,,국내
2026-03-27,S181-07.00,Clalen O2O2 D_Sepia Choco EX_90P,P3405A-07.00SPC,O2O2 D_Sepia Choco EX,"1,080",203000000000.0,,국내
2026-03-27,S181-07.00,Clalen O2O2 D_Sepia Choco EX_90P,P3405A-07.00SPC,O2O2 D_Sepia Choco EX,900,203000000000.0,,국내
2026-03-27,S181-07.00,Clalen O2O2 D_Sepia Choco EX_90P,P3405A-07.00SPC,O2O2 D_Sepia Choco EX,"1,710",203000000000.0,,국내
2026-03-27,S181-07.00,Clalen O2O2 D_Sepia Choco EX_90P,P3405A-07.00SPC,O2O2 D_Sepia Choco EX,"1,260",203000000000.0,,국내
2026-03-27,S615-00.00,Clalen O2O2 D_Sepia Choco EX_30P,P3405A-00.00SPC,O2O2 D_Sepia Choco EX,,203000000000.0,,국내
2026-03-27,S615-00.00,Clalen O2O2 D_Sepia Choco EX_30P,P3405A-00.00SPC,O2O2 D_Sepia Choco EX,,203000000000.0,,국내
2026-03-27,S615-00.00,Clalen O2O2 D_Sepia Choco EX_30P,P3405A-00.00SPC,O2O2 D_Sepia Choco EX,,203000000000.0,,국내
2026-03-27,S615-00.00,Clalen O2O2 D_Sepia Choco EX_30P,P3405A-00.00SPC,O2O2 D_Sepia Choco EX,,203000000000.0,,국내
2026-03-27,S615-00.00,Clalen O2O2 D_Sepia Choco EX_30P,P3405A-00.00SPC,O2O2 D_Sepia Choco EX,,203000000000.0,,국내
2026-03-27,S615-00.00,Clalen O2O2 D_Sepia Choco EX_30P,P3405A-00.00SPC,O2O2 D_Sepia Choco EX,300,203000000000.0,,국내
2026-03-27,S615-00.00,Clalen O2O2 D_Sepia Choco EX_30P,P3405A-00.00SPC,O2O2 D_Sepia Choco EX,"1,290",203000000000.0,,국내
2026-03-27,S615-00.00,Clalen O2O2 D_Sepia Choco EX_30P,P3405A-00.00SPC,O2O2 D_Sepia Choco EX,"1,620",203000000000.0,,국내
2026-03-27,S615-00.00,Clalen O2O2 D_Sepia Choco EX_30P,P3405A-00.00SPC,O2O2 D_Sepia Choco EX,"1,320",203000000000.0,,국내
2026-03-27,S615-00.00,Clalen O2O2 D_Sepia Choco EX_30P,P3405A-00.00SPC,O2O2 D_Sepia Choco EX,"1,440",203000000000.0,,국내
2026-03-27,S615-00.00,Clalen O2O2 D_Sepia Choco EX_30P,P3405A-00.00SPC,O2O2 D_Sepia Choco EX,"1,200",203000000000.0,,국내
2026-03-27,S615-00.00,Clalen O2O2 D_Sepia Choco EX_30P,P3405A-00.00SPC,O2O2 D_Sepia Choco EX,810,203000000000.0,,국내
2026-03-27,S615-01.75,Clalen O2O2 D_Sepia Choco EX_30P,P3405A-01.75SPC,O2O2 D_Sepia Choco EX,960,203000000000.0,,국내
2026-03-27,S615-01.75,Clalen O2O2 D_Sepia Choco EX_30P,P3405A-01.75SPC,O2O2 D_Sepia Choco EX,"1,320",203000000000.0,,국내
2026-03-27,S615-01.75,Clalen O2O2 D_Sepia Choco EX_30P,P3405A-01.75SPC,O2O2 D_Sepia Choco EX,"1,410",203000000000.0,,국내
2026-03-27,S615-02.75,Clalen O2O2 D_Sepia Choco EX_30P,P3405A-02.75SPC,O2O2 D_Sepia Choco EX,"1,050",203000000000.0,,국내
2026-03-27,S615-03.00,Clalen O2O2 D_Sepia Choco EX_30P,P3405A-03.00SPC,O2O2 D_Sepia Choco EX,"1,530",203000000000.0,,국내
2026-03-27,S615-03.00,Clalen O2O2 D_Sepia Choco EX_30P,P3405A-03.00SPC,O2O2 D_Sepia Choco EX,600,203000000000.0,,국내
2026-03-27,S615-03.00,Clalen O2O2 D_Sepia Choco EX_30P,P3405A-03.00SPC,O2O2 D_Sepia Choco EX,"1,410",203000000000.0,,국내
2026-03-27,S615-03.25,Clalen O2O2 D_Sepia Choco EX_30P,P3405A-03.25SPC,O2O2 D_Sepia Choco EX,60,203000000000.0,,국내
2026-03-27,S615-03.25,Clalen O2O2 D_Sepia Choco EX_30P,P3405A-03.25SPC,O2O2 D_Sepia Choco EX,60,203000000000.0,,국내
2026-03-27,S615-03.50,Clalen O2O2 D_Sepia Choco EX_30P,P3405A-03.50SPC,O2O2 D_Sepia Choco EX,"1,500",203000000000.0,,국내
2026-03-27,S615-04.00,Clalen O2O2 D_Sepia Choco EX_30P,P3405A-04.00SPC,O2O2 D_Sepia Choco EX,840,203000000000.0,,국내
2026-03-27,S615-04.00,Clalen O2O2 D_Sepia Choco EX_30P,P3405A-04.00SPC,O2O2 D_Sepia Choco EX,"1,260",203000000000.0,,국내
2026-03-27,S615-04.00,Clalen O2O2 D_Sepia Choco EX_30P,P3405A-04.00SPC,O2O2 D_Sepia Choco EX,"1,650",203000000000.0,,국내
2026-03-27,S615-04.00,Clalen O2O2 D_Sepia Choco EX_30P,P3405A-04.00SPC,O2O2 D_Sepia Choco EX,"1,620",203000000000.0,,국내
2026-03-27,S615-04.00,Clalen O2O2 D_Sepia Choco EX_30P,P3405A-04.00SPC,O2O2 D_Sepia Choco EX,"1,680",203000000000.0,,국내
2026-03-27,S615-04.00,Clalen O2O2 D_Sepia Choco EX_30P,P3405A-04.00SPC,O2O2 D_Sepia Choco EX,"1,110",203000000000.0,,국내
2026-03-27,S615-04.00,Clalen O2O2 D_Sepia Choco EX_30P,P3405A-04.00SPC,O2O2 D_Sepia Choco EX,"1,440",203000000000.0,,국내
2026-03-27,S615-04.00,Clalen O2O2 D_Sepia Choco EX_30P,P3405A-04.00SPC,O2O2 D_Sepia Choco EX,"1,800",203000000000.0,,국내
2026-03-27,S615-04.25,Clalen O2O2 D_Sepia Choco EX_30P,P3405A-04.25SPC,O2O2 D_Sepia Choco EX,"1,530",203000000000.0,,국내
2026-03-27,S615-04.25,Clalen O2O2 D_Sepia Choco EX_30P,P3405A-04.25SPC,O2O2 D_Sepia Choco EX,"1,260",203000000000.0,,국내
2026-03-27,S615-04.25,Clalen O2O2 D_Sepia Choco EX_30P,P3405A-04.25SPC,O2O2 D_Sepia Choco EX,"1,890",203000000000.0,,국내
2026-03-27,S615-04.25,Clalen O2O2 D_Sepia Choco EX_30P,P3405A-04.25SPC,O2O2 D_Sepia Choco EX,"1,290",203000000000.0,,국내
2026-03-27,S615-04.25,Clalen O2O2 D_Sepia Choco EX_30P,P3405A-04.25SPC,O2O2 D_Sepia Choco EX,300,203000000000.0,,국내
2026-03-27,S615-04.25,Clalen O2O2 D_Sepia Choco EX_30P,P3405A-04.25SPC,O2O2 D_Sepia Choco EX,"1,920",203000000000.0,,국내
2026-03-27,S615-04.25,Clalen O2O2 D_Sepia Choco EX_30P,P3405A-04.25SPC,O2O2 D_Sepia Choco EX,"1,410",203000000000.0,,국내
2026-03-27,S615-05.50,Clalen O2O2 D_Sepia Choco EX_30P,P3405A-05.50SPC,O2O2 D_Sepia Choco EX,"1,200",203000000000.0,,국내
2026-03-27,S615-05.50,Clalen O2O2 D_Sepia Choco EX_30P,P3405A-05.50SPC,O2O2 D_Sepia Choco EX,"1,230",203000000000.0,,국내
2026-03-27,S615-05.50,Clalen O2O2 D_Sepia Choco EX_30P,P3405A-05.50SPC,O2O2 D_Sepia Choco EX,930,203000000000.0,,국내
2026-03-27,S615-05.50,Clalen O2O2 D_Sepia Choco EX_30P,P3405A-05.50SPC,O2O2 D_Sepia Choco EX,210,203000000000.0,,국내
2026-03-27,S615-05.50,Clalen O2O2 D_Sepia Choco EX_30P,P3405A-05.50SPC,O2O2 D_Sepia Choco EX,600,203000000000.0,,국내
2026-03-27,S615-05.50,Clalen O2O2 D_Sepia Choco EX_30P,P3405A-05.50SPC,O2O2 D_Sepia Choco EX,"1,620",203000000000.0,,국내
2026-03-27,S615-05.50,Clalen O2O2 D_Sepia Choco EX_30P,P3405A-05.50SPC,O2O2 D_Sepia Choco EX,"1,260",203000000000.0,,국내
2026-03-27,S615-05.50,Clalen O2O2 D_Sepia Choco EX_30P,P3405A-05.50SPC,O2O2 D_Sepia Choco EX,"1,410",203000000000.0,,국내
2026-03-27,S615-05.50,Clalen O2O2 D_Sepia Choco EX_30P,P3405A-05.50SPC,O2O2 D_Sepia Choco EX,"1,020",203000000000.0,,국내
2026-03-27,S615-05.50,Clalen O2O2 D_Sepia Choco EX_30P,P3405A-05.50SPC,O2O2 D_Sepia Choco EX,"1,440",203000000000.0,,국내
2026-03-27,S615-05.50,Clalen O2O2 D_Sepia Choco EX_30P,P3405A-05.50SPC,O2O2 D_Sepia Choco EX,"1,710",203000000000.0,,국내
2026-03-27,S615-05.50,Clalen O2O2 D_Sepia Choco EX_30P,P3405A-05.50SPC,O2O2 D_Sepia Choco EX,"1,170",203000000000.0,,국내
2026-03-27,S615-06.00,Clalen O2O2 D_Sepia Choco EX_30P,P3405A-06.00SPC,O2O2 D_Sepia Choco EX,"1,320",203000000000.0,,국내
2026-03-27,S615-06.00,Clalen O2O2 D_Sepia Choco EX_30P,P3405A-06.00SPC,O2O2 D_Sepia Choco EX,"1,080",203000000000.0,,국내
2026-03-27,S615-06.00,Clalen O2O2 D_Sepia Choco EX_30P,P3405A-06.00SPC,O2O2 D_Sepia Choco EX,"1,650",203000000000.0,,국내
2026-03-27,S615-06.00,Clalen O2O2 D_Sepia Choco EX_30P,P3405A-06.00SPC,O2O2 D_Sepia Choco EX,"1,170",203000000000.0,,국내
2026-03-27,S615-06.00,Clalen O2O2 D_Sepia Choco EX_30P,P3405A-06.00SPC,O2O2 D_Sepia Choco EX,780,203000000000.0,,국내
2026-03-27,S615-06.00,Clalen O2O2 D_Sepia Choco EX_30P,P3405A-06.00SPC,O2O2 D_Sepia Choco EX,"1,710",203000000000.0,,국내
2026-03-27,S615-06.00,Clalen O2O2 D_Sepia Choco EX_30P,P3405A-06.00SPC,O2O2 D_Sepia Choco EX,840,203000000000.0,,국내
2026-03-27,S615-06.00,Clalen O2O2 D_Sepia Choco EX_30P,P3405A-06.00SPC,O2O2 D_Sepia Choco EX,870,203000000000.0,,국내
2026-03-27,S615-06.00,Clalen O2O2 D_Sepia Choco EX_30P,P3405A-06.00SPC,O2O2 D_Sepia Choco EX,30,203000000000.0,,국내
2026-03-27,S615-06.00,Clalen O2O2 D_Sepia Choco EX_30P,P3405A-06.00SPC,O2O2 D_Sepia Choco EX,60,203000000000.0,,국내
2026-03-27,S615-06.00,Clalen O2O2 D_Sepia Choco EX_30P,P3405A-06.00SPC,O2O2 D_Sepia Choco EX,690,203000000000.0,,국내
2026-03-27,S619-00.00,Clalen O2O2 D_Ash Gray EX_30P,P3407A-00.00ASG,O2O2 D_Ash Gray EX,"1,350",203000000000.0,,국내
2026-03-27,S619-00.00,Clalen O2O2 D_Ash Gray EX_30P,P3407A-00.00ASG,O2O2 D_Ash Gray EX,"1,290",203000000000.0,,국내
2026-03-27,S619-00.00,Clalen O2O2 D_Ash Gray EX_30P,P3407A-00.00ASG,O2O2 D_Ash Gray EX,"1,020",203000000000.0,,국내
2026-03-27,S619-00.00,Clalen O2O2 D_Ash Gray EX_30P,P3407A-00.00ASG,O2O2 D_Ash Gray EX,"1,290",203000000000.0,,국내
2026-03-27,S625-00.00,Clalen O2O2 D_Blending Hazel EX_30P,P3408A-00.00BRW,O2O2 D_Blending Hazel EX,420,203000000000.0,,국내
2026-03-27,S625-00.00,Clalen O2O2 D_Blending Hazel EX_30P,P3408A-00.00BRW,O2O2 D_Blending Hazel EX,360,203000000000.0,,국내
2026-03-27,S625-00.00,Clalen O2O2 D_Blending Hazel EX_30P,P3408A-00.00BRW,O2O2 D_Blending Hazel EX,180,203000000000.0,,국내
2026-03-27,S625-00.00,Clalen O2O2 D_Blending Hazel EX_30P,P3408A-00.00BRW,O2O2 D_Blending Hazel EX,420,203000000000.0,,국내
2026-03-27,S625-00.00,Clalen O2O2 D_Blending Hazel EX_30P,P3408A-00.00BRW,O2O2 D_Blending Hazel EX,630,203000000000.0,,국내
2026-03-27,S625-00.00,Clalen O2O2 D_Blending Hazel EX_30P,P3408A-00.00BRW,O2O2 D_Blending Hazel EX,570,203000000000.0,,국내
2026-03-27,S625-00.00,Clalen O2O2 D_Blending Hazel EX_30P,P3408A-00.00BRW,O2O2 D_Blending Hazel EX,360,203000000000.0,,국내
2026-03-27,S625-00.00,Clalen O2O2 D_Blending Hazel EX_30P,P3408A-00.00BRW,O2O2 D_Blending Hazel EX,660,203000000000.0,,국내
2026-03-27,S625-00.00,Clalen O2O2 D_Blending Hazel EX_30P,P3408A-00.00BRW,O2O2 D_Blending Hazel EX,630,203000000000.0,,국내
2026-03-27,S625-00.00,Clalen O2O2 D_Blending Hazel EX_30P,P3408A-00.00BRW,O2O2 D_Blending Hazel EX,420,203000000000.0,,국내
2026-03-27,S625-00.00,Clalen O2O2 D_Blending Hazel EX_30P,P3408A-00.00BRW,O2O2 D_Blending Hazel EX,330,203000000000.0,,국내
2026-03-27,S625-00.00,Clalen O2O2 D_Blending Hazel EX_30P,P3408A-00.00BRW,O2O2 D_Blending Hazel EX,360,203000000000.0,,국내
2026-03-27,S625-00.00,Clalen O2O2 D_Blending Hazel EX_30P,P3408A-00.00BRW,O2O2 D_Blending Hazel EX,480,203000000000.0,,국내
2026-03-27,S625-00.00,Clalen O2O2 D_Blending Hazel EX_30P,P3408A-00.00BRW,O2O2 D_Blending Hazel EX,630,203000000000.0,,국내
2026-03-27,S625-00.00,Clalen O2O2 D_Blending Hazel EX_30P,P3408A-00.00BRW,O2O2 D_Blending Hazel EX,690,203000000000.0,,국내
2026-03-27,S625-00.00,Clalen O2O2 D_Blending Hazel EX_30P,P3408A-00.00BRW,O2O2 D_Blending Hazel EX,540,203000000000.0,,국내
2026-03-27,S625-00.00,Clalen O2O2 D_Blending Hazel EX_30P,P3408A-00.00BRW,O2O2 D_Blending Hazel EX,840,203000000000.0,,국내
2026-03-27,S625-00.00,Clalen O2O2 D_Blending Hazel EX_30P,P3408A-00.00BRW,O2O2 D_Blending Hazel EX,690,203000000000.0,,국내
2026-03-27,S625-00.00,Clalen O2O2 D_Blending Hazel EX_30P,P3408A-00.00BRW,O2O2 D_Blending Hazel EX,750,203000000000.0,,국내
2026-03-27,S625-00.00,Clalen O2O2 D_Blending Hazel EX_30P,P3408A-00.00BRW,O2O2 D_Blending Hazel EX,660,203000000000.0,,국내
2026-03-27,S625-00.00,Clalen O2O2 D_Blending Hazel EX_30P,P3408A-00.00BRW,O2O2 D_Blending Hazel EX,780,203000000000.0,,국내
2026-03-27,S625-00.00,Clalen O2O2 D_Blending Hazel EX_30P,P3408A-00.00BRW,O2O2 D_Blending Hazel EX,660,203000000000.0,,국내
2026-03-27,S625-00.00,Clalen O2O2 D_Blending Hazel EX_30P,P3408A-00.00BRW,O2O2 D_Blending Hazel EX,270,203000000000.0,,국내
2026-03-27,S625-00.00,Clalen O2O2 D_Blending Hazel EX_30P,P3408A-00.00BRW,O2O2 D_Blending Hazel EX,750,203000000000.0,,국내
2026-03-27,S625-00.00,Clalen O2O2 D_Blending Hazel EX_30P,P3408A-00.00BRW,O2O2 D_Blending Hazel EX,480,203000000000.0,,국내
2026-03-27,S625-00.00,Clalen O2O2 D_Blending Hazel EX_30P,P3408A-00.00BRW,O2O2 D_Blending Hazel EX,720,203000000000.0,,국내
2026-03-27,S625-00.00,Clalen O2O2 D_Blending Hazel EX_30P,P3408A-00.00BRW,O2O2 D_Blending Hazel EX,570,203000000000.0,,국내
2026-03-27,S625-00.00,Clalen O2O2 D_Blending Hazel EX_30P,P3408A-00.00BRW,O2O2 D_Blending Hazel EX,540,203000000000.0,,국내
2026-03-27,S625-00.00,Clalen O2O2 D_Blending Hazel EX_30P,P3408A-00.00BRW,O2O2 D_Blending Hazel EX,720,203000000000.0,,국내
2026-03-27,S625-00.00,Clalen O2O2 D_Blending Hazel EX_30P,P3408A-00.00BRW,O2O2 D_Blending Hazel EX,780,203000000000.0,,국내
2026-03-27,S625-00.00,Clalen O2O2 D_Blending Hazel EX_30P,P3408A-00.00BRW,O2O2 D_Blending Hazel EX,480,203000000000.0,,국내
2026-03-27,S625-00.00,Clalen O2O2 D_Blending Hazel EX_30P,P3408A-00.00BRW,O2O2 D_Blending Hazel EX,570,203000000000.0,,국내
2026-03-27,S625-00.00,Clalen O2O2 D_Blending Hazel EX_30P,P3408A-00.00BRW,O2O2 D_Blending Hazel EX,750,203000000000.0,,국내
2026-03-27,S625-00.00,Clalen O2O2 D_Blending Hazel EX_30P,P3408A-00.00BRW,O2O2 D_Blending Hazel EX,750,203000000000.0,,국내
2026-03-27,S625-00.00,Clalen O2O2 D_Blending Hazel EX_30P,P3408A-00.00BRW,O2O2 D_Blending Hazel EX,720,203000000000.0,,국내
2026-03-27,S625-00.00,Clalen O2O2 D_Blending Hazel EX_30P,P3408A-00.00BRW,O2O2 D_Blending Hazel EX,810,203000000000.0,,국내
2026-03-27,S625-00.00,Clalen O2O2 D_Blending Hazel EX_30P,P3408A-00.00BRW,O2O2 D_Blending Hazel EX,600,203000000000.0,,국내
2026-03-27,S625-00.00,Clalen O2O2 D_Blending Hazel EX_30P,P3408A-00.00BRW,O2O2 D_Blending Hazel EX,690,203000000000.0,,국내
2026-03-27,S625-00.00,Clalen O2O2 D_Blending Hazel EX_30P,P3408A-00.00BRW,O2O2 D_Blending Hazel EX,300,203000000000.0,,국내
2026-03-27,S625-00.00,Clalen O2O2 D_Blending Hazel EX_30P,P3408A-00.00BRW,O2O2 D_Blending Hazel EX,540,203000000000.0,,국내
2026-03-27,S625-00.00,Clalen O2O2 D_Blending Hazel EX_30P,P3408A-00.00BRW,O2O2 D_Blending Hazel EX,660,203000000000.0,,국내
2026-03-27,S625-00.00,Clalen O2O2 D_Blending Hazel EX_30P,P3408A-00.00BRW,O2O2 D_Blending Hazel EX,630,203000000000.0,,국내
2026-03-27,S625-00.00,Clalen O2O2 D_Blending Hazel EX_30P,P3408A-00.00BRW,O2O2 D_Blending Hazel EX,270,203000000000.0,,국내
2026-03-27,S625-00.00,Clalen O2O2 D_Blending Hazel EX_30P,P3408A-00.00BRW,O2O2 D_Blending Hazel EX,420,203000000000.0,,국내
2026-03-27,S625-00.00,Clalen O2O2 D_Blending Hazel EX_30P,P3408A-00.00BRW,O2O2 D_Blending Hazel EX,840,203000000000.0,,국내
2026-03-27,S625-00.00,Clalen O2O2 D_Blending Hazel EX_30P,P3408A-00.00BRW,O2O2 D_Blending Hazel EX,630,203000000000.0,,국내
2026-03-27,S625-00.00,Clalen O2O2 D_Blending Hazel EX_30P,P3408A-00.00BRW,O2O2 D_Blending Hazel EX,780,203000000000.0,,국내
2026-03-27,S625-00.00,Clalen O2O2 D_Blending Hazel EX_30P,P3408A-00.00BRW,O2O2 D_Blending Hazel EX,570,203000000000.0,,국내
2026-03-27,S625-00.00,Clalen O2O2 D_Blending Hazel EX_30P,P3408A-00.00BRW,O2O2 D_Blending Hazel EX,750,203000000000.0,,국내
2026-03-27,S625-00.00,Clalen O2O2 D_Blending Hazel EX_30P,P3408A-00.00BRW,O2O2 D_Blending Hazel EX,810,203000000000.0,,국내
2026-03-27,S625-00.00,Clalen O2O2 D_Blending Hazel EX_30P,P3408A-00.00BRW,O2O2 D_Blending Hazel EX,900,203000000000.0,,국내
2026-03-27,S625-00.00,Clalen O2O2 D_Blending Hazel EX_30P,P3408A-00.00BRW,O2O2 D_Blending Hazel EX,600,203000000000.0,,국내
2026-03-27,S625-00.00,Clalen O2O2 D_Blending Hazel EX_30P,P3408A-00.00BRW,O2O2 D_Blending Hazel EX,900,203000000000.0,,국내
2026-03-27,S625-00.00,Clalen O2O2 D_Blending Hazel EX_30P,P3408A-00.00BRW,O2O2 D_Blending Hazel EX,870,203000000000.0,,국내
2026-03-27,S625-00.00,Clalen O2O2 D_Blending Hazel EX_30P,P3408A-00.00BRW,O2O2 D_Blending Hazel EX,840,203000000000.0,,국내
2026-03-27,S625-00.00,Clalen O2O2 D_Blending Hazel EX_30P,P3408A-00.00BRW,O2O2 D_Blending Hazel EX,720,203000000000.0,,국내
2026-03-27,S625-00.00,Clalen O2O2 D_Blending Hazel EX_30P,P3408A-00.00BRW,O2O2 D_Blending Hazel EX,900,203000000000.0,,국내
2026-03-27,S625-00.00,Clalen O2O2 D_Blending Hazel EX_30P,P3408A-00.00BRW,O2O2 D_Blending Hazel EX,780,203000000000.0,,국내
2026-03-27,S625-00.00,Clalen O2O2 D_Blending Hazel EX_30P,P3408A-00.00BRW,O2O2 D_Blending Hazel EX,900,203000000000.0,,국내
2026-03-27,S625-00.00,Clalen O2O2 D_Blending Hazel EX_30P,P3408A-00.00BRW,O2O2 D_Blending Hazel EX,840,203000000000.0,,국내
2026-03-27,S625-00.00,Clalen O2O2 D_Blending Hazel EX_30P,P3408A-00.00BRW,O2O2 D_Blending Hazel EX,690,203000000000.0,,국내
2026-03-27,S625-00.00,Clalen O2O2 D_Blending Hazel EX_30P,P3408A-00.00BRW,O2O2 D_Blending Hazel EX,900,203000000000.0,,국내
2026-03-27,S625-00.00,Clalen O2O2 D_Blending Hazel EX_30P,P3408A-00.00BRW,O2O2 D_Blending Hazel EX,870,203000000000.0,,국내
2026-03-27,S625-00.00,Clalen O2O2 D_Blending Hazel EX_30P,P3408A-00.00BRW,O2O2 D_Blending Hazel EX,780,203000000000.0,,국내
2026-03-27,S625-00.00,Clalen O2O2 D_Blending Hazel EX_30P,P3408A-00.00BRW,O2O2 D_Blending Hazel EX,900,203000000000.0,,국내
2026-03-27,S625-00.00,Clalen O2O2 D_Blending Hazel EX_30P,P3408A-00.00BRW,O2O2 D_Blending Hazel EX,750,203000000000.0,,국내
2026-03-27,S625-00.00,Clalen O2O2 D_Blending Hazel EX_30P,P3408A-00.00BRW,O2O2 D_Blending Hazel EX,660,203000000000.0,,국내
2026-03-27,S625-00.00,Clalen O2O2 D_Blending Hazel EX_30P,P3408A-00.00BRW,O2O2 D_Blending Hazel EX,720,203000000000.0,,국내
2026-03-27,S625-00.00,Clalen O2O2 D_Blending Hazel EX_30P,P3408A-00.00BRW,O2O2 D_Blending Hazel EX,480,203000000000.0,,국내
2026-03-27,S625-00.00,Clalen O2O2 D_Blending Hazel EX_30P,P3408A-00.00BRW,O2O2 D_Blending Hazel EX,810,203000000000.0,,국내
2026-03-27,S625-00.00,Clalen O2O2 D_Blending Hazel EX_30P,P3408A-00.00BRW,O2O2 D_Blending Hazel EX,690,203000000000.0,,국내
2026-03-27,S625-00.00,Clalen O2O2 D_Blending Hazel EX_30P,P3408A-00.00BRW,O2O2 D_Blending Hazel EX,360,203000000000.0,,국내
2026-03-27,S625-00.00,Clalen O2O2 D_Blending Hazel EX_30P,P3408A-00.00BRW,O2O2 D_Blending Hazel EX,570,203000000000.0,,국내
2026-03-27,S625-00.00,Clalen O2O2 D_Blending Hazel EX_30P,P3408A-00.00BRW,O2O2 D_Blending Hazel EX,630,203000000000.0,,국내
2026-03-27,S625-00.00,Clalen O2O2 D_Blending Hazel EX_30P,P3408A-00.00BRW,O2O2 D_Blending Hazel EX,510,203000000000.0,,국내
2026-03-27,S625-00.00,Clalen O2O2 D_Blending Hazel EX_30P,P3408A-00.00BRW,O2O2 D_Blending Hazel EX,600,203000000000.0,,국내
2026-03-27,S625-00.00,Clalen O2O2 D_Blending Hazel EX_30P,P3408A-00.00BRW,O2O2 D_Blending Hazel EX,"1,020",203000000000.0,,국내
2026-03-27,S625-00.00,Clalen O2O2 D_Blending Hazel EX_30P,P3408A-00.00BRW,O2O2 D_Blending Hazel EX,780,203000000000.0,,국내
2026-03-27,S625-00.00,Clalen O2O2 D_Blending Hazel EX_30P,P3408A-00.00BRW,O2O2 D_Blending Hazel EX,"1,080",203000000000.0,,국내
2026-03-27,S625-00.00,Clalen O2O2 D_Blending Hazel EX_30P,P3408A-00.00BRW,O2O2 D_Blending Hazel EX,"1,230",203000000000.0,,국내
2026-03-27,S625-00.00,Clalen O2O2 D_Blending Hazel EX_30P,P3408A-00.00BRW,O2O2 D_Blending Hazel EX,480,203000000000.0,,국내
2026-03-27,S625-00.00,Clalen O2O2 D_Blending Hazel EX_30P,P3408A-00.00BRW,O2O2 D_Blending Hazel EX,"1,020",203000000000.0,,국내
2026-03-27,S625-00.00,Clalen O2O2 D_Blending Hazel EX_30P,P3408A-00.00BRW,O2O2 D_Blending Hazel EX,"1,170",203000000000.0,,국내
2026-03-27,S625-00.00,Clalen O2O2 D_Blending Hazel EX_30P,P3408A-00.00BRW,O2O2 D_Blending Hazel EX,"1,830",203000000000.0,,국내
2026-03-27,S625-00.00,Clalen O2O2 D_Blending Hazel EX_30P,P3408A-00.00BRW,O2O2 D_Blending Hazel EX,"1,680",203000000000.0,,국내
2026-03-27,S625-00.00,Clalen O2O2 D_Blending Hazel EX_30P,P3408A-00.00BRW,O2O2 D_Blending Hazel EX,540,203000000000.0,,국내
2026-03-27,S625-00.00,Clalen O2O2 D_Blending Hazel EX_30P,P3408A-00.00BRW,O2O2 D_Blending Hazel EX,300,203000000000.0,,국내
2026-03-27,S625-00.00,Clalen O2O2 D_Blending Hazel EX_30P,P3408A-00.00BRW,O2O2 D_Blending Hazel EX,690,203000000000.0,,국내
2026-03-27,S625-00.00,Clalen O2O2 D_Blending Hazel EX_30P,P3408A-00.00BRW,O2O2 D_Blending Hazel EX,90,203000000000.0,,국내
2026-03-27,S625-00.00,Clalen O2O2 D_Blending Hazel EX_30P,P3408A-00.00BRW,O2O2 D_Blending Hazel EX,510,203000000000.0,,국내
2026-03-27,S625-00.00,Clalen O2O2 D_Blending Hazel EX_30P,P3408A-00.00BRW,O2O2 D_Blending Hazel EX,780,203000000000.0,,국내
2026-03-27,S625-00.00,Clalen O2O2 D_Blending Hazel EX_30P,P3408A-00.00BRW,O2O2 D_Blending Hazel EX,930,203000000000.0,,국내
2026-03-27,S625-00.00,Clalen O2O2 D_Blending Hazel EX_30P,P3408A-00.00BRW,O2O2 D_Blending Hazel EX,600,203000000000.0,,국내
2026-03-27,S625-00.00,Clalen O2O2 D_Blending Hazel EX_30P,P3408A-00.00BRW,O2O2 D_Blending Hazel EX,840,203000000000.0,,국내
2026-03-27,S625-00.00,Clalen O2O2 D_Blending Hazel EX_30P,P3408A-00.00BRW,O2O2 D_Blending Hazel EX,510,203000000000.0,,국내
2026-03-27,S625-00.00,Clalen O2O2 D_Blending Hazel EX_30P,P3408A-00.00BRW,O2O2 D_Blending Hazel EX,780,203000000000.0,,국내
2026-03-27,S625-00.00,Clalen O2O2 D_Blending Hazel EX_30P,P3408A-00.00BRW,O2O2 D_Blending Hazel EX,900,203000000000.0,,국내
2026-03-27,S625-00.00,Clalen O2O2 D_Blending Hazel EX_30P,P3408A-00.00BRW,O2O2 D_Blending Hazel EX,210,203000000000.0,,국내
2026-03-27,S625-00.00,Clalen O2O2 D_Blending Hazel EX_30P,P3408A-00.00BRW,O2O2 D_Blending Hazel EX,720,203000000000.0,,국내
2026-03-27,S625-00.00,Clalen O2O2 D_Blending Hazel EX_30P,P3408A-00.00BRW,O2O2 D_Blending Hazel EX,990,203000000000.0,,국내
2026-03-27,S625-00.00,Clalen O2O2 D_Blending Hazel EX_30P,P3408A-00.00BRW,O2O2 D_Blending Hazel EX,810,203000000000.0,,국내
2026-03-27,S625-00.00,Clalen O2O2 D_Blending Hazel EX_30P,P3408A-00.00BRW,O2O2 D_Blending Hazel EX,240,203000000000.0,,국내
2026-03-27,S625-00.00,Clalen O2O2 D_Blending Hazel EX_30P,P3408A-00.00BRW,O2O2 D_Blending Hazel EX,690,203000000000.0,,국내
2026-03-27,S625-00.00,Clalen O2O2 D_Blending Hazel EX_30P,P3408A-00.00BRW,O2O2 D_Blending Hazel EX,630,203000000000.0,,국내
2026-03-27,S625-00.00,Clalen O2O2 D_Blending Hazel EX_30P,P3408A-00.00BRW,O2O2 D_Blending Hazel EX,720,203000000000.0,,국내
2026-03-27,S625-00.00,Clalen O2O2 D_Blending Hazel EX_30P,P3408A-00.00BRW,O2O2 D_Blending Hazel EX,570,203000000000.0,,국내
2026-03-27,S625-00.00,Clalen O2O2 D_Blending Hazel EX_30P,P3408A-00.00BRW,O2O2 D_Blending Hazel EX,210,203000000000.0,,국내
2026-03-27,S625-00.00,Clalen O2O2 D_Blending Hazel EX_30P,P3408A-00.00BRW,O2O2 D_Blending Hazel EX,210,203000000000.0,,국내
2026-03-27,S625-00.00,Clalen O2O2 D_Blending Hazel EX_30P,P3408A-00.00BRW,O2O2 D_Blending Hazel EX,"1,200",203000000000.0,,국내
2026-03-27,S625-00.00,Clalen O2O2 D_Blending Hazel EX_30P,P3408A-00.00BRW,O2O2 D_Blending Hazel EX,930,203000000000.0,,국내
2026-03-27,S625-00.00,Clalen O2O2 D_Blending Hazel EX_30P,P3408A-00.00BRW,O2O2 D_Blending Hazel EX,660,203000000000.0,,국내
2026-03-27,S625-00.00,Clalen O2O2 D_Blending Hazel EX_30P,P3408A-00.00BRW,O2O2 D_Blending Hazel EX,"1,140",203000000000.0,,국내
2026-03-27,S625-00.00,Clalen O2O2 D_Blending Hazel EX_30P,P3408A-00.00BRW,O2O2 D_Blending Hazel EX,780,203000000000.0,,국내
2026-03-27,S625-05.00,Clalen O2O2 D_Blending Hazel EX_30P,P3408A-05.00BRW,O2O2 D_Blending Hazel EX,720,203000000000.0,,국내
2026-03-27,S625-05.00,Clalen O2O2 D_Blending Hazel EX_30P,P3408A-05.00BRW,O2O2 D_Blending Hazel EX,570,203000000000.0,,국내
2026-03-27,S625-05.00,Clalen O2O2 D_Blending Hazel EX_30P,P3408A-05.00BRW,O2O2 D_Blending Hazel EX,870,203000000000.0,,국내
2026-03-27,S625-05.00,Clalen O2O2 D_Blending Hazel EX_30P,P3408A-05.00BRW,O2O2 D_Blending Hazel EX,30,203000000000.0,,국내
2026-03-27,S625-05.00,Clalen O2O2 D_Blending Hazel EX_30P,P3408A-05.00BRW,O2O2 D_Blending Hazel EX,540,203000000000.0,,국내
2026-03-27,S625-05.00,Clalen O2O2 D_Blending Hazel EX_30P,P3408A-05.00BRW,O2O2 D_Blending Hazel EX,270,203000000000.0,,국내
2026-03-28,S181-03.00,Clalen O2O2 D_Sepia Choco EX_90P,P3405A-03.00SPC,O2O2 D_Sepia Choco EX,270,203000000000.0,,국내
2026-03-28,S181-03.00,Clalen O2O2 D_Sepia Choco EX_90P,P3405A-03.00SPC,O2O2 D_Sepia Choco EX,990,203000000000.0,,국내
2026-03-28,S181-03.00,Clalen O2O2 D_Sepia Choco EX_90P,P3405A-03.00SPC,O2O2 D_Sepia Choco EX,990,203000000000.0,,국내
2026-03-28,S181-03.00,Clalen O2O2 D_Sepia Choco EX_90P,P3405A-03.00SPC,O2O2 D_Sepia Choco EX,"1,350",203000000000.0,,국내
2026-03-28,S181-03.50,Clalen O2O2 D_Sepia Choco EX_90P,P3405A-03.50SPC,O2O2 D_Sepia Choco EX,"1,800",203000000000.0,,국내
2026-03-28,S181-03.50,Clalen O2O2 D_Sepia Choco EX_90P,P3405A-03.50SPC,O2O2 D_Sepia Choco EX,360,203000000000.0,,국내
2026-03-28,S181-03.75,Clalen O2O2 D_Sepia Choco EX_90P,P3405A-03.75SPC,O2O2 D_Sepia Choco EX,630,203000000000.0,,국내
2026-03-28,S181-03.75,Clalen O2O2 D_Sepia Choco EX_90P,P3405A-03.75SPC,O2O2 D_Sepia Choco EX,540,203000000000.0,,국내
2026-03-28,S181-03.75,Clalen O2O2 D_Sepia Choco EX_90P,P3405A-03.75SPC,O2O2 D_Sepia Choco EX,"1,350",203000000000.0,,국내
2026-03-28,S181-03.75,Clalen O2O2 D_Sepia Choco EX_90P,P3405A-03.75SPC,O2O2 D_Sepia Choco EX,"1,080",203000000000.0,,국내
2026-03-28,S181-03.75,Clalen O2O2 D_Sepia Choco EX_90P,P3405A-03.75SPC,O2O2 D_Sepia Choco EX,"1,080",203000000000.0,,국내
2026-03-28,S181-03.75,Clalen O2O2 D_Sepia Choco EX_90P,P3405A-03.75SPC,O2O2 D_Sepia Choco EX,"1,260",203000000000.0,,국내
2026-03-28,S181-03.75,Clalen O2O2 D_Sepia Choco EX_90P,P3405A-03.75SPC,O2O2 D_Sepia Choco EX,"1,350",203000000000.0,,국내
2026-03-28,S181-03.75,Clalen O2O2 D_Sepia Choco EX_90P,P3405A-03.75SPC,O2O2 D_Sepia Choco EX,540,203000000000.0,,국내
2026-03-28,S181-04.00,Clalen O2O2 D_Sepia Choco EX_90P,P3405A-04.00SPC,O2O2 D_Sepia Choco EX,"1,890",203000000000.0,,국내
2026-03-28,S181-04.00,Clalen O2O2 D_Sepia Choco EX_90P,P3405A-04.00SPC,O2O2 D_Sepia Choco EX,"1,440",203000000000.0,,국내
2026-03-28,S181-04.00,Clalen O2O2 D_Sepia Choco EX_90P,P3405A-04.00SPC,O2O2 D_Sepia Choco EX,810,203000000000.0,,국내
2026-03-28,S181-04.00,Clalen O2O2 D_Sepia Choco EX_90P,P3405A-04.00SPC,O2O2 D_Sepia Choco EX,"1,800",203000000000.0,,국내
2026-03-28,S181-04.00,Clalen O2O2 D_Sepia Choco EX_90P,P3405A-04.00SPC,O2O2 D_Sepia Choco EX,900,203000000000.0,,국내
2026-03-28,S181-04.25,Clalen O2O2 D_Sepia Choco EX_90P,P3405A-04.25SPC,O2O2 D_Sepia Choco EX,"1,530",203000000000.0,,국내
2026-03-28,S181-04.25,Clalen O2O2 D_Sepia Choco EX_90P,P3405A-04.25SPC,O2O2 D_Sepia Choco EX,"1,170",203000000000.0,,국내
2026-03-28,S181-06.50,Clalen O2O2 D_Sepia Choco EX_90P,P3405A-06.50SPC,O2O2 D_Sepia Choco EX,360,203000000000.0,,국내
2026-03-28,S181-06.50,Clalen O2O2 D_Sepia Choco EX_90P,P3405A-06.50SPC,O2O2 D_Sepia Choco EX,"1,440",203000000000.0,,국내
2026-03-28,S181-06.50,Clalen O2O2 D_Sepia Choco EX_90P,P3405A-06.50SPC,O2O2 D_Sepia Choco EX,"1,260",203000000000.0,,국내
2026-03-28,S181-06.50,Clalen O2O2 D_Sepia Choco EX_90P,P3405A-06.50SPC,O2O2 D_Sepia Choco EX,"1,080",203000000000.0,,국내
2026-03-28,S181-07.50,Clalen O2O2 D_Sepia Choco EX_90P,P3405A-07.50SPC,O2O2 D_Sepia Choco EX,810,203000000000.0,,국내
2026-03-28,S181-07.50,Clalen O2O2 D_Sepia Choco EX_90P,P3405A-07.50SPC,O2O2 D_Sepia Choco EX,"1,080",203000000000.0,,국내
2026-03-28,S181-08.00,Clalen O2O2 D_Sepia Choco EX_90P,P3405A-08.00SPC,O2O2 D_Sepia Choco EX,"1,080",203000000000.0,,국내
2026-03-28,S181-08.00,Clalen O2O2 D_Sepia Choco EX_90P,P3405A-08.00SPC,O2O2 D_Sepia Choco EX,900,203000000000.0,,국내
2026-03-28,S181-08.50,Clalen O2O2 D_Sepia Choco EX_90P,P3405A-08.50SPC,O2O2 D_Sepia Choco EX,630,203000000000.0,,국내
2026-03-28,S181-08.50,Clalen O2O2 D_Sepia Choco EX_90P,P3405A-08.50SPC,O2O2 D_Sepia Choco EX,630,203000000000.0,,국내
2026-03-28,S181-08.50,Clalen O2O2 D_Sepia Choco EX_90P,P3405A-08.50SPC,O2O2 D_Sepia Choco EX,450,203000000000.0,,국내
2026-03-28,S182-00.50,Clalen O2O2 D_Ash Brown EX_90P,P3406A-00.50ASB,O2O2 D_Ash Brown EX,"1,440",203000000000.0,,국내
2026-03-28,S182-00.50,Clalen O2O2 D_Ash Brown EX_90P,P3406A-00.50ASB,O2O2 D_Ash Brown EX,"1,440",203000000000.0,,국내
2026-03-28,S182-02.00,Clalen O2O2 D_Ash Brown EX_90P,P3406A-02.00ASB,O2O2 D_Ash Brown EX,"1,170",203000000000.0,,국내
2026-03-28,S182-02.75,Clalen O2O2 D_Ash Brown EX_90P,P3406A-02.75ASB,O2O2 D_Ash Brown EX,"1,440",203000000000.0,,국내
2026-03-28,S182-02.75,Clalen O2O2 D_Ash Brown EX_90P,P3406A-02.75ASB,O2O2 D_Ash Brown EX,"1,620",203000000000.0,,국내
2026-03-28,S182-02.75,Clalen O2O2 D_Ash Brown EX_90P,P3406A-02.75ASB,O2O2 D_Ash Brown EX,"1,350",203000000000.0,,국내
2026-03-28,S182-03.00,Clalen O2O2 D_Ash Brown EX_90P,P3406A-03.00ASB,O2O2 D_Ash Brown EX,"1,440",203000000000.0,,국내
2026-03-28,S182-03.00,Clalen O2O2 D_Ash Brown EX_90P,P3406A-03.00ASB,O2O2 D_Ash Brown EX,540,203000000000.0,,국내
2026-03-28,S183-00.00,Clalen O2O2 D_Ash Gray EX_90P,P3407A-00.00ASG,O2O2 D_Ash Gray EX,"1,440",203000000000.0,,국내
2026-03-28,S183-00.00,Clalen O2O2 D_Ash Gray EX_90P,P3407A-00.00ASG,O2O2 D_Ash Gray EX,720,203000000000.0,,국내
2026-03-28,S183-00.00,Clalen O2O2 D_Ash Gray EX_90P,P3407A-00.00ASG,O2O2 D_Ash Gray EX,"1,080",203000000000.0,,국내
2026-03-28,S183-00.00,Clalen O2O2 D_Ash Gray EX_90P,P3407A-00.00ASG,O2O2 D_Ash Gray EX,990,203000000000.0,,국내
2026-03-28,S183-00.00,Clalen O2O2 D_Ash Gray EX_90P,P3407A-00.00ASG,O2O2 D_Ash Gray EX,720,203000000000.0,,국내
2026-03-28,S183-00.00,Clalen O2O2 D_Ash Gray EX_90P,P3407A-00.00ASG,O2O2 D_Ash Gray EX,450,203000000000.0,,국내
2026-03-28,S183-00.00,Clalen O2O2 D_Ash Gray EX_90P,P3407A-00.00ASG,O2O2 D_Ash Gray EX,270,203000000000.0,,국내
2026-03-28,S183-00.00,Clalen O2O2 D_Ash Gray EX_90P,P3407A-00.00ASG,O2O2 D_Ash Gray EX,"1,260",203000000000.0,,국내
2026-03-28,S183-00.00,Clalen O2O2 D_Ash Gray EX_90P,P3407A-00.00ASG,O2O2 D_Ash Gray EX,"1,080",203000000000.0,,국내
2026-03-28,S183-00.00,Clalen O2O2 D_Ash Gray EX_90P,P3407A-00.00ASG,O2O2 D_Ash Gray EX,900,203000000000.0,,국내
2026-03-28,S183-00.00,Clalen O2O2 D_Ash Gray EX_90P,P3407A-00.00ASG,O2O2 D_Ash Gray EX,"1,530",203000000000.0,,국내
2026-03-28,S183-00.00,Clalen O2O2 D_Ash Gray EX_90P,P3407A-00.00ASG,O2O2 D_Ash Gray EX,450,203000000000.0,,국내
2026-03-28,S183-00.00,Clalen O2O2 D_Ash Gray EX_90P,P3407A-00.00ASG,O2O2 D_Ash Gray EX,"1,260",203000000000.0,,국내
2026-03-28,S183-00.00,Clalen O2O2 D_Ash Gray EX_90P,P3407A-00.00ASG,O2O2 D_Ash Gray EX,"1,350",203000000000.0,,국내
2026-03-28,S183-01.25,Clalen O2O2 D_Ash Gray EX_90P,P3407A-01.25ASG,O2O2 D_Ash Gray EX,"1,890",203000000000.0,,국내
2026-03-28,S183-01.75,Clalen O2O2 D_Ash Gray EX_90P,P3407A-01.75ASG,O2O2 D_Ash Gray EX,"1,440",203000000000.0,,국내
2026-03-28,S183-01.75,Clalen O2O2 D_Ash Gray EX_90P,P3407A-01.75ASG,O2O2 D_Ash Gray EX,"1,440",203000000000.0,,국내
2026-03-28,S183-02.25,Clalen O2O2 D_Ash Gray EX_90P,P3407A-02.25ASG,O2O2 D_Ash Gray EX,630,203000000000.0,,국내
2026-03-28,S183-02.25,Clalen O2O2 D_Ash Gray EX_90P,P3407A-02.25ASG,O2O2 D_Ash Gray EX,"1,170",203000000000.0,,국내
2026-03-28,S183-02.75,Clalen O2O2 D_Ash Gray EX_90P,P3407A-02.75ASG,O2O2 D_Ash Gray EX,"1,440",203000000000.0,,국내
2026-03-28,S183-02.75,Clalen O2O2 D_Ash Gray EX_90P,P3407A-02.75ASG,O2O2 D_Ash Gray EX,"1,350",203000000000.0,,국내
2026-03-28,S183-05.00,Clalen O2O2 D_Ash Gray EX_90P,P3407A-05.00ASG,O2O2 D_Ash Gray EX,"1,080",203000000000.0,,국내
2026-03-28,S183-05.00,Clalen O2O2 D_Ash Gray EX_90P,P3407A-05.00ASG,O2O2 D_Ash Gray EX,720,203000000000.0,,국내
2026-03-28,S183-05.00,Clalen O2O2 D_Ash Gray EX_90P,P3407A-05.00ASG,O2O2 D_Ash Gray EX,"1,710",203000000000.0,,국내
2026-03-28,S183-05.00,Clalen O2O2 D_Ash Gray EX_90P,P3407A-05.00ASG,O2O2 D_Ash Gray EX,"2,070",203000000000.0,,국내
2026-03-28,S183-05.00,Clalen O2O2 D_Ash Gray EX_90P,P3407A-05.00ASG,O2O2 D_Ash Gray EX,900,203000000000.0,,국내
2026-03-28,S183-05.50,Clalen O2O2 D_Ash Gray EX_90P,P3407A-05.50ASG,O2O2 D_Ash Gray EX,"1,890",203000000000.0,,국내
2026-03-28,S183-06.00,Clalen O2O2 D_Ash Gray EX_90P,P3407A-06.00ASG,O2O2 D_Ash Gray EX,"1,890",203000000000.0,,국내
2026-03-28,S183-06.00,Clalen O2O2 D_Ash Gray EX_90P,P3407A-06.00ASG,O2O2 D_Ash Gray EX,"1,890",203000000000.0,,국내
2026-03-28,S183-06.00,Clalen O2O2 D_Ash Gray EX_90P,P3407A-06.00ASG,O2O2 D_Ash Gray EX,"2,070",203000000000.0,,국내
2026-03-28,S183-06.00,Clalen O2O2 D_Ash Gray EX_90P,P3407A-06.00ASG,O2O2 D_Ash Gray EX,990,203000000000.0,,국내
2026-03-28,S183-09.50,Clalen O2O2 D_Ash Gray EX_90P,P3407A-09.50ASG,O2O2 D_Ash Gray EX,"1,710",203000000000.0,,국내
2026-03-28,S183-09.50,Clalen O2O2 D_Ash Gray EX_90P,P3407A-09.50ASG,O2O2 D_Ash Gray EX,"1,890",203000000000.0,,국내
2026-03-28,S183-09.50,Clalen O2O2 D_Ash Gray EX_90P,P3407A-09.50ASG,O2O2 D_Ash Gray EX,"1,080",203000000000.0,,국내
2026-03-28,S183-09.50,Clalen O2O2 D_Ash Gray EX_90P,P3407A-09.50ASG,O2O2 D_Ash Gray EX,"1,620",203000000000.0,,국내
2026-03-28,S183-09.50,Clalen O2O2 D_Ash Gray EX_90P,P3407A-09.50ASG,O2O2 D_Ash Gray EX,720,203000000000.0,,국내
2026-03-28,S183-10.00,Clalen O2O2 D_Ash Gray EX_90P,P3407A-10.00ASG,O2O2 D_Ash Gray EX,"1,080",203000000000.0,,국내
2026-03-28,S183-10.00,Clalen O2O2 D_Ash Gray EX_90P,P3407A-10.00ASG,O2O2 D_Ash Gray EX,450,203000000000.0,,국내
2026-03-28,S183-10.00,Clalen O2O2 D_Ash Gray EX_90P,P3407A-10.00ASG,O2O2 D_Ash Gray EX,"1,080",203000000000.0,,국내
2026-03-28,S183-10.00,Clalen O2O2 D_Ash Gray EX_90P,P3407A-10.00ASG,O2O2 D_Ash Gray EX,"2,070",203000000000.0,,국내
2026-03-28,S183-10.00,Clalen O2O2 D_Ash Gray EX_90P,P3407A-10.00ASG,O2O2 D_Ash Gray EX,"1,800",203000000000.0,,국내
2026-03-28,S615-01.25,Clalen O2O2 D_Sepia Choco EX_30P,P3405A-01.25SPC,O2O2 D_Sepia Choco EX,"1,650",203000000000.0,,국내
2026-03-28,S615-01.25,Clalen O2O2 D_Sepia Choco EX_30P,P3405A-01.25SPC,O2O2 D_Sepia Choco EX,"1,470",203000000000.0,,국내
2026-03-28,S615-01.25,Clalen O2O2 D_Sepia Choco EX_30P,P3405A-01.25SPC,O2O2 D_Sepia Choco EX,"1,440",203000000000.0,,국내
2026-03-28,S615-01.25,Clalen O2O2 D_Sepia Choco EX_30P,P3405A-01.25SPC,O2O2 D_Sepia Choco EX,"1,590",203000000000.0,,국내
2026-03-28,S615-01.25,Clalen O2O2 D_Sepia Choco EX_30P,P3405A-01.25SPC,O2O2 D_Sepia Choco EX,120,203000000000.0,,국내
2026-03-28,S619-00.00,Clalen O2O2 D_Ash Gray EX_30P,P3407A-00.00ASG,O2O2 D_Ash Gray EX,930,203000000000.0,,국내
2026-03-28,S619-00.00,Clalen O2O2 D_Ash Gray EX_30P,P3407A-00.00ASG,O2O2 D_Ash Gray EX,"1,050",203000000000.0,,국내
2026-03-28,S619-00.00,Clalen O2O2 D_Ash Gray EX_30P,P3407A-00.00ASG,O2O2 D_Ash Gray EX,"1,080",203000000000.0,,국내
2026-03-28,S619-00.00,Clalen O2O2 D_Ash Gray EX_30P,P3407A-00.00ASG,O2O2 D_Ash Gray EX,"1,050",203000000000.0,,국내
2026-03-28,S619-00.00,Clalen O2O2 D_Ash Gray EX_30P,P3407A-00.00ASG,O2O2 D_Ash Gray EX,"1,470",203000000000.0,,국내
2026-03-28,S619-00.00,Clalen O2O2 D_Ash Gray EX_30P,P3407A-00.00ASG,O2O2 D_Ash Gray EX,660,203000000000.0,,국내
2026-03-28,S619-00.00,Clalen O2O2 D_Ash Gray EX_30P,P3407A-00.00ASG,O2O2 D_Ash Gray EX,810,203000000000.0,,국내
2026-03-28,S619-00.00,Clalen O2O2 D_Ash Gray EX_30P,P3407A-00.00ASG,O2O2 D_Ash Gray EX,570,203000000000.0,,국내
2026-03-28,S619-00.00,Clalen O2O2 D_Ash Gray EX_30P,P3407A-00.00ASG,O2O2 D_Ash Gray EX,630,203000000000.0,,국내
2026-03-28,S619-00.00,Clalen O2O2 D_Ash Gray EX_30P,P3407A-00.00ASG,O2O2 D_Ash Gray EX,"1,230",203000000000.0,,국내
2026-03-28,S619-00.00,Clalen O2O2 D_Ash Gray EX_30P,P3407A-00.00ASG,O2O2 D_Ash Gray EX,"1,080",203000000000.0,,국내
2026-03-28,S619-00.00,Clalen O2O2 D_Ash Gray EX_30P,P3407A-00.00ASG,O2O2 D_Ash Gray EX,870,203000000000.0,,국내
2026-03-28,S619-00.00,Clalen O2O2 D_Ash Gray EX_30P,P3407A-00.00ASG,O2O2 D_Ash Gray EX,"1,440",203000000000.0,,국내
2026-03-28,S619-00.00,Clalen O2O2 D_Ash Gray EX_30P,P3407A-00.00ASG,O2O2 D_Ash Gray EX,"1,650",203000000000.0,,국내
2026-03-28,S619-00.00,Clalen O2O2 D_Ash Gray EX_30P,P3407A-00.00ASG,O2O2 D_Ash Gray EX,"1,500",203000000000.0,,국내
2026-03-28,S619-00.00,Clalen O2O2 D_Ash Gray EX_30P,P3407A-00.00ASG,O2O2 D_Ash Gray EX,"1,260",203000000000.0,,국내
2026-03-28,S619-00.00,Clalen O2O2 D_Ash Gray EX_30P,P3407A-00.00ASG,O2O2 D_Ash Gray EX,"1,410",203000000000.0,,국내
2026-03-28,S619-00.00,Clalen O2O2 D_Ash Gray EX_30P,P3407A-00.00ASG,O2O2 D_Ash Gray EX,"1,530",203000000000.0,,국내
2026-03-28,S619-00.00,Clalen O2O2 D_Ash Gray EX_30P,P3407A-00.00ASG,O2O2 D_Ash Gray EX,"1,380",203000000000.0,,국내
2026-03-28,S619-00.00,Clalen O2O2 D_Ash Gray EX_30P,P3407A-00.00ASG,O2O2 D_Ash Gray EX,"1,320",203000000000.0,,국내
2026-03-28,S619-00.00,Clalen O2O2 D_Ash Gray EX_30P,P3407A-00.00ASG,O2O2 D_Ash Gray EX,900,203000000000.0,,국내
2026-03-28,S619-00.00,Clalen O2O2 D_Ash Gray EX_30P,P3407A-00.00ASG,O2O2 D_Ash Gray EX,420,203000000000.0,,국내
2026-03-28,S619-00.00,Clalen O2O2 D_Ash Gray EX_30P,P3407A-00.00ASG,O2O2 D_Ash Gray EX,990,203000000000.0,,국내
2026-03-28,S619-00.00,Clalen O2O2 D_Ash Gray EX_30P,P3407A-00.00ASG,O2O2 D_Ash Gray EX,"1,170",203000000000.0,,국내
2026-03-28,S619-00.00,Clalen O2O2 D_Ash Gray EX_30P,P3407A-00.00ASG,O2O2 D_Ash Gray EX,"1,050",203000000000.0,,국내
2026-03-28,S619-00.00,Clalen O2O2 D_Ash Gray EX_30P,P3407A-00.00ASG,O2O2 D_Ash Gray EX,840,203000000000.0,,국내
2026-03-28,S619-00.00,Clalen O2O2 D_Ash Gray EX_30P,P3407A-00.00ASG,O2O2 D_Ash Gray EX,360,203000000000.0,,국내
2026-03-28,S619-00.00,Clalen O2O2 D_Ash Gray EX_30P,P3407A-00.00ASG,O2O2 D_Ash Gray EX,660,203000000000.0,,국내
2026-03-28,S619-00.00,Clalen O2O2 D_Ash Gray EX_30P,P3407A-00.00ASG,O2O2 D_Ash Gray EX,"1,020",203000000000.0,,국내
2026-03-28,S619-00.00,Clalen O2O2 D_Ash Gray EX_30P,P3407A-00.00ASG,O2O2 D_Ash Gray EX,"1,230",203000000000.0,,국내
2026-03-28,S619-00.00,Clalen O2O2 D_Ash Gray EX_30P,P3407A-00.00ASG,O2O2 D_Ash Gray EX,840,203000000000.0,,국내
2026-03-28,S619-00.00,Clalen O2O2 D_Ash Gray EX_30P,P3407A-00.00ASG,O2O2 D_Ash Gray EX,810,203000000000.0,,국내
2026-03-28,S619-00.00,Clalen O2O2 D_Ash Gray EX_30P,P3407A-00.00ASG,O2O2 D_Ash Gray EX,900,203000000000.0,,국내
2026-03-28,S619-00.00,Clalen O2O2 D_Ash Gray EX_30P,P3407A-00.00ASG,O2O2 D_Ash Gray EX,"1,320",203000000000.0,,국내
2026-03-28,S619-00.00,Clalen O2O2 D_Ash Gray EX_30P,P3407A-00.00ASG,O2O2 D_Ash Gray EX,"1,050",203000000000.0,,국내
2026-03-28,S619-00.00,Clalen O2O2 D_Ash Gray EX_30P,P3407A-00.00ASG,O2O2 D_Ash Gray EX,"1,080",203000000000.0,,국내
2026-03-28,S619-01.75,Clalen O2O2 D_Ash Gray EX_30P,P3407A-01.75ASG,O2O2 D_Ash Gray EX,60,203000000000.0,,국내
2026-03-28,S619-01.75,Clalen O2O2 D_Ash Gray EX_30P,P3407A-01.75ASG,O2O2 D_Ash Gray EX,30,203000000000.0,,국내
2026-03-28,S619-01.75,Clalen O2O2 D_Ash Gray EX_30P,P3407A-01.75ASG,O2O2 D_Ash Gray EX,900,203000000000.0,,국내
2026-03-28,S619-01.75,Clalen O2O2 D_Ash Gray EX_30P,P3407A-01.75ASG,O2O2 D_Ash Gray EX,510,203000000000.0,,국내
2026-03-28,S619-02.00,Clalen O2O2 D_Ash Gray EX_30P,P3407A-02.00ASG,O2O2 D_Ash Gray EX,"1,680",203000000000.0,,국내
2026-03-28,S619-02.00,Clalen O2O2 D_Ash Gray EX_30P,P3407A-02.00ASG,O2O2 D_Ash Gray EX,"1,350",203000000000.0,,국내
2026-03-28,S619-02.00,Clalen O2O2 D_Ash Gray EX_30P,P3407A-02.00ASG,O2O2 D_Ash Gray EX,"1,470",203000000000.0,,국내
2026-03-28,S619-05.00,Clalen O2O2 D_Ash Gray EX_30P,P3407A-05.00ASG,O2O2 D_Ash Gray EX,120,203000000000.0,,국내
2026-03-28,S619-05.00,Clalen O2O2 D_Ash Gray EX_30P,P3407A-05.00ASG,O2O2 D_Ash Gray EX,900,203000000000.0,,국내
2026-03-28,S619-05.00,Clalen O2O2 D_Ash Gray EX_30P,P3407A-05.00ASG,O2O2 D_Ash Gray EX,480,203000000000.0,,국내
2026-03-28,S619-07.00,Clalen O2O2 D_Ash Gray EX_30P,P3407A-07.00ASG,O2O2 D_Ash Gray EX,60,203000000000.0,,국내
2026-03-28,S619-07.50,Clalen O2O2 D_Ash Gray EX_30P,P3407A-07.50ASG,O2O2 D_Ash Gray EX,360,203000000000.0,,국내
2026-03-28,S627-00.00,Clalen O2O2 D_Blending Rose EX_30P,P3409A-00.00PIN,O2O2 D_Blending Rose EX,"1,800",203000000000.0,,국내
2026-03-28,S627-00.00,Clalen O2O2 D_Blending Rose EX_30P,P3409A-00.00PIN,O2O2 D_Blending Rose EX,900,203000000000.0,,국내
2025-07-09,T3406A-00.00ASB,(NEW)O2O2 D_Ash Brown EX,P3406A-00.00ASB,O2O2 D_Ash Brown EX,900,203000000000.0,R0537,수출
2025-07-09,T3406A-01.00ASB,(NEW)O2O2 D_Ash Brown EX,P3406A-01.00ASB,O2O2 D_Ash Brown EX,900,203000000000.0,R0537,수출
2025-07-09,T3406A-01.50ASB,(NEW)O2O2 D_Ash Brown EX,P3406A-01.50ASB,O2O2 D_Ash Brown EX,900,203000000000.0,R0537,수출
2025-07-09,T3406A-01.75ASB,(NEW)O2O2 D_Ash Brown EX,P3406A-01.75ASB,O2O2 D_Ash Brown EX,900,203000000000.0,R0537,수출
2025-07-09,T3406A-02.00ASB,(NEW)O2O2 D_Ash Brown EX,P3406A-02.00ASB,O2O2 D_Ash Brown EX,900,203000000000.0,R0537,수출
2025-07-09,T3406A-02.50ASB,(NEW)O2O2 D_Ash Brown EX,P3406A-02.50ASB,O2O2 D_Ash Brown EX,900,203000000000.0,R0537,수출
2025-07-09,T3406A-03.00ASB,(NEW)O2O2 D_Ash Brown EX,P3406A-03.00ASB,O2O2 D_Ash Brown EX,900,203000000000.0,R0537,수출
2025-07-09,T3406A-03.25ASB,(NEW)O2O2 D_Ash Brown EX,P3406A-03.25ASB,O2O2 D_Ash Brown EX,900,203000000000.0,R0537,수출
2025-07-09,T3406A-03.75ASB,(NEW)O2O2 D_Ash Brown EX,P3406A-03.75ASB,O2O2 D_Ash Brown EX,900,203000000000.0,R0537,수출
2025-07-09,T3406A-04.00ASB,(NEW)O2O2 D_Ash Brown EX,P3406A-04.00ASB,O2O2 D_Ash Brown EX,900,203000000000.0,R0537,수출
2025-07-09,T3406A-05.00ASB,(NEW)O2O2 D_Ash Brown EX,P3406A-05.00ASB,O2O2 D_Ash Brown EX,900,203000000000.0,R0537,수출
2025-07-09,T3406A-05.50ASB,(NEW)O2O2 D_Ash Brown EX,P3406A-05.50ASB,O2O2 D_Ash Brown EX,900,203000000000.0,R0537,수출
2025-07-09,T3406A-06.50ASB,(NEW)O2O2 D_Ash Brown EX,P3406A-06.50ASB,O2O2 D_Ash Brown EX,450,203000000000.0,R0537,수출
2025-07-09,T3406A-07.00ASB,(NEW)O2O2 D_Ash Brown EX,P3406A-07.00ASB,O2O2 D_Ash Brown EX,90,203000000000.0,R0537,수출
2025-07-09,T3406A-07.50ASB,(NEW)O2O2 D_Ash Brown EX,P3406A-07.50ASB,O2O2 D_Ash Brown EX,90,203000000000.0,R0537,수출
2025-07-09,T3406A-08.00ASB,(NEW)O2O2 D_Ash Brown EX,P3406A-08.00ASB,O2O2 D_Ash Brown EX,240,203000000000.0,R0537,수출
2025-07-09,T3406A-08.50ASB,(NEW)O2O2 D_Ash Brown EX,P3406A-08.50ASB,O2O2 D_Ash Brown EX,60,203000000000.0,R0537,수출
2025-07-09,T3406A-09.00ASB,(NEW)O2O2 D_Ash Brown EX,P3406A-09.00ASB,O2O2 D_Ash Brown EX,90,203000000000.0,R0537,수출
2025-07-09,T3407A-00.00ASG,(NEW)O2O2 D_Ash Gray EX,P3407A-00.00ASG,O2O2 D_Ash Gray EX,900,203000000000.0,R0537,수출
2025-07-09,T3407A-05.50ASG,(NEW)O2O2 D_Ash Gray EX,P3407A-05.50ASG,O2O2 D_Ash Gray EX,900,203000000000.0,R0537,수출
2025-07-09,T3407A-06.50ASG,(NEW)O2O2 D_Ash Gray EX,P3407A-06.50ASG,O2O2 D_Ash Gray EX,150,203000000000.0,R0537,수출
2025-07-09,T3407A-07.00ASG,(NEW)O2O2 D_Ash Gray EX,P3407A-07.00ASG,O2O2 D_Ash Gray EX,30,203000000000.0,R0537,수출
2025-07-09,T3407A-07.50ASG,(NEW)O2O2 D_Ash Gray EX,P3407A-07.50ASG,O2O2 D_Ash Gray EX,30,203000000000.0,R0537,수출
2025-07-09,T3407A-08.00ASG,(NEW)O2O2 D_Ash Gray EX,P3407A-08.00ASG,O2O2 D_Ash Gray EX,90,203000000000.0,R0537,수출
2025-07-09,T3407A-08.50ASG,(NEW)O2O2 D_Ash Gray EX,P3407A-08.50ASG,O2O2 D_Ash Gray EX,60,203000000000.0,R0537,수출
2025-07-09,T3407A-09.00ASG,(NEW)O2O2 D_Ash Gray EX,P3407A-09.00ASG,O2O2 D_Ash Gray EX,30,203000000000.0,R0537,수출
2025-07-09,T3407A-10.00ASG,(NEW)O2O2 D_Ash Gray EX,P3407A-10.00ASG,O2O2 D_Ash Gray EX,60,203000000000.0,R0537,수출
2025-07-10,T3408A-01.50BRW,(NEW)O2O2 D_Blending Hazel EX,P3408A-01.50BRW,O2O2 D_Blending Hazel EX,500,203000000000.0,BB0364,수출
2025-07-10,T3408A-02.00BRW,(NEW)O2O2 D_Blending Hazel EX,P3408A-02.00BRW,O2O2 D_Blending Hazel EX,500,203000000000.0,BB0364,수출
2025-07-10,T3408A-02.50BRW,(NEW)O2O2 D_Blending Hazel EX,P3408A-02.50BRW,O2O2 D_Blending Hazel EX,500,203000000000.0,BB0364,수출
2025-07-10,T3408A-03.00BRW,(NEW)O2O2 D_Blending Hazel EX,P3408A-03.00BRW,O2O2 D_Blending Hazel EX,500,203000000000.0,BB0364,수출
2025-07-10,T3408A-04.75BRW,(NEW)O2O2 D_Blending Hazel EX,P3408A-04.75BRW,O2O2 D_Blending Hazel EX,500,203000000000.0,BB0364,수출
2025-07-10,T3408A-05.00BRW,(NEW)O2O2 D_Blending Hazel EX,P3408A-05.00BRW,O2O2 D_Blending Hazel EX,500,203000000000.0,BB0364,수출
2025-07-10,T3408A-06.50BRW,(NEW)O2O2 D_Blending Hazel EX,P3408A-06.50BRW,O2O2 D_Blending Hazel EX,500,203000000000.0,BB0364,수출
2025-07-10,T3409A-01.50PIN,(NEW)O2O2 D_Blending Rose EX,P3409A-01.50PIN,O2O2 D_Blending Rose EX,500,203000000000.0,BB0364,수출
2025-07-10,T3409A-02.50PIN,(NEW)O2O2 D_Blending Rose EX,P3409A-02.50PIN,O2O2 D_Blending Rose EX,500,203000000000.0,BB0364,수출
2025-08-25,T3408A-00.00BRW,(NEW)O2O2 D_Blending Hazel EX,P3408A-00.00BRW,O2O2 D_Blending Hazel EX,"1,200",203000000000.0,DD0018,수출
2025-08-25,T3408A-03.25BRW,(NEW)O2O2 D_Blending Hazel EX,P3408A-03.25BRW,O2O2 D_Blending Hazel EX,500,203000000000.0,DD0018,수출
2025-08-25,T3408A-03.50BRW,(NEW)O2O2 D_Blending Hazel EX,P3408A-03.50BRW,O2O2 D_Blending Hazel EX,600,203000000000.0,DD0018,수출
2025-08-25,T3408A-03.75BRW,(NEW)O2O2 D_Blending Hazel EX,P3408A-03.75BRW,O2O2 D_Blending Hazel EX,600,203000000000.0,DD0018,수출
2025-08-25,T3408A-04.00BRW,(NEW)O2O2 D_Blending Hazel EX,P3408A-04.00BRW,O2O2 D_Blending Hazel EX,600,203000000000.0,DD0018,수출
2025-08-25,T3408A-04.50BRW,(NEW)O2O2 D_Blending Hazel EX,P3408A-04.50BRW,O2O2 D_Blending Hazel EX,500,203000000000.0,DD0018,수출
2025-08-25,T3408A-05.50BRW,(NEW)O2O2 D_Blending Hazel EX,P3408A-05.50BRW,O2O2 D_Blending Hazel EX,"1,000",203000000000.0,DD0018,수출
2025-08-25,T3408A-07.00BRW,(NEW)O2O2 D_Blending Hazel EX,P3408A-07.00BRW,O2O2 D_Blending Hazel EX,500,203000000000.0,DD0018,수출
2025-08-25,T3409A-00.00PIN,(NEW)O2O2 D_Blending Rose EX,P3409A-00.00PIN,O2O2 D_Blending Rose EX,"1,400",203000000000.0,DD0018,수출
2025-08-25,T3409A-01.00PIN,(NEW)O2O2 D_Blending Rose EX,P3409A-01.00PIN,O2O2 D_Blending Rose EX,600,203000000000.0,DD0018,수출
2025-08-25,T3409A-01.50PIN,(NEW)O2O2 D_Blending Rose EX,P3409A-01.50PIN,O2O2 D_Blending Rose EX,500,203000000000.0,DD0018,수출
2025-08-25,T3409A-02.00PIN,(NEW)O2O2 D_Blending Rose EX,P3409A-02.00PIN,O2O2 D_Blending Rose EX,600,203000000000.0,DD0018,수출
2025-08-25,T3409A-02.50PIN,(NEW)O2O2 D_Blending Rose EX,P3409A-02.50PIN,O2O2 D_Blending Rose EX,800,203000000000.0,DD0018,수출
2025-08-25,T3409A-03.25PIN,(NEW)O2O2 D_Blending Rose EX,P3409A-03.25PIN,O2O2 D_Blending Rose EX,800,203000000000.0,DD0018,수출
2025-08-25,T3409A-04.00PIN,(NEW)O2O2 D_Blending Rose EX,P3409A-04.00PIN,O2O2 D_Blending Rose EX,600,203000000000.0,DD0018,수출
2025-08-25,T3409A-04.50PIN,(NEW)O2O2 D_Blending Rose EX,P3409A-04.50PIN,O2O2 D_Blending Rose EX,700,203000000000.0,DD0018,수출
2025-08-25,T3409A-05.00PIN,(NEW)O2O2 D_Blending Rose EX,P3409A-05.00PIN,O2O2 D_Blending Rose EX,700,203000000000.0,DD0018,수출
2025-08-25,T3409A-06.00PIN,(NEW)O2O2 D_Blending Rose EX,P3409A-06.00PIN,O2O2 D_Blending Rose EX,700,203000000000.0,DD0018,수출
2025-08-25,T3409A-07.00PIN,(NEW)O2O2 D_Blending Rose EX,P3409A-07.00PIN,O2O2 D_Blending Rose EX,600,203000000000.0,DD0018,수출
2025-08-25,T3409A-08.00PIN,(NEW)O2O2 D_Blending Rose EX,P3409A-08.00PIN,O2O2 D_Blending Rose EX,500,203000000000.0,DD0018,수출
2025-08-25,T3407A-00.00ASG,(NEW)O2O2 D_Ash Gray EX,P3407A-00.00ASG,O2O2 D_Ash Gray EX,"1,600",203000000000.0,DD0018,수출
2025-08-25,T3407A-03.00ASG,(NEW)O2O2 D_Ash Gray EX,P3407A-03.00ASG,O2O2 D_Ash Gray EX,600,203000000000.0,DD0018,수출
2025-08-25,T3407A-03.25ASG,(NEW)O2O2 D_Ash Gray EX,P3407A-03.25ASG,O2O2 D_Ash Gray EX,500,203000000000.0,DD0018,수출
2025-08-25,T3407A-03.50ASG,(NEW)O2O2 D_Ash Gray EX,P3407A-03.50ASG,O2O2 D_Ash Gray EX,600,203000000000.0,DD0018,수출
2025-08-25,T3407A-03.75ASG,(NEW)O2O2 D_Ash Gray EX,P3407A-03.75ASG,O2O2 D_Ash Gray EX,600,203000000000.0,DD0018,수출
2025-08-25,T3407A-04.00ASG,(NEW)O2O2 D_Ash Gray EX,P3407A-04.00ASG,O2O2 D_Ash Gray EX,800,203000000000.0,DD0018,수출
2025-08-25,T3407A-04.50ASG,(NEW)O2O2 D_Ash Gray EX,P3407A-04.50ASG,O2O2 D_Ash Gray EX,600,203000000000.0,DD0018,수출
2025-08-25,T3407A-05.00ASG,(NEW)O2O2 D_Ash Gray EX,P3407A-05.00ASG,O2O2 D_Ash Gray EX,800,203000000000.0,DD0018,수출
2025-08-25,T3407A-06.00ASG,(NEW)O2O2 D_Ash Gray EX,P3407A-06.00ASG,O2O2 D_Ash Gray EX,800,203000000000.0,DD0018,수출
2025-08-25,T3407A-06.50ASG,(NEW)O2O2 D_Ash Gray EX,P3407A-06.50ASG,O2O2 D_Ash Gray EX,600,203000000000.0,DD0018,수출
2025-08-25,T3407A-07.50ASG,(NEW)O2O2 D_Ash Gray EX,P3407A-07.50ASG,O2O2 D_Ash Gray EX,500,203000000000.0,DD0018,수출
2025-08-25,T3406A-01.00ASB,(NEW)O2O2 D_Ash Brown EX,P3406A-01.00ASB,O2O2 D_Ash Brown EX,600,203000000000.0,DD0018,수출
2025-08-25,T3406A-04.50ASB,(NEW)O2O2 D_Ash Brown EX,P3406A-04.50ASB,O2O2 D_Ash Brown EX,500,203000000000.0,DD0018,수출
2025-08-25,T3406A-05.00ASB,(NEW)O2O2 D_Ash Brown EX,P3406A-05.00ASB,O2O2 D_Ash Brown EX,600,203000000000.0,DD0018,수출
2025-08-25,T3405A-00.00SPC,(NEW)O2O2 D_Sepia Choco EX,P3405A-00.00SPC,O2O2 D_Sepia Choco EX,500,203000000000.0,DD0018,수출
2025-08-25,T3405A-03.00SPC,(NEW)O2O2 D_Sepia Choco EX,P3405A-03.00SPC,O2O2 D_Sepia Choco EX,"1,000",203000000000.0,DD0018,수출
2025-08-25,T3405A-03.50SPC,(NEW)O2O2 D_Sepia Choco EX,P3405A-03.50SPC,O2O2 D_Sepia Choco EX,600,203000000000.0,DD0018,수출
2025-08-25,T3405A-04.25SPC,(NEW)O2O2 D_Sepia Choco EX,P3405A-04.25SPC,O2O2 D_Sepia Choco EX,500,203000000000.0,DD0018,수출
2025-08-25,T3405A-04.75SPC,(NEW)O2O2 D_Sepia Choco EX,P3405A-04.75SPC,O2O2 D_Sepia Choco EX,800,203000000000.0,DD0018,수출
2025-08-25,T3405A-05.00SPC,(NEW)O2O2 D_Sepia Choco EX,P3405A-05.00SPC,O2O2 D_Sepia Choco EX,"1,000",203000000000.0,DD0018,수출
2025-08-25,T3405A-05.50SPC,(NEW)O2O2 D_Sepia Choco EX,P3405A-05.50SPC,O2O2 D_Sepia Choco EX,"1,000",203000000000.0,DD0018,수출
2025-08-25,T3405A-06.50SPC,(NEW)O2O2 D_Sepia Choco EX,P3405A-06.50SPC,O2O2 D_Sepia Choco EX,600,203000000000.0,DD0018,수출
2025-08-25,T3405A-07.50SPC,(NEW)O2O2 D_Sepia Choco EX,P3405A-07.50SPC,O2O2 D_Sepia Choco EX,500,203000000000.0,DD0018,수출
2025-08-25,T3405A-09.00SPC,(NEW)O2O2 D_Sepia Choco EX,P3405A-09.00SPC,O2O2 D_Sepia Choco EX,500,203000000000.0,DD0018,수출
2025-08-27,T3405A-00.00SPC,(NEW)O2O2 D_Sepia Choco EX,P3405A-00.00SPC,O2O2 D_Sepia Choco EX,900,203000000000.0,DD0021,수출
2025-08-27,T3405A-01.00SPC,(NEW)O2O2 D_Sepia Choco EX,P3405A-01.00SPC,O2O2 D_Sepia Choco EX,900,203000000000.0,DD0021,수출
2025-08-27,T3405A-03.75SPC,(NEW)O2O2 D_Sepia Choco EX,P3405A-03.75SPC,O2O2 D_Sepia Choco EX,900,203000000000.0,DD0021,수출
2025-08-27,T3405A-04.50SPC,(NEW)O2O2 D_Sepia Choco EX,P3405A-04.50SPC,O2O2 D_Sepia Choco EX,900,203000000000.0,DD0021,수출
2025-08-27,T3405A-06.00SPC,(NEW)O2O2 D_Sepia Choco EX,P3405A-06.00SPC,O2O2 D_Sepia Choco EX,900,203000000000.0,DD0021,수출
2025-08-27,T3405A-06.50SPC,(NEW)O2O2 D_Sepia Choco EX,P3405A-06.50SPC,O2O2 D_Sepia Choco EX,30,203000000000.0,DD0021,수출
2025-08-27,T3405A-07.50SPC,(NEW)O2O2 D_Sepia Choco EX,P3405A-07.50SPC,O2O2 D_Sepia Choco EX,120,203000000000.0,DD0021,수출
2025-08-27,T3405A-08.00SPC,(NEW)O2O2 D_Sepia Choco EX,P3405A-08.00SPC,O2O2 D_Sepia Choco EX,120,203000000000.0,DD0021,수출
2025-08-27,T3405A-10.00SPC,(NEW)O2O2 D_Sepia Choco EX,P3405A-10.00SPC,O2O2 D_Sepia Choco EX,120,203000000000.0,DD0021,수출
2025-08-27,T3406A-00.00ASB,(NEW)O2O2 D_Ash Brown EX,P3406A-00.00ASB,O2O2 D_Ash Brown EX,900,203000000000.0,DD0021,수출
2025-08-27,T3406A-02.25ASB,(NEW)O2O2 D_Ash Brown EX,P3406A-02.25ASB,O2O2 D_Ash Brown EX,900,203000000000.0,DD0021,수출
2025-08-27,T3406A-06.50ASB,(NEW)O2O2 D_Ash Brown EX,P3406A-06.50ASB,O2O2 D_Ash Brown EX,60,203000000000.0,DD0021,수출
2025-08-27,T3406A-07.50ASB,(NEW)O2O2 D_Ash Brown EX,P3406A-07.50ASB,O2O2 D_Ash Brown EX,30,203000000000.0,DD0021,수출
2025-08-27,T3407A-03.25ASG,(NEW)O2O2 D_Ash Gray EX,P3407A-03.25ASG,O2O2 D_Ash Gray EX,900,203000000000.0,DD0021,수출
2025-08-27,T3407A-06.50ASG,(NEW)O2O2 D_Ash Gray EX,P3407A-06.50ASG,O2O2 D_Ash Gray EX,150,203000000000.0,DD0021,수출
2025-08-27,T3407A-07.50ASG,(NEW)O2O2 D_Ash Gray EX,P3407A-07.50ASG,O2O2 D_Ash Gray EX,60,203000000000.0,DD0021,수출
2025-08-27,T3407A-08.50ASG,(NEW)O2O2 D_Ash Gray EX,P3407A-08.50ASG,O2O2 D_Ash Gray EX,90,203000000000.0,DD0021,수출
2025-09-19,T3408A-00.00BRW,(NEW)O2O2 D_Blending Hazel EX,P3408A-00.00BRW,O2O2 D_Blending Hazel EX,10,203000000000.0,D1757,수출
2025-09-19,T3409A-00.00PIN,(NEW)O2O2 D_Blending Rose EX,P3409A-00.00PIN,O2O2 D_Blending Rose EX,10,203000000000.0,D1757,수출
2025-09-19,T3406A-00.00ASB,(NEW)O2O2 D_Ash Brown EX,P3406A-00.00ASB,O2O2 D_Ash Brown EX,10,203000000000.0,D1757,수출
2025-09-19,T3407A-00.00ASG,(NEW)O2O2 D_Ash Gray EX,P3407A-00.00ASG,O2O2 D_Ash Gray EX,10,203000000000.0,D1757,수출
2025-09-19,T3405A-00.00SPC,(NEW)O2O2 D_Sepia Choco EX,P3405A-00.00SPC,O2O2 D_Sepia Choco EX,10,203000000000.0,D1757,수출
2025-10-22,T3406A-01.50ASB,(NEW)O2O2 D_Ash Brown EX,P3406A-01.50ASB,O2O2 D_Ash Brown EX,900,203000000000.0,YL0292,수출
2025-10-22,T3406A-06.50ASB,(NEW)O2O2 D_Ash Brown EX,P3406A-06.50ASB,O2O2 D_Ash Brown EX,30,203000000000.0,YL0292,수출
2025-10-22,T3406A-07.00ASB,(NEW)O2O2 D_Ash Brown EX,P3406A-07.00ASB,O2O2 D_Ash Brown EX,90,203000000000.0,YL0292,수출
2025-10-22,T3407A-00.00ASG,(NEW)O2O2 D_Ash Gray EX,P3407A-00.00ASG,O2O2 D_Ash Gray EX,900,203000000000.0,YL0292,수출
2025-10-22,T3407A-07.00ASG,(NEW)O2O2 D_Ash Gray EX,P3407A-07.00ASG,O2O2 D_Ash Gray EX,150,203000000000.0,YL0292,수출
2025-10-22,T3407A-10.00ASG,(NEW)O2O2 D_Ash Gray EX,P3407A-10.00ASG,O2O2 D_Ash Gray EX,90,203000000000.0,YL0292,수출
2025-10-22,T3405A-01.50SPC,(NEW)O2O2 D_Sepia Choco EX,P3405A-01.50SPC,O2O2 D_Sepia Choco EX,900,203000000000.0,YL0292,수출
2025-10-22,T3405A-03.25SPC,(NEW)O2O2 D_Sepia Choco EX,P3405A-03.25SPC,O2O2 D_Sepia Choco EX,900,203000000000.0,YL0292,수출
2025-10-22,T3405A-06.50SPC,(NEW)O2O2 D_Sepia Choco EX,P3405A-06.50SPC,O2O2 D_Sepia Choco EX,180,203000000000.0,YL0292,수출
2025-10-22,T3405A-07.00SPC,(NEW)O2O2 D_Sepia Choco EX,P3405A-07.00SPC,O2O2 D_Sepia Choco EX,30,203000000000.0,YL0292,수출
2025-10-22,T3405A-08.50SPC,(NEW)O2O2 D_Sepia Choco EX,P3405A-08.50SPC,O2O2 D_Sepia Choco EX,30,203000000000.0,YL0292,수출
2025-10-22,T3405A-10.00SPC,(NEW)O2O2 D_Sepia Choco EX,P3405A-10.00SPC,O2O2 D_Sepia Choco EX,30,203000000000.0,YL0292,수출
2025-10-27,T3408A-00.00BRW,(NEW)O2O2 D_Blending Hazel EX,P3408A-00.00BRW,O2O2 D_Blending Hazel EX,90,203000000000.0,D1777,수출
2025-10-27,T3406A-00.00ASB,(NEW)O2O2 D_Ash Brown EX,P3406A-00.00ASB,O2O2 D_Ash Brown EX,90,203000000000.0,D1777,수출
2025-10-27,T3407A-00.00ASG,(NEW)O2O2 D_Ash Gray EX,P3407A-00.00ASG,O2O2 D_Ash Gray EX,90,203000000000.0,D1777,수출
2025-10-27,T3405A-00.00SPC,(NEW)O2O2 D_Sepia Choco EX,P3405A-00.00SPC,O2O2 D_Sepia Choco EX,90,203000000000.0,D1777,수출
2025-10-27,T3409A-00.00PIN,(NEW)O2O2 D_Blending Rose EX,P3409A-00.00PIN,O2O2 D_Blending Rose EX,90,203000000000.0,D1777,수출
2025-10-27,T3408A-00.00BRW,(NEW)O2O2 D_Blending Hazel EX,P3408A-00.00BRW,O2O2 D_Blending Hazel EX,90,203000000000.0,D1778,수출
2025-10-27,T3406A-00.00ASB,(NEW)O2O2 D_Ash Brown EX,P3406A-00.00ASB,O2O2 D_Ash Brown EX,90,203000000000.0,D1778,수출
2025-10-27,T3407A-00.00ASG,(NEW)O2O2 D_Ash Gray EX,P3407A-00.00ASG,O2O2 D_Ash Gray EX,90,203000000000.0,D1778,수출
2025-10-27,T3405A-00.00SPC,(NEW)O2O2 D_Sepia Choco EX,P3405A-00.00SPC,O2O2 D_Sepia Choco EX,90,203000000000.0,D1778,수출
2025-10-27,T3409A-00.00PIN,(NEW)O2O2 D_Blending Rose EX,P3409A-00.00PIN,O2O2 D_Blending Rose EX,90,203000000000.0,D1778,수출
2025-12-10,T3405A-00.00SPC,(NEW)O2O2 D_Sepia Choco EX,P3405A-00.00SPC,O2O2 D_Sepia Choco EX,5,203000000000.0,HW0237,수출
2025-12-10,T3406A-00.00ASB,(NEW)O2O2 D_Ash Brown EX,P3406A-00.00ASB,O2O2 D_Ash Brown EX,5,203000000000.0,HW0237,수출
2025-12-10,T3407A-00.00ASG,(NEW)O2O2 D_Ash Gray EX,P3407A-00.00ASG,O2O2 D_Ash Gray EX,5,203000000000.0,HW0237,수출
2025-12-10,T3408A-00.00BRW,(NEW)O2O2 D_Blending Hazel EX,P3408A-00.00BRW,O2O2 D_Blending Hazel EX,5,203000000000.0,HW0237,수출
2025-12-10,T3409A-00.00PIN,(NEW)O2O2 D_Blending Rose EX,P3409A-00.00PIN,O2O2 D_Blending Rose EX,5,203000000000.0,HW0237,수출
2026-01-22,T3406A-00.00ASB,(NEW)O2O2 D_Ash Brown EX,P3406A-00.00ASB,O2O2 D_Ash Brown EX,500,203000000000.0,DD0181,수출
2026-01-22,T3406A-01.50ASB,(NEW)O2O2 D_Ash Brown EX,P3406A-01.50ASB,O2O2 D_Ash Brown EX,500,203000000000.0,DD0181,수출
2026-01-22,T3406A-02.50ASB,(NEW)O2O2 D_Ash Brown EX,P3406A-02.50ASB,O2O2 D_Ash Brown EX,500,203000000000.0,DD0181,수출
2026-01-22,T3406A-03.75ASB,(NEW)O2O2 D_Ash Brown EX,P3406A-03.75ASB,O2O2 D_Ash Brown EX,500,203000000000.0,DD0181,수출
2026-01-22,T3406A-04.25ASB,(NEW)O2O2 D_Ash Brown EX,P3406A-04.25ASB,O2O2 D_Ash Brown EX,500,203000000000.0,DD0181,수출
2026-01-22,T3406A-04.75ASB,(NEW)O2O2 D_Ash Brown EX,P3406A-04.75ASB,O2O2 D_Ash Brown EX,500,203000000000.0,DD0181,수출
2026-01-22,T3406A-06.00ASB,(NEW)O2O2 D_Ash Brown EX,P3406A-06.00ASB,O2O2 D_Ash Brown EX,500,203000000000.0,DD0181,수출
2026-01-22,T3406A-06.50ASB,(NEW)O2O2 D_Ash Brown EX,P3406A-06.50ASB,O2O2 D_Ash Brown EX,500,203000000000.0,DD0181,수출
2026-01-22,T3406A-07.00ASB,(NEW)O2O2 D_Ash Brown EX,P3406A-07.00ASB,O2O2 D_Ash Brown EX,500,203000000000.0,DD0181,수출
2026-01-22,T3406A-09.00ASB,(NEW)O2O2 D_Ash Brown EX,P3406A-09.00ASB,O2O2 D_Ash Brown EX,500,203000000000.0,DD0181,수출
2026-01-22,T3406A-10.00ASB,(NEW)O2O2 D_Ash Brown EX,P3406A-10.00ASB,O2O2 D_Ash Brown EX,500,203000000000.0,DD0181,수출
2026-01-22,T3406A-00.00ASB,(NEW)O2O2 D_Ash Brown EX,P3406A-00.00ASB,O2O2 D_Ash Brown EX,280,203000000000.0,DD0181,수출
2026-01-22,T3405A-00.00SPC,(NEW)O2O2 D_Sepia Choco EX,P3405A-00.00SPC,O2O2 D_Sepia Choco EX,500,203000000000.0,DD0181,수출
2026-01-22,T3405A-02.50SPC,(NEW)O2O2 D_Sepia Choco EX,P3405A-02.50SPC,O2O2 D_Sepia Choco EX,500,203000000000.0,DD0181,수출
2026-01-22,T3405A-03.75SPC,(NEW)O2O2 D_Sepia Choco EX,P3405A-03.75SPC,O2O2 D_Sepia Choco EX,500,203000000000.0,DD0181,수출
2026-01-22,T3405A-04.00SPC,(NEW)O2O2 D_Sepia Choco EX,P3405A-04.00SPC,O2O2 D_Sepia Choco EX,500,203000000000.0,DD0181,수출
2026-01-22,T3405A-04.50SPC,(NEW)O2O2 D_Sepia Choco EX,P3405A-04.50SPC,O2O2 D_Sepia Choco EX,500,203000000000.0,DD0181,수출
2026-01-22,T3405A-06.00SPC,(NEW)O2O2 D_Sepia Choco EX,P3405A-06.00SPC,O2O2 D_Sepia Choco EX,500,203000000000.0,DD0181,수출
2026-01-22,T3405A-07.00SPC,(NEW)O2O2 D_Sepia Choco EX,P3405A-07.00SPC,O2O2 D_Sepia Choco EX,500,203000000000.0,DD0181,수출
2026-01-22,T3405A-08.50SPC,(NEW)O2O2 D_Sepia Choco EX,P3405A-08.50SPC,O2O2 D_Sepia Choco EX,500,203000000000.0,DD0181,수출
2026-01-22,T3405A-09.50SPC,(NEW)O2O2 D_Sepia Choco EX,P3405A-09.50SPC,O2O2 D_Sepia Choco EX,500,203000000000.0,DD0181,수출
2026-01-22,T3405A-10.00SPC,(NEW)O2O2 D_Sepia Choco EX,P3405A-10.00SPC,O2O2 D_Sepia Choco EX,500,203000000000.0,DD0181,수출
2026-01-22,T3405A-00.00SPC,(NEW)O2O2 D_Sepia Choco EX,P3405A-00.00SPC,O2O2 D_Sepia Choco EX,250,203000000000.0,DD0181,수출
2026-01-22,T3407A-01.50ASG,(NEW)O2O2 D_Ash Gray EX,P3407A-01.50ASG,O2O2 D_Ash Gray EX,500,203000000000.0,DD0181,수출
2026-01-22,T3407A-02.00ASG,(NEW)O2O2 D_Ash Gray EX,P3407A-02.00ASG,O2O2 D_Ash Gray EX,500,203000000000.0,DD0181,수출
2026-01-22,T3407A-02.50ASG,(NEW)O2O2 D_Ash Gray EX,P3407A-02.50ASG,O2O2 D_Ash Gray EX,500,203000000000.0,DD0181,수출
2026-01-22,T3407A-05.50ASG,(NEW)O2O2 D_Ash Gray EX,P3407A-05.50ASG,O2O2 D_Ash Gray EX,500,203000000000.0,DD0181,수출
2026-01-22,T3407A-07.00ASG,(NEW)O2O2 D_Ash Gray EX,P3407A-07.00ASG,O2O2 D_Ash Gray EX,500,203000000000.0,DD0181,수출
2026-01-22,T3407A-10.00ASG,(NEW)O2O2 D_Ash Gray EX,P3407A-10.00ASG,O2O2 D_Ash Gray EX,500,203000000000.0,DD0181,수출
2026-01-22,T3407A-00.00ASG,(NEW)O2O2 D_Ash Gray EX,P3407A-00.00ASG,O2O2 D_Ash Gray EX,150,203000000000.0,DD0181,수출
2026-01-22,T3408A-01.00BRW,(NEW)O2O2 D_Blending Hazel EX,P3408A-01.00BRW,O2O2 D_Blending Hazel EX,500,203000000000.0,DD0181,수출
2026-01-22,T3408A-01.50BRW,(NEW)O2O2 D_Blending Hazel EX,P3408A-01.50BRW,O2O2 D_Blending Hazel EX,500,203000000000.0,DD0181,수출
2026-01-22,T3408A-02.50BRW,(NEW)O2O2 D_Blending Hazel EX,P3408A-02.50BRW,O2O2 D_Blending Hazel EX,500,203000000000.0,DD0181,수출
2026-01-22,T3408A-03.00BRW,(NEW)O2O2 D_Blending Hazel EX,P3408A-03.00BRW,O2O2 D_Blending Hazel EX,500,203000000000.0,DD0181,수출
2026-01-22,T3408A-04.50BRW,(NEW)O2O2 D_Blending Hazel EX,P3408A-04.50BRW,O2O2 D_Blending Hazel EX,500,203000000000.0,DD0181,수출
2026-01-22,T3408A-06.00BRW,(NEW)O2O2 D_Blending Hazel EX,P3408A-06.00BRW,O2O2 D_Blending Hazel EX,500,203000000000.0,DD0181,수출
2026-01-22,T3408A-06.50BRW,(NEW)O2O2 D_Blending Hazel EX,P3408A-06.50BRW,O2O2 D_Blending Hazel EX,500,203000000000.0,DD0181,수출
2026-01-22,T3408A-08.50BRW,(NEW)O2O2 D_Blending Hazel EX,P3408A-08.50BRW,O2O2 D_Blending Hazel EX,500,203000000000.0,DD0181,수출
2026-01-22,T3408A-09.50BRW,(NEW)O2O2 D_Blending Hazel EX,P3408A-09.50BRW,O2O2 D_Blending Hazel EX,500,203000000000.0,DD0181,수출
2026-01-22,T3408A-10.00BRW,(NEW)O2O2 D_Blending Hazel EX,P3408A-10.00BRW,O2O2 D_Blending Hazel EX,500,203000000000.0,DD0181,수출
2026-01-22,T3409A-00.00PIN,(NEW)O2O2 D_Blending Rose EX,P3409A-00.00PIN,O2O2 D_Blending Rose EX,300,203000000000.0,DD0181,수출
2026-01-22,T3408A-00.00BRW,(NEW)O2O2 D_Blending Hazel EX,P3408A-00.00BRW,O2O2 D_Blending Hazel EX,250,203000000000.0,DD0181,수출
2026-01-22,T3409A-01.00PIN,(NEW)O2O2 D_Blending Rose EX,P3409A-01.00PIN,O2O2 D_Blending Rose EX,500,203000000000.0,DD0181,수출
2026-01-22,T3409A-02.00PIN,(NEW)O2O2 D_Blending Rose EX,P3409A-02.00PIN,O2O2 D_Blending Rose EX,500,203000000000.0,DD0181,수출
2026-01-22,T3409A-03.00PIN,(NEW)O2O2 D_Blending Rose EX,P3409A-03.00PIN,O2O2 D_Blending Rose EX,500,203000000000.0,DD0181,수출
2026-01-22,T3409A-03.50PIN,(NEW)O2O2 D_Blending Rose EX,P3409A-03.50PIN,O2O2 D_Blending Rose EX,500,203000000000.0,DD0181,수출
2026-01-22,T3409A-03.75PIN,(NEW)O2O2 D_Blending Rose EX,P3409A-03.75PIN,O2O2 D_Blending Rose EX,500,203000000000.0,DD0181,수출
2026-01-22,T3409A-04.25PIN,(NEW)O2O2 D_Blending Rose EX,P3409A-04.25PIN,O2O2 D_Blending Rose EX,500,203000000000.0,DD0181,수출
2026-01-22,T3409A-04.75PIN,(NEW)O2O2 D_Blending Rose EX,P3409A-04.75PIN,O2O2 D_Blending Rose EX,500,203000000000.0,DD0181,수출
2026-01-22,T3409A-05.50PIN,(NEW)O2O2 D_Blending Rose EX,P3409A-05.50PIN,O2O2 D_Blending Rose EX,500,203000000000.0,DD0181,수출
2026-01-22,T3409A-06.50PIN,(NEW)O2O2 D_Blending Rose EX,P3409A-06.50PIN,O2O2 D_Blending Rose EX,500,203000000000.0,DD0181,수출
2026-01-22,T3409A-08.50PIN,(NEW)O2O2 D_Blending Rose EX,P3409A-08.50PIN,O2O2 D_Blending Rose EX,500,203000000000.0,DD0181,수출
2026-01-22,T3409A-09.00PIN,(NEW)O2O2 D_Blending Rose EX,P3409A-09.00PIN,O2O2 D_Blending Rose EX,500,203000000000.0,DD0181,수출
2026-01-22,T3409A-10.00PIN,(NEW)O2O2 D_Blending Rose EX,P3409A-10.00PIN,O2O2 D_Blending Rose EX,500,203000000000.0,DD0181,수출
2026-01-23,T3405A-01.25SPC,(NEW)O2O2 D_Sepia Choco EX,P3405A-01.25SPC,O2O2 D_Sepia Choco EX,330,203000000000.0,DD0333,수출
2026-01-23,T3405A-01.75SPC,(NEW)O2O2 D_Sepia Choco EX,P3405A-01.75SPC,O2O2 D_Sepia Choco EX,420,203000000000.0,DD0333,수출
2026-01-23,T3405A-02.00SPC,(NEW)O2O2 D_Sepia Choco EX,P3405A-02.00SPC,O2O2 D_Sepia Choco EX,120,203000000000.0,DD0333,수출
2026-01-23,T3405A-02.75SPC,(NEW)O2O2 D_Sepia Choco EX,P3405A-02.75SPC,O2O2 D_Sepia Choco EX,660,203000000000.0,DD0333,수출
2026-01-23,T3405A-03.50SPC,(NEW)O2O2 D_Sepia Choco EX,P3405A-03.50SPC,O2O2 D_Sepia Choco EX,150,203000000000.0,DD0333,수출
2026-01-23,T3405A-04.25SPC,(NEW)O2O2 D_Sepia Choco EX,P3405A-04.25SPC,O2O2 D_Sepia Choco EX,240,203000000000.0,DD0333,수출
2026-01-23,T3405A-05.00SPC,(NEW)O2O2 D_Sepia Choco EX,P3405A-05.00SPC,O2O2 D_Sepia Choco EX,420,203000000000.0,DD0333,수출
2026-01-23,T3405A-05.50SPC,(NEW)O2O2 D_Sepia Choco EX,P3405A-05.50SPC,O2O2 D_Sepia Choco EX,210,203000000000.0,DD0333,수출
2026-01-23,T3405A-06.50SPC,(NEW)O2O2 D_Sepia Choco EX,P3405A-06.50SPC,O2O2 D_Sepia Choco EX,210,203000000000.0,DD0333,수출
2026-01-23,T3405A-07.00SPC,(NEW)O2O2 D_Sepia Choco EX,P3405A-07.00SPC,O2O2 D_Sepia Choco EX,240,203000000000.0,DD0333,수출
2026-01-23,T3405A-07.50SPC,(NEW)O2O2 D_Sepia Choco EX,P3405A-07.50SPC,O2O2 D_Sepia Choco EX,60,203000000000.0,DD0333,수출
2026-01-23,T3405A-08.00SPC,(NEW)O2O2 D_Sepia Choco EX,P3405A-08.00SPC,O2O2 D_Sepia Choco EX,60,203000000000.0,DD0333,수출
2026-01-23,T3405A-08.50SPC,(NEW)O2O2 D_Sepia Choco EX,P3405A-08.50SPC,O2O2 D_Sepia Choco EX,60,203000000000.0,DD0333,수출
2026-01-23,T3405A-09.00SPC,(NEW)O2O2 D_Sepia Choco EX,P3405A-09.00SPC,O2O2 D_Sepia Choco EX,90,203000000000.0,DD0333,수출
2026-01-23,T3405A-10.00SPC,(NEW)O2O2 D_Sepia Choco EX,P3405A-10.00SPC,O2O2 D_Sepia Choco EX,60,203000000000.0,DD0333,수출
2026-01-23,T3406A-00.00ASB,(NEW)O2O2 D_Ash Brown EX,P3406A-00.00ASB,O2O2 D_Ash Brown EX,420,203000000000.0,DD0333,수출
2026-01-23,T3406A-01.25ASB,(NEW)O2O2 D_Ash Brown EX,P3406A-01.25ASB,O2O2 D_Ash Brown EX,300,203000000000.0,DD0333,수출
2026-01-23,T3406A-01.75ASB,(NEW)O2O2 D_Ash Brown EX,P3406A-01.75ASB,O2O2 D_Ash Brown EX,90,203000000000.0,DD0333,수출
2026-01-23,T3406A-02.00ASB,(NEW)O2O2 D_Ash Brown EX,P3406A-02.00ASB,O2O2 D_Ash Brown EX,120,203000000000.0,DD0333,수출
2026-01-23,T3406A-02.75ASB,(NEW)O2O2 D_Ash Brown EX,P3406A-02.75ASB,O2O2 D_Ash Brown EX,330,203000000000.0,DD0333,수출
2026-01-23,T3406A-03.00ASB,(NEW)O2O2 D_Ash Brown EX,P3406A-03.00ASB,O2O2 D_Ash Brown EX,210,203000000000.0,DD0333,수출
2026-01-23,T3406A-03.25ASB,(NEW)O2O2 D_Ash Brown EX,P3406A-03.25ASB,O2O2 D_Ash Brown EX,30,203000000000.0,DD0333,수출
2026-01-23,T3406A-03.50ASB,(NEW)O2O2 D_Ash Brown EX,P3406A-03.50ASB,O2O2 D_Ash Brown EX,210,203000000000.0,DD0333,수출
2026-01-23,T3406A-04.00ASB,(NEW)O2O2 D_Ash Brown EX,P3406A-04.00ASB,O2O2 D_Ash Brown EX,330,203000000000.0,DD0333,수출
2026-01-23,T3406A-04.25ASB,(NEW)O2O2 D_Ash Brown EX,P3406A-04.25ASB,O2O2 D_Ash Brown EX,180,203000000000.0,DD0333,수출
2026-01-23,T3406A-04.50ASB,(NEW)O2O2 D_Ash Brown EX,P3406A-04.50ASB,O2O2 D_Ash Brown EX,390,203000000000.0,DD0333,수출
2026-01-23,T3406A-06.00ASB,(NEW)O2O2 D_Ash Brown EX,P3406A-06.00ASB,O2O2 D_Ash Brown EX,270,203000000000.0,DD0333,수출
2026-01-23,T3406A-06.50ASB,(NEW)O2O2 D_Ash Brown EX,P3406A-06.50ASB,O2O2 D_Ash Brown EX,240,203000000000.0,DD0333,수출
2026-01-23,T3406A-07.00ASB,(NEW)O2O2 D_Ash Brown EX,P3406A-07.00ASB,O2O2 D_Ash Brown EX,60,203000000000.0,DD0333,수출
2026-01-23,T3406A-07.50ASB,(NEW)O2O2 D_Ash Brown EX,P3406A-07.50ASB,O2O2 D_Ash Brown EX,180,203000000000.0,DD0333,수출
2026-01-23,T3406A-08.50ASB,(NEW)O2O2 D_Ash Brown EX,P3406A-08.50ASB,O2O2 D_Ash Brown EX,60,203000000000.0,DD0333,수출
2026-01-23,T3407A-01.00ASG,(NEW)O2O2 D_Ash Gray EX,P3407A-01.00ASG,O2O2 D_Ash Gray EX,180,203000000000.0,DD0333,수출
2026-01-23,T3407A-01.25ASG,(NEW)O2O2 D_Ash Gray EX,P3407A-01.25ASG,O2O2 D_Ash Gray EX,180,203000000000.0,DD0333,수출
2026-01-23,T3407A-01.50ASG,(NEW)O2O2 D_Ash Gray EX,P3407A-01.50ASG,O2O2 D_Ash Gray EX,270,203000000000.0,DD0333,수출
2026-01-23,T3407A-01.75ASG,(NEW)O2O2 D_Ash Gray EX,P3407A-01.75ASG,O2O2 D_Ash Gray EX,240,203000000000.0,DD0333,수출
2026-01-23,T3407A-02.00ASG,(NEW)O2O2 D_Ash Gray EX,P3407A-02.00ASG,O2O2 D_Ash Gray EX,210,203000000000.0,DD0333,수출
2026-01-23,T3407A-02.25ASG,(NEW)O2O2 D_Ash Gray EX,P3407A-02.25ASG,O2O2 D_Ash Gray EX,240,203000000000.0,DD0333,수출
2026-01-23,T3407A-02.75ASG,(NEW)O2O2 D_Ash Gray EX,P3407A-02.75ASG,O2O2 D_Ash Gray EX,180,203000000000.0,DD0333,수출
2026-01-23,T3407A-03.00ASG,(NEW)O2O2 D_Ash Gray EX,P3407A-03.00ASG,O2O2 D_Ash Gray EX,210,203000000000.0,DD0333,수출
2026-01-23,T3407A-03.50ASG,(NEW)O2O2 D_Ash Gray EX,P3407A-03.50ASG,O2O2 D_Ash Gray EX,120,203000000000.0,DD0333,수출
2026-01-23,T3407A-03.75ASG,(NEW)O2O2 D_Ash Gray EX,P3407A-03.75ASG,O2O2 D_Ash Gray EX,180,203000000000.0,DD0333,수출
2026-01-23,T3407A-04.00ASG,(NEW)O2O2 D_Ash Gray EX,P3407A-04.00ASG,O2O2 D_Ash Gray EX,60,203000000000.0,DD0333,수출
2026-01-23,T3407A-04.25ASG,(NEW)O2O2 D_Ash Gray EX,P3407A-04.25ASG,O2O2 D_Ash Gray EX,210,203000000000.0,DD0333,수출
2026-01-23,T3407A-04.50ASG,(NEW)O2O2 D_Ash Gray EX,P3407A-04.50ASG,O2O2 D_Ash Gray EX,270,203000000000.0,DD0333,수출
2026-01-23,T3407A-04.75ASG,(NEW)O2O2 D_Ash Gray EX,P3407A-04.75ASG,O2O2 D_Ash Gray EX,60,203000000000.0,DD0333,수출
2026-01-23,T3407A-05.00ASG,(NEW)O2O2 D_Ash Gray EX,P3407A-05.00ASG,O2O2 D_Ash Gray EX,60,203000000000.0,DD0333,수출
2026-01-23,T3407A-06.00ASG,(NEW)O2O2 D_Ash Gray EX,P3407A-06.00ASG,O2O2 D_Ash Gray EX,60,203000000000.0,DD0333,수출
2026-01-23,T3407A-07.00ASG,(NEW)O2O2 D_Ash Gray EX,P3407A-07.00ASG,O2O2 D_Ash Gray EX,30,203000000000.0,DD0333,수출
2026-01-23,T3407A-07.50ASG,(NEW)O2O2 D_Ash Gray EX,P3407A-07.50ASG,O2O2 D_Ash Gray EX,60,203000000000.0,DD0333,수출
2026-01-23,T3407A-10.00ASG,(NEW)O2O2 D_Ash Gray EX,P3407A-10.00ASG,O2O2 D_Ash Gray EX,30,203000000000.0,DD0333,수출
2026-02-27,T3408A-01.00BRW,(NEW)O2O2 D_Blending Hazel EX,P3408A-01.00BRW,O2O2 D_Blending Hazel EX,300,203000000000.0,DD0652,수출
2026-02-27,T3408A-01.25BRW,(NEW)O2O2 D_Blending Hazel EX,P3408A-01.25BRW,O2O2 D_Blending Hazel EX,300,203000000000.0,DD0652,수출
2026-02-27,T3408A-01.50BRW,(NEW)O2O2 D_Blending Hazel EX,P3408A-01.50BRW,O2O2 D_Blending Hazel EX,300,203000000000.0,DD0652,수출
2026-02-27,T3408A-01.75BRW,(NEW)O2O2 D_Blending Hazel EX,P3408A-01.75BRW,O2O2 D_Blending Hazel EX,300,203000000000.0,DD0652,수출
2026-02-27,T3408A-02.00BRW,(NEW)O2O2 D_Blending Hazel EX,P3408A-02.00BRW,O2O2 D_Blending Hazel EX,300,203000000000.0,DD0652,수출
2026-02-27,T3408A-02.25BRW,(NEW)O2O2 D_Blending Hazel EX,P3408A-02.25BRW,O2O2 D_Blending Hazel EX,300,203000000000.0,DD0652,수출
2026-02-27,T3408A-02.50BRW,(NEW)O2O2 D_Blending Hazel EX,P3408A-02.50BRW,O2O2 D_Blending Hazel EX,300,203000000000.0,DD0652,수출
2026-02-27,T3408A-02.75BRW,(NEW)O2O2 D_Blending Hazel EX,P3408A-02.75BRW,O2O2 D_Blending Hazel EX,300,203000000000.0,DD0652,수출
2026-02-27,T3408A-03.00BRW,(NEW)O2O2 D_Blending Hazel EX,P3408A-03.00BRW,O2O2 D_Blending Hazel EX,300,203000000000.0,DD0652,수출
2026-02-27,T3408A-03.25BRW,(NEW)O2O2 D_Blending Hazel EX,P3408A-03.25BRW,O2O2 D_Blending Hazel EX,300,203000000000.0,DD0652,수출
2026-02-27,T3408A-03.50BRW,(NEW)O2O2 D_Blending Hazel EX,P3408A-03.50BRW,O2O2 D_Blending Hazel EX,300,203000000000.0,DD0652,수출
2026-02-27,T3408A-03.75BRW,(NEW)O2O2 D_Blending Hazel EX,P3408A-03.75BRW,O2O2 D_Blending Hazel EX,300,203000000000.0,DD0652,수출
2026-02-27,T3408A-04.00BRW,(NEW)O2O2 D_Blending Hazel EX,P3408A-04.00BRW,O2O2 D_Blending Hazel EX,300,203000000000.0,DD0652,수출
2026-02-27,T3408A-04.25BRW,(NEW)O2O2 D_Blending Hazel EX,P3408A-04.25BRW,O2O2 D_Blending Hazel EX,300,203000000000.0,DD0652,수출
2026-02-27,T3408A-04.50BRW,(NEW)O2O2 D_Blending Hazel EX,P3408A-04.50BRW,O2O2 D_Blending Hazel EX,300,203000000000.0,DD0652,수출
2026-02-27,T3408A-04.75BRW,(NEW)O2O2 D_Blending Hazel EX,P3408A-04.75BRW,O2O2 D_Blending Hazel EX,300,203000000000.0,DD0652,수출
2026-02-27,T3408A-05.00BRW,(NEW)O2O2 D_Blending Hazel EX,P3408A-05.00BRW,O2O2 D_Blending Hazel EX,300,203000000000.0,DD0652,수출
2026-02-27,T3408A-05.50BRW,(NEW)O2O2 D_Blending Hazel EX,P3408A-05.50BRW,O2O2 D_Blending Hazel EX,300,203000000000.0,DD0652,수출
2026-02-27,T3408A-06.00BRW,(NEW)O2O2 D_Blending Hazel EX,P3408A-06.00BRW,O2O2 D_Blending Hazel EX,300,203000000000.0,DD0652,수출
2026-02-27,T3408A-06.50BRW,(NEW)O2O2 D_Blending Hazel EX,P3408A-06.50BRW,O2O2 D_Blending Hazel EX,300,203000000000.0,DD0652,수출
2026-02-27,T3408A-07.00BRW,(NEW)O2O2 D_Blending Hazel EX,P3408A-07.00BRW,O2O2 D_Blending Hazel EX,300,203000000000.0,DD0652,수출
2026-02-27,T3408A-07.50BRW,(NEW)O2O2 D_Blending Hazel EX,P3408A-07.50BRW,O2O2 D_Blending Hazel EX,300,203000000000.0,DD0652,수출
2026-02-27,T3408A-08.00BRW,(NEW)O2O2 D_Blending Hazel EX,P3408A-08.00BRW,O2O2 D_Blending Hazel EX,300,203000000000.0,DD0652,수출
2026-02-27,T3408A-08.50BRW,(NEW)O2O2 D_Blending Hazel EX,P3408A-08.50BRW,O2O2 D_Blending Hazel EX,300,203000000000.0,DD0652,수출
2026-02-27,T3408A-09.00BRW,(NEW)O2O2 D_Blending Hazel EX,P3408A-09.00BRW,O2O2 D_Blending Hazel EX,300,203000000000.0,DD0652,수출
2026-02-27,T3408A-09.50BRW,(NEW)O2O2 D_Blending Hazel EX,P3408A-09.50BRW,O2O2 D_Blending Hazel EX,300,203000000000.0,DD0652,수출
2026-02-27,T3408A-10.00BRW,(NEW)O2O2 D_Blending Hazel EX,P3408A-10.00BRW,O2O2 D_Blending Hazel EX,300,203000000000.0,DD0652,수출
2026-02-27,T3409A-01.00PIN,(NEW)O2O2 D_Blending Rose EX,P3409A-01.00PIN,O2O2 D_Blending Rose EX,300,203000000000.0,DD0652,수출
2026-02-27,T3409A-01.25PIN,(NEW)O2O2 D_Blending Rose EX,P3409A-01.25PIN,O2O2 D_Blending Rose EX,300,203000000000.0,DD0652,수출
2026-02-27,T3409A-01.50PIN,(NEW)O2O2 D_Blending Rose EX,P3409A-01.50PIN,O2O2 D_Blending Rose EX,300,203000000000.0,DD0652,수출
2026-02-27,T3409A-01.75PIN,(NEW)O2O2 D_Blending Rose EX,P3409A-01.75PIN,O2O2 D_Blending Rose EX,300,203000000000.0,DD0652,수출
2026-02-27,T3409A-02.00PIN,(NEW)O2O2 D_Blending Rose EX,P3409A-02.00PIN,O2O2 D_Blending Rose EX,300,203000000000.0,DD0652,수출
2026-02-27,T3409A-02.25PIN,(NEW)O2O2 D_Blending Rose EX,P3409A-02.25PIN,O2O2 D_Blending Rose EX,300,203000000000.0,DD0652,수출
2026-02-27,T3409A-02.50PIN,(NEW)O2O2 D_Blending Rose EX,P3409A-02.50PIN,O2O2 D_Blending Rose EX,300,203000000000.0,DD0652,수출
2026-02-27,T3409A-02.75PIN,(NEW)O2O2 D_Blending Rose EX,P3409A-02.75PIN,O2O2 D_Blending Rose EX,300,203000000000.0,DD0652,수출
2026-02-27,T3409A-03.00PIN,(NEW)O2O2 D_Blending Rose EX,P3409A-03.00PIN,O2O2 D_Blending Rose EX,300,203000000000.0,DD0652,수출
2026-02-27,T3409A-03.25PIN,(NEW)O2O2 D_Blending Rose EX,P3409A-03.25PIN,O2O2 D_Blending Rose EX,300,203000000000.0,DD0652,수출
2026-02-27,T3409A-03.50PIN,(NEW)O2O2 D_Blending Rose EX,P3409A-03.50PIN,O2O2 D_Blending Rose EX,300,203000000000.0,DD0652,수출
2026-02-27,T3409A-03.75PIN,(NEW)O2O2 D_Blending Rose EX,P3409A-03.75PIN,O2O2 D_Blending Rose EX,300,203000000000.0,DD0652,수출
2026-02-27,T3409A-04.00PIN,(NEW)O2O2 D_Blending Rose EX,P3409A-04.00PIN,O2O2 D_Blending Rose EX,300,203000000000.0,DD0652,수출
2026-02-27,T3409A-04.25PIN,(NEW)O2O2 D_Blending Rose EX,P3409A-04.25PIN,O2O2 D_Blending Rose EX,300,203000000000.0,DD0652,수출
2026-02-27,T3409A-04.50PIN,(NEW)O2O2 D_Blending Rose EX,P3409A-04.50PIN,O2O2 D_Blending Rose EX,300,203000000000.0,DD0652,수출
2026-02-27,T3409A-04.75PIN,(NEW)O2O2 D_Blending Rose EX,P3409A-04.75PIN,O2O2 D_Blending Rose EX,300,203000000000.0,DD0652,수출
2026-02-27,T3409A-05.00PIN,(NEW)O2O2 D_Blending Rose EX,P3409A-05.00PIN,O2O2 D_Blending Rose EX,300,203000000000.0,DD0652,수출
2026-02-27,T3409A-05.50PIN,(NEW)O2O2 D_Blending Rose EX,P3409A-05.50PIN,O2O2 D_Blending Rose EX,300,203000000000.0,DD0652,수출
2026-02-27,T3409A-06.00PIN,(NEW)O2O2 D_Blending Rose EX,P3409A-06.00PIN,O2O2 D_Blending Rose EX,300,203000000000.0,DD0652,수출
2026-02-27,T3409A-06.50PIN,(NEW)O2O2 D_Blending Rose EX,P3409A-06.50PIN,O2O2 D_Blending Rose EX,300,203000000000.0,DD0652,수출
2026-02-27,T3409A-07.00PIN,(NEW)O2O2 D_Blending Rose EX,P3409A-07.00PIN,O2O2 D_Blending Rose EX,300,203000000000.0,DD0652,수출
2026-02-27,T3409A-07.50PIN,(NEW)O2O2 D_Blending Rose EX,P3409A-07.50PIN,O2O2 D_Blending Rose EX,300,203000000000.0,DD0652,수출
2026-02-27,T3409A-08.00PIN,(NEW)O2O2 D_Blending Rose EX,P3409A-08.00PIN,O2O2 D_Blending Rose EX,300,203000000000.0,DD0652,수출
2026-02-27,T3409A-08.50PIN,(NEW)O2O2 D_Blending Rose EX,P3409A-08.50PIN,O2O2 D_Blending Rose EX,300,203000000000.0,DD0652,수출
2026-02-27,T3409A-09.00PIN,(NEW)O2O2 D_Blending Rose EX,P3409A-09.00PIN,O2O2 D_Blending Rose EX,300,203000000000.0,DD0652,수출
2026-02-27,T3409A-09.50PIN,(NEW)O2O2 D_Blending Rose EX,P3409A-09.50PIN,O2O2 D_Blending Rose EX,300,203000000000.0,DD0652,수출
2026-02-27,T3409A-10.00PIN,(NEW)O2O2 D_Blending Rose EX,P3409A-10.00PIN,O2O2 D_Blending Rose EX,300,203000000000.0,DD0652,수출
2026-02-27,T3405A-01.00SPC,(NEW)O2O2 D_Sepia Choco EX,P3405A-01.00SPC,O2O2 D_Sepia Choco EX,300,203000000000.0,DD0652,수출
2026-02-27,T3405A-01.25SPC,(NEW)O2O2 D_Sepia Choco EX,P3405A-01.25SPC,O2O2 D_Sepia Choco EX,300,203000000000.0,DD0652,수출
2026-02-27,T3405A-01.50SPC,(NEW)O2O2 D_Sepia Choco EX,P3405A-01.50SPC,O2O2 D_Sepia Choco EX,300,203000000000.0,DD0652,수출
2026-02-27,T3405A-01.75SPC,(NEW)O2O2 D_Sepia Choco EX,P3405A-01.75SPC,O2O2 D_Sepia Choco EX,300,203000000000.0,DD0652,수출
2026-02-27,T3405A-02.00SPC,(NEW)O2O2 D_Sepia Choco EX,P3405A-02.00SPC,O2O2 D_Sepia Choco EX,300,203000000000.0,DD0652,수출
2026-02-27,T3405A-02.25SPC,(NEW)O2O2 D_Sepia Choco EX,P3405A-02.25SPC,O2O2 D_Sepia Choco EX,300,203000000000.0,DD0652,수출
2026-02-27,T3405A-02.50SPC,(NEW)O2O2 D_Sepia Choco EX,P3405A-02.50SPC,O2O2 D_Sepia Choco EX,300,203000000000.0,DD0652,수출
2026-02-27,T3405A-02.75SPC,(NEW)O2O2 D_Sepia Choco EX,P3405A-02.75SPC,O2O2 D_Sepia Choco EX,300,203000000000.0,DD0652,수출
2026-02-27,T3405A-03.00SPC,(NEW)O2O2 D_Sepia Choco EX,P3405A-03.00SPC,O2O2 D_Sepia Choco EX,300,203000000000.0,DD0652,수출
2026-02-27,T3405A-03.25SPC,(NEW)O2O2 D_Sepia Choco EX,P3405A-03.25SPC,O2O2 D_Sepia Choco EX,300,203000000000.0,DD0652,수출
2026-02-27,T3405A-03.50SPC,(NEW)O2O2 D_Sepia Choco EX,P3405A-03.50SPC,O2O2 D_Sepia Choco EX,300,203000000000.0,DD0652,수출
2026-02-27,T3405A-03.75SPC,(NEW)O2O2 D_Sepia Choco EX,P3405A-03.75SPC,O2O2 D_Sepia Choco EX,300,203000000000.0,DD0652,수출
2026-02-27,T3405A-04.00SPC,(NEW)O2O2 D_Sepia Choco EX,P3405A-04.00SPC,O2O2 D_Sepia Choco EX,300,203000000000.0,DD0652,수출
2026-02-27,T3405A-04.25SPC,(NEW)O2O2 D_Sepia Choco EX,P3405A-04.25SPC,O2O2 D_Sepia Choco EX,300,203000000000.0,DD0652,수출
2026-02-27,T3405A-04.50SPC,(NEW)O2O2 D_Sepia Choco EX,P3405A-04.50SPC,O2O2 D_Sepia Choco EX,300,203000000000.0,DD0652,수출
2026-02-27,T3405A-04.75SPC,(NEW)O2O2 D_Sepia Choco EX,P3405A-04.75SPC,O2O2 D_Sepia Choco EX,300,203000000000.0,DD0652,수출
2026-02-27,T3405A-05.00SPC,(NEW)O2O2 D_Sepia Choco EX,P3405A-05.00SPC,O2O2 D_Sepia Choco EX,300,203000000000.0,DD0652,수출
2026-02-27,T3405A-05.50SPC,(NEW)O2O2 D_Sepia Choco EX,P3405A-05.50SPC,O2O2 D_Sepia Choco EX,300,203000000000.0,DD0652,수출
2026-02-27,T3405A-06.00SPC,(NEW)O2O2 D_Sepia Choco EX,P3405A-06.00SPC,O2O2 D_Sepia Choco EX,300,203000000000.0,DD0652,수출
2026-02-27,T3405A-06.50SPC,(NEW)O2O2 D_Sepia Choco EX,P3405A-06.50SPC,O2O2 D_Sepia Choco EX,300,203000000000.0,DD0652,수출
2026-02-27,T3405A-07.00SPC,(NEW)O2O2 D_Sepia Choco EX,P3405A-07.00SPC,O2O2 D_Sepia Choco EX,300,203000000000.0,DD0652,수출
2026-02-27,T3405A-07.50SPC,(NEW)O2O2 D_Sepia Choco EX,P3405A-07.50SPC,O2O2 D_Sepia Choco EX,300,203000000000.0,DD0652,수출
2026-02-27,T3405A-08.00SPC,(NEW)O2O2 D_Sepia Choco EX,P3405A-08.00SPC,O2O2 D_Sepia Choco EX,300,203000000000.0,DD0652,수출
2026-02-27,T3405A-08.50SPC,(NEW)O2O2 D_Sepia Choco EX,P3405A-08.50SPC,O2O2 D_Sepia Choco EX,300,203000000000.0,DD0652,수출
2026-02-27,T3405A-09.00SPC,(NEW)O2O2 D_Sepia Choco EX,P3405A-09.00SPC,O2O2 D_Sepia Choco EX,300,203000000000.0,DD0652,수출
2026-02-27,T3405A-09.50SPC,(NEW)O2O2 D_Sepia Choco EX,P3405A-09.50SPC,O2O2 D_Sepia Choco EX,300,203000000000.0,DD0652,수출
2026-02-27,T3405A-10.00SPC,(NEW)O2O2 D_Sepia Choco EX,P3405A-10.00SPC,O2O2 D_Sepia Choco EX,300,203000000000.0,DD0652,수출
2026-02-27,T3405A-00.00SPC,(NEW)O2O2 D_Sepia Choco EX,P3405A-00.00SPC,O2O2 D_Sepia Choco EX,150,203000000000.0,DD0621,수출
2026-02-27,T3405A-02.00SPC,(NEW)O2O2 D_Sepia Choco EX,P3405A-02.00SPC,O2O2 D_Sepia Choco EX,120,203000000000.0,DD0621,수출
2026-02-27,T3405A-02.50SPC,(NEW)O2O2 D_Sepia Choco EX,P3405A-02.50SPC,O2O2 D_Sepia Choco EX,420,203000000000.0,DD0621,수출
2026-02-27,T3405A-02.75SPC,(NEW)O2O2 D_Sepia Choco EX,P3405A-02.75SPC,O2O2 D_Sepia Choco EX,210,203000000000.0,DD0621,수출
2026-02-27,T3405A-03.50SPC,(NEW)O2O2 D_Sepia Choco EX,P3405A-03.50SPC,O2O2 D_Sepia Choco EX,480,203000000000.0,DD0621,수출
2026-02-27,T3405A-03.75SPC,(NEW)O2O2 D_Sepia Choco EX,P3405A-03.75SPC,O2O2 D_Sepia Choco EX,120,203000000000.0,DD0621,수출
2026-02-27,T3405A-04.00SPC,(NEW)O2O2 D_Sepia Choco EX,P3405A-04.00SPC,O2O2 D_Sepia Choco EX,30,203000000000.0,DD0621,수출
2026-02-27,T3405A-04.25SPC,(NEW)O2O2 D_Sepia Choco EX,P3405A-04.25SPC,O2O2 D_Sepia Choco EX,180,203000000000.0,DD0621,수출
2026-02-27,T3405A-04.50SPC,(NEW)O2O2 D_Sepia Choco EX,P3405A-04.50SPC,O2O2 D_Sepia Choco EX,480,203000000000.0,DD0621,수출
2026-02-27,T3405A-04.75SPC,(NEW)O2O2 D_Sepia Choco EX,P3405A-04.75SPC,O2O2 D_Sepia Choco EX,30,203000000000.0,DD0621,수출
2026-02-27,T3405A-05.00SPC,(NEW)O2O2 D_Sepia Choco EX,P3405A-05.00SPC,O2O2 D_Sepia Choco EX,210,203000000000.0,DD0621,수출
2026-02-27,T3405A-05.50SPC,(NEW)O2O2 D_Sepia Choco EX,P3405A-05.50SPC,O2O2 D_Sepia Choco EX,270,203000000000.0,DD0621,수출
2026-02-27,T3405A-06.50SPC,(NEW)O2O2 D_Sepia Choco EX,P3405A-06.50SPC,O2O2 D_Sepia Choco EX,240,203000000000.0,DD0621,수출
2026-02-27,T3405A-07.50SPC,(NEW)O2O2 D_Sepia Choco EX,P3405A-07.50SPC,O2O2 D_Sepia Choco EX,180,203000000000.0,DD0621,수출
2026-02-27,T3405A-08.00SPC,(NEW)O2O2 D_Sepia Choco EX,P3405A-08.00SPC,O2O2 D_Sepia Choco EX,60,203000000000.0,DD0621,수출
2026-02-27,T3405A-09.00SPC,(NEW)O2O2 D_Sepia Choco EX,P3405A-09.00SPC,O2O2 D_Sepia Choco EX,30,203000000000.0,DD0621,수출
2026-02-27,T3405A-10.00SPC,(NEW)O2O2 D_Sepia Choco EX,P3405A-10.00SPC,O2O2 D_Sepia Choco EX,210,203000000000.0,DD0621,수출
2026-02-27,T3407A-04.00ASG,(NEW)O2O2 D_Ash Gray EX,P3407A-04.00ASG,O2O2 D_Ash Gray EX,900,203000000000.0,DD0621,수출
2026-02-27,T3407A-07.00ASG,(NEW)O2O2 D_Ash Gray EX,P3407A-07.00ASG,O2O2 D_Ash Gray EX,30,203000000000.0,DD0621,수출
2026-02-27,T3407A-10.00ASG,(NEW)O2O2 D_Ash Gray EX,P3407A-10.00ASG,O2O2 D_Ash Gray EX,180,203000000000.0,DD0621,수출
2026-02-27,T3405A-01.75SPC,(NEW)O2O2 D_Sepia Choco EX,P3405A-01.75SPC,O2O2 D_Sepia Choco EX,180,203000000000.0,DD0621,수출
2026-02-27,T3406A-03.00ASB,(NEW)O2O2 D_Ash Brown EX,P3406A-03.00ASB,O2O2 D_Ash Brown EX,210,203000000000.0,DD0621,수출
2026-02-27,T3407A-06.50ASG,(NEW)O2O2 D_Ash Gray EX,P3407A-06.50ASG,O2O2 D_Ash Gray EX,60,203000000000.0,DD0621,수출
2026-02-27,T3406A-03.00ASB,(NEW)O2O2 D_Ash Brown EX,P3406A-03.00ASB,O2O2 D_Ash Brown EX,690,203000000000.0,DD0621,수출
2026-02-27,T3406A-03.25ASB,(NEW)O2O2 D_Ash Brown EX,P3406A-03.25ASB,O2O2 D_Ash Brown EX,900,203000000000.0,DD0621,수출
2026-02-27,T3406A-04.50ASB,(NEW)O2O2 D_Ash Brown EX,P3406A-04.50ASB,O2O2 D_Ash Brown EX,900,203000000000.0,DD0621,수출
2026-02-27,T3406A-05.50ASB,(NEW)O2O2 D_Ash Brown EX,P3406A-05.50ASB,O2O2 D_Ash Brown EX,900,203000000000.0,DD0621,수출
2026-02-27,T3406A-06.00ASB,(NEW)O2O2 D_Ash Brown EX,P3406A-06.00ASB,O2O2 D_Ash Brown EX,210,203000000000.0,DD0621,수출
2026-02-27,T3406A-06.50ASB,(NEW)O2O2 D_Ash Brown EX,P3406A-06.50ASB,O2O2 D_Ash Brown EX,90,203000000000.0,DD0621,수출
2026-02-27,T3406A-08.00ASB,(NEW)O2O2 D_Ash Brown EX,P3406A-08.00ASB,O2O2 D_Ash Brown EX,60,203000000000.0,DD0621,수출
2026-02-27,T3406A-09.00ASB,(NEW)O2O2 D_Ash Brown EX,P3406A-09.00ASB,O2O2 D_Ash Brown EX,60,203000000000.0,DD0621,수출
2026-02-27,T3406A-10.00ASB,(NEW)O2O2 D_Ash Brown EX,P3406A-10.00ASB,O2O2 D_Ash Brown EX,120,203000000000.0,DD0621,수출
2026-03-21,T3405A-03.25SPC,(NEW)O2O2 D_Sepia Choco EX,P3405A-03.25SPC,O2O2 D_Sepia Choco EX,500,203000000000.0,JJ0029,수출
2026-03-21,T3405A-03.50SPC,(NEW)O2O2 D_Sepia Choco EX,P3405A-03.50SPC,O2O2 D_Sepia Choco EX,500,203000000000.0,JJ0029,수출
2026-03-21,T3405A-04.25SPC,(NEW)O2O2 D_Sepia Choco EX,P3405A-04.25SPC,O2O2 D_Sepia Choco EX,500,203000000000.0,JJ0029,수출
2026-03-21,T3405A-05.50SPC,(NEW)O2O2 D_Sepia Choco EX,P3405A-05.50SPC,O2O2 D_Sepia Choco EX,500,203000000000.0,JJ0029,수출
2026-03-21,T3405A-06.50SPC,(NEW)O2O2 D_Sepia Choco EX,P3405A-06.50SPC,O2O2 D_Sepia Choco EX,500,203000000000.0,JJ0029,수출
2026-03-21,T3406A-00.00ASB,(NEW)O2O2 D_Ash Brown EX,P3406A-00.00ASB,O2O2 D_Ash Brown EX,500,203000000000.0,JJ0029,수출
2026-03-21,T3406A-01.00ASB,(NEW)O2O2 D_Ash Brown EX,P3406A-01.00ASB,O2O2 D_Ash Brown EX,500,203000000000.0,JJ0029,수출
2026-03-21,T3406A-02.00ASB,(NEW)O2O2 D_Ash Brown EX,P3406A-02.00ASB,O2O2 D_Ash Brown EX,500,203000000000.0,JJ0029,수출
2026-03-21,T3406A-04.00ASB,(NEW)O2O2 D_Ash Brown EX,P3406A-04.00ASB,O2O2 D_Ash Brown EX,500,203000000000.0,JJ0029,수출
2026-03-21,T3406A-04.50ASB,(NEW)O2O2 D_Ash Brown EX,P3406A-04.50ASB,O2O2 D_Ash Brown EX,500,203000000000.0,JJ0029,수출
2026-03-21,T3406A-05.50ASB,(NEW)O2O2 D_Ash Brown EX,P3406A-05.50ASB,O2O2 D_Ash Brown EX,500,203000000000.0,JJ0029,수출
2026-03-21,T3406A-07.50ASB,(NEW)O2O2 D_Ash Brown EX,P3406A-07.50ASB,O2O2 D_Ash Brown EX,500,203000000000.0,JJ0029,수출
2026-03-21,T3406A-08.00ASB,(NEW)O2O2 D_Ash Brown EX,P3406A-08.00ASB,O2O2 D_Ash Brown EX,500,203000000000.0,JJ0029,수출
2026-03-21,T3406A-08.50ASB,(NEW)O2O2 D_Ash Brown EX,P3406A-08.50ASB,O2O2 D_Ash Brown EX,500,203000000000.0,JJ0029,수출
2026-03-21,T3408A-00.00BRW,(NEW)O2O2 D_Blending Hazel EX,P3408A-00.00BRW,O2O2 D_Blending Hazel EX,700,203000000000.0,JJ0029,수출
2026-03-21,T3408A-02.00BRW,(NEW)O2O2 D_Blending Hazel EX,P3408A-02.00BRW,O2O2 D_Blending Hazel EX,500,203000000000.0,JJ0029,수출
2026-03-21,T3408A-03.50BRW,(NEW)O2O2 D_Blending Hazel EX,P3408A-03.50BRW,O2O2 D_Blending Hazel EX,500,203000000000.0,JJ0029,수출
2026-03-21,T3408A-03.75BRW,(NEW)O2O2 D_Blending Hazel EX,P3408A-03.75BRW,O2O2 D_Blending Hazel EX,500,203000000000.0,JJ0029,수출
2026-03-21,T3408A-04.00BRW,(NEW)O2O2 D_Blending Hazel EX,P3408A-04.00BRW,O2O2 D_Blending Hazel EX,500,203000000000.0,JJ0029,수출
2026-03-21,T3408A-04.75BRW,(NEW)O2O2 D_Blending Hazel EX,P3408A-04.75BRW,O2O2 D_Blending Hazel EX,500,203000000000.0,JJ0029,수출
2026-03-21,T3408A-05.00BRW,(NEW)O2O2 D_Blending Hazel EX,P3408A-05.00BRW,O2O2 D_Blending Hazel EX,600,203000000000.0,JJ0029,수출
2026-03-21,T3408A-05.50BRW,(NEW)O2O2 D_Blending Hazel EX,P3408A-05.50BRW,O2O2 D_Blending Hazel EX,600,203000000000.0,JJ0029,수출
2026-03-21,T3408A-09.00BRW,(NEW)O2O2 D_Blending Hazel EX,P3408A-09.00BRW,O2O2 D_Blending Hazel EX,500,203000000000.0,JJ0029,수출
2026-03-21,T3405A-01.50SPC,(NEW)O2O2 D_Sepia Choco EX,P3405A-01.50SPC,O2O2 D_Sepia Choco EX,130,203000000000.0,JJ0029,수출
2026-03-21,T3406A-00.00ASB,(NEW)O2O2 D_Ash Brown EX,P3406A-00.00ASB,O2O2 D_Ash Brown EX,230,203000000000.0,JJ0029,수출
2026-03-21,T3407A-00.00ASG,(NEW)O2O2 D_Ash Gray EX,P3407A-00.00ASG,O2O2 D_Ash Gray EX,150,203000000000.0,JJ0029,수출
2026-03-21,T3408A-00.00BRW,(NEW)O2O2 D_Blending Hazel EX,P3408A-00.00BRW,O2O2 D_Blending Hazel EX,250,203000000000.0,JJ0029,수출
2026-03-21,T3409A-00.00PIN,(NEW)O2O2 D_Blending Rose EX,P3409A-00.00PIN,O2O2 D_Blending Rose EX,290,203000000000.0,JJ0029,수출
2026-03-21,T3409A-00.00PIN,(NEW)O2O2 D_Blending Rose EX,P3409A-00.00PIN,O2O2 D_Blending Rose EX,700,203000000000.0,JJ0029,수출
2026-03-21,T3409A-01.00PIN,(NEW)O2O2 D_Blending Rose EX,P3409A-01.00PIN,O2O2 D_Blending Rose EX,500,203000000000.0,JJ0029,수출
2026-03-21,T3409A-01.50PIN,(NEW)O2O2 D_Blending Rose EX,P3409A-01.50PIN,O2O2 D_Blending Rose EX,500,203000000000.0,JJ0029,수출
2026-03-21,T3409A-02.00PIN,(NEW)O2O2 D_Blending Rose EX,P3409A-02.00PIN,O2O2 D_Blending Rose EX,500,203000000000.0,JJ0029,수출
2026-03-21,T3409A-03.25PIN,(NEW)O2O2 D_Blending Rose EX,P3409A-03.25PIN,O2O2 D_Blending Rose EX,500,203000000000.0,JJ0029,수출
2026-03-21,T3409A-04.00PIN,(NEW)O2O2 D_Blending Rose EX,P3409A-04.00PIN,O2O2 D_Blending Rose EX,600,203000000000.0,JJ0029,수출
2026-03-21,T3409A-04.50PIN,(NEW)O2O2 D_Blending Rose EX,P3409A-04.50PIN,O2O2 D_Blending Rose EX,500,203000000000.0,JJ0029,수출
2026-03-21,T3409A-05.00PIN,(NEW)O2O2 D_Blending Rose EX,P3409A-05.00PIN,O2O2 D_Blending Rose EX,500,203000000000.0,JJ0029,수출
2026-03-21,T3409A-06.00PIN,(NEW)O2O2 D_Blending Rose EX,P3409A-06.00PIN,O2O2 D_Blending Rose EX,500,203000000000.0,JJ0029,수출
2026-03-21,T3409A-07.00PIN,(NEW)O2O2 D_Blending Rose EX,P3409A-07.00PIN,O2O2 D_Blending Rose EX,500,203000000000.0,JJ0029,수출
2026-03-21,T3409A-07.50PIN,(NEW)O2O2 D_Blending Rose EX,P3409A-07.50PIN,O2O2 D_Blending Rose EX,500,203000000000.0,JJ0029,수출
2026-03-21,T3407A-01.00ASG,(NEW)O2O2 D_Ash Gray EX,P3407A-01.00ASG,O2O2 D_Ash Gray EX,500,203000000000.0,JJ0029,수출
2026-03-21,T3407A-03.00ASG,(NEW)O2O2 D_Ash Gray EX,P3407A-03.00ASG,O2O2 D_Ash Gray EX,500,203000000000.0,JJ0029,수출
2026-03-21,T3407A-03.75ASG,(NEW)O2O2 D_Ash Gray EX,P3407A-03.75ASG,O2O2 D_Ash Gray EX,500,203000000000.0,JJ0029,수출
2026-03-21,T3407A-06.50ASG,(NEW)O2O2 D_Ash Gray EX,P3407A-06.50ASG,O2O2 D_Ash Gray EX,500,203000000000.0,JJ0029,수출
2026-03-21,T3407A-08.50ASG,(NEW)O2O2 D_Ash Gray EX,P3407A-08.50ASG,O2O2 D_Ash Gray EX,500,203000000000.0,JJ0029,수출
2026-03-21,T3407A-09.00ASG,(NEW)O2O2 D_Ash Gray EX,P3407A-09.00ASG,O2O2 D_Ash Gray EX,500,203000000000.0,JJ0029,수출
2026-03-30,T3405A-00.00SPC,(NEW)O2O2 D_Sepia Choco EX,P3405A-00.00SPC,O2O2 D_Sepia Choco EX,30,203000000000.0,YH0138,수출
2026-03-30,T3406A-00.00ASB,(NEW)O2O2 D_Ash Brown EX,P3406A-00.00ASB,O2O2 D_Ash Brown EX,30,203000000000.0,YH0138,수출
2026-03-30,T3407A-00.00ASG,(NEW)O2O2 D_Ash Gray EX,P3407A-00.00ASG,O2O2 D_Ash Gray EX,30,203000000000.0,YH0138,수출
2026-03-30,T3408A-00.00BRW,(NEW)O2O2 D_Blending Hazel EX,P3408A-00.00BRW,O2O2 D_Blending Hazel EX,30,203000000000.0,YH0138,수출
2026-03-30,T3409A-00.00PIN,(NEW)O2O2 D_Blending Rose EX,P3409A-00.00PIN,O2O2 D_Blending Rose EX,30,203000000000.0,YH0138,수출
